"time","substrategy","equity"
"2020-11-02T14:29:59.9999999+00:00","PaydaySeason","810.000"
"2020-11-02T14:29:59.9999999+00:00","BondSeason","2608.0000"
"2020-11-02T14:29:59.9999999+00:00","EqBondReversion","3018.0000"
"2020-11-02T14:29:59.9999999+00:00","RiskPremia","3000.0"
"2020-11-02T14:30:00.0000000+00:00","PaydaySeason","810.000"
"2020-11-02T14:30:00.0000000+00:00","BondSeason","2608.0000"
"2020-11-02T14:30:00.0000000+00:00","EqBondReversion","3018.0000"
"2020-11-02T14:30:00.0000000+00:00","RiskPremia","3000.0"
"2020-11-02T21:00:00.0000000+00:00","PaydaySeason","810.000"
"2020-11-02T21:00:00.0000000+00:00","BondSeason","2608.0000"
"2020-11-02T21:00:00.0000000+00:00","EqBondReversion","3018.0000"
"2020-11-02T21:00:00.0000000+00:00","RiskPremia","3000.0"
"2020-11-03T14:30:00.0000000+00:00","PaydaySeason","810.000"
"2020-11-03T14:30:00.0000000+00:00","BondSeason","2608.0000"
"2020-11-03T14:30:00.0000000+00:00","EqBondReversion","3018.0000"
"2020-11-03T14:30:00.0000000+00:00","RiskPremia","3000.0"
"2020-11-03T21:00:00.0000000+00:00","PaydaySeason","810.000"
"2020-11-03T21:00:00.0000000+00:00","BondSeason","2608.0000"
"2020-11-03T21:00:00.0000000+00:00","EqBondReversion","3018.0000"
"2020-11-03T21:00:00.0000000+00:00","RiskPremia","3000.0"
"2020-11-04T14:30:00.0000000+00:00","PaydaySeason","810.000"
"2020-11-04T14:30:00.0000000+00:00","BondSeason","2608.0000"
"2020-11-04T14:30:00.0000000+00:00","EqBondReversion","3018.0000"
"2020-11-04T14:30:00.0000000+00:00","RiskPremia","3000.0"
"2020-11-04T21:00:00.0000000+00:00","PaydaySeason","810.000"
"2020-11-04T21:00:00.0000000+00:00","BondSeason","2608.0000"
"2020-11-04T21:00:00.0000000+00:00","EqBondReversion","3018.0000"
"2020-11-04T21:00:00.0000000+00:00","RiskPremia","3000.0"
"2020-11-05T14:30:00.0000000+00:00","PaydaySeason","810.000"
"2020-11-05T14:30:00.0000000+00:00","BondSeason","2608.0000"
"2020-11-05T14:30:00.0000000+00:00","EqBondReversion","3018.0000"
"2020-11-05T14:30:00.0000000+00:00","RiskPremia","3000.0"
"2020-11-05T21:00:00.0000000+00:00","PaydaySeason","810.000"
"2020-11-05T21:00:00.0000000+00:00","BondSeason","2608.0000"
"2020-11-05T21:00:00.0000000+00:00","EqBondReversion","3018.0000"
"2020-11-05T21:00:00.0000000+00:00","RiskPremia","3000.0"
"2020-11-06T14:30:00.0000000+00:00","PaydaySeason","810.000"
"2020-11-06T14:30:00.0000000+00:00","BondSeason","2608.0000"
"2020-11-06T14:30:00.0000000+00:00","EqBondReversion","3018.0000"
"2020-11-06T14:30:00.0000000+00:00","RiskPremia","3000.0"
"2020-11-06T21:00:00.0000000+00:00","PaydaySeason","810.000"
"2020-11-06T21:00:00.0000000+00:00","BondSeason","2608.0000"
"2020-11-06T21:00:00.0000000+00:00","EqBondReversion","3018.0000"
"2020-11-06T21:00:00.0000000+00:00","RiskPremia","3000.0"
"2020-11-09T14:30:00.0000000+00:00","PaydaySeason","810.000"
"2020-11-09T14:30:00.0000000+00:00","BondSeason","2608.0000"
"2020-11-09T14:30:00.0000000+00:00","EqBondReversion","3018.0000"
"2020-11-09T14:30:00.0000000+00:00","RiskPremia","3000.0"
"2020-11-09T21:00:00.0000000+00:00","PaydaySeason","810.000"
"2020-11-09T21:00:00.0000000+00:00","BondSeason","2608.0000"
"2020-11-09T21:00:00.0000000+00:00","EqBondReversion","3018.0000"
"2020-11-09T21:00:00.0000000+00:00","RiskPremia","3000.0"
"2020-11-10T14:30:00.0000000+00:00","PaydaySeason","810.000"
"2020-11-10T14:30:00.0000000+00:00","BondSeason","2608.0000"
"2020-11-10T14:30:00.0000000+00:00","EqBondReversion","3018.0000"
"2020-11-10T14:30:00.0000000+00:00","RiskPremia","3000.0"
"2020-11-10T21:00:00.0000000+00:00","PaydaySeason","810.000"
"2020-11-10T21:00:00.0000000+00:00","BondSeason","2608.0000"
"2020-11-10T21:00:00.0000000+00:00","EqBondReversion","3018.0000"
"2020-11-10T21:00:00.0000000+00:00","RiskPremia","3000.0"
"2020-11-11T14:30:00.0000000+00:00","PaydaySeason","810.000"
"2020-11-11T14:30:00.0000000+00:00","BondSeason","2608.0000"
"2020-11-11T14:30:00.0000000+00:00","EqBondReversion","3018.0000"
"2020-11-11T14:30:00.0000000+00:00","RiskPremia","3000.0"
"2020-11-11T21:00:00.0000000+00:00","PaydaySeason","809.846226"
"2020-11-11T21:00:00.0000000+00:00","BondSeason","2608.0000"
"2020-11-11T21:00:00.0000000+00:00","EqBondReversion","3018.0000"
"2020-11-11T21:00:00.0000000+00:00","RiskPremia","3000.0"
"2020-11-12T14:30:00.0000000+00:00","PaydaySeason","807.596226"
"2020-11-12T14:30:00.0000000+00:00","BondSeason","2608.0000"
"2020-11-12T14:30:00.0000000+00:00","EqBondReversion","3018.0000"
"2020-11-12T14:30:00.0000000+00:00","RiskPremia","3000.0"
"2020-11-12T21:00:00.0000000+00:00","PaydaySeason","802.016226"
"2020-11-12T21:00:00.0000000+00:00","BondSeason","2608.0000"
"2020-11-12T21:00:00.0000000+00:00","EqBondReversion","3018.0000"
"2020-11-12T21:00:00.0000000+00:00","RiskPremia","3000.0"
"2020-11-13T14:30:00.0000000+00:00","PaydaySeason","806.876226"
"2020-11-13T14:30:00.0000000+00:00","BondSeason","2608.0000"
"2020-11-13T14:30:00.0000000+00:00","EqBondReversion","3018.0000"
"2020-11-13T14:30:00.0000000+00:00","RiskPremia","3000.0"
"2020-11-13T21:00:00.0000000+00:00","PaydaySeason","812.636226"
"2020-11-13T21:00:00.0000000+00:00","BondSeason","2608.0000"
"2020-11-13T21:00:00.0000000+00:00","EqBondReversion","3018.0000"
"2020-11-13T21:00:00.0000000+00:00","RiskPremia","3000.0"
"2020-11-16T14:30:00.0000000+00:00","PaydaySeason","820.556226"
"2020-11-16T14:30:00.0000000+00:00","BondSeason","2608.0000"
"2020-11-16T14:30:00.0000000+00:00","EqBondReversion","3018.0000"
"2020-11-16T14:30:00.0000000+00:00","RiskPremia","3000.0"
"2020-11-16T21:00:00.0000000+00:00","PaydaySeason","822.446226"
"2020-11-16T21:00:00.0000000+00:00","BondSeason","2608.0000"
"2020-11-16T21:00:00.0000000+00:00","EqBondReversion","3018.0000"
"2020-11-16T21:00:00.0000000+00:00","RiskPremia","3000.0"
"2020-11-17T14:30:00.0000000+00:00","PaydaySeason","818.756226"
"2020-11-17T14:30:00.0000000+00:00","BondSeason","2608.0000"
"2020-11-17T14:30:00.0000000+00:00","EqBondReversion","3018.0000"
"2020-11-17T14:30:00.0000000+00:00","RiskPremia","3000.0"
"2020-11-17T21:00:00.0000000+00:00","PaydaySeason","820.310328"
"2020-11-17T21:00:00.0000000+00:00","BondSeason","2608.0000"
"2020-11-17T21:00:00.0000000+00:00","EqBondReversion","3018.0000"
"2020-11-17T21:00:00.0000000+00:00","RiskPremia","3000.0"
"2020-11-18T14:30:00.0000000+00:00","PaydaySeason","820.310328"
"2020-11-18T14:30:00.0000000+00:00","BondSeason","2608.0000"
"2020-11-18T14:30:00.0000000+00:00","EqBondReversion","3018.0000"
"2020-11-18T14:30:00.0000000+00:00","RiskPremia","3000.0"
"2020-11-18T21:00:00.0000000+00:00","PaydaySeason","820.310328"
"2020-11-18T21:00:00.0000000+00:00","BondSeason","2607.490304"
"2020-11-18T21:00:00.0000000+00:00","EqBondReversion","3018.0000"
"2020-11-18T21:00:00.0000000+00:00","RiskPremia","3000.0"
"2020-11-19T14:30:00.0000000+00:00","PaydaySeason","820.310328"
"2020-11-19T14:30:00.0000000+00:00","BondSeason","2619.170304"
"2020-11-19T14:30:00.0000000+00:00","EqBondReversion","3018.0000"
"2020-11-19T14:30:00.0000000+00:00","RiskPremia","3000.0"
"2020-11-19T21:00:00.0000000+00:00","PaydaySeason","820.310328"
"2020-11-19T21:00:00.0000000+00:00","BondSeason","2620.130304"
"2020-11-19T21:00:00.0000000+00:00","EqBondReversion","3018.0000"
"2020-11-19T21:00:00.0000000+00:00","RiskPremia","3000.0"
"2020-11-20T14:30:00.0000000+00:00","PaydaySeason","820.310328"
"2020-11-20T14:30:00.0000000+00:00","BondSeason","2627.410304"
"2020-11-20T14:30:00.0000000+00:00","EqBondReversion","3017.4221100"
"2020-11-20T14:30:00.0000000+00:00","RiskPremia","3000.0"
"2020-11-20T21:00:00.0000000+00:00","PaydaySeason","820.310328"
"2020-11-20T21:00:00.0000000+00:00","BondSeason","2642.850304"
"2020-11-20T21:00:00.0000000+00:00","EqBondReversion","3034.7921100"
"2020-11-20T21:00:00.0000000+00:00","RiskPremia","3000.0"
"2020-11-23T14:30:00.0000000+00:00","PaydaySeason","820.310328"
"2020-11-23T14:30:00.0000000+00:00","BondSeason","2632.130304"
"2020-11-23T14:30:00.0000000+00:00","EqBondReversion","3022.7321100"
"2020-11-23T14:30:00.0000000+00:00","RiskPremia","3000.0"
"2020-11-23T21:00:00.0000000+00:00","PaydaySeason","820.154772"
"2020-11-23T21:00:00.0000000+00:00","BondSeason","2631.490304"
"2020-11-23T21:00:00.0000000+00:00","EqBondReversion","3022.0121100"
"2020-11-23T21:00:00.0000000+00:00","RiskPremia","3000.0"
"2020-11-24T14:30:00.0000000+00:00","PaydaySeason","826.724772"
"2020-11-24T14:30:00.0000000+00:00","BondSeason","2618.690304"
"2020-11-24T14:30:00.0000000+00:00","EqBondReversion","3007.6121100"
"2020-11-24T14:30:00.0000000+00:00","RiskPremia","3000.0"
"2020-11-24T21:00:00.0000000+00:00","PaydaySeason","832.080672"
"2020-11-24T21:00:00.0000000+00:00","BondSeason","2606.530304"
"2020-11-24T21:00:00.0000000+00:00","EqBondReversion","2993.9321100"
"2020-11-24T21:00:00.0000000+00:00","RiskPremia","3000.0"
"2020-11-25T14:30:00.0000000+00:00","PaydaySeason","831.674772"
"2020-11-25T14:30:00.0000000+00:00","BondSeason","2607.010304"
"2020-11-25T14:30:00.0000000+00:00","EqBondReversion","2994.4721100"
"2020-11-25T14:30:00.0000000+00:00","RiskPremia","3000.0"
"2020-11-25T21:00:00.0000000+00:00","PaydaySeason","831.674772"
"2020-11-25T21:00:00.0000000+00:00","BondSeason","2598.050304"
"2020-11-25T21:00:00.0000000+00:00","EqBondReversion","2984.3921100"
"2020-11-25T21:00:00.0000000+00:00","RiskPremia","3000.0"
"2020-11-27T14:30:00.0000000+00:00","PaydaySeason","834.374772"
"2020-11-27T14:30:00.0000000+00:00","BondSeason","2612.770304"
"2020-11-27T14:30:00.0000000+00:00","EqBondReversion","3000.9521100"
"2020-11-27T14:30:00.0000000+00:00","RiskPremia","3000.0"
"2020-11-27T18:00:00.0000000+00:00","PaydaySeason","834.644772"
"2020-11-27T18:00:00.0000000+00:00","BondSeason","2622.210304"
"2020-11-27T18:00:00.0000000+00:00","EqBondReversion","3011.5721100"
"2020-11-27T18:00:00.0000000+00:00","RiskPremia","3000.0"
"2020-11-30T14:30:00.0000000+00:00","PaydaySeason","833.204772"
"2020-11-30T14:30:00.0000000+00:00","BondSeason","2619.490304"
"2020-11-30T14:30:00.0000000+00:00","EqBondReversion","3008.5121100"
"2020-11-30T14:30:00.0000000+00:00","RiskPremia","3000.0"
"2020-11-30T21:00:00.0000000+00:00","PaydaySeason","830.347146"
"2020-11-30T21:00:00.0000000+00:00","BondSeason","2618.306176"
"2020-11-30T21:00:00.0000000+00:00","EqBondReversion","3007.7560380"
"2020-11-30T21:00:00.0000000+00:00","RiskPremia","3000.0"
"2020-12-01T14:30:00.0000000+00:00","PaydaySeason","830.347146"
"2020-12-01T14:30:00.0000000+00:00","BondSeason","2639.2181296"
"2020-12-01T14:30:00.0000000+00:00","EqBondReversion","3007.7560380"
"2020-12-01T14:30:00.0000000+00:00","RiskPremia","3000.0"
"2020-12-01T21:00:00.0000000+00:00","PaydaySeason","830.347146"
"2020-12-01T21:00:00.0000000+00:00","BondSeason","2655.2181296"
"2020-12-01T21:00:00.0000000+00:00","EqBondReversion","3007.7560380"
"2020-12-01T21:00:00.0000000+00:00","RiskPremia","3000.0"
"2020-12-02T14:30:00.0000000+00:00","PaydaySeason","830.347146"
"2020-12-02T14:30:00.0000000+00:00","BondSeason","2666.0981296"
"2020-12-02T14:30:00.0000000+00:00","EqBondReversion","3007.7560380"
"2020-12-02T14:30:00.0000000+00:00","RiskPremia","3000.0"
"2020-12-02T21:00:00.0000000+00:00","PaydaySeason","830.347146"
"2020-12-02T21:00:00.0000000+00:00","BondSeason","2675.8581296"
"2020-12-02T21:00:00.0000000+00:00","EqBondReversion","3007.7560380"
"2020-12-02T21:00:00.0000000+00:00","RiskPremia","3000.0"
"2020-12-03T14:30:00.0000000+00:00","PaydaySeason","830.347146"
"2020-12-03T14:30:00.0000000+00:00","BondSeason","2664.9781296"
"2020-12-03T14:30:00.0000000+00:00","EqBondReversion","3007.7560380"
"2020-12-03T14:30:00.0000000+00:00","RiskPremia","3000.0"
"2020-12-03T21:00:00.0000000+00:00","PaydaySeason","830.347146"
"2020-12-03T21:00:00.0000000+00:00","BondSeason","2655.8581296"
"2020-12-03T21:00:00.0000000+00:00","EqBondReversion","3007.7560380"
"2020-12-03T21:00:00.0000000+00:00","RiskPremia","3000.0"
"2020-12-04T14:30:00.0000000+00:00","PaydaySeason","830.347146"
"2020-12-04T14:30:00.0000000+00:00","BondSeason","2684.9781296"
"2020-12-04T14:30:00.0000000+00:00","EqBondReversion","3007.7560380"
"2020-12-04T14:30:00.0000000+00:00","RiskPremia","3000.0"
"2020-12-04T21:00:00.0000000+00:00","PaydaySeason","830.347146"
"2020-12-04T21:00:00.0000000+00:00","BondSeason","2693.1381296"
"2020-12-04T21:00:00.0000000+00:00","EqBondReversion","3007.7560380"
"2020-12-04T21:00:00.0000000+00:00","RiskPremia","3000.0"
"2020-12-07T14:30:00.0000000+00:00","PaydaySeason","830.347146"
"2020-12-07T14:30:00.0000000+00:00","BondSeason","2674.4181296"
"2020-12-07T14:30:00.0000000+00:00","EqBondReversion","3007.7560380"
"2020-12-07T14:30:00.0000000+00:00","RiskPremia","3000.0"
"2020-12-07T21:00:00.0000000+00:00","PaydaySeason","830.347146"
"2020-12-07T21:00:00.0000000+00:00","BondSeason","2670.8981296"
"2020-12-07T21:00:00.0000000+00:00","EqBondReversion","3007.7560380"
"2020-12-07T21:00:00.0000000+00:00","RiskPremia","3000.0"
"2020-12-08T14:30:00.0000000+00:00","PaydaySeason","830.347146"
"2020-12-08T14:30:00.0000000+00:00","BondSeason","2654.8981296"
"2020-12-08T14:30:00.0000000+00:00","EqBondReversion","3007.7560380"
"2020-12-08T14:30:00.0000000+00:00","RiskPremia","3000.0"
"2020-12-08T21:00:00.0000000+00:00","PaydaySeason","830.347146"
"2020-12-08T21:00:00.0000000+00:00","BondSeason","2658.7381296"
"2020-12-08T21:00:00.0000000+00:00","EqBondReversion","3007.7560380"
"2020-12-08T21:00:00.0000000+00:00","RiskPremia","3000.0"
"2020-12-09T14:30:00.0000000+00:00","PaydaySeason","830.347146"
"2020-12-09T14:30:00.0000000+00:00","BondSeason","2671.2181296"
"2020-12-09T14:30:00.0000000+00:00","EqBondReversion","3007.7560380"
"2020-12-09T14:30:00.0000000+00:00","RiskPremia","3000.0"
"2020-12-09T21:00:00.0000000+00:00","PaydaySeason","830.347146"
"2020-12-09T21:00:00.0000000+00:00","BondSeason","2666.7163696"
"2020-12-09T21:00:00.0000000+00:00","EqBondReversion","3007.7560380"
"2020-12-09T21:00:00.0000000+00:00","RiskPremia","3000.0"
"2020-12-10T14:30:00.0000000+00:00","PaydaySeason","830.347146"
"2020-12-10T14:30:00.0000000+00:00","BondSeason","2666.7163696"
"2020-12-10T14:30:00.0000000+00:00","EqBondReversion","3007.7560380"
"2020-12-10T14:30:00.0000000+00:00","RiskPremia","3000.0"
"2020-12-10T21:00:00.0000000+00:00","PaydaySeason","830.187324"
"2020-12-10T21:00:00.0000000+00:00","BondSeason","2666.7163696"
"2020-12-10T21:00:00.0000000+00:00","EqBondReversion","3007.7560380"
"2020-12-10T21:00:00.0000000+00:00","RiskPremia","3000.0"
"2020-12-11T14:30:00.0000000+00:00","PaydaySeason","825.777324"
"2020-12-11T14:30:00.0000000+00:00","BondSeason","2666.7163696"
"2020-12-11T14:30:00.0000000+00:00","EqBondReversion","3007.7560380"
"2020-12-11T14:30:00.0000000+00:00","RiskPremia","3000.0"
"2020-12-11T21:00:00.0000000+00:00","PaydaySeason","828.387324"
"2020-12-11T21:00:00.0000000+00:00","BondSeason","2666.7163696"
"2020-12-11T21:00:00.0000000+00:00","EqBondReversion","3007.7560380"
"2020-12-11T21:00:00.0000000+00:00","RiskPremia","3000.0"
"2020-12-14T14:30:00.0000000+00:00","PaydaySeason","834.957324"
"2020-12-14T14:30:00.0000000+00:00","BondSeason","2666.7163696"
"2020-12-14T14:30:00.0000000+00:00","EqBondReversion","3007.7560380"
"2020-12-14T14:30:00.0000000+00:00","RiskPremia","3000.0"
"2020-12-14T21:00:00.0000000+00:00","PaydaySeason","826.137324"
"2020-12-14T21:00:00.0000000+00:00","BondSeason","2666.7163696"
"2020-12-14T21:00:00.0000000+00:00","EqBondReversion","3007.7560380"
"2020-12-14T21:00:00.0000000+00:00","RiskPremia","3000.0"
"2020-12-15T14:30:00.0000000+00:00","PaydaySeason","832.797324"
"2020-12-15T14:30:00.0000000+00:00","BondSeason","2666.7163696"
"2020-12-15T14:30:00.0000000+00:00","EqBondReversion","3007.7560380"
"2020-12-15T14:30:00.0000000+00:00","RiskPremia","3000.0"
"2020-12-15T21:00:00.0000000+00:00","PaydaySeason","837.477324"
"2020-12-15T21:00:00.0000000+00:00","BondSeason","2666.7163696"
"2020-12-15T21:00:00.0000000+00:00","EqBondReversion","3007.7560380"
"2020-12-15T21:00:00.0000000+00:00","RiskPremia","3000.0"
"2020-12-16T14:30:00.0000000+00:00","PaydaySeason","838.107324"
"2020-12-16T14:30:00.0000000+00:00","BondSeason","2666.7163696"
"2020-12-16T14:30:00.0000000+00:00","EqBondReversion","3007.7560380"
"2020-12-16T14:30:00.0000000+00:00","RiskPremia","3000.0"
"2020-12-16T21:00:00.0000000+00:00","PaydaySeason","838.215864"
"2020-12-16T21:00:00.0000000+00:00","BondSeason","2666.7163696"
"2020-12-16T21:00:00.0000000+00:00","EqBondReversion","3007.7560380"
"2020-12-16T21:00:00.0000000+00:00","RiskPremia","3000.0"
"2020-12-17T14:30:00.0000000+00:00","PaydaySeason","838.215864"
"2020-12-17T14:30:00.0000000+00:00","BondSeason","2666.7163696"
"2020-12-17T14:30:00.0000000+00:00","EqBondReversion","3007.7560380"
"2020-12-17T14:30:00.0000000+00:00","RiskPremia","3000.0"
"2020-12-17T21:00:00.0000000+00:00","PaydaySeason","838.215864"
"2020-12-17T21:00:00.0000000+00:00","BondSeason","2666.7163696"
"2020-12-17T21:00:00.0000000+00:00","EqBondReversion","3007.7560380"
"2020-12-17T21:00:00.0000000+00:00","RiskPremia","3000.0"
"2020-12-18T14:30:00.0000000+00:00","PaydaySeason","838.215864"
"2020-12-18T14:30:00.0000000+00:00","BondSeason","2666.7163696"
"2020-12-18T14:30:00.0000000+00:00","EqBondReversion","3007.7560380"
"2020-12-18T14:30:00.0000000+00:00","RiskPremia","3000.0"
"2020-12-18T21:00:00.0000000+00:00","PaydaySeason","838.215864"
"2020-12-18T21:00:00.0000000+00:00","BondSeason","2666.7163696"
"2020-12-18T21:00:00.0000000+00:00","EqBondReversion","3007.7560380"
"2020-12-18T21:00:00.0000000+00:00","RiskPremia","3000.0"
"2020-12-21T14:30:00.0000000+00:00","PaydaySeason","838.215864"
"2020-12-21T14:30:00.0000000+00:00","BondSeason","2666.7163696"
"2020-12-21T14:30:00.0000000+00:00","EqBondReversion","3007.1586780"
"2020-12-21T14:30:00.0000000+00:00","RiskPremia","3000.0"
"2020-12-21T21:00:00.0000000+00:00","PaydaySeason","838.215864"
"2020-12-21T21:00:00.0000000+00:00","BondSeason","2666.2140656"
"2020-12-21T21:00:00.0000000+00:00","EqBondReversion","3002.7886780"
"2020-12-21T21:00:00.0000000+00:00","RiskPremia","3000.0"
"2020-12-22T14:30:00.0000000+00:00","PaydaySeason","838.215864"
"2020-12-22T14:30:00.0000000+00:00","BondSeason","2675.6540656"
"2020-12-22T14:30:00.0000000+00:00","EqBondReversion","3013.9986780"
"2020-12-22T14:30:00.0000000+00:00","RiskPremia","3000.0"
"2020-12-22T21:00:00.0000000+00:00","PaydaySeason","838.054008"
"2020-12-22T21:00:00.0000000+00:00","BondSeason","2678.8540656"
"2020-12-22T21:00:00.0000000+00:00","EqBondReversion","3017.7986780"
"2020-12-22T21:00:00.0000000+00:00","RiskPremia","3000.0"
"2020-12-23T14:30:00.0000000+00:00","PaydaySeason","840.664008"
"2020-12-23T14:30:00.0000000+00:00","BondSeason","2660.6140656"
"2020-12-23T14:30:00.0000000+00:00","EqBondReversion","2996.1386780"
"2020-12-23T14:30:00.0000000+00:00","RiskPremia","3000.0"
"2020-12-23T21:00:00.0000000+00:00","PaydaySeason","839.134008"
"2020-12-23T21:00:00.0000000+00:00","BondSeason","2661.7340656"
"2020-12-23T21:00:00.0000000+00:00","EqBondReversion","2997.4686780"
"2020-12-23T21:00:00.0000000+00:00","RiskPremia","3000.0"
"2020-12-24T14:30:00.0000000+00:00","PaydaySeason","840.754008"
"2020-12-24T14:30:00.0000000+00:00","BondSeason","2665.0940656"
"2020-12-24T14:30:00.0000000+00:00","EqBondReversion","3001.4586780"
"2020-12-24T14:30:00.0000000+00:00","RiskPremia","3000.0"
"2020-12-24T18:00:00.0000000+00:00","PaydaySeason","841.294008"
"2020-12-24T18:00:00.0000000+00:00","BondSeason","2671.3340656"
"2020-12-24T18:00:00.0000000+00:00","EqBondReversion","3008.8686780"
"2020-12-24T18:00:00.0000000+00:00","RiskPremia","3000.0"
"2020-12-28T14:30:00.0000000+00:00","PaydaySeason","847.684008"
"2020-12-28T14:30:00.0000000+00:00","BondSeason","2656.7740656"
"2020-12-28T14:30:00.0000000+00:00","EqBondReversion","2991.5786780"
"2020-12-28T14:30:00.0000000+00:00","RiskPremia","3000.0"
"2020-12-28T21:00:00.0000000+00:00","PaydaySeason","845.470008"
"2020-12-28T21:00:00.0000000+00:00","BondSeason","2672.1452656"
"2020-12-28T21:00:00.0000000+00:00","EqBondReversion","3009.8319780"
"2020-12-28T21:00:00.0000000+00:00","RiskPremia","3000.0"
"2020-12-29T14:30:00.0000000+00:00","PaydaySeason","848.944008"
"2020-12-29T14:30:00.0000000+00:00","BondSeason","2656.6140656"
"2020-12-29T14:30:00.0000000+00:00","EqBondReversion","2991.3886780"
"2020-12-29T14:30:00.0000000+00:00","RiskPremia","3000.0"
"2020-12-29T21:00:00.0000000+00:00","PaydaySeason","842.464008"
"2020-12-29T21:00:00.0000000+00:00","BondSeason","2669.4140656"
"2020-12-29T21:00:00.0000000+00:00","EqBondReversion","3006.5886780"
"2020-12-29T21:00:00.0000000+00:00","RiskPremia","3000.0"
"2020-12-30T14:30:00.0000000+00:00","PaydaySeason","844.714008"
"2020-12-30T14:30:00.0000000+00:00","BondSeason","2663.8140656"
"2020-12-30T14:30:00.0000000+00:00","EqBondReversion","2999.9386780"
"2020-12-30T14:30:00.0000000+00:00","RiskPremia","3000.0"
"2020-12-30T21:00:00.0000000+00:00","PaydaySeason","844.084008"
"2020-12-30T21:00:00.0000000+00:00","BondSeason","2674.3900656"
"2020-12-30T21:00:00.0000000+00:00","EqBondReversion","3012.4976780"
"2020-12-30T21:00:00.0000000+00:00","RiskPremia","3000.0"
"2020-12-31T14:30:00.0000000+00:00","PaydaySeason","844.624008"
"2020-12-31T14:30:00.0000000+00:00","BondSeason","2674.0540656"
"2020-12-31T14:30:00.0000000+00:00","EqBondReversion","3012.0986780"
"2020-12-31T14:30:00.0000000+00:00","RiskPremia","3000.0"
"2020-12-31T21:00:00.0000000+00:00","PaydaySeason","847.700190"
"2020-12-31T21:00:00.0000000+00:00","BondSeason","2676.8847856"
"2020-12-31T21:00:00.0000000+00:00","EqBondReversion","3016.0594180"
"2020-12-31T21:00:00.0000000+00:00","RiskPremia","3000.0"
"2021-01-04T14:30:00.0000000+00:00","PaydaySeason","847.700190"
"2021-01-04T14:30:00.0000000+00:00","BondSeason","2693.3647856"
"2021-01-04T14:30:00.0000000+00:00","EqBondReversion","3016.0594180"
"2021-01-04T14:30:00.0000000+00:00","RiskPremia","3000.0"
"2021-01-04T21:00:00.0000000+00:00","PaydaySeason","847.700190"
"2021-01-04T21:00:00.0000000+00:00","BondSeason","2679.0447856"
"2021-01-04T21:00:00.0000000+00:00","EqBondReversion","3016.0594180"
"2021-01-04T21:00:00.0000000+00:00","RiskPremia","3000.0"
"2021-01-05T14:30:00.0000000+00:00","PaydaySeason","847.700190"
"2021-01-05T14:30:00.0000000+00:00","BondSeason","2688.8847856"
"2021-01-05T14:30:00.0000000+00:00","EqBondReversion","3016.0594180"
"2021-01-05T14:30:00.0000000+00:00","RiskPremia","3000.0"
"2021-01-05T21:00:00.0000000+00:00","PaydaySeason","847.700190"
"2021-01-05T21:00:00.0000000+00:00","BondSeason","2697.3647856"
"2021-01-05T21:00:00.0000000+00:00","EqBondReversion","3016.0594180"
"2021-01-05T21:00:00.0000000+00:00","RiskPremia","3000.0"
"2021-01-06T14:30:00.0000000+00:00","PaydaySeason","847.700190"
"2021-01-06T14:30:00.0000000+00:00","BondSeason","2738.9647856"
"2021-01-06T14:30:00.0000000+00:00","EqBondReversion","3016.0594180"
"2021-01-06T14:30:00.0000000+00:00","RiskPremia","3000.0"
"2021-01-06T21:00:00.0000000+00:00","PaydaySeason","847.700190"
"2021-01-06T21:00:00.0000000+00:00","BondSeason","2749.2047856"
"2021-01-06T21:00:00.0000000+00:00","EqBondReversion","3016.0594180"
"2021-01-06T21:00:00.0000000+00:00","RiskPremia","3000.0"
"2021-01-07T14:30:00.0000000+00:00","PaydaySeason","847.700190"
"2021-01-07T14:30:00.0000000+00:00","BondSeason","2771.4447856"
"2021-01-07T14:30:00.0000000+00:00","EqBondReversion","3016.0594180"
"2021-01-07T14:30:00.0000000+00:00","RiskPremia","3000.0"
"2021-01-07T21:00:00.0000000+00:00","PaydaySeason","847.700190"
"2021-01-07T21:00:00.0000000+00:00","BondSeason","2770.9647856"
"2021-01-07T21:00:00.0000000+00:00","EqBondReversion","3016.0594180"
"2021-01-07T21:00:00.0000000+00:00","RiskPremia","3000.0"
"2021-01-08T14:30:00.0000000+00:00","PaydaySeason","847.700190"
"2021-01-08T14:30:00.0000000+00:00","BondSeason","2776.4047856"
"2021-01-08T14:30:00.0000000+00:00","EqBondReversion","3016.0594180"
"2021-01-08T14:30:00.0000000+00:00","RiskPremia","3000.0"
"2021-01-08T21:00:00.0000000+00:00","PaydaySeason","847.700190"
"2021-01-08T21:00:00.0000000+00:00","BondSeason","2777.8447856"
"2021-01-08T21:00:00.0000000+00:00","EqBondReversion","3016.0594180"
"2021-01-08T21:00:00.0000000+00:00","RiskPremia","3000.0"
"2021-01-11T14:30:00.0000000+00:00","PaydaySeason","847.700190"
"2021-01-11T14:30:00.0000000+00:00","BondSeason","2784.0847856"
"2021-01-11T14:30:00.0000000+00:00","EqBondReversion","3016.0594180"
"2021-01-11T14:30:00.0000000+00:00","RiskPremia","3000.0"
"2021-01-11T21:00:00.0000000+00:00","PaydaySeason","847.700190"
"2021-01-11T21:00:00.0000000+00:00","BondSeason","2783.1247856"
"2021-01-11T21:00:00.0000000+00:00","EqBondReversion","3016.0594180"
"2021-01-11T21:00:00.0000000+00:00","RiskPremia","3000.0"
"2021-01-12T14:30:00.0000000+00:00","PaydaySeason","847.700190"
"2021-01-12T14:30:00.0000000+00:00","BondSeason","2787.4447856"
"2021-01-12T14:30:00.0000000+00:00","EqBondReversion","3016.0594180"
"2021-01-12T14:30:00.0000000+00:00","RiskPremia","3000.0"
"2021-01-12T21:00:00.0000000+00:00","PaydaySeason","847.700190"
"2021-01-12T21:00:00.0000000+00:00","BondSeason","2784.0816816"
"2021-01-12T21:00:00.0000000+00:00","EqBondReversion","3016.0594180"
"2021-01-12T21:00:00.0000000+00:00","RiskPremia","3000.0"
"2021-01-13T14:30:00.0000000+00:00","PaydaySeason","847.700190"
"2021-01-13T14:30:00.0000000+00:00","BondSeason","2784.0816816"
"2021-01-13T14:30:00.0000000+00:00","EqBondReversion","3016.0594180"
"2021-01-13T14:30:00.0000000+00:00","RiskPremia","3000.0"
"2021-01-13T21:00:00.0000000+00:00","PaydaySeason","847.551294"
"2021-01-13T21:00:00.0000000+00:00","BondSeason","2784.0816816"
"2021-01-13T21:00:00.0000000+00:00","EqBondReversion","3016.0594180"
"2021-01-13T21:00:00.0000000+00:00","RiskPremia","3000.0"
"2021-01-14T14:30:00.0000000+00:00","PaydaySeason","849.471294"
"2021-01-14T14:30:00.0000000+00:00","BondSeason","2784.0816816"
"2021-01-14T14:30:00.0000000+00:00","EqBondReversion","3016.0594180"
"2021-01-14T14:30:00.0000000+00:00","RiskPremia","3000.0"
"2021-01-14T21:00:00.0000000+00:00","PaydaySeason","846.671294"
"2021-01-14T21:00:00.0000000+00:00","BondSeason","2784.0816816"
"2021-01-14T21:00:00.0000000+00:00","EqBondReversion","3016.0594180"
"2021-01-14T21:00:00.0000000+00:00","RiskPremia","3000.0"
"2021-01-15T14:30:00.0000000+00:00","PaydaySeason","843.231294"
"2021-01-15T14:30:00.0000000+00:00","BondSeason","2784.0816816"
"2021-01-15T14:30:00.0000000+00:00","EqBondReversion","3016.0594180"
"2021-01-15T14:30:00.0000000+00:00","RiskPremia","3000.0"
"2021-01-15T21:00:00.0000000+00:00","PaydaySeason","840.431294"
"2021-01-15T21:00:00.0000000+00:00","BondSeason","2784.0816816"
"2021-01-15T21:00:00.0000000+00:00","EqBondReversion","3016.0594180"
"2021-01-15T21:00:00.0000000+00:00","RiskPremia","3000.0"
"2021-01-19T14:30:00.0000000+00:00","PaydaySeason","845.791294"
"2021-01-19T14:30:00.0000000+00:00","BondSeason","2784.0816816"
"2021-01-19T14:30:00.0000000+00:00","EqBondReversion","3016.0594180"
"2021-01-19T14:30:00.0000000+00:00","RiskPremia","3000.0"
"2021-01-19T21:00:00.0000000+00:00","PaydaySeason","846.831294"
"2021-01-19T21:00:00.0000000+00:00","BondSeason","2784.0816816"
"2021-01-19T21:00:00.0000000+00:00","EqBondReversion","3016.0594180"
"2021-01-19T21:00:00.0000000+00:00","RiskPremia","3000.0"
"2021-01-20T14:30:00.0000000+00:00","PaydaySeason","851.471294"
"2021-01-20T14:30:00.0000000+00:00","BondSeason","2784.0816816"
"2021-01-20T14:30:00.0000000+00:00","EqBondReversion","3016.0594180"
"2021-01-20T14:30:00.0000000+00:00","RiskPremia","3000.0"
"2021-01-20T21:00:00.0000000+00:00","PaydaySeason","856.120654"
"2021-01-20T21:00:00.0000000+00:00","BondSeason","2783.5633176"
"2021-01-20T21:00:00.0000000+00:00","EqBondReversion","3016.0594180"
"2021-01-20T21:00:00.0000000+00:00","RiskPremia","3000.0"
"2021-01-21T14:30:00.0000000+00:00","PaydaySeason","856.120654"
"2021-01-21T14:30:00.0000000+00:00","BondSeason","2766.2233176"
"2021-01-21T14:30:00.0000000+00:00","EqBondReversion","3016.0594180"
"2021-01-21T14:30:00.0000000+00:00","RiskPremia","3000.0"
"2021-01-21T21:00:00.0000000+00:00","PaydaySeason","856.120654"
"2021-01-21T21:00:00.0000000+00:00","BondSeason","2765.8833176"
"2021-01-21T21:00:00.0000000+00:00","EqBondReversion","3016.0594180"
"2021-01-21T21:00:00.0000000+00:00","RiskPremia","3000.0"
"2021-01-22T14:30:00.0000000+00:00","PaydaySeason","856.120654"
"2021-01-22T14:30:00.0000000+00:00","BondSeason","2773.1933176"
"2021-01-22T14:30:00.0000000+00:00","EqBondReversion","3016.0594180"
"2021-01-22T14:30:00.0000000+00:00","RiskPremia","3000.0"
"2021-01-22T21:00:00.0000000+00:00","PaydaySeason","856.120654"
"2021-01-22T21:00:00.0000000+00:00","BondSeason","2773.1933176"
"2021-01-22T21:00:00.0000000+00:00","EqBondReversion","3016.0594180"
"2021-01-22T21:00:00.0000000+00:00","RiskPremia","3000.0"
"2021-01-25T14:30:00.0000000+00:00","PaydaySeason","856.120654"
"2021-01-25T14:30:00.0000000+00:00","BondSeason","2788.6633176"
"2021-01-25T14:30:00.0000000+00:00","EqBondReversion","3015.4789300"
"2021-01-25T14:30:00.0000000+00:00","RiskPremia","3000.0"
"2021-01-25T21:00:00.0000000+00:00","PaydaySeason","856.120654"
"2021-01-25T21:00:00.0000000+00:00","BondSeason","2803.4533176"
"2021-01-25T21:00:00.0000000+00:00","EqBondReversion","3032.0089300"
"2021-01-25T21:00:00.0000000+00:00","RiskPremia","3000.0"
"2021-01-26T14:30:00.0000000+00:00","PaydaySeason","856.120654"
"2021-01-26T14:30:00.0000000+00:00","BondSeason","2794.4433176"
"2021-01-26T14:30:00.0000000+00:00","EqBondReversion","3021.9389300"
"2021-01-26T14:30:00.0000000+00:00","RiskPremia","3000.0"
"2021-01-26T21:00:00.0000000+00:00","PaydaySeason","855.970462"
"2021-01-26T21:00:00.0000000+00:00","BondSeason","2799.3733176"
"2021-01-26T21:00:00.0000000+00:00","EqBondReversion","3027.4489300"
"2021-01-26T21:00:00.0000000+00:00","RiskPremia","3000.0"
"2021-01-27T14:30:00.0000000+00:00","PaydaySeason","848.770462"
"2021-01-27T14:30:00.0000000+00:00","BondSeason","2810.9333176"
"2021-01-27T14:30:00.0000000+00:00","EqBondReversion","3040.3689300"
"2021-01-27T14:30:00.0000000+00:00","RiskPremia","3000.0"
"2021-01-27T21:00:00.0000000+00:00","PaydaySeason","837.330462"
"2021-01-27T21:00:00.0000000+00:00","BondSeason","2806.6833176"
"2021-01-27T21:00:00.0000000+00:00","EqBondReversion","3035.6189300"
"2021-01-27T21:00:00.0000000+00:00","RiskPremia","3000.0"
"2021-01-28T14:30:00.0000000+00:00","PaydaySeason","841.650462"
"2021-01-28T14:30:00.0000000+00:00","BondSeason","2799.5433176"
"2021-01-28T14:30:00.0000000+00:00","EqBondReversion","3027.6389300"
"2021-01-28T14:30:00.0000000+00:00","RiskPremia","3000.0"
"2021-01-28T21:00:00.0000000+00:00","PaydaySeason","844.050462"
"2021-01-28T21:00:00.0000000+00:00","BondSeason","2791.7233176"
"2021-01-28T21:00:00.0000000+00:00","EqBondReversion","3018.8989300"
"2021-01-28T21:00:00.0000000+00:00","RiskPremia","3000.0"
"2021-01-29T14:30:00.0000000+00:00","PaydaySeason","841.010462"
"2021-01-29T14:30:00.0000000+00:00","BondSeason","2765.8833176"
"2021-01-29T14:30:00.0000000+00:00","EqBondReversion","2990.0189300"
"2021-01-29T14:30:00.0000000+00:00","RiskPremia","3000.0"
"2021-01-29T21:00:00.0000000+00:00","PaydaySeason","829.905454"
"2021-01-29T21:00:00.0000000+00:00","BondSeason","2775.5593776"
"2021-01-29T21:00:00.0000000+00:00","EqBondReversion","3001.4111400"
"2021-01-29T21:00:00.0000000+00:00","RiskPremia","3000.0"
"2021-02-01T14:30:00.0000000+00:00","PaydaySeason","829.905454"
"2021-02-01T14:30:00.0000000+00:00","BondSeason","2779.0312196"
"2021-02-01T14:30:00.0000000+00:00","EqBondReversion","3001.4111400"
"2021-02-01T14:30:00.0000000+00:00","RiskPremia","3000.0"
"2021-02-01T21:00:00.0000000+00:00","PaydaySeason","829.905454"
"2021-02-01T21:00:00.0000000+00:00","BondSeason","2773.2512196"
"2021-02-01T21:00:00.0000000+00:00","EqBondReversion","3001.4111400"
"2021-02-01T21:00:00.0000000+00:00","RiskPremia","3000.0"
"2021-02-02T14:30:00.0000000+00:00","PaydaySeason","829.905454"
"2021-02-02T14:30:00.0000000+00:00","BondSeason","2794.8412196"
"2021-02-02T14:30:00.0000000+00:00","EqBondReversion","3001.4111400"
"2021-02-02T14:30:00.0000000+00:00","RiskPremia","3000.0"
"2021-02-02T21:00:00.0000000+00:00","PaydaySeason","829.905454"
"2021-02-02T21:00:00.0000000+00:00","BondSeason","2789.4012196"
"2021-02-02T21:00:00.0000000+00:00","EqBondReversion","3001.4111400"
"2021-02-02T21:00:00.0000000+00:00","RiskPremia","3000.0"
"2021-02-03T14:30:00.0000000+00:00","PaydaySeason","829.905454"
"2021-02-03T14:30:00.0000000+00:00","BondSeason","2800.4512196"
"2021-02-03T14:30:00.0000000+00:00","EqBondReversion","3001.4111400"
"2021-02-03T14:30:00.0000000+00:00","RiskPremia","3000.0"
"2021-02-03T21:00:00.0000000+00:00","PaydaySeason","829.905454"
"2021-02-03T21:00:00.0000000+00:00","BondSeason","2812.8612196"
"2021-02-03T21:00:00.0000000+00:00","EqBondReversion","3001.4111400"
"2021-02-03T21:00:00.0000000+00:00","RiskPremia","3000.0"
"2021-02-04T14:30:00.0000000+00:00","PaydaySeason","829.905454"
"2021-02-04T14:30:00.0000000+00:00","BondSeason","2820.8512196"
"2021-02-04T14:30:00.0000000+00:00","EqBondReversion","3001.4111400"
"2021-02-04T14:30:00.0000000+00:00","RiskPremia","3000.0"
"2021-02-04T21:00:00.0000000+00:00","PaydaySeason","829.905454"
"2021-02-04T21:00:00.0000000+00:00","BondSeason","2819.8312196"
"2021-02-04T21:00:00.0000000+00:00","EqBondReversion","3001.4111400"
"2021-02-04T21:00:00.0000000+00:00","RiskPremia","3000.0"
"2021-02-05T14:30:00.0000000+00:00","PaydaySeason","829.905454"
"2021-02-05T14:30:00.0000000+00:00","BondSeason","2822.7212196"
"2021-02-05T14:30:00.0000000+00:00","EqBondReversion","3001.4111400"
"2021-02-05T14:30:00.0000000+00:00","RiskPremia","3000.0"
"2021-02-05T21:00:00.0000000+00:00","PaydaySeason","829.905454"
"2021-02-05T21:00:00.0000000+00:00","BondSeason","2840.7412196"
"2021-02-05T21:00:00.0000000+00:00","EqBondReversion","3001.4111400"
"2021-02-05T21:00:00.0000000+00:00","RiskPremia","3000.0"
"2021-02-08T14:30:00.0000000+00:00","PaydaySeason","829.905454"
"2021-02-08T14:30:00.0000000+00:00","BondSeason","2836.3212196"
"2021-02-08T14:30:00.0000000+00:00","EqBondReversion","3001.4111400"
"2021-02-08T14:30:00.0000000+00:00","RiskPremia","3000.0"
"2021-02-08T21:00:00.0000000+00:00","PaydaySeason","829.905454"
"2021-02-08T21:00:00.0000000+00:00","BondSeason","2830.2012196"
"2021-02-08T21:00:00.0000000+00:00","EqBondReversion","3001.4111400"
"2021-02-08T21:00:00.0000000+00:00","RiskPremia","3000.0"
"2021-02-09T14:30:00.0000000+00:00","PaydaySeason","829.905454"
"2021-02-09T14:30:00.0000000+00:00","BondSeason","2820.8512196"
"2021-02-09T14:30:00.0000000+00:00","EqBondReversion","3001.4111400"
"2021-02-09T14:30:00.0000000+00:00","RiskPremia","3000.0"
"2021-02-09T21:00:00.0000000+00:00","PaydaySeason","829.905454"
"2021-02-09T21:00:00.0000000+00:00","BondSeason","2827.7403846"
"2021-02-09T21:00:00.0000000+00:00","EqBondReversion","3001.4111400"
"2021-02-09T21:00:00.0000000+00:00","RiskPremia","3000.0"
"2021-02-10T14:30:00.0000000+00:00","PaydaySeason","829.905454"
"2021-02-10T14:30:00.0000000+00:00","BondSeason","2827.7403846"
"2021-02-10T14:30:00.0000000+00:00","EqBondReversion","3001.4111400"
"2021-02-10T14:30:00.0000000+00:00","RiskPremia","3000.0"
"2021-02-10T21:00:00.0000000+00:00","PaydaySeason","829.751502"
"2021-02-10T21:00:00.0000000+00:00","BondSeason","2827.7403846"
"2021-02-10T21:00:00.0000000+00:00","EqBondReversion","3001.4111400"
"2021-02-10T21:00:00.0000000+00:00","RiskPremia","3000.0"
"2021-02-11T14:30:00.0000000+00:00","PaydaySeason","832.951502"
"2021-02-11T14:30:00.0000000+00:00","BondSeason","2827.7403846"
"2021-02-11T14:30:00.0000000+00:00","EqBondReversion","3001.4111400"
"2021-02-11T14:30:00.0000000+00:00","RiskPremia","3000.0"
"2021-02-11T21:00:00.0000000+00:00","PaydaySeason","831.831502"
"2021-02-11T21:00:00.0000000+00:00","BondSeason","2827.7403846"
"2021-02-11T21:00:00.0000000+00:00","EqBondReversion","3001.4111400"
"2021-02-11T21:00:00.0000000+00:00","RiskPremia","3000.0"
"2021-02-12T14:30:00.0000000+00:00","PaydaySeason","830.231502"
"2021-02-12T14:30:00.0000000+00:00","BondSeason","2827.7403846"
"2021-02-12T14:30:00.0000000+00:00","EqBondReversion","3001.4111400"
"2021-02-12T14:30:00.0000000+00:00","RiskPremia","3000.0"
"2021-02-12T21:00:00.0000000+00:00","PaydaySeason","835.431502"
"2021-02-12T21:00:00.0000000+00:00","BondSeason","2827.7403846"
"2021-02-12T21:00:00.0000000+00:00","EqBondReversion","3001.4111400"
"2021-02-12T21:00:00.0000000+00:00","RiskPremia","3000.0"
"2021-02-16T14:30:00.0000000+00:00","PaydaySeason","837.111502"
"2021-02-16T14:30:00.0000000+00:00","BondSeason","2827.7403846"
"2021-02-16T14:30:00.0000000+00:00","EqBondReversion","3001.4111400"
"2021-02-16T14:30:00.0000000+00:00","RiskPremia","3000.0"
"2021-02-16T21:00:00.0000000+00:00","PaydaySeason","833.911502"
"2021-02-16T21:00:00.0000000+00:00","BondSeason","2827.7403846"
"2021-02-16T21:00:00.0000000+00:00","EqBondReversion","3001.4111400"
"2021-02-16T21:00:00.0000000+00:00","RiskPremia","3000.0"
"2021-02-17T14:30:00.0000000+00:00","PaydaySeason","829.751502"
"2021-02-17T14:30:00.0000000+00:00","BondSeason","2827.7403846"
"2021-02-17T14:30:00.0000000+00:00","EqBondReversion","3001.4111400"
"2021-02-17T14:30:00.0000000+00:00","RiskPremia","3000.0"
"2021-02-17T21:00:00.0000000+00:00","PaydaySeason","832.66013736"
"2021-02-17T21:00:00.0000000+00:00","BondSeason","2827.2445966"
"2021-02-17T21:00:00.0000000+00:00","EqBondReversion","3001.4111400"
"2021-02-17T21:00:00.0000000+00:00","RiskPremia","3000.0"
"2021-02-18T14:30:00.0000000+00:00","PaydaySeason","832.66013736"
"2021-02-18T14:30:00.0000000+00:00","BondSeason","2806.6745966"
"2021-02-18T14:30:00.0000000+00:00","EqBondReversion","3001.4111400"
"2021-02-18T14:30:00.0000000+00:00","RiskPremia","3000.0"
"2021-02-18T21:00:00.0000000+00:00","PaydaySeason","832.66013736"
"2021-02-18T21:00:00.0000000+00:00","BondSeason","2817.0445966"
"2021-02-18T21:00:00.0000000+00:00","EqBondReversion","3001.4111400"
"2021-02-18T21:00:00.0000000+00:00","RiskPremia","3000.0"
"2021-02-19T14:30:00.0000000+00:00","PaydaySeason","832.66013736"
"2021-02-19T14:30:00.0000000+00:00","BondSeason","2797.3245966"
"2021-02-19T14:30:00.0000000+00:00","EqBondReversion","3001.4111400"
"2021-02-19T14:30:00.0000000+00:00","RiskPremia","3000.0"
"2021-02-19T21:00:00.0000000+00:00","PaydaySeason","832.66013736"
"2021-02-19T21:00:00.0000000+00:00","BondSeason","2784.0985966"
"2021-02-19T21:00:00.0000000+00:00","EqBondReversion","3001.4111400"
"2021-02-19T21:00:00.0000000+00:00","RiskPremia","3000.0"
"2021-02-22T14:30:00.0000000+00:00","PaydaySeason","832.66013736"
"2021-02-22T14:30:00.0000000+00:00","BondSeason","2779.8145966"
"2021-02-22T14:30:00.0000000+00:00","EqBondReversion","3000.8104140"
"2021-02-22T14:30:00.0000000+00:00","RiskPremia","3000.0"
"2021-02-22T21:00:00.0000000+00:00","PaydaySeason","832.66013736"
"2021-02-22T21:00:00.0000000+00:00","BondSeason","2765.3645966"
"2021-02-22T21:00:00.0000000+00:00","EqBondReversion","2982.9604140"
"2021-02-22T21:00:00.0000000+00:00","RiskPremia","3000.0"
"2021-02-23T14:30:00.0000000+00:00","PaydaySeason","832.66013736"
"2021-02-23T14:30:00.0000000+00:00","BondSeason","2754.3145966"
"2021-02-23T14:30:00.0000000+00:00","EqBondReversion","2969.3104140"
"2021-02-23T14:30:00.0000000+00:00","RiskPremia","3000.0"
"2021-02-23T21:00:00.0000000+00:00","PaydaySeason","832.50765736"
"2021-02-23T21:00:00.0000000+00:00","BondSeason","2758.5645966"
"2021-02-23T21:00:00.0000000+00:00","EqBondReversion","2974.5604140"
"2021-02-23T21:00:00.0000000+00:00","RiskPremia","3000.0"
"2021-02-24T14:30:00.0000000+00:00","PaydaySeason","831.46765736"
"2021-02-24T14:30:00.0000000+00:00","BondSeason","2717.5945966"
"2021-02-24T14:30:00.0000000+00:00","EqBondReversion","2923.9504140"
"2021-02-24T14:30:00.0000000+00:00","RiskPremia","3000.0"
"2021-02-24T21:00:00.0000000+00:00","PaydaySeason","841.30765736"
"2021-02-24T21:00:00.0000000+00:00","BondSeason","2742.9245966"
"2021-02-24T21:00:00.0000000+00:00","EqBondReversion","2955.2404140"
"2021-02-24T21:00:00.0000000+00:00","RiskPremia","3000.0"
"2021-02-25T14:30:00.0000000+00:00","PaydaySeason","839.22765736"
"2021-02-25T14:30:00.0000000+00:00","BondSeason","2720.1445966"
"2021-02-25T14:30:00.0000000+00:00","EqBondReversion","2927.1004140"
"2021-02-25T14:30:00.0000000+00:00","RiskPremia","3000.0"
"2021-02-25T21:00:00.0000000+00:00","PaydaySeason","821.22765736"
"2021-02-25T21:00:00.0000000+00:00","BondSeason","2705.3545966"
"2021-02-25T21:00:00.0000000+00:00","EqBondReversion","2908.8304140"
"2021-02-25T21:00:00.0000000+00:00","RiskPremia","3000.0"
"2021-02-26T14:30:00.0000000+00:00","PaydaySeason","824.66765736"
"2021-02-26T14:30:00.0000000+00:00","BondSeason","2741.0545966"
"2021-02-26T14:30:00.0000000+00:00","EqBondReversion","2952.9304140"
"2021-02-26T14:30:00.0000000+00:00","RiskPremia","3000.0"
"2021-02-26T21:00:00.0000000+00:00","PaydaySeason","818.27799336"
"2021-02-26T21:00:00.0000000+00:00","BondSeason","2782.5518466"
"2021-02-26T21:00:00.0000000+00:00","EqBondReversion","3004.8287640"
"2021-02-26T21:00:00.0000000+00:00","RiskPremia","3000.0"
"2021-03-01T14:30:00.0000000+00:00","PaydaySeason","818.27799336"
"2021-03-01T14:30:00.0000000+00:00","BondSeason","2826.0807786"
"2021-03-01T14:30:00.0000000+00:00","EqBondReversion","3004.8287640"
"2021-03-01T14:30:00.0000000+00:00","RiskPremia","3000.0"
"2021-03-01T21:00:00.0000000+00:00","PaydaySeason","818.27799336"
"2021-03-01T21:00:00.0000000+00:00","BondSeason","2817.6207786"
"2021-03-01T21:00:00.0000000+00:00","EqBondReversion","3004.8287640"
"2021-03-01T21:00:00.0000000+00:00","RiskPremia","3000.0"
"2021-03-02T14:30:00.0000000+00:00","PaydaySeason","818.27799336"
"2021-03-02T14:30:00.0000000+00:00","BondSeason","2830.7607786"
"2021-03-02T14:30:00.0000000+00:00","EqBondReversion","3004.8287640"
"2021-03-02T14:30:00.0000000+00:00","RiskPremia","3000.0"
"2021-03-02T21:00:00.0000000+00:00","PaydaySeason","818.27799336"
"2021-03-02T21:00:00.0000000+00:00","BondSeason","2817.8007786"
"2021-03-02T21:00:00.0000000+00:00","EqBondReversion","3004.8287640"
"2021-03-02T21:00:00.0000000+00:00","RiskPremia","3000.0"
"2021-03-03T14:30:00.0000000+00:00","PaydaySeason","818.27799336"
"2021-03-03T14:30:00.0000000+00:00","BondSeason","2849.1207786"
"2021-03-03T14:30:00.0000000+00:00","EqBondReversion","3004.8287640"
"2021-03-03T14:30:00.0000000+00:00","RiskPremia","3000.0"
"2021-03-03T21:00:00.0000000+00:00","PaydaySeason","818.27799336"
"2021-03-03T21:00:00.0000000+00:00","BondSeason","2846.4207786"
"2021-03-03T21:00:00.0000000+00:00","EqBondReversion","3004.8287640"
"2021-03-03T21:00:00.0000000+00:00","RiskPremia","3000.0"
"2021-03-04T14:30:00.0000000+00:00","PaydaySeason","818.27799336"
"2021-03-04T14:30:00.0000000+00:00","BondSeason","2844.6207786"
"2021-03-04T14:30:00.0000000+00:00","EqBondReversion","3004.8287640"
"2021-03-04T14:30:00.0000000+00:00","RiskPremia","3000.0"
"2021-03-04T21:00:00.0000000+00:00","PaydaySeason","818.27799336"
"2021-03-04T21:00:00.0000000+00:00","BondSeason","2862.2607786"
"2021-03-04T21:00:00.0000000+00:00","EqBondReversion","3004.8287640"
"2021-03-04T21:00:00.0000000+00:00","RiskPremia","3000.0"
"2021-03-05T14:30:00.0000000+00:00","PaydaySeason","818.27799336"
"2021-03-05T14:30:00.0000000+00:00","BondSeason","2870.9241786"
"2021-03-05T14:30:00.0000000+00:00","EqBondReversion","3004.8287640"
"2021-03-05T14:30:00.0000000+00:00","RiskPremia","3000.0"
"2021-03-05T21:00:00.0000000+00:00","PaydaySeason","818.27799336"
"2021-03-05T21:00:00.0000000+00:00","BondSeason","2857.4007786"
"2021-03-05T21:00:00.0000000+00:00","EqBondReversion","3004.8287640"
"2021-03-05T21:00:00.0000000+00:00","RiskPremia","3000.0"
"2021-03-08T14:30:00.0000000+00:00","PaydaySeason","818.27799336"
"2021-03-08T14:30:00.0000000+00:00","BondSeason","2859.0207786"
"2021-03-08T14:30:00.0000000+00:00","EqBondReversion","3004.8287640"
"2021-03-08T14:30:00.0000000+00:00","RiskPremia","3000.0"
"2021-03-08T21:00:00.0000000+00:00","PaydaySeason","818.27799336"
"2021-03-08T21:00:00.0000000+00:00","BondSeason","2876.3007786"
"2021-03-08T21:00:00.0000000+00:00","EqBondReversion","3004.8287640"
"2021-03-08T21:00:00.0000000+00:00","RiskPremia","3000.0"
"2021-03-09T14:30:00.0000000+00:00","PaydaySeason","818.27799336"
"2021-03-09T14:30:00.0000000+00:00","BondSeason","2851.1007786"
"2021-03-09T14:30:00.0000000+00:00","EqBondReversion","3004.8287640"
"2021-03-09T14:30:00.0000000+00:00","RiskPremia","3000.0"
"2021-03-09T21:00:00.0000000+00:00","PaydaySeason","818.27799336"
"2021-03-09T21:00:00.0000000+00:00","BondSeason","2842.6778226"
"2021-03-09T21:00:00.0000000+00:00","EqBondReversion","3004.8287640"
"2021-03-09T21:00:00.0000000+00:00","RiskPremia","3000.0"
"2021-03-10T14:30:00.0000000+00:00","PaydaySeason","818.27799336"
"2021-03-10T14:30:00.0000000+00:00","BondSeason","2842.6778226"
"2021-03-10T14:30:00.0000000+00:00","EqBondReversion","3004.8287640"
"2021-03-10T14:30:00.0000000+00:00","RiskPremia","3000.0"
"2021-03-10T21:00:00.0000000+00:00","PaydaySeason","818.12524136"
"2021-03-10T21:00:00.0000000+00:00","BondSeason","2842.6778226"
"2021-03-10T21:00:00.0000000+00:00","EqBondReversion","3004.8287640"
"2021-03-10T21:00:00.0000000+00:00","RiskPremia","3000.0"
"2021-03-11T14:30:00.0000000+00:00","PaydaySeason","824.60524136"
"2021-03-11T14:30:00.0000000+00:00","BondSeason","2842.6778226"
"2021-03-11T14:30:00.0000000+00:00","EqBondReversion","3004.8287640"
"2021-03-11T14:30:00.0000000+00:00","RiskPremia","3000.0"
"2021-03-11T21:00:00.0000000+00:00","PaydaySeason","828.12524136"
"2021-03-11T21:00:00.0000000+00:00","BondSeason","2842.6778226"
"2021-03-11T21:00:00.0000000+00:00","EqBondReversion","3004.8287640"
"2021-03-11T21:00:00.0000000+00:00","RiskPremia","3000.0"
"2021-03-12T14:30:00.0000000+00:00","PaydaySeason","825.08524136"
"2021-03-12T14:30:00.0000000+00:00","BondSeason","2842.6778226"
"2021-03-12T14:30:00.0000000+00:00","EqBondReversion","3004.8287640"
"2021-03-12T14:30:00.0000000+00:00","RiskPremia","3000.0"
"2021-03-12T21:00:00.0000000+00:00","PaydaySeason","829.56524136"
"2021-03-12T21:00:00.0000000+00:00","BondSeason","2842.6778226"
"2021-03-12T21:00:00.0000000+00:00","EqBondReversion","3004.8287640"
"2021-03-12T21:00:00.0000000+00:00","RiskPremia","3000.0"
"2021-03-15T13:30:00.0000000+00:00","PaydaySeason","830.36524136"
"2021-03-15T13:30:00.0000000+00:00","BondSeason","2842.6778226"
"2021-03-15T13:30:00.0000000+00:00","EqBondReversion","3004.8287640"
"2021-03-15T13:30:00.0000000+00:00","RiskPremia","3000.0"
"2021-03-15T20:00:00.0000000+00:00","PaydaySeason","835.24524136"
"2021-03-15T20:00:00.0000000+00:00","BondSeason","2842.6778226"
"2021-03-15T20:00:00.0000000+00:00","EqBondReversion","3004.8287640"
"2021-03-15T20:00:00.0000000+00:00","RiskPremia","3000.0"
"2021-03-16T13:30:00.0000000+00:00","PaydaySeason","836.20524136"
"2021-03-16T13:30:00.0000000+00:00","BondSeason","2842.6778226"
"2021-03-16T13:30:00.0000000+00:00","EqBondReversion","3004.8287640"
"2021-03-16T13:30:00.0000000+00:00","RiskPremia","2999.463208"
"2021-03-16T20:00:00.0000000+00:00","PaydaySeason","832.28962536"
"2021-03-16T20:00:00.0000000+00:00","BondSeason","2842.6778226"
"2021-03-16T20:00:00.0000000+00:00","EqBondReversion","3004.8287640"
"2021-03-16T20:00:00.0000000+00:00","RiskPremia","2989.948208"
"2021-03-17T13:30:00.0000000+00:00","PaydaySeason","832.28962536"
"2021-03-17T13:30:00.0000000+00:00","BondSeason","2842.6778226"
"2021-03-17T13:30:00.0000000+00:00","EqBondReversion","3004.8287640"
"2021-03-17T13:30:00.0000000+00:00","RiskPremia","2978.303830"
"2021-03-17T20:00:00.0000000+00:00","PaydaySeason","832.28962536"
"2021-03-17T20:00:00.0000000+00:00","BondSeason","2842.6778226"
"2021-03-17T20:00:00.0000000+00:00","EqBondReversion","3004.8287640"
"2021-03-17T20:00:00.0000000+00:00","RiskPremia","2992.593830"
"2021-03-18T13:30:00.0000000+00:00","PaydaySeason","832.28962536"
"2021-03-18T13:30:00.0000000+00:00","BondSeason","2842.6778226"
"2021-03-18T13:30:00.0000000+00:00","EqBondReversion","3004.8287640"
"2021-03-18T13:30:00.0000000+00:00","RiskPremia","2960.817168"
"2021-03-18T20:00:00.0000000+00:00","PaydaySeason","832.28962536"
"2021-03-18T20:00:00.0000000+00:00","BondSeason","2842.6778226"
"2021-03-18T20:00:00.0000000+00:00","EqBondReversion","3004.8287640"
"2021-03-18T20:00:00.0000000+00:00","RiskPremia","2961.707168"
"2021-03-19T13:30:00.0000000+00:00","PaydaySeason","832.28962536"
"2021-03-19T13:30:00.0000000+00:00","BondSeason","2842.6778226"
"2021-03-19T13:30:00.0000000+00:00","EqBondReversion","3004.2388120"
"2021-03-19T13:30:00.0000000+00:00","RiskPremia","2963.127168"
"2021-03-19T20:00:00.0000000+00:00","PaydaySeason","832.28962536"
"2021-03-19T20:00:00.0000000+00:00","BondSeason","2842.6778226"
"2021-03-19T20:00:00.0000000+00:00","EqBondReversion","3019.4188120"
"2021-03-19T20:00:00.0000000+00:00","RiskPremia","2972.467168"
"2021-03-22T13:30:00.0000000+00:00","PaydaySeason","832.28962536"
"2021-03-22T13:30:00.0000000+00:00","BondSeason","2842.6778226"
"2021-03-22T13:30:00.0000000+00:00","EqBondReversion","3039.6588120"
"2021-03-22T13:30:00.0000000+00:00","RiskPremia","2976.037168"
"2021-03-22T20:00:00.0000000+00:00","PaydaySeason","832.13524136"
"2021-03-22T20:00:00.0000000+00:00","BondSeason","2842.1600536"
"2021-03-22T20:00:00.0000000+00:00","EqBondReversion","3052.0888120"
"2021-03-22T20:00:00.0000000+00:00","RiskPremia","2988.387168"
"2021-03-23T13:30:00.0000000+00:00","PaydaySeason","830.29524136"
"2021-03-23T13:30:00.0000000+00:00","BondSeason","2848.4300536"
"2021-03-23T13:30:00.0000000+00:00","EqBondReversion","3059.3488120"
"2021-03-23T13:30:00.0000000+00:00","RiskPremia","2986.277168"
"2021-03-23T20:00:00.0000000+00:00","PaydaySeason","823.81524136"
"2021-03-23T20:00:00.0000000+00:00","BondSeason","2865.2450536"
"2021-03-23T20:00:00.0000000+00:00","EqBondReversion","3078.8188120"
"2021-03-23T20:00:00.0000000+00:00","RiskPremia","2981.827168"
"2021-03-24T13:30:00.0000000+00:00","PaydaySeason","827.41924136"
"2021-03-24T13:30:00.0000000+00:00","BondSeason","2857.4550536"
"2021-03-24T13:30:00.0000000+00:00","EqBondReversion","3069.7988120"
"2021-03-24T13:30:00.0000000+00:00","RiskPremia","2984.522168"
"2021-03-24T20:00:00.0000000+00:00","PaydaySeason","817.49924136"
"2021-03-24T20:00:00.0000000+00:00","BondSeason","2879.4950536"
"2021-03-24T20:00:00.0000000+00:00","EqBondReversion","3095.3188120"
"2021-03-24T20:00:00.0000000+00:00","RiskPremia","2982.872168"
"2021-03-25T13:30:00.0000000+00:00","PaydaySeason","813.09924136"
"2021-03-25T13:30:00.0000000+00:00","BondSeason","2882.6528536"
"2021-03-25T13:30:00.0000000+00:00","EqBondReversion","3098.9752120"
"2021-03-25T13:30:00.0000000+00:00","RiskPremia","2981.641768"
"2021-03-25T20:00:00.0000000+00:00","PaydaySeason","822.53924136"
"2021-03-25T20:00:00.0000000+00:00","BondSeason","2859.5450536"
"2021-03-25T20:00:00.0000000+00:00","EqBondReversion","3072.2188120"
"2021-03-25T20:00:00.0000000+00:00","RiskPremia","2977.832168"
"2021-03-26T13:30:00.0000000+00:00","PaydaySeason","825.97924136"
"2021-03-26T13:30:00.0000000+00:00","BondSeason","2845.2950536"
"2021-03-26T13:30:00.0000000+00:00","EqBondReversion","3055.7188120"
"2021-03-26T13:30:00.0000000+00:00","RiskPremia","2975.642168"
"2021-03-26T20:00:00.0000000+00:00","PaydaySeason","835.09924136"
"2021-03-26T20:00:00.0000000+00:00","BondSeason","2850.0450536"
"2021-03-26T20:00:00.0000000+00:00","EqBondReversion","3061.2188120"
"2021-03-26T20:00:00.0000000+00:00","RiskPremia","2991.737168"
"2021-03-29T13:30:00.0000000+00:00","PaydaySeason","831.73924136"
"2021-03-29T13:30:00.0000000+00:00","BondSeason","2853.0850536"
"2021-03-29T13:30:00.0000000+00:00","EqBondReversion","3064.7388120"
"2021-03-29T13:30:00.0000000+00:00","RiskPremia","2984.652168"
"2021-03-29T20:00:00.0000000+00:00","PaydaySeason","831.57924136"
"2021-03-29T20:00:00.0000000+00:00","BondSeason","2828.0050536"
"2021-03-29T20:00:00.0000000+00:00","EqBondReversion","3035.6988120"
"2021-03-29T20:00:00.0000000+00:00","RiskPremia","2967.919068"
"2021-03-30T13:30:00.0000000+00:00","PaydaySeason","829.81924136"
"2021-03-30T13:30:00.0000000+00:00","BondSeason","2823.4450536"
"2021-03-30T13:30:00.0000000+00:00","EqBondReversion","3030.4188120"
"2021-03-30T13:30:00.0000000+00:00","RiskPremia","2951.642168"
"2021-03-30T20:00:00.0000000+00:00","PaydaySeason","831.57924136"
"2021-03-30T20:00:00.0000000+00:00","BondSeason","2841.9890536"
"2021-03-30T20:00:00.0000000+00:00","EqBondReversion","3051.8908120"
"2021-03-30T20:00:00.0000000+00:00","RiskPremia","2959.690168"
"2021-03-31T13:30:00.0000000+00:00","PaydaySeason","833.49924136"
"2021-03-31T13:30:00.0000000+00:00","BondSeason","2843.7750536"
"2021-03-31T13:30:00.0000000+00:00","EqBondReversion","3053.9588120"
"2021-03-31T13:30:00.0000000+00:00","RiskPremia","2965.765368"
"2021-03-31T20:00:00.0000000+00:00","PaydaySeason","835.58458536"
"2021-03-31T20:00:00.0000000+00:00","BondSeason","2829.6341136"
"2021-03-31T20:00:00.0000000+00:00","EqBondReversion","3038.1819520"
"2021-03-31T20:00:00.0000000+00:00","RiskPremia","2973.305368"
"2021-04-01T13:30:00.0000000+00:00","PaydaySeason","835.58458536"
"2021-04-01T13:30:00.0000000+00:00","BondSeason","2809.0178976"
"2021-04-01T13:30:00.0000000+00:00","EqBondReversion","3038.1819520"
"2021-04-01T13:30:00.0000000+00:00","RiskPremia","2997.805880"
"2021-04-01T20:00:00.0000000+00:00","PaydaySeason","835.58458536"
"2021-04-01T20:00:00.0000000+00:00","BondSeason","2790.9678976"
"2021-04-01T20:00:00.0000000+00:00","EqBondReversion","3038.1819520"
"2021-04-01T20:00:00.0000000+00:00","RiskPremia","3012.595880"
"2021-04-05T13:30:00.0000000+00:00","PaydaySeason","835.58458536"
"2021-04-05T13:30:00.0000000+00:00","BondSeason","2809.0178976"
"2021-04-05T13:30:00.0000000+00:00","EqBondReversion","3038.1819520"
"2021-04-05T13:30:00.0000000+00:00","RiskPremia","3010.365880"
"2021-04-05T20:00:00.0000000+00:00","PaydaySeason","835.58458536"
"2021-04-05T20:00:00.0000000+00:00","BondSeason","2801.9878976"
"2021-04-05T20:00:00.0000000+00:00","EqBondReversion","3038.1819520"
"2021-04-05T20:00:00.0000000+00:00","RiskPremia","3019.495880"
"2021-04-06T13:30:00.0000000+00:00","PaydaySeason","835.58458536"
"2021-04-06T13:30:00.0000000+00:00","BondSeason","2797.4278976"
"2021-04-06T13:30:00.0000000+00:00","EqBondReversion","3038.1819520"
"2021-04-06T13:30:00.0000000+00:00","RiskPremia","3026.465880"
"2021-04-06T20:00:00.0000000+00:00","PaydaySeason","835.58458536"
"2021-04-06T20:00:00.0000000+00:00","BondSeason","2783.7478976"
"2021-04-06T20:00:00.0000000+00:00","EqBondReversion","3038.1819520"
"2021-04-06T20:00:00.0000000+00:00","RiskPremia","3035.625880"
"2021-04-07T13:30:00.0000000+00:00","PaydaySeason","835.58458536"
"2021-04-07T13:30:00.0000000+00:00","BondSeason","2792.1078976"
"2021-04-07T13:30:00.0000000+00:00","EqBondReversion","3038.1819520"
"2021-04-07T13:30:00.0000000+00:00","RiskPremia","3029.445880"
"2021-04-07T20:00:00.0000000+00:00","PaydaySeason","835.58458536"
"2021-04-07T20:00:00.0000000+00:00","BondSeason","2801.8928976"
"2021-04-07T20:00:00.0000000+00:00","EqBondReversion","3038.1819520"
"2021-04-07T20:00:00.0000000+00:00","RiskPremia","3024.446880"
"2021-04-08T13:30:00.0000000+00:00","PaydaySeason","835.58458536"
"2021-04-08T13:30:00.0000000+00:00","BondSeason","2793.0578976"
"2021-04-08T13:30:00.0000000+00:00","EqBondReversion","3038.1819520"
"2021-04-08T13:30:00.0000000+00:00","RiskPremia","3040.505880"
"2021-04-08T20:00:00.0000000+00:00","PaydaySeason","835.58458536"
"2021-04-08T20:00:00.0000000+00:00","BondSeason","2781.0878976"
"2021-04-08T20:00:00.0000000+00:00","EqBondReversion","3038.1819520"
"2021-04-08T20:00:00.0000000+00:00","RiskPremia","3048.265880"
"2021-04-09T13:30:00.0000000+00:00","PaydaySeason","835.58458536"
"2021-04-09T13:30:00.0000000+00:00","BondSeason","2790.9678976"
"2021-04-09T13:30:00.0000000+00:00","EqBondReversion","3038.1819520"
"2021-04-09T13:30:00.0000000+00:00","RiskPremia","3035.325880"
"2021-04-09T20:00:00.0000000+00:00","PaydaySeason","835.58458536"
"2021-04-09T20:00:00.0000000+00:00","BondSeason","2790.5878976"
"2021-04-09T20:00:00.0000000+00:00","EqBondReversion","3038.1819520"
"2021-04-09T20:00:00.0000000+00:00","RiskPremia","3044.185880"
"2021-04-12T13:30:00.0000000+00:00","PaydaySeason","835.58458536"
"2021-04-12T13:30:00.0000000+00:00","BondSeason","2791.7278976"
"2021-04-12T13:30:00.0000000+00:00","EqBondReversion","3038.1819520"
"2021-04-12T13:30:00.0000000+00:00","RiskPremia","3039.865880"
"2021-04-12T20:00:00.0000000+00:00","PaydaySeason","835.58458536"
"2021-04-12T20:00:00.0000000+00:00","BondSeason","2791.0155116"
"2021-04-12T20:00:00.0000000+00:00","EqBondReversion","3038.1819520"
"2021-04-12T20:00:00.0000000+00:00","RiskPremia","3037.875880"
"2021-04-13T13:30:00.0000000+00:00","PaydaySeason","835.58458536"
"2021-04-13T13:30:00.0000000+00:00","BondSeason","2791.0155116"
"2021-04-13T13:30:00.0000000+00:00","EqBondReversion","3038.1819520"
"2021-04-13T13:30:00.0000000+00:00","RiskPremia","3042.525880"
"2021-04-13T20:00:00.0000000+00:00","PaydaySeason","835.42370536"
"2021-04-13T20:00:00.0000000+00:00","BondSeason","2791.0155116"
"2021-04-13T20:00:00.0000000+00:00","EqBondReversion","3038.1819520"
"2021-04-13T20:00:00.0000000+00:00","RiskPremia","3055.685880"
"2021-04-14T13:30:00.0000000+00:00","PaydaySeason","835.98370536"
"2021-04-14T13:30:00.0000000+00:00","BondSeason","2791.0155116"
"2021-04-14T13:30:00.0000000+00:00","EqBondReversion","3038.1819520"
"2021-04-14T13:30:00.0000000+00:00","RiskPremia","3050.165880"
"2021-04-14T20:00:00.0000000+00:00","PaydaySeason","833.26370536"
"2021-04-14T20:00:00.0000000+00:00","BondSeason","2791.0155116"
"2021-04-14T20:00:00.0000000+00:00","EqBondReversion","3038.1819520"
"2021-04-14T20:00:00.0000000+00:00","RiskPremia","3045.685880"
"2021-04-15T13:30:00.0000000+00:00","PaydaySeason","838.22370536"
"2021-04-15T13:30:00.0000000+00:00","BondSeason","2791.0155116"
"2021-04-15T13:30:00.0000000+00:00","EqBondReversion","3038.1819520"
"2021-04-15T13:30:00.0000000+00:00","RiskPremia","3071.665880"
"2021-04-15T20:00:00.0000000+00:00","PaydaySeason","841.74370536"
"2021-04-15T20:00:00.0000000+00:00","BondSeason","2791.0155116"
"2021-04-15T20:00:00.0000000+00:00","EqBondReversion","3038.1819520"
"2021-04-15T20:00:00.0000000+00:00","RiskPremia","3089.994880"
"2021-04-16T13:30:00.0000000+00:00","PaydaySeason","844.86370536"
"2021-04-16T13:30:00.0000000+00:00","BondSeason","2791.0155116"
"2021-04-16T13:30:00.0000000+00:00","EqBondReversion","3038.1819520"
"2021-04-16T13:30:00.0000000+00:00","RiskPremia","3089.265880"
"2021-04-16T20:00:00.0000000+00:00","PaydaySeason","843.90370536"
"2021-04-16T20:00:00.0000000+00:00","BondSeason","2791.0155116"
"2021-04-16T20:00:00.0000000+00:00","EqBondReversion","3038.1819520"
"2021-04-16T20:00:00.0000000+00:00","RiskPremia","3089.695880"
"2021-04-19T13:30:00.0000000+00:00","PaydaySeason","842.14370536"
"2021-04-19T13:30:00.0000000+00:00","BondSeason","2791.0155116"
"2021-04-19T13:30:00.0000000+00:00","EqBondReversion","3038.1819520"
"2021-04-19T13:30:00.0000000+00:00","RiskPremia","3081.365880"
"2021-04-19T20:00:00.0000000+00:00","PaydaySeason","838.22223336"
"2021-04-19T20:00:00.0000000+00:00","BondSeason","2791.0155116"
"2021-04-19T20:00:00.0000000+00:00","EqBondReversion","3038.1819520"
"2021-04-19T20:00:00.0000000+00:00","RiskPremia","3076.895880"
"2021-04-20T13:30:00.0000000+00:00","PaydaySeason","838.22223336"
"2021-04-20T13:30:00.0000000+00:00","BondSeason","2791.0155116"
"2021-04-20T13:30:00.0000000+00:00","EqBondReversion","3038.1819520"
"2021-04-20T13:30:00.0000000+00:00","RiskPremia","3070.925880"
"2021-04-20T20:00:00.0000000+00:00","PaydaySeason","838.22223336"
"2021-04-20T20:00:00.0000000+00:00","BondSeason","2791.0155116"
"2021-04-20T20:00:00.0000000+00:00","EqBondReversion","3038.1819520"
"2021-04-20T20:00:00.0000000+00:00","RiskPremia","3077.785880"
"2021-04-21T13:30:00.0000000+00:00","PaydaySeason","838.22223336"
"2021-04-21T13:30:00.0000000+00:00","BondSeason","2791.0155116"
"2021-04-21T13:30:00.0000000+00:00","EqBondReversion","3038.1819520"
"2021-04-21T13:30:00.0000000+00:00","RiskPremia","3080.785880"
"2021-04-21T20:00:00.0000000+00:00","PaydaySeason","838.22223336"
"2021-04-21T20:00:00.0000000+00:00","BondSeason","2790.5123756"
"2021-04-21T20:00:00.0000000+00:00","EqBondReversion","3038.1819520"
"2021-04-21T20:00:00.0000000+00:00","RiskPremia","3099.775880"
"2021-04-22T13:30:00.0000000+00:00","PaydaySeason","838.22223336"
"2021-04-22T13:30:00.0000000+00:00","BondSeason","2794.8323756"
"2021-04-22T13:30:00.0000000+00:00","EqBondReversion","3037.5939520"
"2021-04-22T13:30:00.0000000+00:00","RiskPremia","3097.265880"
"2021-04-22T20:00:00.0000000+00:00","PaydaySeason","838.22223336"
"2021-04-22T20:00:00.0000000+00:00","BondSeason","2801.3123756"
"2021-04-22T20:00:00.0000000+00:00","EqBondReversion","3045.1539520"
"2021-04-22T20:00:00.0000000+00:00","RiskPremia","3091.305880"
"2021-04-23T13:30:00.0000000+00:00","PaydaySeason","838.22223336"
"2021-04-23T13:30:00.0000000+00:00","BondSeason","2801.6723756"
"2021-04-23T13:30:00.0000000+00:00","EqBondReversion","3045.5739520"
"2021-04-23T13:30:00.0000000+00:00","RiskPremia","3095.325880"
"2021-04-23T20:00:00.0000000+00:00","PaydaySeason","838.05965736"
"2021-04-23T20:00:00.0000000+00:00","BondSeason","2795.7323756"
"2021-04-23T20:00:00.0000000+00:00","EqBondReversion","3038.6439520"
"2021-04-23T20:00:00.0000000+00:00","RiskPremia","3096.475880"
"2021-04-26T13:30:00.0000000+00:00","PaydaySeason","840.05965736"
"2021-04-26T13:30:00.0000000+00:00","BondSeason","2797.5323756"
"2021-04-26T13:30:00.0000000+00:00","EqBondReversion","3040.7439520"
"2021-04-26T13:30:00.0000000+00:00","RiskPremia","3101.665880"
"2021-04-26T20:00:00.0000000+00:00","PaydaySeason","840.80445736"
"2021-04-26T20:00:00.0000000+00:00","BondSeason","2792.6723756"
"2021-04-26T20:00:00.0000000+00:00","EqBondReversion","3035.0739520"
"2021-04-26T20:00:00.0000000+00:00","RiskPremia","3101.246880"
"2021-04-27T13:30:00.0000000+00:00","PaydaySeason","842.21965736"
"2021-04-27T13:30:00.0000000+00:00","BondSeason","2787.4523756"
"2021-04-27T13:30:00.0000000+00:00","EqBondReversion","3028.9839520"
"2021-04-27T13:30:00.0000000+00:00","RiskPremia","3101.505880"
"2021-04-27T20:00:00.0000000+00:00","PaydaySeason","840.77965736"
"2021-04-27T20:00:00.0000000+00:00","BondSeason","2770.7123756"
"2021-04-27T20:00:00.0000000+00:00","EqBondReversion","3009.4539520"
"2021-04-27T20:00:00.0000000+00:00","RiskPremia","3089.025880"
"2021-04-28T13:30:00.0000000+00:00","PaydaySeason","841.09965736"
"2021-04-28T13:30:00.0000000+00:00","BondSeason","2770.3523756"
"2021-04-28T13:30:00.0000000+00:00","EqBondReversion","3009.0339520"
"2021-04-28T13:30:00.0000000+00:00","RiskPremia","3085.485880"
"2021-04-28T20:00:00.0000000+00:00","PaydaySeason","840.21965736"
"2021-04-28T20:00:00.0000000+00:00","BondSeason","2772.1523756"
"2021-04-28T20:00:00.0000000+00:00","EqBondReversion","3011.1339520"
"2021-04-28T20:00:00.0000000+00:00","RiskPremia","3091.665880"
"2021-04-29T13:30:00.0000000+00:00","PaydaySeason","846.69965736"
"2021-04-29T13:30:00.0000000+00:00","BondSeason","2748.9323756"
"2021-04-29T13:30:00.0000000+00:00","EqBondReversion","2984.0439520"
"2021-04-29T13:30:00.0000000+00:00","RiskPremia","3082.425880"
"2021-04-29T20:00:00.0000000+00:00","PaydaySeason","844.05965736"
"2021-04-29T20:00:00.0000000+00:00","BondSeason","2764.2323756"
"2021-04-29T20:00:00.0000000+00:00","EqBondReversion","3001.8939520"
"2021-04-29T20:00:00.0000000+00:00","RiskPremia","3088.625880"
"2021-04-30T13:30:00.0000000+00:00","PaydaySeason","839.57965736"
"2021-04-30T13:30:00.0000000+00:00","BondSeason","2768.0123756"
"2021-04-30T13:30:00.0000000+00:00","EqBondReversion","3006.3039520"
"2021-04-30T13:30:00.0000000+00:00","RiskPremia","3083.625880"
"2021-04-30T20:00:00.0000000+00:00","PaydaySeason","837.89708136"
"2021-04-30T20:00:00.0000000+00:00","BondSeason","2770.4337356"
"2021-04-30T20:00:00.0000000+00:00","EqBondReversion","3009.7114120"
"2021-04-30T20:00:00.0000000+00:00","RiskPremia","3081.625880"
"2021-05-03T13:30:00.0000000+00:00","PaydaySeason","837.89708136"
"2021-05-03T13:30:00.0000000+00:00","BondSeason","2766.7784576"
"2021-05-03T13:30:00.0000000+00:00","EqBondReversion","3009.7114120"
"2021-05-03T13:30:00.0000000+00:00","RiskPremia","3100.790448"
"2021-05-03T20:00:00.0000000+00:00","PaydaySeason","837.89708136"
"2021-05-03T20:00:00.0000000+00:00","BondSeason","2769.8384576"
"2021-05-03T20:00:00.0000000+00:00","EqBondReversion","3009.7114120"
"2021-05-03T20:00:00.0000000+00:00","RiskPremia","3095.590448"
"2021-05-04T13:30:00.0000000+00:00","PaydaySeason","837.89708136"
"2021-05-04T13:30:00.0000000+00:00","BondSeason","2752.5584576"
"2021-05-04T13:30:00.0000000+00:00","EqBondReversion","3009.7114120"
"2021-05-04T13:30:00.0000000+00:00","RiskPremia","3098.450448"
"2021-05-04T20:00:00.0000000+00:00","PaydaySeason","837.89708136"
"2021-05-04T20:00:00.0000000+00:00","BondSeason","2753.6384576"
"2021-05-04T20:00:00.0000000+00:00","EqBondReversion","3009.7114120"
"2021-05-04T20:00:00.0000000+00:00","RiskPremia","3087.555848"
"2021-05-05T13:30:00.0000000+00:00","PaydaySeason","837.89708136"
"2021-05-05T13:30:00.0000000+00:00","BondSeason","2761.1984576"
"2021-05-05T13:30:00.0000000+00:00","EqBondReversion","3009.7114120"
"2021-05-05T13:30:00.0000000+00:00","RiskPremia","3090.570448"
"2021-05-05T20:00:00.0000000+00:00","PaydaySeason","837.89708136"
"2021-05-05T20:00:00.0000000+00:00","BondSeason","2749.1384576"
"2021-05-05T20:00:00.0000000+00:00","EqBondReversion","3009.7114120"
"2021-05-05T20:00:00.0000000+00:00","RiskPremia","3092.970448"
"2021-05-06T13:30:00.0000000+00:00","PaydaySeason","837.89708136"
"2021-05-06T13:30:00.0000000+00:00","BondSeason","2756.8784576"
"2021-05-06T13:30:00.0000000+00:00","EqBondReversion","3009.7114120"
"2021-05-06T13:30:00.0000000+00:00","RiskPremia","3094.650448"
"2021-05-06T20:00:00.0000000+00:00","PaydaySeason","837.89708136"
"2021-05-06T20:00:00.0000000+00:00","BondSeason","2745.3584576"
"2021-05-06T20:00:00.0000000+00:00","EqBondReversion","3009.7114120"
"2021-05-06T20:00:00.0000000+00:00","RiskPremia","3116.510448"
"2021-05-07T13:30:00.0000000+00:00","PaydaySeason","837.89708136"
"2021-05-07T13:30:00.0000000+00:00","BondSeason","2741.5784576"
"2021-05-07T13:30:00.0000000+00:00","EqBondReversion","3009.7114120"
"2021-05-07T13:30:00.0000000+00:00","RiskPremia","3129.970448"
"2021-05-07T20:00:00.0000000+00:00","PaydaySeason","837.89708136"
"2021-05-07T20:00:00.0000000+00:00","BondSeason","2757.2384576"
"2021-05-07T20:00:00.0000000+00:00","EqBondReversion","3009.7114120"
"2021-05-07T20:00:00.0000000+00:00","RiskPremia","3128.710448"
"2021-05-10T13:30:00.0000000+00:00","PaydaySeason","837.89708136"
"2021-05-10T13:30:00.0000000+00:00","BondSeason","2762.2784576"
"2021-05-10T13:30:00.0000000+00:00","EqBondReversion","3009.7114120"
"2021-05-10T13:30:00.0000000+00:00","RiskPremia","3134.590448"
"2021-05-10T20:00:00.0000000+00:00","PaydaySeason","837.89708136"
"2021-05-10T20:00:00.0000000+00:00","BondSeason","2782.4384576"
"2021-05-10T20:00:00.0000000+00:00","EqBondReversion","3009.7114120"
"2021-05-10T20:00:00.0000000+00:00","RiskPremia","3108.650448"
"2021-05-11T13:30:00.0000000+00:00","PaydaySeason","837.89708136"
"2021-05-11T13:30:00.0000000+00:00","BondSeason","2793.2384576"
"2021-05-11T13:30:00.0000000+00:00","EqBondReversion","3009.7114120"
"2021-05-11T13:30:00.0000000+00:00","RiskPremia","3084.010448"
"2021-05-11T20:00:00.0000000+00:00","PaydaySeason","837.89708136"
"2021-05-11T20:00:00.0000000+00:00","BondSeason","2795.6250056"
"2021-05-11T20:00:00.0000000+00:00","EqBondReversion","3009.7114120"
"2021-05-11T20:00:00.0000000+00:00","RiskPremia","3095.070448"
"2021-05-12T13:30:00.0000000+00:00","PaydaySeason","837.89708136"
"2021-05-12T13:30:00.0000000+00:00","BondSeason","2795.6250056"
"2021-05-12T13:30:00.0000000+00:00","EqBondReversion","3009.7114120"
"2021-05-12T13:30:00.0000000+00:00","RiskPremia","3080.990448"
"2021-05-12T20:00:00.0000000+00:00","PaydaySeason","837.74016936"
"2021-05-12T20:00:00.0000000+00:00","BondSeason","2795.6250056"
"2021-05-12T20:00:00.0000000+00:00","EqBondReversion","3009.7114120"
"2021-05-12T20:00:00.0000000+00:00","RiskPremia","3050.720448"
"2021-05-13T13:30:00.0000000+00:00","PaydaySeason","841.18016936"
"2021-05-13T13:30:00.0000000+00:00","BondSeason","2795.6250056"
"2021-05-13T13:30:00.0000000+00:00","EqBondReversion","3009.7114120"
"2021-05-13T13:30:00.0000000+00:00","RiskPremia","3056.990448"
"2021-05-13T20:00:00.0000000+00:00","PaydaySeason","846.86016936"
"2021-05-13T20:00:00.0000000+00:00","BondSeason","2795.6250056"
"2021-05-13T20:00:00.0000000+00:00","EqBondReversion","3009.7114120"
"2021-05-13T20:00:00.0000000+00:00","RiskPremia","3068.230448"
"2021-05-14T13:30:00.0000000+00:00","PaydaySeason","852.78016936"
"2021-05-14T13:30:00.0000000+00:00","BondSeason","2795.6250056"
"2021-05-14T13:30:00.0000000+00:00","EqBondReversion","3009.7114120"
"2021-05-14T13:30:00.0000000+00:00","RiskPremia","3086.550448"
"2021-05-14T20:00:00.0000000+00:00","PaydaySeason","860.06016936"
"2021-05-14T20:00:00.0000000+00:00","BondSeason","2795.6250056"
"2021-05-14T20:00:00.0000000+00:00","EqBondReversion","3009.7114120"
"2021-05-14T20:00:00.0000000+00:00","RiskPremia","3102.780448"
"2021-05-17T13:30:00.0000000+00:00","PaydaySeason","857.98016936"
"2021-05-17T13:30:00.0000000+00:00","BondSeason","2795.6250056"
"2021-05-17T13:30:00.0000000+00:00","EqBondReversion","3009.7114120"
"2021-05-17T13:30:00.0000000+00:00","RiskPremia","3102.470448"
"2021-05-17T20:00:00.0000000+00:00","PaydaySeason","858.22016936"
"2021-05-17T20:00:00.0000000+00:00","BondSeason","2795.6250056"
"2021-05-17T20:00:00.0000000+00:00","EqBondReversion","3009.7114120"
"2021-05-17T20:00:00.0000000+00:00","RiskPremia","3110.090448"
"2021-05-18T13:30:00.0000000+00:00","PaydaySeason","859.10016936"
"2021-05-18T13:30:00.0000000+00:00","BondSeason","2795.6250056"
"2021-05-18T13:30:00.0000000+00:00","EqBondReversion","3009.7114120"
"2021-05-18T13:30:00.0000000+00:00","RiskPremia","3110.150448"
"2021-05-18T20:00:00.0000000+00:00","PaydaySeason","851.74042536"
"2021-05-18T20:00:00.0000000+00:00","BondSeason","2795.6250056"
"2021-05-18T20:00:00.0000000+00:00","EqBondReversion","3009.7114120"
"2021-05-18T20:00:00.0000000+00:00","RiskPremia","3101.440448"
"2021-05-19T13:30:00.0000000+00:00","PaydaySeason","851.74042536"
"2021-05-19T13:30:00.0000000+00:00","BondSeason","2795.6250056"
"2021-05-19T13:30:00.0000000+00:00","EqBondReversion","3009.7114120"
"2021-05-19T13:30:00.0000000+00:00","RiskPremia","3090.110448"
"2021-05-19T20:00:00.0000000+00:00","PaydaySeason","851.74042536"
"2021-05-19T20:00:00.0000000+00:00","BondSeason","2795.1077116"
"2021-05-19T20:00:00.0000000+00:00","EqBondReversion","3009.7114120"
"2021-05-19T20:00:00.0000000+00:00","RiskPremia","3096.800448"
"2021-05-20T13:30:00.0000000+00:00","PaydaySeason","851.74042536"
"2021-05-20T13:30:00.0000000+00:00","BondSeason","2807.0777116"
"2021-05-20T13:30:00.0000000+00:00","EqBondReversion","3009.7114120"
"2021-05-20T13:30:00.0000000+00:00","RiskPremia","3105.030492"
"2021-05-20T20:00:00.0000000+00:00","PaydaySeason","851.74042536"
"2021-05-20T20:00:00.0000000+00:00","BondSeason","2816.1977116"
"2021-05-20T20:00:00.0000000+00:00","EqBondReversion","3009.7114120"
"2021-05-20T20:00:00.0000000+00:00","RiskPremia","3119.670492"
"2021-05-21T13:30:00.0000000+00:00","PaydaySeason","851.74042536"
"2021-05-21T13:30:00.0000000+00:00","BondSeason","2824.1777116"
"2021-05-21T13:30:00.0000000+00:00","EqBondReversion","3009.1246840"
"2021-05-21T13:30:00.0000000+00:00","RiskPremia","3131.130492"
"2021-05-21T20:00:00.0000000+00:00","PaydaySeason","851.74042536"
"2021-05-21T20:00:00.0000000+00:00","BondSeason","2823.9877116"
"2021-05-21T20:00:00.0000000+00:00","EqBondReversion","2993.4646840"
"2021-05-21T20:00:00.0000000+00:00","RiskPremia","3123.760492"
"2021-05-24T13:30:00.0000000+00:00","PaydaySeason","851.74042536"
"2021-05-24T13:30:00.0000000+00:00","BondSeason","2830.4477116"
"2021-05-24T13:30:00.0000000+00:00","EqBondReversion","3009.9946840"
"2021-05-24T13:30:00.0000000+00:00","RiskPremia","3132.420492"
"2021-05-24T20:00:00.0000000+00:00","PaydaySeason","851.57789736"
"2021-05-24T20:00:00.0000000+00:00","BondSeason","2833.4877116"
"2021-05-24T20:00:00.0000000+00:00","EqBondReversion","3021.3046840"
"2021-05-24T20:00:00.0000000+00:00","RiskPremia","3138.290492"
"2021-05-25T13:30:00.0000000+00:00","PaydaySeason","854.45789736"
"2021-05-25T13:30:00.0000000+00:00","BondSeason","2842.6077116"
"2021-05-25T13:30:00.0000000+00:00","EqBondReversion","3031.7446840"
"2021-05-25T13:30:00.0000000+00:00","RiskPremia","3144.290492"
"2021-05-25T20:00:00.0000000+00:00","PaydaySeason","849.57789736"
"2021-05-25T20:00:00.0000000+00:00","BondSeason","2858.7577116"
"2021-05-25T20:00:00.0000000+00:00","EqBondReversion","3014.0546840"
"2021-05-25T20:00:00.0000000+00:00","RiskPremia","3155.590492"
"2021-05-26T13:30:00.0000000+00:00","PaydaySeason","851.25789736"
"2021-05-26T13:30:00.0000000+00:00","BondSeason","2860.8477116"
"2021-05-26T13:30:00.0000000+00:00","EqBondReversion","3020.1446840"
"2021-05-26T13:30:00.0000000+00:00","RiskPremia","3161.330492"
"2021-05-26T20:00:00.0000000+00:00","PaydaySeason","852.37789736"
"2021-05-26T20:00:00.0000000+00:00","BondSeason","2854.0077116"
"2021-05-26T20:00:00.0000000+00:00","EqBondReversion","3024.2046840"
"2021-05-26T20:00:00.0000000+00:00","RiskPremia","3154.850492"
"2021-05-27T13:30:00.0000000+00:00","PaydaySeason","855.17789736"
"2021-05-27T13:30:00.0000000+00:00","BondSeason","2840.5177116"
"2021-05-27T13:30:00.0000000+00:00","EqBondReversion","3034.3546840"
"2021-05-27T13:30:00.0000000+00:00","RiskPremia","3151.780492"
"2021-05-27T20:00:00.0000000+00:00","PaydaySeason","853.89789736"
"2021-05-27T20:00:00.0000000+00:00","BondSeason","2842.9877116"
"2021-05-27T20:00:00.0000000+00:00","EqBondReversion","3029.7146840"
"2021-05-27T20:00:00.0000000+00:00","RiskPremia","3152.460492"
"2021-05-28T13:30:00.0000000+00:00","PaydaySeason","857.25789736"
"2021-05-28T13:30:00.0000000+00:00","BondSeason","2841.6957116"
"2021-05-28T13:30:00.0000000+00:00","EqBondReversion","3041.8946840"
"2021-05-28T13:30:00.0000000+00:00","RiskPremia","3154.616492"
"2021-05-28T20:00:00.0000000+00:00","PaydaySeason","854.93466536"
"2021-05-28T20:00:00.0000000+00:00","BondSeason","2836.0739956"
"2021-05-28T20:00:00.0000000+00:00","EqBondReversion","3033.4729680"
"2021-05-28T20:00:00.0000000+00:00","RiskPremia","3155.110492"
"2021-06-01T13:30:00.0000000+00:00","PaydaySeason","854.93466536"
"2021-06-01T13:30:00.0000000+00:00","BondSeason","2841.8470996"
"2021-06-01T13:30:00.0000000+00:00","EqBondReversion","3033.4729680"
"2021-06-01T13:30:00.0000000+00:00","RiskPremia","3160.734668"
"2021-06-01T20:00:00.0000000+00:00","PaydaySeason","854.93466536"
"2021-06-01T20:00:00.0000000+00:00","BondSeason","2834.6470996"
"2021-06-01T20:00:00.0000000+00:00","EqBondReversion","3033.4729680"
"2021-06-01T20:00:00.0000000+00:00","RiskPremia","3153.584668"
"2021-06-02T13:30:00.0000000+00:00","PaydaySeason","854.93466536"
"2021-06-02T13:30:00.0000000+00:00","BondSeason","2828.7070996"
"2021-06-02T13:30:00.0000000+00:00","EqBondReversion","3033.4729680"
"2021-06-02T13:30:00.0000000+00:00","RiskPremia","3160.094668"
"2021-06-02T20:00:00.0000000+00:00","PaydaySeason","854.93466536"
"2021-06-02T20:00:00.0000000+00:00","BondSeason","2828.8870996"
"2021-06-02T20:00:00.0000000+00:00","EqBondReversion","3033.4729680"
"2021-06-02T20:00:00.0000000+00:00","RiskPremia","3162.264668"
"2021-06-03T13:30:00.0000000+00:00","PaydaySeason","854.93466536"
"2021-06-03T13:30:00.0000000+00:00","BondSeason","2829.4270996"
"2021-06-03T13:30:00.0000000+00:00","EqBondReversion","3033.4729680"
"2021-06-03T13:30:00.0000000+00:00","RiskPremia","3140.604668"
"2021-06-03T20:00:00.0000000+00:00","PaydaySeason","854.93466536"
"2021-06-03T20:00:00.0000000+00:00","BondSeason","2838.2470996"
"2021-06-03T20:00:00.0000000+00:00","EqBondReversion","3033.4729680"
"2021-06-03T20:00:00.0000000+00:00","RiskPremia","3133.549068"
"2021-06-04T13:30:00.0000000+00:00","PaydaySeason","854.93466536"
"2021-06-04T13:30:00.0000000+00:00","BondSeason","2829.2470996"
"2021-06-04T13:30:00.0000000+00:00","EqBondReversion","3033.4729680"
"2021-06-04T13:30:00.0000000+00:00","RiskPremia","3149.774668"
"2021-06-04T20:00:00.0000000+00:00","PaydaySeason","854.93466536"
"2021-06-04T20:00:00.0000000+00:00","BondSeason","2804.6770996"
"2021-06-04T20:00:00.0000000+00:00","EqBondReversion","3033.4729680"
"2021-06-04T20:00:00.0000000+00:00","RiskPremia","3167.174668"
"2021-06-07T13:30:00.0000000+00:00","PaydaySeason","854.93466536"
"2021-06-07T13:30:00.0000000+00:00","BondSeason","2809.9870996"
"2021-06-07T13:30:00.0000000+00:00","EqBondReversion","3033.4729680"
"2021-06-07T13:30:00.0000000+00:00","RiskPremia","3164.634668"
"2021-06-07T20:00:00.0000000+00:00","PaydaySeason","854.93466536"
"2021-06-07T20:00:00.0000000+00:00","BondSeason","2811.9670996"
"2021-06-07T20:00:00.0000000+00:00","EqBondReversion","3033.4729680"
"2021-06-07T20:00:00.0000000+00:00","RiskPremia","3169.604668"
"2021-06-08T13:30:00.0000000+00:00","PaydaySeason","854.93466536"
"2021-06-08T13:30:00.0000000+00:00","BondSeason","2790.8170996"
"2021-06-08T13:30:00.0000000+00:00","EqBondReversion","3033.4729680"
"2021-06-08T13:30:00.0000000+00:00","RiskPremia","3176.574668"
"2021-06-08T20:00:00.0000000+00:00","PaydaySeason","854.93466536"
"2021-06-08T20:00:00.0000000+00:00","BondSeason","2794.9570996"
"2021-06-08T20:00:00.0000000+00:00","EqBondReversion","3033.4729680"
"2021-06-08T20:00:00.0000000+00:00","RiskPremia","3175.004668"
"2021-06-09T13:30:00.0000000+00:00","PaydaySeason","854.93466536"
"2021-06-09T13:30:00.0000000+00:00","BondSeason","2770.8370996"
"2021-06-09T13:30:00.0000000+00:00","EqBondReversion","3033.4729680"
"2021-06-09T13:30:00.0000000+00:00","RiskPremia","3187.794668"
"2021-06-09T20:00:00.0000000+00:00","PaydaySeason","854.93466536"
"2021-06-09T20:00:00.0000000+00:00","BondSeason","2772.2171236"
"2021-06-09T20:00:00.0000000+00:00","EqBondReversion","3033.4729680"
"2021-06-09T20:00:00.0000000+00:00","RiskPremia","3180.294668"
"2021-06-10T13:30:00.0000000+00:00","PaydaySeason","854.93466536"
"2021-06-10T13:30:00.0000000+00:00","BondSeason","2772.2171236"
"2021-06-10T13:30:00.0000000+00:00","EqBondReversion","3033.4729680"
"2021-06-10T13:30:00.0000000+00:00","RiskPremia","3175.724668"
"2021-06-10T20:00:00.0000000+00:00","PaydaySeason","854.79035336"
"2021-06-10T20:00:00.0000000+00:00","BondSeason","2772.2171236"
"2021-06-10T20:00:00.0000000+00:00","EqBondReversion","3033.4729680"
"2021-06-10T20:00:00.0000000+00:00","RiskPremia","3196.254668"
"2021-06-11T13:30:00.0000000+00:00","PaydaySeason","856.26035336"
"2021-06-11T13:30:00.0000000+00:00","BondSeason","2772.2171236"
"2021-06-11T13:30:00.0000000+00:00","EqBondReversion","3033.4729680"
"2021-06-11T13:30:00.0000000+00:00","RiskPremia","3188.514668"
"2021-06-11T20:00:00.0000000+00:00","PaydaySeason","856.68035336"
"2021-06-11T20:00:00.0000000+00:00","BondSeason","2772.2171236"
"2021-06-11T20:00:00.0000000+00:00","EqBondReversion","3033.4729680"
"2021-06-11T20:00:00.0000000+00:00","RiskPremia","3185.274668"
"2021-06-14T13:30:00.0000000+00:00","PaydaySeason","857.45035336"
"2021-06-14T13:30:00.0000000+00:00","BondSeason","2772.2171236"
"2021-06-14T13:30:00.0000000+00:00","EqBondReversion","3033.4729680"
"2021-06-14T13:30:00.0000000+00:00","RiskPremia","3169.504668"
"2021-06-14T20:00:00.0000000+00:00","PaydaySeason","857.66035336"
"2021-06-14T20:00:00.0000000+00:00","BondSeason","2772.2171236"
"2021-06-14T20:00:00.0000000+00:00","EqBondReversion","3033.4729680"
"2021-06-14T20:00:00.0000000+00:00","RiskPremia","3171.914668"
"2021-06-15T13:30:00.0000000+00:00","PaydaySeason","858.36035336"
"2021-06-15T13:30:00.0000000+00:00","BondSeason","2772.2171236"
"2021-06-15T13:30:00.0000000+00:00","EqBondReversion","3033.4729680"
"2021-06-15T13:30:00.0000000+00:00","RiskPremia","3170.534668"
"2021-06-15T20:00:00.0000000+00:00","PaydaySeason","855.84035336"
"2021-06-15T20:00:00.0000000+00:00","BondSeason","2772.2171236"
"2021-06-15T20:00:00.0000000+00:00","EqBondReversion","3033.4729680"
"2021-06-15T20:00:00.0000000+00:00","RiskPremia","3164.704668"
"2021-06-16T13:30:00.0000000+00:00","PaydaySeason","856.40035336"
"2021-06-16T13:30:00.0000000+00:00","BondSeason","2772.2171236"
"2021-06-16T13:30:00.0000000+00:00","EqBondReversion","3033.4729680"
"2021-06-16T13:30:00.0000000+00:00","RiskPremia","3167.954668"
"2021-06-16T20:00:00.0000000+00:00","PaydaySeason","852.33650336"
"2021-06-16T20:00:00.0000000+00:00","BondSeason","2772.2171236"
"2021-06-16T20:00:00.0000000+00:00","EqBondReversion","3033.4729680"
"2021-06-16T20:00:00.0000000+00:00","RiskPremia","3142.876068"
"2021-06-17T13:30:00.0000000+00:00","PaydaySeason","852.33650336"
"2021-06-17T13:30:00.0000000+00:00","BondSeason","2772.2171236"
"2021-06-17T13:30:00.0000000+00:00","EqBondReversion","3033.4729680"
"2021-06-17T13:30:00.0000000+00:00","RiskPremia","3125.014668"
"2021-06-17T20:00:00.0000000+00:00","PaydaySeason","852.33650336"
"2021-06-17T20:00:00.0000000+00:00","BondSeason","2772.2171236"
"2021-06-17T20:00:00.0000000+00:00","EqBondReversion","3033.4729680"
"2021-06-17T20:00:00.0000000+00:00","RiskPremia","3128.863868"
"2021-06-18T13:30:00.0000000+00:00","PaydaySeason","852.33650336"
"2021-06-18T13:30:00.0000000+00:00","BondSeason","2772.2171236"
"2021-06-18T13:30:00.0000000+00:00","EqBondReversion","3033.4729680"
"2021-06-18T13:30:00.0000000+00:00","RiskPremia","3133.664668"
"2021-06-18T20:00:00.0000000+00:00","PaydaySeason","852.33650336"
"2021-06-18T20:00:00.0000000+00:00","BondSeason","2772.2171236"
"2021-06-18T20:00:00.0000000+00:00","EqBondReversion","3033.4729680"
"2021-06-18T20:00:00.0000000+00:00","RiskPremia","3132.944668"
"2021-06-21T13:30:00.0000000+00:00","PaydaySeason","852.33650336"
"2021-06-21T13:30:00.0000000+00:00","BondSeason","2772.2171236"
"2021-06-21T13:30:00.0000000+00:00","EqBondReversion","3032.8824120"
"2021-06-21T13:30:00.0000000+00:00","RiskPremia","3135.235790"
"2021-06-21T20:00:00.0000000+00:00","PaydaySeason","852.33650336"
"2021-06-21T20:00:00.0000000+00:00","BondSeason","2771.7297676"
"2021-06-21T20:00:00.0000000+00:00","EqBondReversion","3060.4324120"
"2021-06-21T20:00:00.0000000+00:00","RiskPremia","3138.730790"
"2021-06-22T13:30:00.0000000+00:00","PaydaySeason","852.33650336"
"2021-06-22T13:30:00.0000000+00:00","BondSeason","2751.8397676"
"2021-06-22T13:30:00.0000000+00:00","EqBondReversion","3060.4324120"
"2021-06-22T13:30:00.0000000+00:00","RiskPremia","3127.705790"
"2021-06-22T20:00:00.0000000+00:00","PaydaySeason","852.19185536"
"2021-06-22T20:00:00.0000000+00:00","BondSeason","2776.1497676"
"2021-06-22T20:00:00.0000000+00:00","EqBondReversion","3076.3824120"
"2021-06-22T20:00:00.0000000+00:00","RiskPremia","3142.395790"
"2021-06-23T13:30:00.0000000+00:00","PaydaySeason","853.14385536"
"2021-06-23T13:30:00.0000000+00:00","BondSeason","2768.1597676"
"2021-06-23T13:30:00.0000000+00:00","EqBondReversion","3080.3264120"
"2021-06-23T13:30:00.0000000+00:00","RiskPremia","3144.379790"
"2021-06-23T20:00:00.0000000+00:00","PaydaySeason","852.09385536"
"2021-06-23T20:00:00.0000000+00:00","BondSeason","2770.3697676"
"2021-06-23T20:00:00.0000000+00:00","EqBondReversion","3075.9764120"
"2021-06-23T20:00:00.0000000+00:00","RiskPremia","3139.079790"
"2021-06-24T13:30:00.0000000+00:00","PaydaySeason","855.80385536"
"2021-06-24T13:30:00.0000000+00:00","BondSeason","2773.0897676"
"2021-06-24T13:30:00.0000000+00:00","EqBondReversion","3091.3464120"
"2021-06-24T13:30:00.0000000+00:00","RiskPremia","3150.369790"
"2021-06-24T20:00:00.0000000+00:00","PaydaySeason","856.85385536"
"2021-06-24T20:00:00.0000000+00:00","BondSeason","2773.5997676"
"2021-06-24T20:00:00.0000000+00:00","EqBondReversion","3095.6964120"
"2021-06-24T20:00:00.0000000+00:00","RiskPremia","3145.719790"
"2021-06-25T13:30:00.0000000+00:00","PaydaySeason","858.95385536"
"2021-06-25T13:30:00.0000000+00:00","BondSeason","2770.5397676"
"2021-06-25T13:30:00.0000000+00:00","EqBondReversion","3104.3964120"
"2021-06-25T13:30:00.0000000+00:00","RiskPremia","3155.529790"
"2021-06-25T20:00:00.0000000+00:00","PaydaySeason","859.65385536"
"2021-06-25T20:00:00.0000000+00:00","BondSeason","2749.7997676"
"2021-06-25T20:00:00.0000000+00:00","EqBondReversion","3107.2964120"
"2021-06-25T20:00:00.0000000+00:00","RiskPremia","3142.489790"
"2021-06-28T13:30:00.0000000+00:00","PaydaySeason","861.19385536"
"2021-06-28T13:30:00.0000000+00:00","BondSeason","2761.1897676"
"2021-06-28T13:30:00.0000000+00:00","EqBondReversion","3113.6764120"
"2021-06-28T13:30:00.0000000+00:00","RiskPremia","3150.239790"
"2021-06-28T20:00:00.0000000+00:00","PaydaySeason","860.70385536"
"2021-06-28T20:00:00.0000000+00:00","BondSeason","2773.1917676"
"2021-06-28T20:00:00.0000000+00:00","EqBondReversion","3111.6464120"
"2021-06-28T20:00:00.0000000+00:00","RiskPremia","3153.471790"
"2021-06-29T13:30:00.0000000+00:00","PaydaySeason","861.33385536"
"2021-06-29T13:30:00.0000000+00:00","BondSeason","2767.6497676"
"2021-06-29T13:30:00.0000000+00:00","EqBondReversion","3114.2564120"
"2021-06-29T13:30:00.0000000+00:00","RiskPremia","3139.579790"
"2021-06-29T20:00:00.0000000+00:00","PaydaySeason","860.98385536"
"2021-06-29T20:00:00.0000000+00:00","BondSeason","2777.6797676"
"2021-06-29T20:00:00.0000000+00:00","EqBondReversion","3112.8064120"
"2021-06-29T20:00:00.0000000+00:00","RiskPremia","3145.959790"
"2021-06-30T13:30:00.0000000+00:00","PaydaySeason","860.14385536"
"2021-06-30T13:30:00.0000000+00:00","BondSeason","2787.1997676"
"2021-06-30T13:30:00.0000000+00:00","EqBondReversion","3109.3264120"
"2021-06-30T13:30:00.0000000+00:00","RiskPremia","3147.179790"
"2021-06-30T20:00:00.0000000+00:00","PaydaySeason","860.83789136"
"2021-06-30T20:00:00.0000000+00:00","BondSeason","2787.3795276"
"2021-06-30T20:00:00.0000000+00:00","EqBondReversion","3112.2017040"
"2021-06-30T20:00:00.0000000+00:00","RiskPremia","3155.229790"
"2021-07-01T13:30:00.0000000+00:00","PaydaySeason","860.83789136"
"2021-07-01T13:30:00.0000000+00:00","BondSeason","2790.1244916"
"2021-07-01T13:30:00.0000000+00:00","EqBondReversion","3112.2017040"
"2021-07-01T13:30:00.0000000+00:00","RiskPremia","3162.262304"
"2021-07-01T20:00:00.0000000+00:00","PaydaySeason","860.83789136"
"2021-07-01T20:00:00.0000000+00:00","BondSeason","2786.7044916"
"2021-07-01T20:00:00.0000000+00:00","EqBondReversion","3112.2017040"
"2021-07-01T20:00:00.0000000+00:00","RiskPremia","3163.682304"
"2021-07-02T13:30:00.0000000+00:00","PaydaySeason","860.83789136"
"2021-07-02T13:30:00.0000000+00:00","BondSeason","2785.6244916"
"2021-07-02T13:30:00.0000000+00:00","EqBondReversion","3112.2017040"
"2021-07-02T13:30:00.0000000+00:00","RiskPremia","3173.372304"
"2021-07-02T20:00:00.0000000+00:00","PaydaySeason","860.83789136"
"2021-07-02T20:00:00.0000000+00:00","BondSeason","2771.4044916"
"2021-07-02T20:00:00.0000000+00:00","EqBondReversion","3112.2017040"
"2021-07-02T20:00:00.0000000+00:00","RiskPremia","3181.242304"
"2021-07-06T13:30:00.0000000+00:00","PaydaySeason","860.83789136"
"2021-07-06T13:30:00.0000000+00:00","BondSeason","2758.8044916"
"2021-07-06T13:30:00.0000000+00:00","EqBondReversion","3112.2017040"
"2021-07-06T13:30:00.0000000+00:00","RiskPremia","3198.022304"
"2021-07-06T20:00:00.0000000+00:00","PaydaySeason","860.83789136"
"2021-07-06T20:00:00.0000000+00:00","BondSeason","2740.8044916"
"2021-07-06T20:00:00.0000000+00:00","EqBondReversion","3112.2017040"
"2021-07-06T20:00:00.0000000+00:00","RiskPremia","3195.572304"
"2021-07-07T13:30:00.0000000+00:00","PaydaySeason","860.83789136"
"2021-07-07T13:30:00.0000000+00:00","BondSeason","2725.5044916"
"2021-07-07T13:30:00.0000000+00:00","EqBondReversion","3112.2017040"
"2021-07-07T13:30:00.0000000+00:00","RiskPremia","3206.292304"
"2021-07-07T20:00:00.0000000+00:00","PaydaySeason","860.83789136"
"2021-07-07T20:00:00.0000000+00:00","BondSeason","2717.2262916"
"2021-07-07T20:00:00.0000000+00:00","EqBondReversion","3112.2017040"
"2021-07-07T20:00:00.0000000+00:00","RiskPremia","3209.691604"
"2021-07-08T13:30:00.0000000+00:00","PaydaySeason","860.83789136"
"2021-07-08T13:30:00.0000000+00:00","BondSeason","2701.9244916"
"2021-07-08T13:30:00.0000000+00:00","EqBondReversion","3112.2017040"
"2021-07-08T13:30:00.0000000+00:00","RiskPremia","3208.892304"
"2021-07-08T20:00:00.0000000+00:00","PaydaySeason","860.83789136"
"2021-07-08T20:00:00.0000000+00:00","BondSeason","2707.3244916"
"2021-07-08T20:00:00.0000000+00:00","EqBondReversion","3112.2017040"
"2021-07-08T20:00:00.0000000+00:00","RiskPremia","3204.992304"
"2021-07-09T13:30:00.0000000+00:00","PaydaySeason","860.83789136"
"2021-07-09T13:30:00.0000000+00:00","BondSeason","2738.1044916"
"2021-07-09T13:30:00.0000000+00:00","EqBondReversion","3112.2017040"
"2021-07-09T13:30:00.0000000+00:00","RiskPremia","3198.422304"
"2021-07-09T20:00:00.0000000+00:00","PaydaySeason","860.83789136"
"2021-07-09T20:00:00.0000000+00:00","BondSeason","2744.4044916"
"2021-07-09T20:00:00.0000000+00:00","EqBondReversion","3112.2017040"
"2021-07-09T20:00:00.0000000+00:00","RiskPremia","3204.804904"
"2021-07-12T13:30:00.0000000+00:00","PaydaySeason","860.83789136"
"2021-07-12T13:30:00.0000000+00:00","BondSeason","2734.1444916"
"2021-07-12T13:30:00.0000000+00:00","EqBondReversion","3112.2017040"
"2021-07-12T13:30:00.0000000+00:00","RiskPremia","3206.802304"
"2021-07-12T20:00:00.0000000+00:00","PaydaySeason","860.83789136"
"2021-07-12T20:00:00.0000000+00:00","BondSeason","2747.1176676"
"2021-07-12T20:00:00.0000000+00:00","EqBondReversion","3112.2017040"
"2021-07-12T20:00:00.0000000+00:00","RiskPremia","3205.242304"
"2021-07-13T13:30:00.0000000+00:00","PaydaySeason","860.83789136"
"2021-07-13T13:30:00.0000000+00:00","BondSeason","2747.1176676"
"2021-07-13T13:30:00.0000000+00:00","EqBondReversion","3112.2017040"
"2021-07-13T13:30:00.0000000+00:00","RiskPremia","3210.222304"
"2021-07-13T20:00:00.0000000+00:00","PaydaySeason","860.69031736"
"2021-07-13T20:00:00.0000000+00:00","BondSeason","2747.1176676"
"2021-07-13T20:00:00.0000000+00:00","EqBondReversion","3112.2017040"
"2021-07-13T20:00:00.0000000+00:00","RiskPremia","3193.232304"
"2021-07-14T13:30:00.0000000+00:00","PaydaySeason","863.77031736"
"2021-07-14T13:30:00.0000000+00:00","BondSeason","2747.1176676"
"2021-07-14T13:30:00.0000000+00:00","EqBondReversion","3112.2017040"
"2021-07-14T13:30:00.0000000+00:00","RiskPremia","3212.922304"
"2021-07-14T20:00:00.0000000+00:00","PaydaySeason","859.85031736"
"2021-07-14T20:00:00.0000000+00:00","BondSeason","2747.1176676"
"2021-07-14T20:00:00.0000000+00:00","EqBondReversion","3112.2017040"
"2021-07-14T20:00:00.0000000+00:00","RiskPremia","3213.902304"
"2021-07-15T13:30:00.0000000+00:00","PaydaySeason","858.31031736"
"2021-07-15T13:30:00.0000000+00:00","BondSeason","2747.1176676"
"2021-07-15T13:30:00.0000000+00:00","EqBondReversion","3112.2017040"
"2021-07-15T13:30:00.0000000+00:00","RiskPremia","3219.482304"
"2021-07-15T20:00:00.0000000+00:00","PaydaySeason","857.26031736"
"2021-07-15T20:00:00.0000000+00:00","BondSeason","2747.1176676"
"2021-07-15T20:00:00.0000000+00:00","EqBondReversion","3112.2017040"
"2021-07-15T20:00:00.0000000+00:00","RiskPremia","3222.922304"
"2021-07-16T13:30:00.0000000+00:00","PaydaySeason","860.20031736"
"2021-07-16T13:30:00.0000000+00:00","BondSeason","2747.1176676"
"2021-07-16T13:30:00.0000000+00:00","EqBondReversion","3112.2017040"
"2021-07-16T13:30:00.0000000+00:00","RiskPremia","3216.022304"
"2021-07-16T20:00:00.0000000+00:00","PaydaySeason","851.59101736"
"2021-07-16T20:00:00.0000000+00:00","BondSeason","2747.1176676"
"2021-07-16T20:00:00.0000000+00:00","EqBondReversion","3112.2017040"
"2021-07-16T20:00:00.0000000+00:00","RiskPremia","3204.163204"
"2021-07-19T13:30:00.0000000+00:00","PaydaySeason","842.77031736"
"2021-07-19T13:30:00.0000000+00:00","BondSeason","2747.1176676"
"2021-07-19T13:30:00.0000000+00:00","EqBondReversion","3112.2017040"
"2021-07-19T13:30:00.0000000+00:00","RiskPremia","3212.402304"
"2021-07-19T20:00:00.0000000+00:00","PaydaySeason","841.08663536"
"2021-07-19T20:00:00.0000000+00:00","BondSeason","2747.1176676"
"2021-07-19T20:00:00.0000000+00:00","EqBondReversion","3112.2017040"
"2021-07-19T20:00:00.0000000+00:00","RiskPremia","3213.922304"
"2021-07-20T13:30:00.0000000+00:00","PaydaySeason","841.08663536"
"2021-07-20T13:30:00.0000000+00:00","BondSeason","2747.1176676"
"2021-07-20T13:30:00.0000000+00:00","EqBondReversion","3112.2017040"
"2021-07-20T13:30:00.0000000+00:00","RiskPremia","3230.101718"
"2021-07-20T20:00:00.0000000+00:00","PaydaySeason","841.08663536"
"2021-07-20T20:00:00.0000000+00:00","BondSeason","2747.1176676"
"2021-07-20T20:00:00.0000000+00:00","EqBondReversion","3112.2017040"
"2021-07-20T20:00:00.0000000+00:00","RiskPremia","3219.736718"
"2021-07-21T13:30:00.0000000+00:00","PaydaySeason","841.08663536"
"2021-07-21T13:30:00.0000000+00:00","BondSeason","2747.1176676"
"2021-07-21T13:30:00.0000000+00:00","EqBondReversion","3112.2017040"
"2021-07-21T13:30:00.0000000+00:00","RiskPremia","3205.131718"
"2021-07-21T20:00:00.0000000+00:00","PaydaySeason","841.08663536"
"2021-07-21T20:00:00.0000000+00:00","BondSeason","2746.6141276"
"2021-07-21T20:00:00.0000000+00:00","EqBondReversion","3112.2017040"
"2021-07-21T20:00:00.0000000+00:00","RiskPremia","3212.901718"
"2021-07-22T13:30:00.0000000+00:00","PaydaySeason","841.08663536"
"2021-07-22T13:30:00.0000000+00:00","BondSeason","2746.7841276"
"2021-07-22T13:30:00.0000000+00:00","EqBondReversion","3111.6121920"
"2021-07-22T13:30:00.0000000+00:00","RiskPremia","3210.141718"
"2021-07-22T20:00:00.0000000+00:00","PaydaySeason","841.08663536"
"2021-07-22T20:00:00.0000000+00:00","BondSeason","2769.9041276"
"2021-07-22T20:00:00.0000000+00:00","EqBondReversion","3113.5721920"
"2021-07-22T20:00:00.0000000+00:00","RiskPremia","3224.163318"
"2021-07-23T13:30:00.0000000+00:00","PaydaySeason","841.08663536"
"2021-07-23T13:30:00.0000000+00:00","BondSeason","2743.8941276"
"2021-07-23T13:30:00.0000000+00:00","EqBondReversion","3127.8521920"
"2021-07-23T13:30:00.0000000+00:00","RiskPremia","3215.291718"
"2021-07-23T20:00:00.0000000+00:00","PaydaySeason","840.93766136"
"2021-07-23T20:00:00.0000000+00:00","BondSeason","2753.4141276"
"2021-07-23T20:00:00.0000000+00:00","EqBondReversion","3143.5321920"
"2021-07-23T20:00:00.0000000+00:00","RiskPremia","3225.081718"
"2021-07-26T13:30:00.0000000+00:00","PaydaySeason","840.51766136"
"2021-07-26T13:30:00.0000000+00:00","BondSeason","2761.8291276"
"2021-07-26T13:30:00.0000000+00:00","EqBondReversion","3141.8521920"
"2021-07-26T13:30:00.0000000+00:00","RiskPremia","3228.216718"
"2021-07-26T20:00:00.0000000+00:00","PaydaySeason","842.47766136"
"2021-07-26T20:00:00.0000000+00:00","BondSeason","2745.7641276"
"2021-07-26T20:00:00.0000000+00:00","EqBondReversion","3149.6921920"
"2021-07-26T20:00:00.0000000+00:00","RiskPremia","3221.701718"
"2021-07-27T13:30:00.0000000+00:00","PaydaySeason","841.07766136"
"2021-07-27T13:30:00.0000000+00:00","BondSeason","2767.5241276"
"2021-07-27T13:30:00.0000000+00:00","EqBondReversion","3144.0921920"
"2021-07-27T13:30:00.0000000+00:00","RiskPremia","3232.441718"
"2021-07-27T20:00:00.0000000+00:00","PaydaySeason","838.48766136"
"2021-07-27T20:00:00.0000000+00:00","BondSeason","2772.7941276"
"2021-07-27T20:00:00.0000000+00:00","EqBondReversion","3133.7321920"
"2021-07-27T20:00:00.0000000+00:00","RiskPremia","3229.291718"
"2021-07-28T13:30:00.0000000+00:00","PaydaySeason","840.16766136"
"2021-07-28T13:30:00.0000000+00:00","BondSeason","2756.3041276"
"2021-07-28T13:30:00.0000000+00:00","EqBondReversion","3140.4521920"
"2021-07-28T13:30:00.0000000+00:00","RiskPremia","3223.821718"
"2021-07-28T20:00:00.0000000+00:00","PaydaySeason","839.74766136"
"2021-07-28T20:00:00.0000000+00:00","BondSeason","2772.9641276"
"2021-07-28T20:00:00.0000000+00:00","EqBondReversion","3138.7721920"
"2021-07-28T20:00:00.0000000+00:00","RiskPremia","3235.481718"
"2021-07-29T13:30:00.0000000+00:00","PaydaySeason","842.12766136"
"2021-07-29T13:30:00.0000000+00:00","BondSeason","2758.1741276"
"2021-07-29T13:30:00.0000000+00:00","EqBondReversion","3148.2921920"
"2021-07-29T13:30:00.0000000+00:00","RiskPremia","3241.431718"
"2021-07-29T20:00:00.0000000+00:00","PaydaySeason","843.10766136"
"2021-07-29T20:00:00.0000000+00:00","BondSeason","2758.1741276"
"2021-07-29T20:00:00.0000000+00:00","EqBondReversion","3152.2121920"
"2021-07-29T20:00:00.0000000+00:00","RiskPremia","3244.991718"
"2021-07-30T13:30:00.0000000+00:00","PaydaySeason","838.41766136"
"2021-07-30T13:30:00.0000000+00:00","BondSeason","2764.1241276"
"2021-07-30T13:30:00.0000000+00:00","EqBondReversion","3133.4521920"
"2021-07-30T13:30:00.0000000+00:00","RiskPremia","3238.041718"
"2021-07-30T20:00:00.0000000+00:00","PaydaySeason","838.82907936"
"2021-07-30T20:00:00.0000000+00:00","BondSeason","2770.5870516"
"2021-07-30T20:00:00.0000000+00:00","EqBondReversion","3135.0978640"
"2021-07-30T20:00:00.0000000+00:00","RiskPremia","3236.521718"
"2021-08-02T13:30:00.0000000+00:00","PaydaySeason","838.82907936"
"2021-08-02T13:30:00.0000000+00:00","BondSeason","2769.5377606"
"2021-08-02T13:30:00.0000000+00:00","EqBondReversion","3135.0978640"
"2021-08-02T13:30:00.0000000+00:00","RiskPremia","3240.193779"
"2021-08-02T20:00:00.0000000+00:00","PaydaySeason","838.82907936"
"2021-08-02T20:00:00.0000000+00:00","BondSeason","2748.6277606"
"2021-08-02T20:00:00.0000000+00:00","EqBondReversion","3135.0978640"
"2021-08-02T20:00:00.0000000+00:00","RiskPremia","3242.923779"
"2021-08-03T13:30:00.0000000+00:00","PaydaySeason","838.82907936"
"2021-08-03T13:30:00.0000000+00:00","BondSeason","2747.4377606"
"2021-08-03T13:30:00.0000000+00:00","EqBondReversion","3135.0978640"
"2021-08-03T13:30:00.0000000+00:00","RiskPremia","3246.073779"
"2021-08-03T20:00:00.0000000+00:00","PaydaySeason","838.82907936"
"2021-08-03T20:00:00.0000000+00:00","BondSeason","2747.7777606"
"2021-08-03T20:00:00.0000000+00:00","EqBondReversion","3135.0978640"
"2021-08-03T20:00:00.0000000+00:00","RiskPremia","3249.963779"
"2021-08-04T13:30:00.0000000+00:00","PaydaySeason","838.82907936"
"2021-08-04T13:30:00.0000000+00:00","BondSeason","2734.6877606"
"2021-08-04T13:30:00.0000000+00:00","EqBondReversion","3135.0978640"
"2021-08-04T13:30:00.0000000+00:00","RiskPremia","3262.743779"
"2021-08-04T20:00:00.0000000+00:00","PaydaySeason","838.82907936"
"2021-08-04T20:00:00.0000000+00:00","BondSeason","2742.3377606"
"2021-08-04T20:00:00.0000000+00:00","EqBondReversion","3135.0978640"
"2021-08-04T20:00:00.0000000+00:00","RiskPremia","3247.573779"
"2021-08-05T13:30:00.0000000+00:00","PaydaySeason","838.82907936"
"2021-08-05T13:30:00.0000000+00:00","BondSeason","2747.2677606"
"2021-08-05T13:30:00.0000000+00:00","EqBondReversion","3135.0978640"
"2021-08-05T13:30:00.0000000+00:00","RiskPremia","3248.303779"
"2021-08-05T20:00:00.0000000+00:00","PaydaySeason","838.82907936"
"2021-08-05T20:00:00.0000000+00:00","BondSeason","2755.4277606"
"2021-08-05T20:00:00.0000000+00:00","EqBondReversion","3135.0978640"
"2021-08-05T20:00:00.0000000+00:00","RiskPremia","3245.833779"
"2021-08-06T13:30:00.0000000+00:00","PaydaySeason","838.82907936"
"2021-08-06T13:30:00.0000000+00:00","BondSeason","2788.7137606"
"2021-08-06T13:30:00.0000000+00:00","EqBondReversion","3135.0978640"
"2021-08-06T13:30:00.0000000+00:00","RiskPremia","3216.617779"
"2021-08-06T20:00:00.0000000+00:00","PaydaySeason","838.82907936"
"2021-08-06T20:00:00.0000000+00:00","BondSeason","2797.5877606"
"2021-08-06T20:00:00.0000000+00:00","EqBondReversion","3135.0978640"
"2021-08-06T20:00:00.0000000+00:00","RiskPremia","3205.743779"
"2021-08-09T13:30:00.0000000+00:00","PaydaySeason","838.82907936"
"2021-08-09T13:30:00.0000000+00:00","BondSeason","2791.6377606"
"2021-08-09T13:30:00.0000000+00:00","EqBondReversion","3135.0978640"
"2021-08-09T13:30:00.0000000+00:00","RiskPremia","3199.413779"
"2021-08-09T20:00:00.0000000+00:00","PaydaySeason","838.82907936"
"2021-08-09T20:00:00.0000000+00:00","BondSeason","2806.2577606"
"2021-08-09T20:00:00.0000000+00:00","EqBondReversion","3135.0978640"
"2021-08-09T20:00:00.0000000+00:00","RiskPremia","3184.703779"
"2021-08-10T13:30:00.0000000+00:00","PaydaySeason","838.82907936"
"2021-08-10T13:30:00.0000000+00:00","BondSeason","2802.8577606"
"2021-08-10T13:30:00.0000000+00:00","EqBondReversion","3135.0978640"
"2021-08-10T13:30:00.0000000+00:00","RiskPremia","3186.413779"
"2021-08-10T20:00:00.0000000+00:00","PaydaySeason","838.82907936"
"2021-08-10T20:00:00.0000000+00:00","BondSeason","2817.8293886"
"2021-08-10T20:00:00.0000000+00:00","EqBondReversion","3135.0978640"
"2021-08-10T20:00:00.0000000+00:00","RiskPremia","3180.263779"
"2021-08-11T13:30:00.0000000+00:00","PaydaySeason","838.82907936"
"2021-08-11T13:30:00.0000000+00:00","BondSeason","2817.8293886"
"2021-08-11T13:30:00.0000000+00:00","EqBondReversion","3135.0978640"
"2021-08-11T13:30:00.0000000+00:00","RiskPremia","3190.127779"
"2021-08-11T20:00:00.0000000+00:00","PaydaySeason","838.67885936"
"2021-08-11T20:00:00.0000000+00:00","BondSeason","2817.8293886"
"2021-08-11T20:00:00.0000000+00:00","EqBondReversion","3135.0978640"
"2021-08-11T20:00:00.0000000+00:00","RiskPremia","3195.333779"
"2021-08-12T13:30:00.0000000+00:00","PaydaySeason","839.30885936"
"2021-08-12T13:30:00.0000000+00:00","BondSeason","2817.8293886"
"2021-08-12T13:30:00.0000000+00:00","EqBondReversion","3135.0978640"
"2021-08-12T13:30:00.0000000+00:00","RiskPremia","3191.473779"
"2021-08-12T20:00:00.0000000+00:00","PaydaySeason","840.84885936"
"2021-08-12T20:00:00.0000000+00:00","BondSeason","2817.8293886"
"2021-08-12T20:00:00.0000000+00:00","EqBondReversion","3135.0978640"
"2021-08-12T20:00:00.0000000+00:00","RiskPremia","3197.233779"
"2021-08-13T13:30:00.0000000+00:00","PaydaySeason","841.96885936"
"2021-08-13T13:30:00.0000000+00:00","BondSeason","2817.8293886"
"2021-08-13T13:30:00.0000000+00:00","EqBondReversion","3135.0978640"
"2021-08-13T13:30:00.0000000+00:00","RiskPremia","3208.553779"
"2021-08-13T20:00:00.0000000+00:00","PaydaySeason","841.44385936"
"2021-08-13T20:00:00.0000000+00:00","BondSeason","2817.8293886"
"2021-08-13T20:00:00.0000000+00:00","EqBondReversion","3135.0978640"
"2021-08-13T20:00:00.0000000+00:00","RiskPremia","3227.333779"
"2021-08-16T13:30:00.0000000+00:00","PaydaySeason","839.02885936"
"2021-08-16T13:30:00.0000000+00:00","BondSeason","2817.8293886"
"2021-08-16T13:30:00.0000000+00:00","EqBondReversion","3135.0978640"
"2021-08-16T13:30:00.0000000+00:00","RiskPremia","3230.593779"
"2021-08-16T20:00:00.0000000+00:00","PaydaySeason","841.89885936"
"2021-08-16T20:00:00.0000000+00:00","BondSeason","2817.8293886"
"2021-08-16T20:00:00.0000000+00:00","EqBondReversion","3135.0978640"
"2021-08-16T20:00:00.0000000+00:00","RiskPremia","3235.023779"
"2021-08-17T13:30:00.0000000+00:00","PaydaySeason","837.06885936"
"2021-08-17T13:30:00.0000000+00:00","BondSeason","2817.8293886"
"2021-08-17T13:30:00.0000000+00:00","EqBondReversion","3135.0978640"
"2021-08-17T13:30:00.0000000+00:00","RiskPremia","3228.323779"
"2021-08-17T20:00:00.0000000+00:00","PaydaySeason","836.14911536"
"2021-08-17T20:00:00.0000000+00:00","BondSeason","2817.8293886"
"2021-08-17T20:00:00.0000000+00:00","EqBondReversion","3135.0978640"
"2021-08-17T20:00:00.0000000+00:00","RiskPremia","3225.533779"
"2021-08-18T13:30:00.0000000+00:00","PaydaySeason","836.14911536"
"2021-08-18T13:30:00.0000000+00:00","BondSeason","2817.8293886"
"2021-08-18T13:30:00.0000000+00:00","EqBondReversion","3135.0978640"
"2021-08-18T13:30:00.0000000+00:00","RiskPremia","3223.793779"
"2021-08-18T20:00:00.0000000+00:00","PaydaySeason","836.14911536"
"2021-08-18T20:00:00.0000000+00:00","BondSeason","2817.8293886"
"2021-08-18T20:00:00.0000000+00:00","EqBondReversion","3135.0978640"
"2021-08-18T20:00:00.0000000+00:00","RiskPremia","3219.073779"
"2021-08-19T13:30:00.0000000+00:00","PaydaySeason","836.14911536"
"2021-08-19T13:30:00.0000000+00:00","BondSeason","2817.8293886"
"2021-08-19T13:30:00.0000000+00:00","EqBondReversion","3135.0978640"
"2021-08-19T13:30:00.0000000+00:00","RiskPremia","3219.133779"
"2021-08-19T20:00:00.0000000+00:00","PaydaySeason","836.14911536"
"2021-08-19T20:00:00.0000000+00:00","BondSeason","2817.8293886"
"2021-08-19T20:00:00.0000000+00:00","EqBondReversion","3135.0978640"
"2021-08-19T20:00:00.0000000+00:00","RiskPremia","3223.533779"
"2021-08-20T13:30:00.0000000+00:00","PaydaySeason","836.14911536"
"2021-08-20T13:30:00.0000000+00:00","BondSeason","2817.8293886"
"2021-08-20T13:30:00.0000000+00:00","EqBondReversion","3134.5043760"
"2021-08-20T13:30:00.0000000+00:00","RiskPremia","3227.233779"
"2021-08-20T20:00:00.0000000+00:00","PaydaySeason","836.14911536"
"2021-08-20T20:00:00.0000000+00:00","BondSeason","2817.3176546"
"2021-08-20T20:00:00.0000000+00:00","EqBondReversion","3157.1843760"
"2021-08-20T20:00:00.0000000+00:00","RiskPremia","3233.963779"
"2021-08-23T13:30:00.0000000+00:00","PaydaySeason","836.14911536"
"2021-08-23T13:30:00.0000000+00:00","BondSeason","2812.0476546"
"2021-08-23T13:30:00.0000000+00:00","EqBondReversion","3169.5043760"
"2021-08-23T13:30:00.0000000+00:00","RiskPremia","3247.803779"
"2021-08-23T20:00:00.0000000+00:00","PaydaySeason","835.99819284"
"2021-08-23T20:00:00.0000000+00:00","BondSeason","2816.1276546"
"2021-08-23T20:00:00.0000000+00:00","EqBondReversion","3185.5147760"
"2021-08-23T20:00:00.0000000+00:00","RiskPremia","3255.201779"
"2021-08-24T13:30:00.0000000+00:00","PaydaySeason","837.73559284"
"2021-08-24T13:30:00.0000000+00:00","BondSeason","2804.5676546"
"2021-08-24T13:30:00.0000000+00:00","EqBondReversion","3192.4643760"
"2021-08-24T13:30:00.0000000+00:00","RiskPremia","3254.543779"
"2021-08-24T20:00:00.0000000+00:00","PaydaySeason","838.50559284"
"2021-08-24T20:00:00.0000000+00:00","BondSeason","2796.9176546"
"2021-08-24T20:00:00.0000000+00:00","EqBondReversion","3195.5443760"
"2021-08-24T20:00:00.0000000+00:00","RiskPremia","3250.333779"
"2021-08-25T13:30:00.0000000+00:00","PaydaySeason","839.34559284"
"2021-08-25T13:30:00.0000000+00:00","BondSeason","2795.2176546"
"2021-08-25T13:30:00.0000000+00:00","EqBondReversion","3198.9043760"
"2021-08-25T13:30:00.0000000+00:00","RiskPremia","3246.513779"
"2021-08-25T20:00:00.0000000+00:00","PaydaySeason","840.74559284"
"2021-08-25T20:00:00.0000000+00:00","BondSeason","2776.0076546"
"2021-08-25T20:00:00.0000000+00:00","EqBondReversion","3204.5043760"
"2021-08-25T20:00:00.0000000+00:00","RiskPremia","3238.443779"
"2021-08-26T13:30:00.0000000+00:00","PaydaySeason","840.39559284"
"2021-08-26T13:30:00.0000000+00:00","BondSeason","2774.0526546"
"2021-08-26T13:30:00.0000000+00:00","EqBondReversion","3203.1043760"
"2021-08-26T13:30:00.0000000+00:00","RiskPremia","3236.058779"
"2021-08-26T20:00:00.0000000+00:00","PaydaySeason","835.98559284"
"2021-08-26T20:00:00.0000000+00:00","BondSeason","2783.8276546"
"2021-08-26T20:00:00.0000000+00:00","EqBondReversion","3185.4643760"
"2021-08-26T20:00:00.0000000+00:00","RiskPremia","3235.673779"
"2021-08-27T13:30:00.0000000+00:00","PaydaySeason","837.38559284"
"2021-08-27T13:30:00.0000000+00:00","BondSeason","2784.3376546"
"2021-08-27T13:30:00.0000000+00:00","EqBondReversion","3191.0643760"
"2021-08-27T13:30:00.0000000+00:00","RiskPremia","3237.613779"
"2021-08-27T20:00:00.0000000+00:00","PaydaySeason","843.96559284"
"2021-08-27T20:00:00.0000000+00:00","BondSeason","2799.1276546"
"2021-08-27T20:00:00.0000000+00:00","EqBondReversion","3217.3843760"
"2021-08-27T20:00:00.0000000+00:00","RiskPremia","3267.413779"
"2021-08-30T13:30:00.0000000+00:00","PaydaySeason","845.29559284"
"2021-08-30T13:30:00.0000000+00:00","BondSeason","2791.6476546"
"2021-08-30T13:30:00.0000000+00:00","EqBondReversion","3222.7043760"
"2021-08-30T13:30:00.0000000+00:00","RiskPremia","3263.803779"
"2021-08-30T20:00:00.0000000+00:00","PaydaySeason","846.41559284"
"2021-08-30T20:00:00.0000000+00:00","BondSeason","2805.5876546"
"2021-08-30T20:00:00.0000000+00:00","EqBondReversion","3227.1843760"
"2021-08-30T20:00:00.0000000+00:00","RiskPremia","3269.523779"
"2021-08-31T13:30:00.0000000+00:00","PaydaySeason","846.41559284"
"2021-08-31T13:30:00.0000000+00:00","BondSeason","2803.0376546"
"2021-08-31T13:30:00.0000000+00:00","EqBondReversion","3227.1843760"
"2021-08-31T13:30:00.0000000+00:00","RiskPremia","3267.393779"
"2021-08-31T20:00:00.0000000+00:00","PaydaySeason","845.28278284"
"2021-08-31T20:00:00.0000000+00:00","BondSeason","2789.6148626"
"2021-08-31T20:00:00.0000000+00:00","EqBondReversion","3222.6531360"
"2021-08-31T20:00:00.0000000+00:00","RiskPremia","3264.123779"
"2021-09-01T13:30:00.0000000+00:00","PaydaySeason","845.28278284"
"2021-09-01T13:30:00.0000000+00:00","BondSeason","2780.7859466"
"2021-09-01T13:30:00.0000000+00:00","EqBondReversion","3222.6531360"
"2021-09-01T13:30:00.0000000+00:00","RiskPremia","3271.739215"
"2021-09-01T20:00:00.0000000+00:00","PaydaySeason","845.28278284"
"2021-09-01T20:00:00.0000000+00:00","BondSeason","2787.9259466"
"2021-09-01T20:00:00.0000000+00:00","EqBondReversion","3222.6531360"
"2021-09-01T20:00:00.0000000+00:00","RiskPremia","3265.849215"
"2021-09-02T13:30:00.0000000+00:00","PaydaySeason","845.28278284"
"2021-09-02T13:30:00.0000000+00:00","BondSeason","2781.1259466"
"2021-09-02T13:30:00.0000000+00:00","EqBondReversion","3222.6531360"
"2021-09-02T13:30:00.0000000+00:00","RiskPremia","3271.639215"
"2021-09-02T20:00:00.0000000+00:00","PaydaySeason","845.28278284"
"2021-09-02T20:00:00.0000000+00:00","BondSeason","2776.1959466"
"2021-09-02T20:00:00.0000000+00:00","EqBondReversion","3222.6531360"
"2021-09-02T20:00:00.0000000+00:00","RiskPremia","3271.579215"
"2021-09-03T13:30:00.0000000+00:00","PaydaySeason","845.28278284"
"2021-09-03T13:30:00.0000000+00:00","BondSeason","2797.7859466"
"2021-09-03T13:30:00.0000000+00:00","EqBondReversion","3222.6531360"
"2021-09-03T13:30:00.0000000+00:00","RiskPremia","3267.979215"
"2021-09-03T20:00:00.0000000+00:00","PaydaySeason","845.28278284"
"2021-09-03T20:00:00.0000000+00:00","BondSeason","2798.8909466"
"2021-09-03T20:00:00.0000000+00:00","EqBondReversion","3222.6531360"
"2021-09-03T20:00:00.0000000+00:00","RiskPremia","3272.364215"
"2021-09-07T13:30:00.0000000+00:00","PaydaySeason","845.28278284"
"2021-09-07T13:30:00.0000000+00:00","BondSeason","2814.9219466"
"2021-09-07T13:30:00.0000000+00:00","EqBondReversion","3222.6531360"
"2021-09-07T13:30:00.0000000+00:00","RiskPremia","3256.623215"
"2021-09-07T20:00:00.0000000+00:00","PaydaySeason","845.28278284"
"2021-09-07T20:00:00.0000000+00:00","BondSeason","2819.7159466"
"2021-09-07T20:00:00.0000000+00:00","EqBondReversion","3222.6531360"
"2021-09-07T20:00:00.0000000+00:00","RiskPremia","3240.319215"
"2021-09-08T13:30:00.0000000+00:00","PaydaySeason","845.28278284"
"2021-09-08T13:30:00.0000000+00:00","BondSeason","2808.1559466"
"2021-09-08T13:30:00.0000000+00:00","EqBondReversion","3222.6531360"
"2021-09-08T13:30:00.0000000+00:00","RiskPremia","3245.469215"
"2021-09-08T20:00:00.0000000+00:00","PaydaySeason","845.28278284"
"2021-09-08T20:00:00.0000000+00:00","BondSeason","2803.5659466"
"2021-09-08T20:00:00.0000000+00:00","EqBondReversion","3222.6531360"
"2021-09-08T20:00:00.0000000+00:00","RiskPremia","3241.269215"
"2021-09-09T13:30:00.0000000+00:00","PaydaySeason","845.28278284"
"2021-09-09T13:30:00.0000000+00:00","BondSeason","2799.4859466"
"2021-09-09T13:30:00.0000000+00:00","EqBondReversion","3222.6531360"
"2021-09-09T13:30:00.0000000+00:00","RiskPremia","3247.619215"
"2021-09-09T20:00:00.0000000+00:00","PaydaySeason","845.28278284"
"2021-09-09T20:00:00.0000000+00:00","BondSeason","2773.3059466"
"2021-09-09T20:00:00.0000000+00:00","EqBondReversion","3222.6531360"
"2021-09-09T20:00:00.0000000+00:00","RiskPremia","3253.779215"
"2021-09-10T13:30:00.0000000+00:00","PaydaySeason","845.28278284"
"2021-09-10T13:30:00.0000000+00:00","BondSeason","2787.0759466"
"2021-09-10T13:30:00.0000000+00:00","EqBondReversion","3222.6531360"
"2021-09-10T13:30:00.0000000+00:00","RiskPremia","3252.169215"
"2021-09-10T20:00:00.0000000+00:00","PaydaySeason","845.28278284"
"2021-09-10T20:00:00.0000000+00:00","BondSeason","2794.3912506"
"2021-09-10T20:00:00.0000000+00:00","EqBondReversion","3222.6531360"
"2021-09-10T20:00:00.0000000+00:00","RiskPremia","3231.701215"
"2021-09-13T13:30:00.0000000+00:00","PaydaySeason","845.28278284"
"2021-09-13T13:30:00.0000000+00:00","BondSeason","2794.3912506"
"2021-09-13T13:30:00.0000000+00:00","EqBondReversion","3222.6531360"
"2021-09-13T13:30:00.0000000+00:00","RiskPremia","3245.303215"
"2021-09-13T20:00:00.0000000+00:00","PaydaySeason","845.13175084"
"2021-09-13T20:00:00.0000000+00:00","BondSeason","2794.3912506"
"2021-09-13T20:00:00.0000000+00:00","EqBondReversion","3222.6531360"
"2021-09-13T20:00:00.0000000+00:00","RiskPremia","3244.089215"
"2021-09-14T13:30:00.0000000+00:00","PaydaySeason","847.51175084"
"2021-09-14T13:30:00.0000000+00:00","BondSeason","2794.3912506"
"2021-09-14T13:30:00.0000000+00:00","EqBondReversion","3222.6531360"
"2021-09-14T13:30:00.0000000+00:00","RiskPremia","3253.039215"
"2021-09-14T20:00:00.0000000+00:00","PaydaySeason","840.09175084"
"2021-09-14T20:00:00.0000000+00:00","BondSeason","2794.3912506"
"2021-09-14T20:00:00.0000000+00:00","EqBondReversion","3222.6531360"
"2021-09-14T20:00:00.0000000+00:00","RiskPremia","3254.659215"
"2021-09-15T13:30:00.0000000+00:00","PaydaySeason","841.42175084"
"2021-09-15T13:30:00.0000000+00:00","BondSeason","2794.3912506"
"2021-09-15T13:30:00.0000000+00:00","EqBondReversion","3222.6531360"
"2021-09-15T13:30:00.0000000+00:00","RiskPremia","3254.159215"
"2021-09-15T20:00:00.0000000+00:00","PaydaySeason","846.95175084"
"2021-09-15T20:00:00.0000000+00:00","BondSeason","2794.3912506"
"2021-09-15T20:00:00.0000000+00:00","EqBondReversion","3222.6531360"
"2021-09-15T20:00:00.0000000+00:00","RiskPremia","3255.149215"
"2021-09-16T13:30:00.0000000+00:00","PaydaySeason","846.32175084"
"2021-09-16T13:30:00.0000000+00:00","BondSeason","2794.3912506"
"2021-09-16T13:30:00.0000000+00:00","EqBondReversion","3222.6531360"
"2021-09-16T13:30:00.0000000+00:00","RiskPremia","3228.779215"
"2021-09-16T20:00:00.0000000+00:00","PaydaySeason","846.18175084"
"2021-09-16T20:00:00.0000000+00:00","BondSeason","2794.3912506"
"2021-09-16T20:00:00.0000000+00:00","EqBondReversion","3222.6531360"
"2021-09-16T20:00:00.0000000+00:00","RiskPremia","3228.099215"
"2021-09-17T13:30:00.0000000+00:00","PaydaySeason","844.99175084"
"2021-09-17T13:30:00.0000000+00:00","BondSeason","2794.3912506"
"2021-09-17T13:30:00.0000000+00:00","EqBondReversion","3222.6531360"
"2021-09-17T13:30:00.0000000+00:00","RiskPremia","3220.819215"
"2021-09-17T20:00:00.0000000+00:00","PaydaySeason","839.87174084"
"2021-09-17T20:00:00.0000000+00:00","BondSeason","2794.3912506"
"2021-09-17T20:00:00.0000000+00:00","EqBondReversion","3222.6531360"
"2021-09-17T20:00:00.0000000+00:00","RiskPremia","3213.179215"
"2021-09-20T13:30:00.0000000+00:00","PaydaySeason","839.87174084"
"2021-09-20T13:30:00.0000000+00:00","BondSeason","2794.3912506"
"2021-09-20T13:30:00.0000000+00:00","EqBondReversion","3222.6531360"
"2021-09-20T13:30:00.0000000+00:00","RiskPremia","3208.939215"
"2021-09-20T20:00:00.0000000+00:00","PaydaySeason","839.87174084"
"2021-09-20T20:00:00.0000000+00:00","BondSeason","2794.3912506"
"2021-09-20T20:00:00.0000000+00:00","EqBondReversion","3222.6531360"
"2021-09-20T20:00:00.0000000+00:00","RiskPremia","3213.819215"
"2021-09-21T13:30:00.0000000+00:00","PaydaySeason","839.87174084"
"2021-09-21T13:30:00.0000000+00:00","BondSeason","2794.3912506"
"2021-09-21T13:30:00.0000000+00:00","EqBondReversion","3222.6531360"
"2021-09-21T13:30:00.0000000+00:00","RiskPremia","3222.159215"
"2021-09-21T20:00:00.0000000+00:00","PaydaySeason","839.87174084"
"2021-09-21T20:00:00.0000000+00:00","BondSeason","2793.8782246"
"2021-09-21T20:00:00.0000000+00:00","EqBondReversion","3222.6531360"
"2021-09-21T20:00:00.0000000+00:00","RiskPremia","3218.329215"
"2021-09-22T13:30:00.0000000+00:00","PaydaySeason","839.87174084"
"2021-09-22T13:30:00.0000000+00:00","BondSeason","2792.3482246"
"2021-09-22T13:30:00.0000000+00:00","EqBondReversion","3222.0625040"
"2021-09-22T13:30:00.0000000+00:00","RiskPremia","3222.881215"
"2021-09-22T20:00:00.0000000+00:00","PaydaySeason","839.87174084"
"2021-09-22T20:00:00.0000000+00:00","BondSeason","2807.6482246"
"2021-09-22T20:00:00.0000000+00:00","EqBondReversion","3236.6729040"
"2021-09-22T20:00:00.0000000+00:00","RiskPremia","3231.159215"
"2021-09-23T13:30:00.0000000+00:00","PaydaySeason","839.87174084"
"2021-09-23T13:30:00.0000000+00:00","BondSeason","2785.7182246"
"2021-09-23T13:30:00.0000000+00:00","EqBondReversion","3251.7425040"
"2021-09-23T13:30:00.0000000+00:00","RiskPremia","3220.461133"
"2021-09-23T20:00:00.0000000+00:00","PaydaySeason","839.72146484"
"2021-09-23T20:00:00.0000000+00:00","BondSeason","2750.7832246"
"2021-09-23T20:00:00.0000000+00:00","EqBondReversion","3274.4225040"
"2021-09-23T20:00:00.0000000+00:00","RiskPremia","3212.721133"
"2021-09-24T13:30:00.0000000+00:00","PaydaySeason","836.64146484"
"2021-09-24T13:30:00.0000000+00:00","BondSeason","2742.0282246"
"2021-09-24T13:30:00.0000000+00:00","EqBondReversion","3262.1025040"
"2021-09-24T13:30:00.0000000+00:00","RiskPremia","3202.801133"
"2021-09-24T20:00:00.0000000+00:00","PaydaySeason","840.00146484"
"2021-09-24T20:00:00.0000000+00:00","BondSeason","2726.7282246"
"2021-09-24T20:00:00.0000000+00:00","EqBondReversion","3275.5425040"
"2021-09-24T20:00:00.0000000+00:00","RiskPremia","3203.551133"
"2021-09-27T13:30:00.0000000+00:00","PaydaySeason","838.74146484"
"2021-09-27T13:30:00.0000000+00:00","BondSeason","2711.7682246"
"2021-09-27T13:30:00.0000000+00:00","EqBondReversion","3270.5025040"
"2021-09-27T13:30:00.0000000+00:00","RiskPremia","3199.441133"
"2021-09-27T20:00:00.0000000+00:00","PaydaySeason","838.74146484"
"2021-09-27T20:00:00.0000000+00:00","BondSeason","2717.3782246"
"2021-09-27T20:00:00.0000000+00:00","EqBondReversion","3270.5025040"
"2021-09-27T20:00:00.0000000+00:00","RiskPremia","3200.341133"
"2021-09-28T13:30:00.0000000+00:00","PaydaySeason","833.35146484"
"2021-09-28T13:30:00.0000000+00:00","BondSeason","2682.3582246"
"2021-09-28T13:30:00.0000000+00:00","EqBondReversion","3248.9425040"
"2021-09-28T13:30:00.0000000+00:00","RiskPremia","3175.421133"
"2021-09-28T20:00:00.0000000+00:00","PaydaySeason","822.78146484"
"2021-09-28T20:00:00.0000000+00:00","BondSeason","2677.7682246"
"2021-09-28T20:00:00.0000000+00:00","EqBondReversion","3206.6625040"
"2021-09-28T20:00:00.0000000+00:00","RiskPremia","3154.564733"
"2021-09-29T13:30:00.0000000+00:00","PaydaySeason","825.58146484"
"2021-09-29T13:30:00.0000000+00:00","BondSeason","2690.3482246"
"2021-09-29T13:30:00.0000000+00:00","EqBondReversion","3217.8625040"
"2021-09-29T13:30:00.0000000+00:00","RiskPremia","3164.441133"
"2021-09-29T20:00:00.0000000+00:00","PaydaySeason","823.20146484"
"2021-09-29T20:00:00.0000000+00:00","BondSeason","2683.3782246"
"2021-09-29T20:00:00.0000000+00:00","EqBondReversion","3208.3425040"
"2021-09-29T20:00:00.0000000+00:00","RiskPremia","3153.143333"
"2021-09-30T13:30:00.0000000+00:00","PaydaySeason","825.86146484"
"2021-09-30T13:30:00.0000000+00:00","BondSeason","2678.4482246"
"2021-09-30T13:30:00.0000000+00:00","EqBondReversion","3218.9825040"
"2021-09-30T13:30:00.0000000+00:00","RiskPremia","3162.801133"
"2021-09-30T20:00:00.0000000+00:00","PaydaySeason","815.12577890"
"2021-09-30T20:00:00.0000000+00:00","BondSeason","2681.5178446"
"2021-09-30T20:00:00.0000000+00:00","EqBondReversion","3176.03976024"
"2021-09-30T20:00:00.0000000+00:00","RiskPremia","3157.752133"
"2021-10-01T13:30:00.0000000+00:00","PaydaySeason","815.12577890"
"2021-10-01T13:30:00.0000000+00:00","BondSeason","2669.7623146"
"2021-10-01T13:30:00.0000000+00:00","EqBondReversion","3176.03976024"
"2021-10-01T13:30:00.0000000+00:00","RiskPremia","3167.118775"
"2021-10-01T20:00:00.0000000+00:00","PaydaySeason","815.12577890"
"2021-10-01T20:00:00.0000000+00:00","BondSeason","2660.2223146"
"2021-10-01T20:00:00.0000000+00:00","EqBondReversion","3176.03976024"
"2021-10-01T20:00:00.0000000+00:00","RiskPremia","3179.238775"
"2021-10-04T13:30:00.0000000+00:00","PaydaySeason","815.12577890"
"2021-10-04T13:30:00.0000000+00:00","BondSeason","2672.2823146"
"2021-10-04T13:30:00.0000000+00:00","EqBondReversion","3176.03976024"
"2021-10-04T13:30:00.0000000+00:00","RiskPremia","3167.768775"
"2021-10-04T20:00:00.0000000+00:00","PaydaySeason","815.12577890"
"2021-10-04T20:00:00.0000000+00:00","BondSeason","2666.3423146"
"2021-10-04T20:00:00.0000000+00:00","EqBondReversion","3176.03976024"
"2021-10-04T20:00:00.0000000+00:00","RiskPremia","3167.158775"
"2021-10-05T13:30:00.0000000+00:00","PaydaySeason","815.12577890"
"2021-10-05T13:30:00.0000000+00:00","BondSeason","2673.5423146"
"2021-10-05T13:30:00.0000000+00:00","EqBondReversion","3176.03976024"
"2021-10-05T13:30:00.0000000+00:00","RiskPremia","3161.158775"
"2021-10-05T20:00:00.0000000+00:00","PaydaySeason","815.12577890"
"2021-10-05T20:00:00.0000000+00:00","BondSeason","2691.7223146"
"2021-10-05T20:00:00.0000000+00:00","EqBondReversion","3176.03976024"
"2021-10-05T20:00:00.0000000+00:00","RiskPremia","3164.888775"
"2021-10-06T13:30:00.0000000+00:00","PaydaySeason","815.12577890"
"2021-10-06T13:30:00.0000000+00:00","BondSeason","2680.2023146"
"2021-10-06T13:30:00.0000000+00:00","EqBondReversion","3176.03976024"
"2021-10-06T13:30:00.0000000+00:00","RiskPremia","3156.728775"
"2021-10-06T20:00:00.0000000+00:00","PaydaySeason","815.12577890"
"2021-10-06T20:00:00.0000000+00:00","BondSeason","2677.3223146"
"2021-10-06T20:00:00.0000000+00:00","EqBondReversion","3176.03976024"
"2021-10-06T20:00:00.0000000+00:00","RiskPremia","3176.518775"
"2021-10-07T13:30:00.0000000+00:00","PaydaySeason","815.12577890"
"2021-10-07T13:30:00.0000000+00:00","BondSeason","2699.0123146"
"2021-10-07T13:30:00.0000000+00:00","EqBondReversion","3176.03976024"
"2021-10-07T13:30:00.0000000+00:00","RiskPremia","3173.998775"
"2021-10-07T20:00:00.0000000+00:00","PaydaySeason","815.12577890"
"2021-10-07T20:00:00.0000000+00:00","BondSeason","2704.6823146"
"2021-10-07T20:00:00.0000000+00:00","EqBondReversion","3176.03976024"
"2021-10-07T20:00:00.0000000+00:00","RiskPremia","3173.868775"
"2021-10-08T13:30:00.0000000+00:00","PaydaySeason","815.12577890"
"2021-10-08T13:30:00.0000000+00:00","BondSeason","2715.7523146"
"2021-10-08T13:30:00.0000000+00:00","EqBondReversion","3176.03976024"
"2021-10-08T13:30:00.0000000+00:00","RiskPremia","3186.108775"
"2021-10-08T20:00:00.0000000+00:00","PaydaySeason","815.12577890"
"2021-10-08T20:00:00.0000000+00:00","BondSeason","2722.1423146"
"2021-10-08T20:00:00.0000000+00:00","EqBondReversion","3176.03976024"
"2021-10-08T20:00:00.0000000+00:00","RiskPremia","3165.938775"
"2021-10-11T13:30:00.0000000+00:00","PaydaySeason","815.12577890"
"2021-10-11T13:30:00.0000000+00:00","BondSeason","2727.5423146"
"2021-10-11T13:30:00.0000000+00:00","EqBondReversion","3176.03976024"
"2021-10-11T13:30:00.0000000+00:00","RiskPremia","3162.508775"
"2021-10-11T20:00:00.0000000+00:00","PaydaySeason","815.12577890"
"2021-10-11T20:00:00.0000000+00:00","BondSeason","2728.8329146"
"2021-10-11T20:00:00.0000000+00:00","EqBondReversion","3176.03976024"
"2021-10-11T20:00:00.0000000+00:00","RiskPremia","3153.458775"
"2021-10-12T13:30:00.0000000+00:00","PaydaySeason","815.12577890"
"2021-10-12T13:30:00.0000000+00:00","BondSeason","2728.8329146"
"2021-10-12T13:30:00.0000000+00:00","EqBondReversion","3176.03976024"
"2021-10-12T13:30:00.0000000+00:00","RiskPremia","3167.528775"
"2021-10-12T20:00:00.0000000+00:00","PaydaySeason","814.97869490"
"2021-10-12T20:00:00.0000000+00:00","BondSeason","2728.8329146"
"2021-10-12T20:00:00.0000000+00:00","EqBondReversion","3176.03976024"
"2021-10-12T20:00:00.0000000+00:00","RiskPremia","3171.588775"
"2021-10-13T13:30:00.0000000+00:00","PaydaySeason","816.65869490"
"2021-10-13T13:30:00.0000000+00:00","BondSeason","2728.8329146"
"2021-10-13T13:30:00.0000000+00:00","EqBondReversion","3176.03976024"
"2021-10-13T13:30:00.0000000+00:00","RiskPremia","3182.538775"
"2021-10-13T20:00:00.0000000+00:00","PaydaySeason","818.05869490"
"2021-10-13T20:00:00.0000000+00:00","BondSeason","2728.8329146"
"2021-10-13T20:00:00.0000000+00:00","EqBondReversion","3176.03976024"
"2021-10-13T20:00:00.0000000+00:00","RiskPremia","3201.508775"
"2021-10-14T13:30:00.0000000+00:00","PaydaySeason","824.98869490"
"2021-10-14T13:30:00.0000000+00:00","BondSeason","2728.8329146"
"2021-10-14T13:30:00.0000000+00:00","EqBondReversion","3176.03976024"
"2021-10-14T13:30:00.0000000+00:00","RiskPremia","3216.808775"
"2021-10-14T20:00:00.0000000+00:00","PaydaySeason","830.30869490"
"2021-10-14T20:00:00.0000000+00:00","BondSeason","2728.8329146"
"2021-10-14T20:00:00.0000000+00:00","EqBondReversion","3176.03976024"
"2021-10-14T20:00:00.0000000+00:00","RiskPremia","3226.668775"
"2021-10-15T13:30:00.0000000+00:00","PaydaySeason","834.71869490"
"2021-10-15T13:30:00.0000000+00:00","BondSeason","2728.8329146"
"2021-10-15T13:30:00.0000000+00:00","EqBondReversion","3176.03976024"
"2021-10-15T13:30:00.0000000+00:00","RiskPremia","3213.678775"
"2021-10-15T20:00:00.0000000+00:00","PaydaySeason","834.99869490"
"2021-10-15T20:00:00.0000000+00:00","BondSeason","2728.8329146"
"2021-10-15T20:00:00.0000000+00:00","EqBondReversion","3176.03976024"
"2021-10-15T20:00:00.0000000+00:00","RiskPremia","3213.638775"
"2021-10-18T13:30:00.0000000+00:00","PaydaySeason","832.26869490"
"2021-10-18T13:30:00.0000000+00:00","BondSeason","2728.8329146"
"2021-10-18T13:30:00.0000000+00:00","EqBondReversion","3176.03976024"
"2021-10-18T13:30:00.0000000+00:00","RiskPremia","3210.368775"
"2021-10-18T20:00:00.0000000+00:00","PaydaySeason","837.50707490"
"2021-10-18T20:00:00.0000000+00:00","BondSeason","2728.8329146"
"2021-10-18T20:00:00.0000000+00:00","EqBondReversion","3176.03976024"
"2021-10-18T20:00:00.0000000+00:00","RiskPremia","3219.198775"
"2021-10-19T13:30:00.0000000+00:00","PaydaySeason","837.50707490"
"2021-10-19T13:30:00.0000000+00:00","BondSeason","2728.8329146"
"2021-10-19T13:30:00.0000000+00:00","EqBondReversion","3176.03976024"
"2021-10-19T13:30:00.0000000+00:00","RiskPremia","3227.038775"
"2021-10-19T20:00:00.0000000+00:00","PaydaySeason","837.50707490"
"2021-10-19T20:00:00.0000000+00:00","BondSeason","2728.8329146"
"2021-10-19T20:00:00.0000000+00:00","EqBondReversion","3176.03976024"
"2021-10-19T20:00:00.0000000+00:00","RiskPremia","3218.818775"
"2021-10-20T13:30:00.0000000+00:00","PaydaySeason","837.50707490"
"2021-10-20T13:30:00.0000000+00:00","BondSeason","2728.8329146"
"2021-10-20T13:30:00.0000000+00:00","EqBondReversion","3176.03976024"
"2021-10-20T13:30:00.0000000+00:00","RiskPremia","3222.888775"
"2021-10-20T20:00:00.0000000+00:00","PaydaySeason","837.50707490"
"2021-10-20T20:00:00.0000000+00:00","BondSeason","2728.3190146"
"2021-10-20T20:00:00.0000000+00:00","EqBondReversion","3176.03976024"
"2021-10-20T20:00:00.0000000+00:00","RiskPremia","3225.878775"
"2021-10-21T13:30:00.0000000+00:00","PaydaySeason","837.50707490"
"2021-10-21T13:30:00.0000000+00:00","BondSeason","2732.8190146"
"2021-10-21T13:30:00.0000000+00:00","EqBondReversion","3175.43916024"
"2021-10-21T13:30:00.0000000+00:00","RiskPremia","3225.958775"
"2021-10-21T20:00:00.0000000+00:00","PaydaySeason","837.50707490"
"2021-10-21T20:00:00.0000000+00:00","BondSeason","2724.9890146"
"2021-10-21T20:00:00.0000000+00:00","EqBondReversion","3166.30416024"
"2021-10-21T20:00:00.0000000+00:00","RiskPremia","3228.348775"
"2021-10-22T13:30:00.0000000+00:00","PaydaySeason","837.50707490"
"2021-10-22T13:30:00.0000000+00:00","BondSeason","2740.9190146"
"2021-10-22T13:30:00.0000000+00:00","EqBondReversion","3184.88916024"
"2021-10-22T13:30:00.0000000+00:00","RiskPremia","3243.298775"
"2021-10-22T20:00:00.0000000+00:00","PaydaySeason","837.35355090"
"2021-10-22T20:00:00.0000000+00:00","BondSeason","2752.6190146"
"2021-10-22T20:00:00.0000000+00:00","EqBondReversion","3198.53916024"
"2021-10-22T20:00:00.0000000+00:00","RiskPremia","3241.088775"
"2021-10-25T13:30:00.0000000+00:00","PaydaySeason","839.38355090"
"2021-10-25T13:30:00.0000000+00:00","BondSeason","2744.8790146"
"2021-10-25T13:30:00.0000000+00:00","EqBondReversion","3189.50916024"
"2021-10-25T13:30:00.0000000+00:00","RiskPremia","3247.368775"
"2021-10-25T20:00:00.0000000+00:00","PaydaySeason","841.13355090"
"2021-10-25T20:00:00.0000000+00:00","BondSeason","2749.0190146"
"2021-10-25T20:00:00.0000000+00:00","EqBondReversion","3194.33916024"
"2021-10-25T20:00:00.0000000+00:00","RiskPremia","3252.848775"
"2021-10-26T13:30:00.0000000+00:00","PaydaySeason","844.35355090"
"2021-10-26T13:30:00.0000000+00:00","BondSeason","2761.9790146"
"2021-10-26T13:30:00.0000000+00:00","EqBondReversion","3209.45916024"
"2021-10-26T13:30:00.0000000+00:00","RiskPremia","3256.514511"
"2021-10-26T20:00:00.0000000+00:00","PaydaySeason","841.48355090"
"2021-10-26T20:00:00.0000000+00:00","BondSeason","2770.5290146"
"2021-10-26T20:00:00.0000000+00:00","EqBondReversion","3219.43416024"
"2021-10-26T20:00:00.0000000+00:00","RiskPremia","3253.784511"
"2021-10-27T13:30:00.0000000+00:00","PaydaySeason","841.97355090"
"2021-10-27T13:30:00.0000000+00:00","BondSeason","2794.0190146"
"2021-10-27T13:30:00.0000000+00:00","EqBondReversion","3246.83916024"
"2021-10-27T13:30:00.0000000+00:00","RiskPremia","3263.054511"
"2021-10-27T20:00:00.0000000+00:00","PaydaySeason","836.12855090"
"2021-10-27T20:00:00.0000000+00:00","BondSeason","2817.2390146"
"2021-10-27T20:00:00.0000000+00:00","EqBondReversion","3273.92916024"
"2021-10-27T20:00:00.0000000+00:00","RiskPremia","3264.899511"
"2021-10-28T13:30:00.0000000+00:00","PaydaySeason","838.54355090"
"2021-10-28T13:30:00.0000000+00:00","BondSeason","2819.0390146"
"2021-10-28T13:30:00.0000000+00:00","EqBondReversion","3276.02916024"
"2021-10-28T13:30:00.0000000+00:00","RiskPremia","3274.004511"
"2021-10-28T20:00:00.0000000+00:00","PaydaySeason","844.28355090"
"2021-10-28T20:00:00.0000000+00:00","BondSeason","2809.1030146"
"2021-10-28T20:00:00.0000000+00:00","EqBondReversion","3264.43716024"
"2021-10-28T20:00:00.0000000+00:00","RiskPremia","3272.942511"
"2021-10-29T13:30:00.0000000+00:00","PaydaySeason","840.85355090"
"2021-10-29T13:30:00.0000000+00:00","BondSeason","2795.4590146"
"2021-10-29T13:30:00.0000000+00:00","EqBondReversion","3248.51916024"
"2021-10-29T13:30:00.0000000+00:00","RiskPremia","3253.994511"
"2021-10-29T20:00:00.0000000+00:00","PaydaySeason","845.52836090"
"2021-10-29T20:00:00.0000000+00:00","BondSeason","2817.2847646"
"2021-10-29T20:00:00.0000000+00:00","EqBondReversion","3274.56861024"
"2021-10-29T20:00:00.0000000+00:00","RiskPremia","3268.904511"
"2021-11-01T13:30:00.0000000+00:00","PaydaySeason","845.52836090"
"2021-11-01T13:30:00.0000000+00:00","BondSeason","2847.2351096"
"2021-11-01T13:30:00.0000000+00:00","EqBondReversion","3274.56861024"
"2021-11-01T13:30:00.0000000+00:00","RiskPremia","3266.703801"
"2021-11-01T20:00:00.0000000+00:00","PaydaySeason","845.52836090"
"2021-11-01T20:00:00.0000000+00:00","BondSeason","2836.0151096"
"2021-11-01T20:00:00.0000000+00:00","EqBondReversion","3274.56861024"
"2021-11-01T20:00:00.0000000+00:00","RiskPremia","3272.913801"
"2021-11-02T13:30:00.0000000+00:00","PaydaySeason","845.52836090"
"2021-11-02T13:30:00.0000000+00:00","BondSeason","2835.3351096"
"2021-11-02T13:30:00.0000000+00:00","EqBondReversion","3274.56861024"
"2021-11-02T13:30:00.0000000+00:00","RiskPremia","3273.243801"
"2021-11-02T20:00:00.0000000+00:00","PaydaySeason","845.52836090"
"2021-11-02T20:00:00.0000000+00:00","BondSeason","2825.4751096"
"2021-11-02T20:00:00.0000000+00:00","EqBondReversion","3274.56861024"
"2021-11-02T20:00:00.0000000+00:00","RiskPremia","3276.993801"
"2021-11-03T13:30:00.0000000+00:00","PaydaySeason","845.52836090"
"2021-11-03T13:30:00.0000000+00:00","BondSeason","2812.8951096"
"2021-11-03T13:30:00.0000000+00:00","EqBondReversion","3274.56861024"
"2021-11-03T13:30:00.0000000+00:00","RiskPremia","3271.083801"
"2021-11-03T20:00:00.0000000+00:00","PaydaySeason","845.52836090"
"2021-11-03T20:00:00.0000000+00:00","BondSeason","2850.8051096"
"2021-11-03T20:00:00.0000000+00:00","EqBondReversion","3274.56861024"
"2021-11-03T20:00:00.0000000+00:00","RiskPremia","3267.357201"
"2021-11-04T13:30:00.0000000+00:00","PaydaySeason","845.52836090"
"2021-11-04T13:30:00.0000000+00:00","BondSeason","2846.0451096"
"2021-11-04T13:30:00.0000000+00:00","EqBondReversion","3274.56861024"
"2021-11-04T13:30:00.0000000+00:00","RiskPremia","3281.433801"
"2021-11-04T20:00:00.0000000+00:00","PaydaySeason","845.52836090"
"2021-11-04T20:00:00.0000000+00:00","BondSeason","2825.1351096"
"2021-11-04T20:00:00.0000000+00:00","EqBondReversion","3274.56861024"
"2021-11-04T20:00:00.0000000+00:00","RiskPremia","3290.703801"
"2021-11-05T13:30:00.0000000+00:00","PaydaySeason","845.52836090"
"2021-11-05T13:30:00.0000000+00:00","BondSeason","2800.9951096"
"2021-11-05T13:30:00.0000000+00:00","EqBondReversion","3274.56861024"
"2021-11-05T13:30:00.0000000+00:00","RiskPremia","3309.663801"
"2021-11-05T20:00:00.0000000+00:00","PaydaySeason","845.52836090"
"2021-11-05T20:00:00.0000000+00:00","BondSeason","2788.2451096"
"2021-11-05T20:00:00.0000000+00:00","EqBondReversion","3274.56861024"
"2021-11-05T20:00:00.0000000+00:00","RiskPremia","3320.823801"
"2021-11-08T14:30:00.0000000+00:00","PaydaySeason","845.52836090"
"2021-11-08T14:30:00.0000000+00:00","BondSeason","2793.3451096"
"2021-11-08T14:30:00.0000000+00:00","EqBondReversion","3274.56861024"
"2021-11-08T14:30:00.0000000+00:00","RiskPremia","3325.953801"
"2021-11-08T21:00:00.0000000+00:00","PaydaySeason","845.52836090"
"2021-11-08T21:00:00.0000000+00:00","BondSeason","2792.0055096"
"2021-11-08T21:00:00.0000000+00:00","EqBondReversion","3274.56861024"
"2021-11-08T21:00:00.0000000+00:00","RiskPremia","3324.986601"
"2021-11-09T14:30:00.0000000+00:00","PaydaySeason","845.52836090"
"2021-11-09T14:30:00.0000000+00:00","BondSeason","2762.2351096"
"2021-11-09T14:30:00.0000000+00:00","EqBondReversion","3274.56861024"
"2021-11-09T14:30:00.0000000+00:00","RiskPremia","3337.203801"
"2021-11-09T21:00:00.0000000+00:00","PaydaySeason","845.52836090"
"2021-11-09T21:00:00.0000000+00:00","BondSeason","2759.3419136"
"2021-11-09T21:00:00.0000000+00:00","EqBondReversion","3274.56861024"
"2021-11-09T21:00:00.0000000+00:00","RiskPremia","3337.239201"
"2021-11-10T14:30:00.0000000+00:00","PaydaySeason","845.52836090"
"2021-11-10T14:30:00.0000000+00:00","BondSeason","2759.3419136"
"2021-11-10T14:30:00.0000000+00:00","EqBondReversion","3274.56861024"
"2021-11-10T14:30:00.0000000+00:00","RiskPremia","3345.933801"
"2021-11-10T21:00:00.0000000+00:00","PaydaySeason","845.37140690"
"2021-11-10T21:00:00.0000000+00:00","BondSeason","2759.3419136"
"2021-11-10T21:00:00.0000000+00:00","EqBondReversion","3274.56861024"
"2021-11-10T21:00:00.0000000+00:00","RiskPremia","3322.653801"
"2021-11-11T14:30:00.0000000+00:00","PaydaySeason","848.73140690"
"2021-11-11T14:30:00.0000000+00:00","BondSeason","2759.3419136"
"2021-11-11T14:30:00.0000000+00:00","EqBondReversion","3274.56861024"
"2021-11-11T14:30:00.0000000+00:00","RiskPremia","3333.453801"
"2021-11-11T21:00:00.0000000+00:00","PaydaySeason","846.35140690"
"2021-11-11T21:00:00.0000000+00:00","BondSeason","2759.3419136"
"2021-11-11T21:00:00.0000000+00:00","EqBondReversion","3274.56861024"
"2021-11-11T21:00:00.0000000+00:00","RiskPremia","3327.933801"
"2021-11-12T14:30:00.0000000+00:00","PaydaySeason","849.22140690"
"2021-11-12T14:30:00.0000000+00:00","BondSeason","2759.3419136"
"2021-11-12T14:30:00.0000000+00:00","EqBondReversion","3274.56861024"
"2021-11-12T14:30:00.0000000+00:00","RiskPremia","3328.323801"
"2021-11-12T21:00:00.0000000+00:00","PaydaySeason","852.30140690"
"2021-11-12T21:00:00.0000000+00:00","BondSeason","2759.3419136"
"2021-11-12T21:00:00.0000000+00:00","EqBondReversion","3274.56861024"
"2021-11-12T21:00:00.0000000+00:00","RiskPremia","3333.243801"
"2021-11-15T14:30:00.0000000+00:00","PaydaySeason","854.33140690"
"2021-11-15T14:30:00.0000000+00:00","BondSeason","2759.3419136"
"2021-11-15T14:30:00.0000000+00:00","EqBondReversion","3274.56861024"
"2021-11-15T14:30:00.0000000+00:00","RiskPremia","3331.473801"
"2021-11-15T21:00:00.0000000+00:00","PaydaySeason","852.16140690"
"2021-11-15T21:00:00.0000000+00:00","BondSeason","2759.3419136"
"2021-11-15T21:00:00.0000000+00:00","EqBondReversion","3274.56861024"
"2021-11-15T21:00:00.0000000+00:00","RiskPremia","3320.283801"
"2021-11-16T14:30:00.0000000+00:00","PaydaySeason","851.95140690"
"2021-11-16T14:30:00.0000000+00:00","BondSeason","2759.3419136"
"2021-11-16T14:30:00.0000000+00:00","EqBondReversion","3274.56861024"
"2021-11-16T14:30:00.0000000+00:00","RiskPremia","3320.673801"
"2021-11-16T21:00:00.0000000+00:00","PaydaySeason","855.29243690"
"2021-11-16T21:00:00.0000000+00:00","BondSeason","2759.3419136"
"2021-11-16T21:00:00.0000000+00:00","EqBondReversion","3274.56861024"
"2021-11-16T21:00:00.0000000+00:00","RiskPremia","3315.513801"
"2021-11-17T14:30:00.0000000+00:00","PaydaySeason","855.29243690"
"2021-11-17T14:30:00.0000000+00:00","BondSeason","2759.3419136"
"2021-11-17T14:30:00.0000000+00:00","EqBondReversion","3274.56861024"
"2021-11-17T14:30:00.0000000+00:00","RiskPremia","3318.993801"
"2021-11-17T21:00:00.0000000+00:00","PaydaySeason","855.29243690"
"2021-11-17T21:00:00.0000000+00:00","BondSeason","2759.3419136"
"2021-11-17T21:00:00.0000000+00:00","EqBondReversion","3274.56861024"
"2021-11-17T21:00:00.0000000+00:00","RiskPremia","3327.080901"
"2021-11-18T14:30:00.0000000+00:00","PaydaySeason","855.29243690"
"2021-11-18T14:30:00.0000000+00:00","BondSeason","2759.3419136"
"2021-11-18T14:30:00.0000000+00:00","EqBondReversion","3274.56861024"
"2021-11-18T14:30:00.0000000+00:00","RiskPremia","3325.364001"
"2021-11-18T21:00:00.0000000+00:00","PaydaySeason","855.29243690"
"2021-11-18T21:00:00.0000000+00:00","BondSeason","2758.8427596"
"2021-11-18T21:00:00.0000000+00:00","EqBondReversion","3274.56861024"
"2021-11-18T21:00:00.0000000+00:00","RiskPremia","3328.923801"
"2021-11-19T14:30:00.0000000+00:00","PaydaySeason","855.29243690"
"2021-11-19T14:30:00.0000000+00:00","BondSeason","2771.9327596"
"2021-11-19T14:30:00.0000000+00:00","EqBondReversion","3273.97829024"
"2021-11-19T14:30:00.0000000+00:00","RiskPremia","3332.823801"
"2021-11-19T21:00:00.0000000+00:00","PaydaySeason","855.29243690"
"2021-11-19T21:00:00.0000000+00:00","BondSeason","2785.1927596"
"2021-11-19T21:00:00.0000000+00:00","EqBondReversion","3289.57829024"
"2021-11-19T21:00:00.0000000+00:00","RiskPremia","3328.233801"
"2021-11-22T14:30:00.0000000+00:00","PaydaySeason","855.29243690"
"2021-11-22T14:30:00.0000000+00:00","BondSeason","2768.8727596"
"2021-11-22T14:30:00.0000000+00:00","EqBondReversion","3270.37829024"
"2021-11-22T14:30:00.0000000+00:00","RiskPremia","3310.233801"
"2021-11-22T21:00:00.0000000+00:00","PaydaySeason","855.13502090"
"2021-11-22T21:00:00.0000000+00:00","BondSeason","2755.4427596"
"2021-11-22T21:00:00.0000000+00:00","EqBondReversion","3254.57829024"
"2021-11-22T21:00:00.0000000+00:00","RiskPremia","3290.463801"
"2021-11-23T14:30:00.0000000+00:00","PaydaySeason","854.50502090"
"2021-11-23T14:30:00.0000000+00:00","BondSeason","2743.8827596"
"2021-11-23T14:30:00.0000000+00:00","EqBondReversion","3240.97829024"
"2021-11-23T14:30:00.0000000+00:00","RiskPremia","3276.916731"
"2021-11-23T21:00:00.0000000+00:00","PaydaySeason","855.62502090"
"2021-11-23T21:00:00.0000000+00:00","BondSeason","2720.0827596"
"2021-11-23T21:00:00.0000000+00:00","EqBondReversion","3212.97829024"
"2021-11-23T21:00:00.0000000+00:00","RiskPremia","3270.111331"
"2021-11-24T14:30:00.0000000+00:00","PaydaySeason","852.47502090"
"2021-11-24T14:30:00.0000000+00:00","BondSeason","2727.0527596"
"2021-11-24T14:30:00.0000000+00:00","EqBondReversion","3221.17829024"
"2021-11-24T14:30:00.0000000+00:00","RiskPremia","3264.291331"
"2021-11-24T21:00:00.0000000+00:00","PaydaySeason","857.93502090"
"2021-11-24T21:00:00.0000000+00:00","BondSeason","2759.0127596"
"2021-11-24T21:00:00.0000000+00:00","EqBondReversion","3258.77829024"
"2021-11-24T21:00:00.0000000+00:00","RiskPremia","3286.076731"
"2021-11-26T14:30:00.0000000+00:00","PaydaySeason","845.75502090"
"2021-11-26T14:30:00.0000000+00:00","BondSeason","2793.1827596"
"2021-11-26T14:30:00.0000000+00:00","EqBondReversion","3298.97829024"
"2021-11-26T14:30:00.0000000+00:00","RiskPremia","3289.911331"
"2021-11-26T18:00:00.0000000+00:00","PaydaySeason","840.29502090"
"2021-11-26T18:00:00.0000000+00:00","BondSeason","2821.4027596"
"2021-11-26T18:00:00.0000000+00:00","EqBondReversion","3332.17829024"
"2021-11-26T18:00:00.0000000+00:00","RiskPremia","3281.811331"
"2021-11-29T14:30:00.0000000+00:00","PaydaySeason","848.27502090"
"2021-11-29T14:30:00.0000000+00:00","BondSeason","2784.3427596"
"2021-11-29T14:30:00.0000000+00:00","EqBondReversion","3288.57829024"
"2021-11-29T14:30:00.0000000+00:00","RiskPremia","3280.131331"
"2021-11-29T21:00:00.0000000+00:00","PaydaySeason","848.06502090"
"2021-11-29T21:00:00.0000000+00:00","BondSeason","2801.0027596"
"2021-11-29T21:00:00.0000000+00:00","EqBondReversion","3308.17829024"
"2021-11-29T21:00:00.0000000+00:00","RiskPremia","3284.631331"
"2021-11-30T14:30:00.0000000+00:00","PaydaySeason","844.70502090"
"2021-11-30T14:30:00.0000000+00:00","BondSeason","2826.6727596"
"2021-11-30T14:30:00.0000000+00:00","EqBondReversion","3338.37829024"
"2021-11-30T14:30:00.0000000+00:00","RiskPremia","3295.371331"
"2021-11-30T21:00:00.0000000+00:00","PaydaySeason","832.65207090"
"2021-11-30T21:00:00.0000000+00:00","BondSeason","2840.0915396"
"2021-11-30T21:00:00.0000000+00:00","EqBondReversion","3354.77169024"
"2021-11-30T21:00:00.0000000+00:00","RiskPremia","3270.241331"
"2021-12-01T14:30:00.0000000+00:00","PaydaySeason","832.65207090"
"2021-12-01T14:30:00.0000000+00:00","BondSeason","2856.6808366"
"2021-12-01T14:30:00.0000000+00:00","EqBondReversion","3354.77169024"
"2021-12-01T14:30:00.0000000+00:00","RiskPremia","3285.516285"
"2021-12-01T21:00:00.0000000+00:00","PaydaySeason","832.65207090"
"2021-12-01T21:00:00.0000000+00:00","BondSeason","2825.9108366"
"2021-12-01T21:00:00.0000000+00:00","EqBondReversion","3354.77169024"
"2021-12-01T21:00:00.0000000+00:00","RiskPremia","3263.096285"
"2021-12-02T14:30:00.0000000+00:00","PaydaySeason","832.65207090"
"2021-12-02T14:30:00.0000000+00:00","BondSeason","2815.3708366"
"2021-12-02T14:30:00.0000000+00:00","EqBondReversion","3354.77169024"
"2021-12-02T14:30:00.0000000+00:00","RiskPremia","3266.796285"
"2021-12-02T21:00:00.0000000+00:00","PaydaySeason","832.65207090"
"2021-12-02T21:00:00.0000000+00:00","BondSeason","2821.6608366"
"2021-12-02T21:00:00.0000000+00:00","EqBondReversion","3354.77169024"
"2021-12-02T21:00:00.0000000+00:00","RiskPremia","3276.516285"
"2021-12-03T14:30:00.0000000+00:00","PaydaySeason","832.65207090"
"2021-12-03T14:30:00.0000000+00:00","BondSeason","2836.4508366"
"2021-12-03T14:30:00.0000000+00:00","EqBondReversion","3354.77169024"
"2021-12-03T14:30:00.0000000+00:00","RiskPremia","3277.556285"
"2021-12-03T21:00:00.0000000+00:00","PaydaySeason","832.65207090"
"2021-12-03T21:00:00.0000000+00:00","BondSeason","2791.2308366"
"2021-12-03T21:00:00.0000000+00:00","EqBondReversion","3354.77169024"
"2021-12-03T21:00:00.0000000+00:00","RiskPremia","3283.896285"
"2021-12-06T14:30:00.0000000+00:00","PaydaySeason","832.65207090"
"2021-12-06T14:30:00.0000000+00:00","BondSeason","2796.1608366"
"2021-12-06T14:30:00.0000000+00:00","EqBondReversion","3354.77169024"
"2021-12-06T14:30:00.0000000+00:00","RiskPremia","3285.056285"
"2021-12-06T21:00:00.0000000+00:00","PaydaySeason","832.65207090"
"2021-12-06T21:00:00.0000000+00:00","BondSeason","2827.1008366"
"2021-12-06T21:00:00.0000000+00:00","EqBondReversion","3354.77169024"
"2021-12-06T21:00:00.0000000+00:00","RiskPremia","3282.176285"
"2021-12-07T14:30:00.0000000+00:00","PaydaySeason","832.65207090"
"2021-12-07T14:30:00.0000000+00:00","BondSeason","2835.7708366"
"2021-12-07T14:30:00.0000000+00:00","EqBondReversion","3354.77169024"
"2021-12-07T14:30:00.0000000+00:00","RiskPremia","3294.156285"
"2021-12-07T21:00:00.0000000+00:00","PaydaySeason","832.65207090"
"2021-12-07T21:00:00.0000000+00:00","BondSeason","2848.1808366"
"2021-12-07T21:00:00.0000000+00:00","EqBondReversion","3354.77169024"
"2021-12-07T21:00:00.0000000+00:00","RiskPremia","3301.376285"
"2021-12-08T14:30:00.0000000+00:00","PaydaySeason","832.65207090"
"2021-12-08T14:30:00.0000000+00:00","BondSeason","2857.0208366"
"2021-12-08T14:30:00.0000000+00:00","EqBondReversion","3354.77169024"
"2021-12-08T14:30:00.0000000+00:00","RiskPremia","3299.445285"
"2021-12-08T21:00:00.0000000+00:00","PaydaySeason","832.65207090"
"2021-12-08T21:00:00.0000000+00:00","BondSeason","2892.8908366"
"2021-12-08T21:00:00.0000000+00:00","EqBondReversion","3354.77169024"
"2021-12-08T21:00:00.0000000+00:00","RiskPremia","3290.905285"
"2021-12-09T14:30:00.0000000+00:00","PaydaySeason","832.65207090"
"2021-12-09T14:30:00.0000000+00:00","BondSeason","2876.2308366"
"2021-12-09T14:30:00.0000000+00:00","EqBondReversion","3354.77169024"
"2021-12-09T14:30:00.0000000+00:00","RiskPremia","3292.065285"
"2021-12-09T21:00:00.0000000+00:00","PaydaySeason","832.65207090"
"2021-12-09T21:00:00.0000000+00:00","BondSeason","2877.4234206"
"2021-12-09T21:00:00.0000000+00:00","EqBondReversion","3354.77169024"
"2021-12-09T21:00:00.0000000+00:00","RiskPremia","3279.935285"
"2021-12-10T14:30:00.0000000+00:00","PaydaySeason","832.65207090"
"2021-12-10T14:30:00.0000000+00:00","BondSeason","2877.4234206"
"2021-12-10T14:30:00.0000000+00:00","EqBondReversion","3354.77169024"
"2021-12-10T14:30:00.0000000+00:00","RiskPremia","3296.425285"
"2021-12-10T21:00:00.0000000+00:00","PaydaySeason","832.49569090"
"2021-12-10T21:00:00.0000000+00:00","BondSeason","2877.4234206"
"2021-12-10T21:00:00.0000000+00:00","EqBondReversion","3354.77169024"
"2021-12-10T21:00:00.0000000+00:00","RiskPremia","3289.425285"
"2021-12-13T14:30:00.0000000+00:00","PaydaySeason","831.86569090"
"2021-12-13T14:30:00.0000000+00:00","BondSeason","2877.4234206"
"2021-12-13T14:30:00.0000000+00:00","EqBondReversion","3354.77169024"
"2021-12-13T14:30:00.0000000+00:00","RiskPremia","3299.985285"
"2021-12-13T21:00:00.0000000+00:00","PaydaySeason","825.07569090"
"2021-12-13T21:00:00.0000000+00:00","BondSeason","2877.4234206"
"2021-12-13T21:00:00.0000000+00:00","EqBondReversion","3354.77169024"
"2021-12-13T21:00:00.0000000+00:00","RiskPremia","3294.215285"
"2021-12-14T14:30:00.0000000+00:00","PaydaySeason","818.70569090"
"2021-12-14T14:30:00.0000000+00:00","BondSeason","2877.4234206"
"2021-12-14T14:30:00.0000000+00:00","EqBondReversion","3354.77169024"
"2021-12-14T14:30:00.0000000+00:00","RiskPremia","3271.705285"
"2021-12-14T21:00:00.0000000+00:00","PaydaySeason","819.61569090"
"2021-12-14T21:00:00.0000000+00:00","BondSeason","2877.4234206"
"2021-12-14T21:00:00.0000000+00:00","EqBondReversion","3354.77169024"
"2021-12-14T21:00:00.0000000+00:00","RiskPremia","3275.465285"
"2021-12-15T14:30:00.0000000+00:00","PaydaySeason","819.82569090"
"2021-12-15T14:30:00.0000000+00:00","BondSeason","2877.4234206"
"2021-12-15T14:30:00.0000000+00:00","EqBondReversion","3354.77169024"
"2021-12-15T14:30:00.0000000+00:00","RiskPremia","3268.888685"
"2021-12-15T21:00:00.0000000+00:00","PaydaySeason","831.16569090"
"2021-12-15T21:00:00.0000000+00:00","BondSeason","2877.4234206"
"2021-12-15T21:00:00.0000000+00:00","EqBondReversion","3354.77169024"
"2021-12-15T21:00:00.0000000+00:00","RiskPremia","3287.435285"
"2021-12-16T14:30:00.0000000+00:00","PaydaySeason","835.22569090"
"2021-12-16T14:30:00.0000000+00:00","BondSeason","2877.4234206"
"2021-12-16T14:30:00.0000000+00:00","EqBondReversion","3354.77169024"
"2021-12-16T14:30:00.0000000+00:00","RiskPremia","3295.866057"
"2021-12-16T21:00:00.0000000+00:00","PaydaySeason","822.96118690"
"2021-12-16T21:00:00.0000000+00:00","BondSeason","2877.4234206"
"2021-12-16T21:00:00.0000000+00:00","EqBondReversion","3354.77169024"
"2021-12-16T21:00:00.0000000+00:00","RiskPremia","3288.166057"
"2021-12-17T14:30:00.0000000+00:00","PaydaySeason","822.96118690"
"2021-12-17T14:30:00.0000000+00:00","BondSeason","2877.4234206"
"2021-12-17T14:30:00.0000000+00:00","EqBondReversion","3354.77169024"
"2021-12-17T14:30:00.0000000+00:00","RiskPremia","3292.896057"
"2021-12-17T21:00:00.0000000+00:00","PaydaySeason","822.96118690"
"2021-12-17T21:00:00.0000000+00:00","BondSeason","2877.4234206"
"2021-12-17T21:00:00.0000000+00:00","EqBondReversion","3354.77169024"
"2021-12-17T21:00:00.0000000+00:00","RiskPremia","3288.030057"
"2021-12-20T14:30:00.0000000+00:00","PaydaySeason","822.96118690"
"2021-12-20T14:30:00.0000000+00:00","BondSeason","2877.4234206"
"2021-12-20T14:30:00.0000000+00:00","EqBondReversion","3354.77169024"
"2021-12-20T14:30:00.0000000+00:00","RiskPremia","3276.066057"
"2021-12-20T21:00:00.0000000+00:00","PaydaySeason","822.96118690"
"2021-12-20T21:00:00.0000000+00:00","BondSeason","2877.4234206"
"2021-12-20T21:00:00.0000000+00:00","EqBondReversion","3354.77169024"
"2021-12-20T21:00:00.0000000+00:00","RiskPremia","3264.981057"
"2021-12-21T14:30:00.0000000+00:00","PaydaySeason","822.96118690"
"2021-12-21T14:30:00.0000000+00:00","BondSeason","2877.4234206"
"2021-12-21T14:30:00.0000000+00:00","EqBondReversion","3354.18222624"
"2021-12-21T14:30:00.0000000+00:00","RiskPremia","3268.396057"
"2021-12-21T21:00:00.0000000+00:00","PaydaySeason","822.96118690"
"2021-12-21T21:00:00.0000000+00:00","BondSeason","2876.9164466"
"2021-12-21T21:00:00.0000000+00:00","EqBondReversion","3388.20222624"
"2021-12-21T21:00:00.0000000+00:00","RiskPremia","3281.631057"
"2021-12-22T14:30:00.0000000+00:00","PaydaySeason","822.96118690"
"2021-12-22T14:30:00.0000000+00:00","BondSeason","2887.4564466"
"2021-12-22T14:30:00.0000000+00:00","EqBondReversion","3385.23222624"
"2021-12-22T14:30:00.0000000+00:00","RiskPremia","3288.781933"
"2021-12-22T21:00:00.0000000+00:00","PaydaySeason","822.80512890"
"2021-12-22T21:00:00.0000000+00:00","BondSeason","2888.9014466"
"2021-12-22T21:00:00.0000000+00:00","EqBondReversion","3416.55222624"
"2021-12-22T21:00:00.0000000+00:00","RiskPremia","3304.671933"
"2021-12-23T14:30:00.0000000+00:00","PaydaySeason","824.90512890"
"2021-12-23T14:30:00.0000000+00:00","BondSeason","2885.0764466"
"2021-12-23T14:30:00.0000000+00:00","EqBondReversion","3424.65222624"
"2021-12-23T14:30:00.0000000+00:00","RiskPremia","3306.941933"
"2021-12-23T21:00:00.0000000+00:00","PaydaySeason","827.91512890"
"2021-12-23T21:00:00.0000000+00:00","BondSeason","2866.5464466"
"2021-12-23T21:00:00.0000000+00:00","EqBondReversion","3436.26222624"
"2021-12-23T21:00:00.0000000+00:00","RiskPremia","3305.061933"
"2021-12-27T14:30:00.0000000+00:00","PaydaySeason","830.08512890"
"2021-12-27T14:30:00.0000000+00:00","BondSeason","2866.0364466"
"2021-12-27T14:30:00.0000000+00:00","EqBondReversion","3444.63222624"
"2021-12-27T14:30:00.0000000+00:00","RiskPremia","3306.751933"
"2021-12-27T21:00:00.0000000+00:00","PaydaySeason","838.27512890"
"2021-12-27T21:00:00.0000000+00:00","BondSeason","2872.6664466"
"2021-12-27T21:00:00.0000000+00:00","EqBondReversion","3476.22222624"
"2021-12-27T21:00:00.0000000+00:00","RiskPremia","3321.196933"
"2021-12-28T14:30:00.0000000+00:00","PaydaySeason","839.04512890"
"2021-12-28T14:30:00.0000000+00:00","BondSeason","2885.0764466"
"2021-12-28T14:30:00.0000000+00:00","EqBondReversion","3479.19222624"
"2021-12-28T14:30:00.0000000+00:00","RiskPremia","3325.541933"
"2021-12-28T21:00:00.0000000+00:00","PaydaySeason","836.52512890"
"2021-12-28T21:00:00.0000000+00:00","BondSeason","2862.8064466"
"2021-12-28T21:00:00.0000000+00:00","EqBondReversion","3469.47222624"
"2021-12-28T21:00:00.0000000+00:00","RiskPremia","3311.141933"
"2021-12-29T14:30:00.0000000+00:00","PaydaySeason","837.29512890"
"2021-12-29T14:30:00.0000000+00:00","BondSeason","2839.6864466"
"2021-12-29T14:30:00.0000000+00:00","EqBondReversion","3472.44222624"
"2021-12-29T14:30:00.0000000+00:00","RiskPremia","3295.931933"
"2021-12-29T21:00:00.0000000+00:00","PaydaySeason","837.85512890"
"2021-12-29T21:00:00.0000000+00:00","BondSeason","2835.2664466"
"2021-12-29T21:00:00.0000000+00:00","EqBondReversion","3474.60222624"
"2021-12-29T21:00:00.0000000+00:00","RiskPremia","3302.636933"
"2021-12-30T14:30:00.0000000+00:00","PaydaySeason","838.19672890"
"2021-12-30T14:30:00.0000000+00:00","BondSeason","2845.2964466"
"2021-12-30T14:30:00.0000000+00:00","EqBondReversion","3475.91982624"
"2021-12-30T14:30:00.0000000+00:00","RiskPremia","3305.042333"
"2021-12-30T21:00:00.0000000+00:00","PaydaySeason","836.02672890"
"2021-12-30T21:00:00.0000000+00:00","BondSeason","2856.1764466"
"2021-12-30T21:00:00.0000000+00:00","EqBondReversion","3467.54982624"
"2021-12-30T21:00:00.0000000+00:00","RiskPremia","3315.552333"
"2021-12-31T14:30:00.0000000+00:00","PaydaySeason","835.67672890"
"2021-12-31T14:30:00.0000000+00:00","BondSeason","2854.6464466"
"2021-12-31T14:30:00.0000000+00:00","EqBondReversion","3466.19982624"
"2021-12-31T14:30:00.0000000+00:00","RiskPremia","3319.492333"
"2021-12-31T21:00:00.0000000+00:00","PaydaySeason","833.62850090"
"2021-12-31T21:00:00.0000000+00:00","BondSeason","2859.4190946"
"2021-12-31T21:00:00.0000000+00:00","EqBondReversion","3458.29951824"
"2021-12-31T21:00:00.0000000+00:00","RiskPremia","3322.422333"
"2022-01-03T14:30:00.0000000+00:00","PaydaySeason","833.62850090"
"2022-01-03T14:30:00.0000000+00:00","BondSeason","2888.8290946"
"2022-01-03T14:30:00.0000000+00:00","EqBondReversion","3458.29951824"
"2022-01-03T14:30:00.0000000+00:00","RiskPremia","3301.292333"
"2022-01-03T21:00:00.0000000+00:00","PaydaySeason","833.62850090"
"2022-01-03T21:00:00.0000000+00:00","BondSeason","2924.5290946"
"2022-01-03T21:00:00.0000000+00:00","EqBondReversion","3458.29951824"
"2022-01-03T21:00:00.0000000+00:00","RiskPremia","3287.482333"
"2022-01-04T14:30:00.0000000+00:00","PaydaySeason","833.62850090"
"2022-01-04T14:30:00.0000000+00:00","BondSeason","2936.4290946"
"2022-01-04T14:30:00.0000000+00:00","EqBondReversion","3458.29951824"
"2022-01-04T14:30:00.0000000+00:00","RiskPremia","3290.672333"
"2022-01-04T21:00:00.0000000+00:00","PaydaySeason","833.62850090"
"2022-01-04T21:00:00.0000000+00:00","BondSeason","2935.0690946"
"2022-01-04T21:00:00.0000000+00:00","EqBondReversion","3458.29951824"
"2022-01-04T21:00:00.0000000+00:00","RiskPremia","3290.572333"
"2022-01-05T14:30:00.0000000+00:00","PaydaySeason","833.62850090"
"2022-01-05T14:30:00.0000000+00:00","BondSeason","2927.5890946"
"2022-01-05T14:30:00.0000000+00:00","EqBondReversion","3458.29951824"
"2022-01-05T14:30:00.0000000+00:00","RiskPremia","3299.652333"
"2022-01-05T21:00:00.0000000+00:00","PaydaySeason","833.62850090"
"2022-01-05T21:00:00.0000000+00:00","BondSeason","2947.3090946"
"2022-01-05T21:00:00.0000000+00:00","EqBondReversion","3458.29951824"
"2022-01-05T21:00:00.0000000+00:00","RiskPremia","3263.057333"
"2022-01-06T14:30:00.0000000+00:00","PaydaySeason","833.62850090"
"2022-01-06T14:30:00.0000000+00:00","BondSeason","2953.5990946"
"2022-01-06T14:30:00.0000000+00:00","EqBondReversion","3458.29951824"
"2022-01-06T14:30:00.0000000+00:00","RiskPremia","3248.702333"
"2022-01-06T21:00:00.0000000+00:00","PaydaySeason","833.62850090"
"2022-01-06T21:00:00.0000000+00:00","BondSeason","2941.5290946"
"2022-01-06T21:00:00.0000000+00:00","EqBondReversion","3458.29951824"
"2022-01-06T21:00:00.0000000+00:00","RiskPremia","3251.292333"
"2022-01-07T14:30:00.0000000+00:00","PaydaySeason","833.62850090"
"2022-01-07T14:30:00.0000000+00:00","BondSeason","2944.5890946"
"2022-01-07T14:30:00.0000000+00:00","EqBondReversion","3458.29951824"
"2022-01-07T14:30:00.0000000+00:00","RiskPremia","3254.032333"
"2022-01-07T21:00:00.0000000+00:00","PaydaySeason","833.62850090"
"2022-01-07T21:00:00.0000000+00:00","BondSeason","2958.5290946"
"2022-01-07T21:00:00.0000000+00:00","EqBondReversion","3458.29951824"
"2022-01-07T21:00:00.0000000+00:00","RiskPremia","3246.376233"
"2022-01-10T14:30:00.0000000+00:00","PaydaySeason","833.62850090"
"2022-01-10T14:30:00.0000000+00:00","BondSeason","2969.7490946"
"2022-01-10T14:30:00.0000000+00:00","EqBondReversion","3458.29951824"
"2022-01-10T14:30:00.0000000+00:00","RiskPremia","3233.692333"
"2022-01-10T21:00:00.0000000+00:00","PaydaySeason","833.62850090"
"2022-01-10T21:00:00.0000000+00:00","BondSeason","2952.4090946"
"2022-01-10T21:00:00.0000000+00:00","EqBondReversion","3458.29951824"
"2022-01-10T21:00:00.0000000+00:00","RiskPremia","3249.862333"
"2022-01-11T14:30:00.0000000+00:00","PaydaySeason","833.62850090"
"2022-01-11T14:30:00.0000000+00:00","BondSeason","2948.8390946"
"2022-01-11T14:30:00.0000000+00:00","EqBondReversion","3458.29951824"
"2022-01-11T14:30:00.0000000+00:00","RiskPremia","3253.562333"
"2022-01-11T21:00:00.0000000+00:00","PaydaySeason","833.62850090"
"2022-01-11T21:00:00.0000000+00:00","BondSeason","2936.9610246"
"2022-01-11T21:00:00.0000000+00:00","EqBondReversion","3458.29951824"
"2022-01-11T21:00:00.0000000+00:00","RiskPremia","3278.132333"
"2022-01-12T14:30:00.0000000+00:00","PaydaySeason","833.62850090"
"2022-01-12T14:30:00.0000000+00:00","BondSeason","2936.9610246"
"2022-01-12T14:30:00.0000000+00:00","EqBondReversion","3458.29951824"
"2022-01-12T14:30:00.0000000+00:00","RiskPremia","3282.532333"
"2022-01-12T21:00:00.0000000+00:00","PaydaySeason","833.47221890"
"2022-01-12T21:00:00.0000000+00:00","BondSeason","2936.9610246"
"2022-01-12T21:00:00.0000000+00:00","EqBondReversion","3458.29951824"
"2022-01-12T21:00:00.0000000+00:00","RiskPremia","3278.752333"
"2022-01-13T14:30:00.0000000+00:00","PaydaySeason","835.43221890"
"2022-01-13T14:30:00.0000000+00:00","BondSeason","2936.9610246"
"2022-01-13T14:30:00.0000000+00:00","EqBondReversion","3458.29951824"
"2022-01-13T14:30:00.0000000+00:00","RiskPremia","3279.552333"
"2022-01-13T21:00:00.0000000+00:00","PaydaySeason","822.34221890"
"2022-01-13T21:00:00.0000000+00:00","BondSeason","2936.9610246"
"2022-01-13T21:00:00.0000000+00:00","EqBondReversion","3458.29951824"
"2022-01-13T21:00:00.0000000+00:00","RiskPremia","3270.359333"
"2022-01-14T14:30:00.0000000+00:00","PaydaySeason","820.03221890"
"2022-01-14T14:30:00.0000000+00:00","BondSeason","2936.9610246"
"2022-01-14T14:30:00.0000000+00:00","EqBondReversion","3458.29951824"
"2022-01-14T14:30:00.0000000+00:00","RiskPremia","3262.742333"
"2022-01-14T21:00:00.0000000+00:00","PaydaySeason","822.34221890"
"2022-01-14T21:00:00.0000000+00:00","BondSeason","2936.9610246"
"2022-01-14T21:00:00.0000000+00:00","EqBondReversion","3458.29951824"
"2022-01-14T21:00:00.0000000+00:00","RiskPremia","3254.592333"
"2022-01-18T14:30:00.0000000+00:00","PaydaySeason","814.01221890"
"2022-01-18T14:30:00.0000000+00:00","BondSeason","2936.9610246"
"2022-01-18T14:30:00.0000000+00:00","EqBondReversion","3458.29951824"
"2022-01-18T14:30:00.0000000+00:00","RiskPremia","3236.832333"
"2022-01-18T21:00:00.0000000+00:00","PaydaySeason","807.57221890"
"2022-01-18T21:00:00.0000000+00:00","BondSeason","2936.9610246"
"2022-01-18T21:00:00.0000000+00:00","EqBondReversion","3458.29951824"
"2022-01-18T21:00:00.0000000+00:00","RiskPremia","3223.157333"
"2022-01-19T14:30:00.0000000+00:00","PaydaySeason","810.16221890"
"2022-01-19T14:30:00.0000000+00:00","BondSeason","2936.9610246"
"2022-01-19T14:30:00.0000000+00:00","EqBondReversion","3458.29951824"
"2022-01-19T14:30:00.0000000+00:00","RiskPremia","3234.732333"
"2022-01-19T21:00:00.0000000+00:00","PaydaySeason","799.30274090"
"2022-01-19T21:00:00.0000000+00:00","BondSeason","2936.9610246"
"2022-01-19T21:00:00.0000000+00:00","EqBondReversion","3458.29951824"
"2022-01-19T21:00:00.0000000+00:00","RiskPremia","3237.986233"
"2022-01-20T14:30:00.0000000+00:00","PaydaySeason","799.30274090"
"2022-01-20T14:30:00.0000000+00:00","BondSeason","2936.9610246"
"2022-01-20T14:30:00.0000000+00:00","EqBondReversion","3458.29951824"
"2022-01-20T14:30:00.0000000+00:00","RiskPremia","3244.872333"
"2022-01-20T21:00:00.0000000+00:00","PaydaySeason","799.30274090"
"2022-01-20T21:00:00.0000000+00:00","BondSeason","2936.4498966"
"2022-01-20T21:00:00.0000000+00:00","EqBondReversion","3458.29951824"
"2022-01-20T21:00:00.0000000+00:00","RiskPremia","3229.492333"
"2022-01-21T14:30:00.0000000+00:00","PaydaySeason","799.30274090"
"2022-01-21T14:30:00.0000000+00:00","BondSeason","2962.0098966"
"2022-01-21T14:30:00.0000000+00:00","EqBondReversion","3458.29951824"
"2022-01-21T14:30:00.0000000+00:00","RiskPremia","3237.542333"
"2022-01-21T21:00:00.0000000+00:00","PaydaySeason","799.30274090"
"2022-01-21T21:00:00.0000000+00:00","BondSeason","2967.2298966"
"2022-01-21T21:00:00.0000000+00:00","EqBondReversion","3458.29951824"
"2022-01-21T21:00:00.0000000+00:00","RiskPremia","3220.062333"
"2022-01-24T14:30:00.0000000+00:00","PaydaySeason","799.30274090"
"2022-01-24T14:30:00.0000000+00:00","BondSeason","2978.2098966"
"2022-01-24T14:30:00.0000000+00:00","EqBondReversion","3457.70878824"
"2022-01-24T14:30:00.0000000+00:00","RiskPremia","3215.512333"
"2022-01-24T21:00:00.0000000+00:00","PaydaySeason","799.30274090"
"2022-01-24T21:00:00.0000000+00:00","BondSeason","2945.8098966"
"2022-01-24T21:00:00.0000000+00:00","EqBondReversion","3521.50878824"
"2022-01-24T21:00:00.0000000+00:00","RiskPremia","3223.532333"
"2022-01-25T14:30:00.0000000+00:00","PaydaySeason","799.30274090"
"2022-01-25T14:30:00.0000000+00:00","BondSeason","2956.7898966"
"2022-01-25T14:30:00.0000000+00:00","EqBondReversion","3477.42878824"
"2022-01-25T14:30:00.0000000+00:00","RiskPremia","3215.032333"
"2022-01-25T21:00:00.0000000+00:00","PaydaySeason","799.15915690"
"2022-01-25T21:00:00.0000000+00:00","BondSeason","2940.0498966"
"2022-01-25T21:00:00.0000000+00:00","EqBondReversion","3478.29878824"
"2022-01-25T21:00:00.0000000+00:00","RiskPremia","3213.352333"
"2022-01-26T14:30:00.0000000+00:00","PaydaySeason","810.49915690"
"2022-01-26T14:30:00.0000000+00:00","BondSeason","2941.4898966"
"2022-01-26T14:30:00.0000000+00:00","EqBondReversion","3525.27878824"
"2022-01-26T14:30:00.0000000+00:00","RiskPremia","3219.472333"
"2022-01-26T21:00:00.0000000+00:00","PaydaySeason","796.42915690"
"2022-01-26T21:00:00.0000000+00:00","BondSeason","2909.9898966"
"2022-01-26T21:00:00.0000000+00:00","EqBondReversion","3466.98878824"
"2022-01-26T21:00:00.0000000+00:00","RiskPremia","3182.217333"
"2022-01-27T14:30:00.0000000+00:00","PaydaySeason","804.12915690"
"2022-01-27T14:30:00.0000000+00:00","BondSeason","2944.1898966"
"2022-01-27T14:30:00.0000000+00:00","EqBondReversion","3498.88878824"
"2022-01-27T14:30:00.0000000+00:00","RiskPremia","3191.132333"
"2022-01-27T21:00:00.0000000+00:00","PaydaySeason","791.52915690"
"2022-01-27T21:00:00.0000000+00:00","BondSeason","2956.9698966"
"2022-01-27T21:00:00.0000000+00:00","EqBondReversion","3446.68878824"
"2022-01-27T21:00:00.0000000+00:00","RiskPremia","3178.247333"
"2022-01-28T14:30:00.0000000+00:00","PaydaySeason","793.41915690"
"2022-01-28T14:30:00.0000000+00:00","BondSeason","2938.4298966"
"2022-01-28T14:30:00.0000000+00:00","EqBondReversion","3454.51878824"
"2022-01-28T14:30:00.0000000+00:00","RiskPremia","3167.801985"
"2022-01-28T21:00:00.0000000+00:00","PaydaySeason","809.16915690"
"2022-01-28T21:00:00.0000000+00:00","BondSeason","2956.9698966"
"2022-01-28T21:00:00.0000000+00:00","EqBondReversion","3519.76878824"
"2022-01-28T21:00:00.0000000+00:00","RiskPremia","3197.281985"
"2022-01-31T14:30:00.0000000+00:00","PaydaySeason","808.04915690"
"2022-01-31T14:30:00.0000000+00:00","BondSeason","2940.0498966"
"2022-01-31T14:30:00.0000000+00:00","EqBondReversion","3515.12878824"
"2022-01-31T14:30:00.0000000+00:00","RiskPremia","3195.081985"
"2022-01-31T21:00:00.0000000+00:00","PaydaySeason","824.49047690"
"2022-01-31T21:00:00.0000000+00:00","BondSeason","2942.6247606"
"2022-01-31T21:00:00.0000000+00:00","EqBondReversion","3583.24282824"
"2022-01-31T21:00:00.0000000+00:00","RiskPremia","3219.441985"
"2022-02-01T14:30:00.0000000+00:00","PaydaySeason","824.49047690"
"2022-02-01T14:30:00.0000000+00:00","BondSeason","2940.8583486"
"2022-02-01T14:30:00.0000000+00:00","EqBondReversion","3583.24282824"
"2022-02-01T14:30:00.0000000+00:00","RiskPremia","3224.540789"
"2022-02-01T21:00:00.0000000+00:00","PaydaySeason","824.49047690"
"2022-02-01T21:00:00.0000000+00:00","BondSeason","2950.9383486"
"2022-02-01T21:00:00.0000000+00:00","EqBondReversion","3583.24282824"
"2022-02-01T21:00:00.0000000+00:00","RiskPremia","3225.020789"
"2022-02-02T14:30:00.0000000+00:00","PaydaySeason","824.49047690"
"2022-02-02T14:30:00.0000000+00:00","BondSeason","2946.7983486"
"2022-02-02T14:30:00.0000000+00:00","EqBondReversion","3583.24282824"
"2022-02-02T14:30:00.0000000+00:00","RiskPremia","3232.840789"
"2022-02-02T21:00:00.0000000+00:00","PaydaySeason","824.49047690"
"2022-02-02T21:00:00.0000000+00:00","BondSeason","2942.1183486"
"2022-02-02T21:00:00.0000000+00:00","EqBondReversion","3583.24282824"
"2022-02-02T21:00:00.0000000+00:00","RiskPremia","3237.955789"
"2022-02-03T14:30:00.0000000+00:00","PaydaySeason","824.49047690"
"2022-02-03T14:30:00.0000000+00:00","BondSeason","2973.9783486"
"2022-02-03T14:30:00.0000000+00:00","EqBondReversion","3583.24282824"
"2022-02-03T14:30:00.0000000+00:00","RiskPremia","3210.190789"
"2022-02-03T21:00:00.0000000+00:00","PaydaySeason","824.49047690"
"2022-02-03T21:00:00.0000000+00:00","BondSeason","2961.9183486"
"2022-02-03T21:00:00.0000000+00:00","EqBondReversion","3583.24282824"
"2022-02-03T21:00:00.0000000+00:00","RiskPremia","3206.520789"
"2022-02-04T14:30:00.0000000+00:00","PaydaySeason","824.49047690"
"2022-02-04T14:30:00.0000000+00:00","BondSeason","2984.5983486"
"2022-02-04T14:30:00.0000000+00:00","EqBondReversion","3583.24282824"
"2022-02-04T14:30:00.0000000+00:00","RiskPremia","3195.480789"
"2022-02-04T21:00:00.0000000+00:00","PaydaySeason","824.49047690"
"2022-02-04T21:00:00.0000000+00:00","BondSeason","2999.3583486"
"2022-02-04T21:00:00.0000000+00:00","EqBondReversion","3583.24282824"
"2022-02-04T21:00:00.0000000+00:00","RiskPremia","3201.685789"
"2022-02-07T14:30:00.0000000+00:00","PaydaySeason","824.49047690"
"2022-02-07T14:30:00.0000000+00:00","BondSeason","3001.5183486"
"2022-02-07T14:30:00.0000000+00:00","EqBondReversion","3583.24282824"
"2022-02-07T14:30:00.0000000+00:00","RiskPremia","3208.060789"
"2022-02-07T21:00:00.0000000+00:00","PaydaySeason","824.49047690"
"2022-02-07T21:00:00.0000000+00:00","BondSeason","2997.5583486"
"2022-02-07T21:00:00.0000000+00:00","EqBondReversion","3583.24282824"
"2022-02-07T21:00:00.0000000+00:00","RiskPremia","3208.270789"
"2022-02-08T14:30:00.0000000+00:00","PaydaySeason","824.49047690"
"2022-02-08T14:30:00.0000000+00:00","BondSeason","3014.1183486"
"2022-02-08T14:30:00.0000000+00:00","EqBondReversion","3583.24282824"
"2022-02-08T14:30:00.0000000+00:00","RiskPremia","3202.730789"
"2022-02-08T21:00:00.0000000+00:00","PaydaySeason","824.49047690"
"2022-02-08T21:00:00.0000000+00:00","BondSeason","3015.5583486"
"2022-02-08T21:00:00.0000000+00:00","EqBondReversion","3583.24282824"
"2022-02-08T21:00:00.0000000+00:00","RiskPremia","3214.140789"
"2022-02-09T14:30:00.0000000+00:00","PaydaySeason","824.49047690"
"2022-02-09T14:30:00.0000000+00:00","BondSeason","3004.9383486"
"2022-02-09T14:30:00.0000000+00:00","EqBondReversion","3583.24282824"
"2022-02-09T14:30:00.0000000+00:00","RiskPremia","3227.879279"
"2022-02-09T21:00:00.0000000+00:00","PaydaySeason","824.49047690"
"2022-02-09T21:00:00.0000000+00:00","BondSeason","3009.8400366"
"2022-02-09T21:00:00.0000000+00:00","EqBondReversion","3583.24282824"
"2022-02-09T21:00:00.0000000+00:00","RiskPremia","3234.424279"
"2022-02-10T14:30:00.0000000+00:00","PaydaySeason","824.49047690"
"2022-02-10T14:30:00.0000000+00:00","BondSeason","3009.8400366"
"2022-02-10T14:30:00.0000000+00:00","EqBondReversion","3583.24282824"
"2022-02-10T14:30:00.0000000+00:00","RiskPremia","3215.019279"
"2022-02-10T21:00:00.0000000+00:00","PaydaySeason","824.34153090"
"2022-02-10T21:00:00.0000000+00:00","BondSeason","3009.8400366"
"2022-02-10T21:00:00.0000000+00:00","EqBondReversion","3583.24282824"
"2022-02-10T21:00:00.0000000+00:00","RiskPremia","3202.379279"
"2022-02-11T14:30:00.0000000+00:00","PaydaySeason","824.76153090"
"2022-02-11T14:30:00.0000000+00:00","BondSeason","3009.8400366"
"2022-02-11T14:30:00.0000000+00:00","EqBondReversion","3583.24282824"
"2022-02-11T14:30:00.0000000+00:00","RiskPremia","3207.227487"
"2022-02-11T21:00:00.0000000+00:00","PaydaySeason","809.85153090"
"2022-02-11T21:00:00.0000000+00:00","BondSeason","3009.8400366"
"2022-02-11T21:00:00.0000000+00:00","EqBondReversion","3583.24282824"
"2022-02-11T21:00:00.0000000+00:00","RiskPremia","3221.272487"
"2022-02-14T14:30:00.0000000+00:00","PaydaySeason","809.01153090"
"2022-02-14T14:30:00.0000000+00:00","BondSeason","3009.8400366"
"2022-02-14T14:30:00.0000000+00:00","EqBondReversion","3583.24282824"
"2022-02-14T14:30:00.0000000+00:00","RiskPremia","3213.687487"
"2022-02-14T21:00:00.0000000+00:00","PaydaySeason","807.12153090"
"2022-02-14T21:00:00.0000000+00:00","BondSeason","3009.8400366"
"2022-02-14T21:00:00.0000000+00:00","EqBondReversion","3583.24282824"
"2022-02-14T21:00:00.0000000+00:00","RiskPremia","3214.292487"
"2022-02-15T14:30:00.0000000+00:00","PaydaySeason","814.89153090"
"2022-02-15T14:30:00.0000000+00:00","BondSeason","3009.8400366"
"2022-02-15T14:30:00.0000000+00:00","EqBondReversion","3583.24282824"
"2022-02-15T14:30:00.0000000+00:00","RiskPremia","3205.197487"
"2022-02-15T21:00:00.0000000+00:00","PaydaySeason","820.35153090"
"2022-02-15T21:00:00.0000000+00:00","BondSeason","3009.8400366"
"2022-02-15T21:00:00.0000000+00:00","EqBondReversion","3583.24282824"
"2022-02-15T21:00:00.0000000+00:00","RiskPremia","3207.657487"
"2022-02-16T14:30:00.0000000+00:00","PaydaySeason","817.13153090"
"2022-02-16T14:30:00.0000000+00:00","BondSeason","3009.8400366"
"2022-02-16T14:30:00.0000000+00:00","EqBondReversion","3583.24282824"
"2022-02-16T14:30:00.0000000+00:00","RiskPremia","3213.207487"
"2022-02-16T21:00:00.0000000+00:00","PaydaySeason","820.55331290"
"2022-02-16T21:00:00.0000000+00:00","BondSeason","3009.3241106"
"2022-02-16T21:00:00.0000000+00:00","EqBondReversion","3583.24282824"
"2022-02-16T21:00:00.0000000+00:00","RiskPremia","3225.922487"
"2022-02-17T14:30:00.0000000+00:00","PaydaySeason","820.55331290"
"2022-02-17T14:30:00.0000000+00:00","BondSeason","3022.2441106"
"2022-02-17T14:30:00.0000000+00:00","EqBondReversion","3583.24282824"
"2022-02-17T14:30:00.0000000+00:00","RiskPremia","3237.307487"
"2022-02-17T21:00:00.0000000+00:00","PaydaySeason","820.55331290"
"2022-02-17T21:00:00.0000000+00:00","BondSeason","3029.6541106"
"2022-02-17T21:00:00.0000000+00:00","EqBondReversion","3583.24282824"
"2022-02-17T21:00:00.0000000+00:00","RiskPremia","3231.217487"
"2022-02-18T14:30:00.0000000+00:00","PaydaySeason","820.55331290"
"2022-02-18T14:30:00.0000000+00:00","BondSeason","3042.5741106"
"2022-02-18T14:30:00.0000000+00:00","EqBondReversion","3583.24282824"
"2022-02-18T14:30:00.0000000+00:00","RiskPremia","3233.607487"
"2022-02-18T21:00:00.0000000+00:00","PaydaySeason","820.55331290"
"2022-02-18T21:00:00.0000000+00:00","BondSeason","3056.6341106"
"2022-02-18T21:00:00.0000000+00:00","EqBondReversion","3583.24282824"
"2022-02-18T21:00:00.0000000+00:00","RiskPremia","3231.742487"
"2022-02-22T14:30:00.0000000+00:00","PaydaySeason","820.55331290"
"2022-02-22T14:30:00.0000000+00:00","BondSeason","3045.8041106"
"2022-02-22T14:30:00.0000000+00:00","EqBondReversion","3582.65064824"
"2022-02-22T14:30:00.0000000+00:00","RiskPremia","3227.047487"
"2022-02-22T21:00:00.0000000+00:00","PaydaySeason","820.55331290"
"2022-02-22T21:00:00.0000000+00:00","BondSeason","3062.1441106"
"2022-02-22T21:00:00.0000000+00:00","EqBondReversion","3567.57064824"
"2022-02-22T21:00:00.0000000+00:00","RiskPremia","3227.042487"
"2022-02-23T14:30:00.0000000+00:00","PaydaySeason","820.55331290"
"2022-02-23T14:30:00.0000000+00:00","BondSeason","3045.6141106"
"2022-02-23T14:30:00.0000000+00:00","EqBondReversion","3583.23064824"
"2022-02-23T14:30:00.0000000+00:00","RiskPremia","3225.985037"
"2022-02-23T21:00:00.0000000+00:00","PaydaySeason","820.41377490"
"2022-02-23T21:00:00.0000000+00:00","BondSeason","3025.4741106"
"2022-02-23T21:00:00.0000000+00:00","EqBondReversion","3512.18064824"
"2022-02-23T21:00:00.0000000+00:00","RiskPremia","3205.877487"
"2022-02-24T14:30:00.0000000+00:00","PaydaySeason","801.65377490"
"2022-02-24T14:30:00.0000000+00:00","BondSeason","3072.4041106"
"2022-02-24T14:30:00.0000000+00:00","EqBondReversion","3434.46064824"
"2022-02-24T14:30:00.0000000+00:00","RiskPremia","3229.8326690"
"2022-02-24T21:00:00.0000000+00:00","PaydaySeason","832.52377490"
"2022-02-24T21:00:00.0000000+00:00","BondSeason","3030.0341106"
"2022-02-24T21:00:00.0000000+00:00","EqBondReversion","3562.35064824"
"2022-02-24T21:00:00.0000000+00:00","RiskPremia","3249.4326690"
"2022-02-25T14:30:00.0000000+00:00","PaydaySeason","834.97377490"
"2022-02-25T14:30:00.0000000+00:00","BondSeason","3030.0341106"
"2022-02-25T14:30:00.0000000+00:00","EqBondReversion","3572.50064824"
"2022-02-25T14:30:00.0000000+00:00","RiskPremia","3251.9326690"
"2022-02-25T21:00:00.0000000+00:00","PaydaySeason","848.55377490"
"2022-02-25T21:00:00.0000000+00:00","BondSeason","3030.4141106"
"2022-02-25T21:00:00.0000000+00:00","EqBondReversion","3628.76064824"
"2022-02-25T21:00:00.0000000+00:00","RiskPremia","3267.5926690"
"2022-02-28T14:30:00.0000000+00:00","PaydaySeason","840.29377490"
"2022-02-28T14:30:00.0000000+00:00","BondSeason","3059.8641106"
"2022-02-28T14:30:00.0000000+00:00","EqBondReversion","3594.54064824"
"2022-02-28T14:30:00.0000000+00:00","RiskPremia","3268.4526690"
"2022-02-28T21:00:00.0000000+00:00","PaydaySeason","847.28883290"
"2022-02-28T21:00:00.0000000+00:00","BondSeason","3086.5409466"
"2022-02-28T21:00:00.0000000+00:00","EqBondReversion","3623.52017424"
"2022-02-28T21:00:00.0000000+00:00","RiskPremia","3285.1526690"
"2022-03-01T14:30:00.0000000+00:00","PaydaySeason","847.28883290"
"2022-03-01T14:30:00.0000000+00:00","BondSeason","3074.1012096"
"2022-03-01T14:30:00.0000000+00:00","EqBondReversion","3623.52017424"
"2022-03-01T14:30:00.0000000+00:00","RiskPremia","3286.6010070"
"2022-03-01T21:00:00.0000000+00:00","PaydaySeason","847.28883290"
"2022-03-01T21:00:00.0000000+00:00","BondSeason","3055.8612096"
"2022-03-01T21:00:00.0000000+00:00","EqBondReversion","3623.52017424"
"2022-03-01T21:00:00.0000000+00:00","RiskPremia","3283.7510070"
"2022-03-02T14:30:00.0000000+00:00","PaydaySeason","847.28883290"
"2022-03-02T14:30:00.0000000+00:00","BondSeason","3083.9812096"
"2022-03-02T14:30:00.0000000+00:00","EqBondReversion","3623.52017424"
"2022-03-02T14:30:00.0000000+00:00","RiskPremia","3278.9010070"
"2022-03-02T21:00:00.0000000+00:00","PaydaySeason","847.28883290"
"2022-03-02T21:00:00.0000000+00:00","BondSeason","3149.1512096"
"2022-03-02T21:00:00.0000000+00:00","EqBondReversion","3623.52017424"
"2022-03-02T21:00:00.0000000+00:00","RiskPremia","3268.5408070"
"2022-03-03T14:30:00.0000000+00:00","PaydaySeason","847.28883290"
"2022-03-03T14:30:00.0000000+00:00","BondSeason","3128.6312096"
"2022-03-03T14:30:00.0000000+00:00","EqBondReversion","3623.52017424"
"2022-03-03T14:30:00.0000000+00:00","RiskPremia","3279.7610070"
"2022-03-03T21:00:00.0000000+00:00","PaydaySeason","847.28883290"
"2022-03-03T21:00:00.0000000+00:00","BondSeason","3121.2212096"
"2022-03-03T21:00:00.0000000+00:00","EqBondReversion","3623.52017424"
"2022-03-03T21:00:00.0000000+00:00","RiskPremia","3271.5010070"
"2022-03-04T14:30:00.0000000+00:00","PaydaySeason","847.28883290"
"2022-03-04T14:30:00.0000000+00:00","BondSeason","3074.1012096"
"2022-03-04T14:30:00.0000000+00:00","EqBondReversion","3623.52017424"
"2022-03-04T14:30:00.0000000+00:00","RiskPremia","3280.7010070"
"2022-03-04T21:00:00.0000000+00:00","PaydaySeason","847.28883290"
"2022-03-04T21:00:00.0000000+00:00","BondSeason","3075.8112096"
"2022-03-04T21:00:00.0000000+00:00","EqBondReversion","3623.52017424"
"2022-03-04T21:00:00.0000000+00:00","RiskPremia","3278.8610070"
"2022-03-07T14:30:00.0000000+00:00","PaydaySeason","847.28883290"
"2022-03-07T14:30:00.0000000+00:00","BondSeason","3097.6612096"
"2022-03-07T14:30:00.0000000+00:00","EqBondReversion","3623.52017424"
"2022-03-07T14:30:00.0000000+00:00","RiskPremia","3271.1810070"
"2022-03-07T21:00:00.0000000+00:00","PaydaySeason","847.28883290"
"2022-03-07T21:00:00.0000000+00:00","BondSeason","3095.7612096"
"2022-03-07T21:00:00.0000000+00:00","EqBondReversion","3623.52017424"
"2022-03-07T21:00:00.0000000+00:00","RiskPremia","3248.7210070"
"2022-03-08T14:30:00.0000000+00:00","PaydaySeason","847.28883290"
"2022-03-08T14:30:00.0000000+00:00","BondSeason","3128.2512096"
"2022-03-08T14:30:00.0000000+00:00","EqBondReversion","3623.52017424"
"2022-03-08T14:30:00.0000000+00:00","RiskPremia","3239.1810070"
"2022-03-08T21:00:00.0000000+00:00","PaydaySeason","847.28883290"
"2022-03-08T21:00:00.0000000+00:00","BondSeason","3123.1212096"
"2022-03-08T21:00:00.0000000+00:00","EqBondReversion","3623.52017424"
"2022-03-08T21:00:00.0000000+00:00","RiskPremia","3238.1010070"
"2022-03-09T14:30:00.0000000+00:00","PaydaySeason","847.28883290"
"2022-03-09T14:30:00.0000000+00:00","BondSeason","3136.7062096"
"2022-03-09T14:30:00.0000000+00:00","EqBondReversion","3623.52017424"
"2022-03-09T14:30:00.0000000+00:00","RiskPremia","3247.5710070"
"2022-03-09T21:00:00.0000000+00:00","PaydaySeason","847.28883290"
"2022-03-09T21:00:00.0000000+00:00","BondSeason","3149.2029656"
"2022-03-09T21:00:00.0000000+00:00","EqBondReversion","3623.52017424"
"2022-03-09T21:00:00.0000000+00:00","RiskPremia","3248.6610070"
"2022-03-10T14:30:00.0000000+00:00","PaydaySeason","847.28883290"
"2022-03-10T14:30:00.0000000+00:00","BondSeason","3149.2029656"
"2022-03-10T14:30:00.0000000+00:00","EqBondReversion","3623.52017424"
"2022-03-10T14:30:00.0000000+00:00","RiskPremia","3231.3210070"
"2022-03-10T21:00:00.0000000+00:00","PaydaySeason","847.12779290"
"2022-03-10T21:00:00.0000000+00:00","BondSeason","3149.2029656"
"2022-03-10T21:00:00.0000000+00:00","EqBondReversion","3623.52017424"
"2022-03-10T21:00:00.0000000+00:00","RiskPremia","3233.9610070"
"2022-03-11T14:30:00.0000000+00:00","PaydaySeason","851.04779290"
"2022-03-11T14:30:00.0000000+00:00","BondSeason","3149.2029656"
"2022-03-11T14:30:00.0000000+00:00","EqBondReversion","3623.52017424"
"2022-03-11T14:30:00.0000000+00:00","RiskPremia","3236.1610070"
"2022-03-11T21:00:00.0000000+00:00","PaydaySeason","835.68779290"
"2022-03-11T21:00:00.0000000+00:00","BondSeason","3149.2029656"
"2022-03-11T21:00:00.0000000+00:00","EqBondReversion","3623.52017424"
"2022-03-11T21:00:00.0000000+00:00","RiskPremia","3224.8810070"
"2022-03-14T13:30:00.0000000+00:00","PaydaySeason","837.12779290"
"2022-03-14T13:30:00.0000000+00:00","BondSeason","3149.2029656"
"2022-03-14T13:30:00.0000000+00:00","EqBondReversion","3623.52017424"
"2022-03-14T13:30:00.0000000+00:00","RiskPremia","3211.9317870"
"2022-03-14T20:00:00.0000000+00:00","PaydaySeason","828.48779290"
"2022-03-14T20:00:00.0000000+00:00","BondSeason","3149.2029656"
"2022-03-14T20:00:00.0000000+00:00","EqBondReversion","3623.52017424"
"2022-03-14T20:00:00.0000000+00:00","RiskPremia","3204.5117870"
"2022-03-15T13:30:00.0000000+00:00","PaydaySeason","832.48779290"
"2022-03-15T13:30:00.0000000+00:00","BondSeason","3149.2029656"
"2022-03-15T13:30:00.0000000+00:00","EqBondReversion","3623.52017424"
"2022-03-15T13:30:00.0000000+00:00","RiskPremia","3210.3417870"
"2022-03-15T20:00:00.0000000+00:00","PaydaySeason","844.80779290"
"2022-03-15T20:00:00.0000000+00:00","BondSeason","3149.2029656"
"2022-03-15T20:00:00.0000000+00:00","EqBondReversion","3623.52017424"
"2022-03-15T20:00:00.0000000+00:00","RiskPremia","3204.7417870"
"2022-03-16T13:30:00.0000000+00:00","PaydaySeason","852.00779290"
"2022-03-16T13:30:00.0000000+00:00","BondSeason","3149.2029656"
"2022-03-16T13:30:00.0000000+00:00","EqBondReversion","3623.52017424"
"2022-03-16T13:30:00.0000000+00:00","RiskPremia","3207.8417870"
"2022-03-16T20:00:00.0000000+00:00","PaydaySeason","864.64321690"
"2022-03-16T20:00:00.0000000+00:00","BondSeason","3149.2029656"
"2022-03-16T20:00:00.0000000+00:00","EqBondReversion","3623.52017424"
"2022-03-16T20:00:00.0000000+00:00","RiskPremia","3217.1717870"
"2022-03-17T13:30:00.0000000+00:00","PaydaySeason","864.64321690"
"2022-03-17T13:30:00.0000000+00:00","BondSeason","3149.2029656"
"2022-03-17T13:30:00.0000000+00:00","EqBondReversion","3623.52017424"
"2022-03-17T13:30:00.0000000+00:00","RiskPremia","3216.3317870"
"2022-03-17T20:00:00.0000000+00:00","PaydaySeason","864.64321690"
"2022-03-17T20:00:00.0000000+00:00","BondSeason","3149.2029656"
"2022-03-17T20:00:00.0000000+00:00","EqBondReversion","3623.52017424"
"2022-03-17T20:00:00.0000000+00:00","RiskPremia","3212.8817870"
"2022-03-18T13:30:00.0000000+00:00","PaydaySeason","864.64321690"
"2022-03-18T13:30:00.0000000+00:00","BondSeason","3149.2029656"
"2022-03-18T13:30:00.0000000+00:00","EqBondReversion","3623.52017424"
"2022-03-18T13:30:00.0000000+00:00","RiskPremia","3216.6417870"
"2022-03-18T20:00:00.0000000+00:00","PaydaySeason","864.64321690"
"2022-03-18T20:00:00.0000000+00:00","BondSeason","3149.2029656"
"2022-03-18T20:00:00.0000000+00:00","EqBondReversion","3623.52017424"
"2022-03-18T20:00:00.0000000+00:00","RiskPremia","3223.7117870"
"2022-03-21T13:30:00.0000000+00:00","PaydaySeason","864.64321690"
"2022-03-21T13:30:00.0000000+00:00","BondSeason","3149.2029656"
"2022-03-21T13:30:00.0000000+00:00","EqBondReversion","3622.91950824"
"2022-03-21T13:30:00.0000000+00:00","RiskPremia","3210.8617870"
"2022-03-21T20:00:00.0000000+00:00","PaydaySeason","864.64321690"
"2022-03-21T20:00:00.0000000+00:00","BondSeason","3149.2029656"
"2022-03-21T20:00:00.0000000+00:00","EqBondReversion","3622.34950824"
"2022-03-21T20:00:00.0000000+00:00","RiskPremia","3204.9517870"
"2022-03-22T13:30:00.0000000+00:00","PaydaySeason","864.64321690"
"2022-03-22T13:30:00.0000000+00:00","BondSeason","3149.2029656"
"2022-03-22T13:30:00.0000000+00:00","EqBondReversion","3633.17950824"
"2022-03-22T13:30:00.0000000+00:00","RiskPremia","3197.4817870"
"2022-03-22T20:00:00.0000000+00:00","PaydaySeason","864.48328690"
"2022-03-22T20:00:00.0000000+00:00","BondSeason","3148.6882056"
"2022-03-22T20:00:00.0000000+00:00","EqBondReversion","3658.25950824"
"2022-03-22T20:00:00.0000000+00:00","RiskPremia","3197.1617870"
"2022-03-23T13:30:00.0000000+00:00","PaydaySeason","860.20228690"
"2022-03-23T13:30:00.0000000+00:00","BondSeason","3162.2882056"
"2022-03-23T13:30:00.0000000+00:00","EqBondReversion","3641.99170824"
"2022-03-23T13:30:00.0000000+00:00","RiskPremia","3200.8055870"
"2022-03-23T20:00:00.0000000+00:00","PaydaySeason","854.05228690"
"2022-03-23T20:00:00.0000000+00:00","BondSeason","3206.4882056"
"2022-03-23T20:00:00.0000000+00:00","EqBondReversion","3618.62170824"
"2022-03-23T20:00:00.0000000+00:00","RiskPremia","3213.4255870"
"2022-03-24T13:30:00.0000000+00:00","PaydaySeason","858.10228690"
"2022-03-24T13:30:00.0000000+00:00","BondSeason","3167.8882056"
"2022-03-24T13:30:00.0000000+00:00","EqBondReversion","3634.01170824"
"2022-03-24T13:30:00.0000000+00:00","RiskPremia","3202.9455870"
"2022-03-24T20:00:00.0000000+00:00","PaydaySeason","865.15228690"
"2022-03-24T20:00:00.0000000+00:00","BondSeason","3183.4882056"
"2022-03-24T20:00:00.0000000+00:00","EqBondReversion","3660.80170824"
"2022-03-24T20:00:00.0000000+00:00","RiskPremia","3209.3355870"
"2022-03-25T13:30:00.0000000+00:00","PaydaySeason","866.80228690"
"2022-03-25T13:30:00.0000000+00:00","BondSeason","3164.8882056"
"2022-03-25T13:30:00.0000000+00:00","EqBondReversion","3667.07170824"
"2022-03-25T13:30:00.0000000+00:00","RiskPremia","3203.5455870"
"2022-03-25T20:00:00.0000000+00:00","PaydaySeason","868.30228690"
"2022-03-25T20:00:00.0000000+00:00","BondSeason","3147.8882056"
"2022-03-25T20:00:00.0000000+00:00","EqBondReversion","3672.77170824"
"2022-03-25T20:00:00.0000000+00:00","RiskPremia","3199.0055870"
"2022-03-28T13:30:00.0000000+00:00","PaydaySeason","867.70228690"
"2022-03-28T13:30:00.0000000+00:00","BondSeason","3162.6882056"
"2022-03-28T13:30:00.0000000+00:00","EqBondReversion","3670.49170824"
"2022-03-28T13:30:00.0000000+00:00","RiskPremia","3202.4455870"
"2022-03-28T20:00:00.0000000+00:00","PaydaySeason","874.00228690"
"2022-03-28T20:00:00.0000000+00:00","BondSeason","3170.8882056"
"2022-03-28T20:00:00.0000000+00:00","EqBondReversion","3694.43170824"
"2022-03-28T20:00:00.0000000+00:00","RiskPremia","3205.6255870"
"2022-03-29T13:30:00.0000000+00:00","PaydaySeason","880.45228690"
"2022-03-29T13:30:00.0000000+00:00","BondSeason","3186.0882056"
"2022-03-29T13:30:00.0000000+00:00","EqBondReversion","3718.94170824"
"2022-03-29T13:30:00.0000000+00:00","RiskPremia","3210.5755870"
"2022-03-29T20:00:00.0000000+00:00","PaydaySeason","886.15228690"
"2022-03-29T20:00:00.0000000+00:00","BondSeason","3191.4882056"
"2022-03-29T20:00:00.0000000+00:00","EqBondReversion","3740.60170824"
"2022-03-29T20:00:00.0000000+00:00","RiskPremia","3214.2555870"
"2022-03-30T13:30:00.0000000+00:00","PaydaySeason","883.60228690"
"2022-03-30T13:30:00.0000000+00:00","BondSeason","3176.2882056"
"2022-03-30T13:30:00.0000000+00:00","EqBondReversion","3730.91170824"
"2022-03-30T13:30:00.0000000+00:00","RiskPremia","3209.4655870"
"2022-03-30T20:00:00.0000000+00:00","PaydaySeason","879.10228690"
"2022-03-30T20:00:00.0000000+00:00","BondSeason","3210.0882056"
"2022-03-30T20:00:00.0000000+00:00","EqBondReversion","3713.81170824"
"2022-03-30T20:00:00.0000000+00:00","RiskPremia","3219.0255870"
"2022-03-31T13:30:00.0000000+00:00","PaydaySeason","878.65228690"
"2022-03-31T13:30:00.0000000+00:00","BondSeason","3214.4882056"
"2022-03-31T13:30:00.0000000+00:00","EqBondReversion","3712.10170824"
"2022-03-31T13:30:00.0000000+00:00","RiskPremia","3220.3755870"
"2022-03-31T20:00:00.0000000+00:00","PaydaySeason","867.39217690"
"2022-03-31T20:00:00.0000000+00:00","BondSeason","3218.6567336"
"2022-03-31T20:00:00.0000000+00:00","EqBondReversion","3669.31329024"
"2022-03-31T20:00:00.0000000+00:00","RiskPremia","3219.6755870"
"2022-04-01T13:30:00.0000000+00:00","PaydaySeason","867.39217690"
"2022-04-01T13:30:00.0000000+00:00","BondSeason","3257.1939206"
"2022-04-01T13:30:00.0000000+00:00","EqBondReversion","3669.31329024"
"2022-04-01T13:30:00.0000000+00:00","RiskPremia","3207.5659490"
"2022-04-01T20:00:00.0000000+00:00","PaydaySeason","867.39217690"
"2022-04-01T20:00:00.0000000+00:00","BondSeason","3213.3039206"
"2022-04-01T20:00:00.0000000+00:00","EqBondReversion","3669.31329024"
"2022-04-01T20:00:00.0000000+00:00","RiskPremia","3221.3459490"
"2022-04-04T13:30:00.0000000+00:00","PaydaySeason","867.39217690"
"2022-04-04T13:30:00.0000000+00:00","BondSeason","3220.7139206"
"2022-04-04T13:30:00.0000000+00:00","EqBondReversion","3669.31329024"
"2022-04-04T13:30:00.0000000+00:00","RiskPremia","3219.5159490"
"2022-04-04T20:00:00.0000000+00:00","PaydaySeason","867.39217690"
"2022-04-04T20:00:00.0000000+00:00","BondSeason","3230.4039206"
"2022-04-04T20:00:00.0000000+00:00","EqBondReversion","3669.31329024"
"2022-04-04T20:00:00.0000000+00:00","RiskPremia","3217.6359490"
"2022-04-05T13:30:00.0000000+00:00","PaydaySeason","867.39217690"
"2022-04-05T13:30:00.0000000+00:00","BondSeason","3242.9439206"
"2022-04-05T13:30:00.0000000+00:00","EqBondReversion","3669.31329024"
"2022-04-05T13:30:00.0000000+00:00","RiskPremia","3213.5259490"
"2022-04-05T20:00:00.0000000+00:00","PaydaySeason","867.39217690"
"2022-04-05T20:00:00.0000000+00:00","BondSeason","3285.3139206"
"2022-04-05T20:00:00.0000000+00:00","EqBondReversion","3669.31329024"
"2022-04-05T20:00:00.0000000+00:00","RiskPremia","3197.5159490"
"2022-04-06T13:30:00.0000000+00:00","PaydaySeason","867.39217690"
"2022-04-06T13:30:00.0000000+00:00","BondSeason","3325.2139206"
"2022-04-06T13:30:00.0000000+00:00","EqBondReversion","3669.31329024"
"2022-04-06T13:30:00.0000000+00:00","RiskPremia","3183.7359490"
"2022-04-06T20:00:00.0000000+00:00","PaydaySeason","867.39217690"
"2022-04-06T20:00:00.0000000+00:00","BondSeason","3305.4539206"
"2022-04-06T20:00:00.0000000+00:00","EqBondReversion","3669.31329024"
"2022-04-06T20:00:00.0000000+00:00","RiskPremia","3189.5559490"
"2022-04-07T13:30:00.0000000+00:00","PaydaySeason","867.39217690"
"2022-04-07T13:30:00.0000000+00:00","BondSeason","3331.2939206"
"2022-04-07T13:30:00.0000000+00:00","EqBondReversion","3669.31329024"
"2022-04-07T13:30:00.0000000+00:00","RiskPremia","3181.2359490"
"2022-04-07T20:00:00.0000000+00:00","PaydaySeason","867.39217690"
"2022-04-07T20:00:00.0000000+00:00","BondSeason","3324.0739206"
"2022-04-07T20:00:00.0000000+00:00","EqBondReversion","3669.31329024"
"2022-04-07T20:00:00.0000000+00:00","RiskPremia","3184.5259490"
"2022-04-08T13:30:00.0000000+00:00","PaydaySeason","867.39217690"
"2022-04-08T13:30:00.0000000+00:00","BondSeason","3343.8339206"
"2022-04-08T13:30:00.0000000+00:00","EqBondReversion","3669.31329024"
"2022-04-08T13:30:00.0000000+00:00","RiskPremia","3178.1859490"
"2022-04-08T20:00:00.0000000+00:00","PaydaySeason","867.39217690"
"2022-04-08T20:00:00.0000000+00:00","BondSeason","3351.8139206"
"2022-04-08T20:00:00.0000000+00:00","EqBondReversion","3669.31329024"
"2022-04-08T20:00:00.0000000+00:00","RiskPremia","3175.6859490"
"2022-04-11T13:30:00.0000000+00:00","PaydaySeason","867.39217690"
"2022-04-11T13:30:00.0000000+00:00","BondSeason","3372.9039206"
"2022-04-11T13:30:00.0000000+00:00","EqBondReversion","3669.31329024"
"2022-04-11T13:30:00.0000000+00:00","RiskPremia","3168.6059490"
"2022-04-11T20:00:00.0000000+00:00","PaydaySeason","867.39217690"
"2022-04-11T20:00:00.0000000+00:00","BondSeason","3386.6858746"
"2022-04-11T20:00:00.0000000+00:00","EqBondReversion","3669.31329024"
"2022-04-11T20:00:00.0000000+00:00","RiskPremia","3162.5259490"
"2022-04-12T13:30:00.0000000+00:00","PaydaySeason","867.39217690"
"2022-04-12T13:30:00.0000000+00:00","BondSeason","3386.6858746"
"2022-04-12T13:30:00.0000000+00:00","EqBondReversion","3669.31329024"
"2022-04-12T13:30:00.0000000+00:00","RiskPremia","3169.7359490"
"2022-04-12T20:00:00.0000000+00:00","PaydaySeason","867.23722690"
"2022-04-12T20:00:00.0000000+00:00","BondSeason","3386.6858746"
"2022-04-12T20:00:00.0000000+00:00","EqBondReversion","3669.31329024"
"2022-04-12T20:00:00.0000000+00:00","RiskPremia","3161.3459490"
"2022-04-13T13:30:00.0000000+00:00","PaydaySeason","867.23722690"
"2022-04-13T13:30:00.0000000+00:00","BondSeason","3386.6858746"
"2022-04-13T13:30:00.0000000+00:00","EqBondReversion","3669.31329024"
"2022-04-13T13:30:00.0000000+00:00","RiskPremia","3162.1659490"
"2022-04-13T20:00:00.0000000+00:00","PaydaySeason","877.43722690"
"2022-04-13T20:00:00.0000000+00:00","BondSeason","3386.6858746"
"2022-04-13T20:00:00.0000000+00:00","EqBondReversion","3669.31329024"
"2022-04-13T20:00:00.0000000+00:00","RiskPremia","3165.5259490"
"2022-04-14T13:30:00.0000000+00:00","PaydaySeason","877.88722690"
"2022-04-14T13:30:00.0000000+00:00","BondSeason","3386.6858746"
"2022-04-14T13:30:00.0000000+00:00","EqBondReversion","3669.31329024"
"2022-04-14T13:30:00.0000000+00:00","RiskPremia","3163.1159490"
"2022-04-14T20:00:00.0000000+00:00","PaydaySeason","867.83722690"
"2022-04-14T20:00:00.0000000+00:00","BondSeason","3386.6858746"
"2022-04-14T20:00:00.0000000+00:00","EqBondReversion","3669.31329024"
"2022-04-14T20:00:00.0000000+00:00","RiskPremia","3148.1759490"
"2022-04-18T13:30:00.0000000+00:00","PaydaySeason","866.18722690"
"2022-04-18T13:30:00.0000000+00:00","BondSeason","3386.6858746"
"2022-04-18T13:30:00.0000000+00:00","EqBondReversion","3669.31329024"
"2022-04-18T13:30:00.0000000+00:00","RiskPremia","3149.5317750"
"2022-04-18T20:00:00.0000000+00:00","PaydaySeason","866.78722690"
"2022-04-18T20:00:00.0000000+00:00","BondSeason","3386.6858746"
"2022-04-18T20:00:00.0000000+00:00","EqBondReversion","3669.31329024"
"2022-04-18T20:00:00.0000000+00:00","RiskPremia","3143.8617750"
"2022-04-19T13:30:00.0000000+00:00","PaydaySeason","866.33722690"
"2022-04-19T13:30:00.0000000+00:00","BondSeason","3386.6858746"
"2022-04-19T13:30:00.0000000+00:00","EqBondReversion","3669.31329024"
"2022-04-19T13:30:00.0000000+00:00","RiskPremia","3136.3217750"
"2022-04-19T20:00:00.0000000+00:00","PaydaySeason","879.97969690"
"2022-04-19T20:00:00.0000000+00:00","BondSeason","3386.6858746"
"2022-04-19T20:00:00.0000000+00:00","EqBondReversion","3669.31329024"
"2022-04-19T20:00:00.0000000+00:00","RiskPremia","3139.9636750"
"2022-04-20T13:30:00.0000000+00:00","PaydaySeason","879.97969690"
"2022-04-20T13:30:00.0000000+00:00","BondSeason","3386.6858746"
"2022-04-20T13:30:00.0000000+00:00","EqBondReversion","3669.31329024"
"2022-04-20T13:30:00.0000000+00:00","RiskPremia","3146.5417750"
"2022-04-20T20:00:00.0000000+00:00","PaydaySeason","879.97969690"
"2022-04-20T20:00:00.0000000+00:00","BondSeason","3386.1747766"
"2022-04-20T20:00:00.0000000+00:00","EqBondReversion","3669.31329024"
"2022-04-20T20:00:00.0000000+00:00","RiskPremia","3156.4417750"
"2022-04-21T13:30:00.0000000+00:00","PaydaySeason","879.97969690"
"2022-04-21T13:30:00.0000000+00:00","BondSeason","3368.1147766"
"2022-04-21T13:30:00.0000000+00:00","EqBondReversion","3669.31329024"
"2022-04-21T13:30:00.0000000+00:00","RiskPremia","3151.3817750"
"2022-04-21T20:00:00.0000000+00:00","PaydaySeason","879.97969690"
"2022-04-21T20:00:00.0000000+00:00","BondSeason","3365.5947766"
"2022-04-21T20:00:00.0000000+00:00","EqBondReversion","3669.31329024"
"2022-04-21T20:00:00.0000000+00:00","RiskPremia","3146.7417750"
"2022-04-22T13:30:00.0000000+00:00","PaydaySeason","879.97969690"
"2022-04-22T13:30:00.0000000+00:00","BondSeason","3352.1547766"
"2022-04-22T13:30:00.0000000+00:00","EqBondReversion","3668.71294024"
"2022-04-22T13:30:00.0000000+00:00","RiskPremia","3141.3917750"
"2022-04-22T20:00:00.0000000+00:00","PaydaySeason","879.97969690"
"2022-04-22T20:00:00.0000000+00:00","BondSeason","3351.5247766"
"2022-04-22T20:00:00.0000000+00:00","EqBondReversion","3667.96294024"
"2022-04-22T20:00:00.0000000+00:00","RiskPremia","3137.1117750"
"2022-04-25T13:30:00.0000000+00:00","PaydaySeason","879.97969690"
"2022-04-25T13:30:00.0000000+00:00","BondSeason","3379.6647766"
"2022-04-25T13:30:00.0000000+00:00","EqBondReversion","3701.46294024"
"2022-04-25T13:30:00.0000000+00:00","RiskPremia","3144.3817750"
"2022-04-25T20:00:00.0000000+00:00","PaydaySeason","879.81800090"
"2022-04-25T20:00:00.0000000+00:00","BondSeason","3375.8847766"
"2022-04-25T20:00:00.0000000+00:00","EqBondReversion","3696.96294024"
"2022-04-25T20:00:00.0000000+00:00","RiskPremia","3144.8917750"
"2022-04-26T13:30:00.0000000+00:00","PaydaySeason","874.85800090"
"2022-04-26T13:30:00.0000000+00:00","BondSeason","3401.9247766"
"2022-04-26T13:30:00.0000000+00:00","EqBondReversion","3727.96294024"
"2022-04-26T13:30:00.0000000+00:00","RiskPremia","3153.0217750"
"2022-04-26T20:00:00.0000000+00:00","PaydaySeason","855.81800090"
"2022-04-26T20:00:00.0000000+00:00","BondSeason","3401.0847766"
"2022-04-26T20:00:00.0000000+00:00","EqBondReversion","3726.96294024"
"2022-04-26T20:00:00.0000000+00:00","RiskPremia","3148.8917750"
"2022-04-27T13:30:00.0000000+00:00","PaydaySeason","857.25800090"
"2022-04-27T13:30:00.0000000+00:00","BondSeason","3396.6747766"
"2022-04-27T13:30:00.0000000+00:00","EqBondReversion","3721.71294024"
"2022-04-27T13:30:00.0000000+00:00","RiskPremia","3147.3517750"
"2022-04-27T20:00:00.0000000+00:00","PaydaySeason","856.93800090"
"2022-04-27T20:00:00.0000000+00:00","BondSeason","3368.9547766"
"2022-04-27T20:00:00.0000000+00:00","EqBondReversion","3688.71294024"
"2022-04-27T20:00:00.0000000+00:00","RiskPremia","3137.8117750"
"2022-04-28T13:30:00.0000000+00:00","PaydaySeason","867.01800090"
"2022-04-28T13:30:00.0000000+00:00","BondSeason","3358.8747766"
"2022-04-28T13:30:00.0000000+00:00","EqBondReversion","3676.71294024"
"2022-04-28T13:30:00.0000000+00:00","RiskPremia","3136.3017750"
"2022-04-28T20:00:00.0000000+00:00","PaydaySeason","876.29800090"
"2022-04-28T20:00:00.0000000+00:00","BondSeason","3372.1047766"
"2022-04-28T20:00:00.0000000+00:00","EqBondReversion","3692.46294024"
"2022-04-28T20:00:00.0000000+00:00","RiskPremia","3142.8917750"
"2022-04-29T13:30:00.0000000+00:00","PaydaySeason","869.73800090"
"2022-04-29T13:30:00.0000000+00:00","BondSeason","3336.1947766"
"2022-04-29T13:30:00.0000000+00:00","EqBondReversion","3649.71294024"
"2022-04-29T13:30:00.0000000+00:00","RiskPremia","3130.1717750"
"2022-04-29T20:00:00.0000000+00:00","PaydaySeason","847.66270490"
"2022-04-29T20:00:00.0000000+00:00","BondSeason","3338.5512286"
"2022-04-29T20:00:00.0000000+00:00","EqBondReversion","3653.11559024"
"2022-04-29T20:00:00.0000000+00:00","RiskPremia","3126.7117750"
"2022-05-02T13:30:00.0000000+00:00","PaydaySeason","847.66270490"
"2022-05-02T13:30:00.0000000+00:00","BondSeason","3368.0954986"
"2022-05-02T13:30:00.0000000+00:00","EqBondReversion","3653.11559024"
"2022-05-02T13:30:00.0000000+00:00","RiskPremia","3115.4736850"
"2022-05-02T20:00:00.0000000+00:00","PaydaySeason","847.66270490"
"2022-05-02T20:00:00.0000000+00:00","BondSeason","3380.9054986"
"2022-05-02T20:00:00.0000000+00:00","EqBondReversion","3653.11559024"
"2022-05-02T20:00:00.0000000+00:00","RiskPremia","3112.1336850"
"2022-05-03T13:30:00.0000000+00:00","PaydaySeason","847.66270490"
"2022-05-03T13:30:00.0000000+00:00","BondSeason","3343.3154986"
"2022-05-03T13:30:00.0000000+00:00","EqBondReversion","3653.11559024"
"2022-05-03T13:30:00.0000000+00:00","RiskPremia","3124.8436850"
"2022-05-03T20:00:00.0000000+00:00","PaydaySeason","847.66270490"
"2022-05-03T20:00:00.0000000+00:00","BondSeason","3365.5754986"
"2022-05-03T20:00:00.0000000+00:00","EqBondReversion","3653.11559024"
"2022-05-03T20:00:00.0000000+00:00","RiskPremia","3118.1136850"
"2022-05-04T13:30:00.0000000+00:00","PaydaySeason","847.66270490"
"2022-05-04T13:30:00.0000000+00:00","BondSeason","3365.7854986"
"2022-05-04T13:30:00.0000000+00:00","EqBondReversion","3653.11559024"
"2022-05-04T13:30:00.0000000+00:00","RiskPremia","3118.3036850"
"2022-05-04T20:00:00.0000000+00:00","PaydaySeason","847.66270490"
"2022-05-04T20:00:00.0000000+00:00","BondSeason","3352.1354986"
"2022-05-04T20:00:00.0000000+00:00","EqBondReversion","3653.11559024"
"2022-05-04T20:00:00.0000000+00:00","RiskPremia","3127.6836850"
"2022-05-05T13:30:00.0000000+00:00","PaydaySeason","847.66270490"
"2022-05-05T13:30:00.0000000+00:00","BondSeason","3399.8054986"
"2022-05-05T13:30:00.0000000+00:00","EqBondReversion","3653.11559024"
"2022-05-05T13:30:00.0000000+00:00","RiskPremia","3111.0336850"
"2022-05-05T20:00:00.0000000+00:00","PaydaySeason","847.66270490"
"2022-05-05T20:00:00.0000000+00:00","BondSeason","3419.1254986"
"2022-05-05T20:00:00.0000000+00:00","EqBondReversion","3653.11559024"
"2022-05-05T20:00:00.0000000+00:00","RiskPremia","3099.5936850"
"2022-05-06T13:30:00.0000000+00:00","PaydaySeason","847.66270490"
"2022-05-06T13:30:00.0000000+00:00","BondSeason","3446.2154986"
"2022-05-06T13:30:00.0000000+00:00","EqBondReversion","3653.11559024"
"2022-05-06T13:30:00.0000000+00:00","RiskPremia","3089.8036850"
"2022-05-06T20:00:00.0000000+00:00","PaydaySeason","847.66270490"
"2022-05-06T20:00:00.0000000+00:00","BondSeason","3456.0854986"
"2022-05-06T20:00:00.0000000+00:00","EqBondReversion","3653.11559024"
"2022-05-06T20:00:00.0000000+00:00","RiskPremia","3086.0936850"
"2022-05-09T13:30:00.0000000+00:00","PaydaySeason","847.66270490"
"2022-05-09T13:30:00.0000000+00:00","BondSeason","3473.0954986"
"2022-05-09T13:30:00.0000000+00:00","EqBondReversion","3653.11559024"
"2022-05-09T13:30:00.0000000+00:00","RiskPremia","3077.8336850"
"2022-05-09T20:00:00.0000000+00:00","PaydaySeason","847.66270490"
"2022-05-09T20:00:00.0000000+00:00","BondSeason","3435.5054986"
"2022-05-09T20:00:00.0000000+00:00","EqBondReversion","3653.11559024"
"2022-05-09T20:00:00.0000000+00:00","RiskPremia","3086.8636850"
"2022-05-10T13:30:00.0000000+00:00","PaydaySeason","847.66270490"
"2022-05-10T13:30:00.0000000+00:00","BondSeason","3409.4654986"
"2022-05-10T13:30:00.0000000+00:00","EqBondReversion","3653.11559024"
"2022-05-10T13:30:00.0000000+00:00","RiskPremia","3098.1436850"
"2022-05-10T20:00:00.0000000+00:00","PaydaySeason","847.66270490"
"2022-05-10T20:00:00.0000000+00:00","BondSeason","3411.2892226"
"2022-05-10T20:00:00.0000000+00:00","EqBondReversion","3653.11559024"
"2022-05-10T20:00:00.0000000+00:00","RiskPremia","3094.2859850"
"2022-05-11T13:30:00.0000000+00:00","PaydaySeason","847.66270490"
"2022-05-11T13:30:00.0000000+00:00","BondSeason","3411.2892226"
"2022-05-11T13:30:00.0000000+00:00","EqBondReversion","3653.11559024"
"2022-05-11T13:30:00.0000000+00:00","RiskPremia","3087.1136850"
"2022-05-11T20:00:00.0000000+00:00","PaydaySeason","847.50684890"
"2022-05-11T20:00:00.0000000+00:00","BondSeason","3411.2892226"
"2022-05-11T20:00:00.0000000+00:00","EqBondReversion","3653.11559024"
"2022-05-11T20:00:00.0000000+00:00","RiskPremia","3107.3506850"
"2022-05-12T13:30:00.0000000+00:00","PaydaySeason","841.89684890"
"2022-05-12T13:30:00.0000000+00:00","BondSeason","3411.2892226"
"2022-05-12T13:30:00.0000000+00:00","EqBondReversion","3653.11559024"
"2022-05-12T13:30:00.0000000+00:00","RiskPremia","3106.8936850"
"2022-05-12T20:00:00.0000000+00:00","PaydaySeason","848.86684890"
"2022-05-12T20:00:00.0000000+00:00","BondSeason","3411.2892226"
"2022-05-12T20:00:00.0000000+00:00","EqBondReversion","3653.11559024"
"2022-05-12T20:00:00.0000000+00:00","RiskPremia","3105.3036850"
"2022-05-13T13:30:00.0000000+00:00","PaydaySeason","857.19684890"
"2022-05-13T13:30:00.0000000+00:00","BondSeason","3411.2892226"
"2022-05-13T13:30:00.0000000+00:00","EqBondReversion","3653.11559024"
"2022-05-13T13:30:00.0000000+00:00","RiskPremia","3100.7136850"
"2022-05-13T20:00:00.0000000+00:00","PaydaySeason","869.09684890"
"2022-05-13T20:00:00.0000000+00:00","BondSeason","3411.2892226"
"2022-05-13T20:00:00.0000000+00:00","EqBondReversion","3653.11559024"
"2022-05-13T20:00:00.0000000+00:00","RiskPremia","3095.7136850"
"2022-05-16T13:30:00.0000000+00:00","PaydaySeason","866.54684890"
"2022-05-16T13:30:00.0000000+00:00","BondSeason","3411.2892226"
"2022-05-16T13:30:00.0000000+00:00","EqBondReversion","3653.11559024"
"2022-05-16T13:30:00.0000000+00:00","RiskPremia","3097.0136850"
"2022-05-16T20:00:00.0000000+00:00","PaydaySeason","865.01684890"
"2022-05-16T20:00:00.0000000+00:00","BondSeason","3411.2892226"
"2022-05-16T20:00:00.0000000+00:00","EqBondReversion","3653.11559024"
"2022-05-16T20:00:00.0000000+00:00","RiskPremia","3095.2536850"
"2022-05-17T13:30:00.0000000+00:00","PaydaySeason","876.91684890"
"2022-05-17T13:30:00.0000000+00:00","BondSeason","3411.2892226"
"2022-05-17T13:30:00.0000000+00:00","EqBondReversion","3653.11559024"
"2022-05-17T13:30:00.0000000+00:00","RiskPremia","3089.2036850"
"2022-05-17T20:00:00.0000000+00:00","PaydaySeason","881.68412490"
"2022-05-17T20:00:00.0000000+00:00","BondSeason","3411.2892226"
"2022-05-17T20:00:00.0000000+00:00","EqBondReversion","3653.11559024"
"2022-05-17T20:00:00.0000000+00:00","RiskPremia","3087.8436850"
"2022-05-18T13:30:00.0000000+00:00","PaydaySeason","881.68412490"
"2022-05-18T13:30:00.0000000+00:00","BondSeason","3411.2892226"
"2022-05-18T13:30:00.0000000+00:00","EqBondReversion","3653.11559024"
"2022-05-18T13:30:00.0000000+00:00","RiskPremia","3087.9836850"
"2022-05-18T20:00:00.0000000+00:00","PaydaySeason","881.68412490"
"2022-05-18T20:00:00.0000000+00:00","BondSeason","3411.2892226"
"2022-05-18T20:00:00.0000000+00:00","EqBondReversion","3653.11559024"
"2022-05-18T20:00:00.0000000+00:00","RiskPremia","3099.4536850"
"2022-05-19T13:30:00.0000000+00:00","PaydaySeason","881.68412490"
"2022-05-19T13:30:00.0000000+00:00","BondSeason","3411.2892226"
"2022-05-19T13:30:00.0000000+00:00","EqBondReversion","3653.11559024"
"2022-05-19T13:30:00.0000000+00:00","RiskPremia","3111.2336850"
"2022-05-19T20:00:00.0000000+00:00","PaydaySeason","881.68412490"
"2022-05-19T20:00:00.0000000+00:00","BondSeason","3410.7737186"
"2022-05-19T20:00:00.0000000+00:00","EqBondReversion","3653.11559024"
"2022-05-19T20:00:00.0000000+00:00","RiskPremia","3101.5736850"
"2022-05-20T13:30:00.0000000+00:00","PaydaySeason","881.68412490"
"2022-05-20T13:30:00.0000000+00:00","BondSeason","3409.2337186"
"2022-05-20T13:30:00.0000000+00:00","EqBondReversion","3652.51499024"
"2022-05-20T13:30:00.0000000+00:00","RiskPremia","3102.2936850"
"2022-05-20T20:00:00.0000000+00:00","PaydaySeason","881.68412490"
"2022-05-20T20:00:00.0000000+00:00","BondSeason","3441.3537186"
"2022-05-20T20:00:00.0000000+00:00","EqBondReversion","3627.16499024"
"2022-05-20T20:00:00.0000000+00:00","RiskPremia","3111.4836850"
"2022-05-23T13:30:00.0000000+00:00","PaydaySeason","881.68412490"
"2022-05-23T13:30:00.0000000+00:00","BondSeason","3422.7637186"
"2022-05-23T13:30:00.0000000+00:00","EqBondReversion","3647.96499024"
"2022-05-23T13:30:00.0000000+00:00","RiskPremia","3107.0086850"
"2022-05-23T20:00:00.0000000+00:00","PaydaySeason","881.52582090"
"2022-05-23T20:00:00.0000000+00:00","BondSeason","3398.2337186"
"2022-05-23T20:00:00.0000000+00:00","EqBondReversion","3675.91499024"
"2022-05-23T20:00:00.0000000+00:00","RiskPremia","3100.3536850"
"2022-05-24T13:30:00.0000000+00:00","PaydaySeason","873.36582090"
"2022-05-24T13:30:00.0000000+00:00","BondSeason","3427.0537186"
"2022-05-24T13:30:00.0000000+00:00","EqBondReversion","3644.71499024"
"2022-05-24T13:30:00.0000000+00:00","RiskPremia","3108.3436850"
"2022-05-24T20:00:00.0000000+00:00","PaydaySeason","873.87582090"
"2022-05-24T20:00:00.0000000+00:00","BondSeason","3449.7137186"
"2022-05-24T20:00:00.0000000+00:00","EqBondReversion","3646.66499024"
"2022-05-24T20:00:00.0000000+00:00","RiskPremia","3115.9236850"
"2022-05-25T13:30:00.0000000+00:00","PaydaySeason","870.98582090"
"2022-05-25T13:30:00.0000000+00:00","BondSeason","3464.6737186"
"2022-05-25T13:30:00.0000000+00:00","EqBondReversion","3635.61499024"
"2022-05-25T13:30:00.0000000+00:00","RiskPremia","3119.6136850"
"2022-05-25T20:00:00.0000000+00:00","PaydaySeason","882.54582090"
"2022-05-25T20:00:00.0000000+00:00","BondSeason","3458.4037186"
"2022-05-25T20:00:00.0000000+00:00","EqBondReversion","3679.81499024"
"2022-05-25T20:00:00.0000000+00:00","RiskPremia","3119.7586850"
"2022-05-26T13:30:00.0000000+00:00","PaydaySeason","884.92582090"
"2022-05-26T13:30:00.0000000+00:00","BondSeason","3451.6937186"
"2022-05-26T13:30:00.0000000+00:00","EqBondReversion","3688.91499024"
"2022-05-26T13:30:00.0000000+00:00","RiskPremia","3117.6836850"
"2022-05-26T20:00:00.0000000+00:00","PaydaySeason","898.86582090"
"2022-05-26T20:00:00.0000000+00:00","BondSeason","3446.8537186"
"2022-05-26T20:00:00.0000000+00:00","EqBondReversion","3742.21499024"
"2022-05-26T20:00:00.0000000+00:00","RiskPremia","3118.8336850"
"2022-05-27T13:30:00.0000000+00:00","PaydaySeason","904.30582090"
"2022-05-27T13:30:00.0000000+00:00","BondSeason","3459.1737186"
"2022-05-27T13:30:00.0000000+00:00","EqBondReversion","3763.01499024"
"2022-05-27T13:30:00.0000000+00:00","RiskPremia","3124.0236850"
"2022-05-27T20:00:00.0000000+00:00","PaydaySeason","919.09582090"
"2022-05-27T20:00:00.0000000+00:00","BondSeason","3453.0137186"
"2022-05-27T20:00:00.0000000+00:00","EqBondReversion","3819.56499024"
"2022-05-27T20:00:00.0000000+00:00","RiskPremia","3124.4136850"
"2022-05-31T13:30:00.0000000+00:00","PaydaySeason","916.03582090"
"2022-05-31T13:30:00.0000000+00:00","BondSeason","3411.2137186"
"2022-05-31T13:30:00.0000000+00:00","EqBondReversion","3807.86499024"
"2022-05-31T13:30:00.0000000+00:00","RiskPremia","3110.5336850"
"2022-05-31T20:00:00.0000000+00:00","PaydaySeason","913.15115890"
"2022-05-31T20:00:00.0000000+00:00","BondSeason","3398.1107006"
"2022-05-31T20:00:00.0000000+00:00","EqBondReversion","3796.83540024"
"2022-05-31T20:00:00.0000000+00:00","RiskPremia","3105.5636850"
"2022-06-01T13:30:00.0000000+00:00","PaydaySeason","913.15115890"
"2022-06-01T13:30:00.0000000+00:00","BondSeason","3385.3545026"
"2022-06-01T13:30:00.0000000+00:00","EqBondReversion","3796.83540024"
"2022-06-01T13:30:00.0000000+00:00","RiskPremia","3110.9157510"
"2022-06-01T20:00:00.0000000+00:00","PaydaySeason","913.15115890"
"2022-06-01T20:00:00.0000000+00:00","BondSeason","3401.7345026"
"2022-06-01T20:00:00.0000000+00:00","EqBondReversion","3796.83540024"
"2022-06-01T20:00:00.0000000+00:00","RiskPremia","3103.6357510"
"2022-06-02T13:30:00.0000000+00:00","PaydaySeason","913.15115890"
"2022-06-02T13:30:00.0000000+00:00","BondSeason","3393.7545026"
"2022-06-02T13:30:00.0000000+00:00","EqBondReversion","3796.83540024"
"2022-06-02T13:30:00.0000000+00:00","RiskPremia","3106.8457510"
"2022-06-02T20:00:00.0000000+00:00","PaydaySeason","913.15115890"
"2022-06-02T20:00:00.0000000+00:00","BondSeason","3400.4745026"
"2022-06-02T20:00:00.0000000+00:00","EqBondReversion","3796.83540024"
"2022-06-02T20:00:00.0000000+00:00","RiskPremia","3107.9557510"
"2022-06-03T13:30:00.0000000+00:00","PaydaySeason","913.15115890"
"2022-06-03T13:30:00.0000000+00:00","BondSeason","3426.3045026"
"2022-06-03T13:30:00.0000000+00:00","EqBondReversion","3796.83540024"
"2022-06-03T13:30:00.0000000+00:00","RiskPremia","3097.2957510"
"2022-06-03T20:00:00.0000000+00:00","PaydaySeason","913.15115890"
"2022-06-03T20:00:00.0000000+00:00","BondSeason","3406.5645026"
"2022-06-03T20:00:00.0000000+00:00","EqBondReversion","3796.83540024"
"2022-06-03T20:00:00.0000000+00:00","RiskPremia","3102.7657510"
"2022-06-06T13:30:00.0000000+00:00","PaydaySeason","913.15115890"
"2022-06-06T13:30:00.0000000+00:00","BondSeason","3424.8345026"
"2022-06-06T13:30:00.0000000+00:00","EqBondReversion","3796.83540024"
"2022-06-06T13:30:00.0000000+00:00","RiskPremia","3098.2857510"
"2022-06-06T20:00:00.0000000+00:00","PaydaySeason","913.15115890"
"2022-06-06T20:00:00.0000000+00:00","BondSeason","3450.6645026"
"2022-06-06T20:00:00.0000000+00:00","EqBondReversion","3796.83540024"
"2022-06-06T20:00:00.0000000+00:00","RiskPremia","3088.2357510"
"2022-06-07T13:30:00.0000000+00:00","PaydaySeason","913.15115890"
"2022-06-07T13:30:00.0000000+00:00","BondSeason","3436.1745026"
"2022-06-07T13:30:00.0000000+00:00","EqBondReversion","3796.83540024"
"2022-06-07T13:30:00.0000000+00:00","RiskPremia","3091.9757510"
"2022-06-07T20:00:00.0000000+00:00","PaydaySeason","913.15115890"
"2022-06-07T20:00:00.0000000+00:00","BondSeason","3426.3045026"
"2022-06-07T20:00:00.0000000+00:00","EqBondReversion","3796.83540024"
"2022-06-07T20:00:00.0000000+00:00","RiskPremia","3098.2757510"
"2022-06-08T13:30:00.0000000+00:00","PaydaySeason","913.15115890"
"2022-06-08T13:30:00.0000000+00:00","BondSeason","3434.7045026"
"2022-06-08T13:30:00.0000000+00:00","EqBondReversion","3796.83540024"
"2022-06-08T13:30:00.0000000+00:00","RiskPremia","3094.9957510"
"2022-06-08T20:00:00.0000000+00:00","PaydaySeason","913.15115890"
"2022-06-08T20:00:00.0000000+00:00","BondSeason","3446.6745026"
"2022-06-08T20:00:00.0000000+00:00","EqBondReversion","3796.83540024"
"2022-06-08T20:00:00.0000000+00:00","RiskPremia","3089.8457510"
"2022-06-09T13:30:00.0000000+00:00","PaydaySeason","913.15115890"
"2022-06-09T13:30:00.0000000+00:00","BondSeason","3452.4495026"
"2022-06-09T13:30:00.0000000+00:00","EqBondReversion","3796.83540024"
"2022-06-09T13:30:00.0000000+00:00","RiskPremia","3087.1107510"
"2022-06-09T20:00:00.0000000+00:00","PaydaySeason","913.15115890"
"2022-06-09T20:00:00.0000000+00:00","BondSeason","3438.2136446"
"2022-06-09T20:00:00.0000000+00:00","EqBondReversion","3796.83540024"
"2022-06-09T20:00:00.0000000+00:00","RiskPremia","3088.8057510"
"2022-06-10T13:30:00.0000000+00:00","PaydaySeason","913.15115890"
"2022-06-10T13:30:00.0000000+00:00","BondSeason","3438.2136446"
"2022-06-10T13:30:00.0000000+00:00","EqBondReversion","3796.83540024"
"2022-06-10T13:30:00.0000000+00:00","RiskPremia","3085.2257510"
"2022-06-10T20:00:00.0000000+00:00","PaydaySeason","912.99543890"
"2022-06-10T20:00:00.0000000+00:00","BondSeason","3438.2136446"
"2022-06-10T20:00:00.0000000+00:00","EqBondReversion","3796.83540024"
"2022-06-10T20:00:00.0000000+00:00","RiskPremia","3080.5607510"
"2022-06-13T13:30:00.0000000+00:00","PaydaySeason","893.27543890"
"2022-06-13T13:30:00.0000000+00:00","BondSeason","3438.2136446"
"2022-06-13T13:30:00.0000000+00:00","EqBondReversion","3796.83540024"
"2022-06-13T13:30:00.0000000+00:00","RiskPremia","3059.6657510"
"2022-06-13T20:00:00.0000000+00:00","PaydaySeason","881.71543890"
"2022-06-13T20:00:00.0000000+00:00","BondSeason","3438.2136446"
"2022-06-13T20:00:00.0000000+00:00","EqBondReversion","3796.83540024"
"2022-06-13T20:00:00.0000000+00:00","RiskPremia","3048.4907510"
"2022-06-14T13:30:00.0000000+00:00","PaydaySeason","885.62543890"
"2022-06-14T13:30:00.0000000+00:00","BondSeason","3438.2136446"
"2022-06-14T13:30:00.0000000+00:00","EqBondReversion","3796.83540024"
"2022-06-14T13:30:00.0000000+00:00","RiskPremia","3050.8957510"
"2022-06-14T20:00:00.0000000+00:00","PaydaySeason","879.33543890"
"2022-06-14T20:00:00.0000000+00:00","BondSeason","3438.2136446"
"2022-06-14T20:00:00.0000000+00:00","EqBondReversion","3796.83540024"
"2022-06-14T20:00:00.0000000+00:00","RiskPremia","3037.3757510"
"2022-06-15T13:30:00.0000000+00:00","PaydaySeason","885.79543890"
"2022-06-15T13:30:00.0000000+00:00","BondSeason","3438.2136446"
"2022-06-15T13:30:00.0000000+00:00","EqBondReversion","3796.83540024"
"2022-06-15T13:30:00.0000000+00:00","RiskPremia","3048.1707510"
"2022-06-15T20:00:00.0000000+00:00","PaydaySeason","890.55543890"
"2022-06-15T20:00:00.0000000+00:00","BondSeason","3438.2136446"
"2022-06-15T20:00:00.0000000+00:00","EqBondReversion","3796.83540024"
"2022-06-15T20:00:00.0000000+00:00","RiskPremia","3055.3457510"
"2022-06-16T13:30:00.0000000+00:00","PaydaySeason","873.38543890"
"2022-06-16T13:30:00.0000000+00:00","BondSeason","3438.2136446"
"2022-06-16T13:30:00.0000000+00:00","EqBondReversion","3796.83540024"
"2022-06-16T13:30:00.0000000+00:00","RiskPremia","3034.5557510"
"2022-06-16T20:00:00.0000000+00:00","PaydaySeason","864.39940890"
"2022-06-16T20:00:00.0000000+00:00","BondSeason","3438.2136446"
"2022-06-16T20:00:00.0000000+00:00","EqBondReversion","3796.83540024"
"2022-06-16T20:00:00.0000000+00:00","RiskPremia","3056.8257510"
"2022-06-17T13:30:00.0000000+00:00","PaydaySeason","864.39940890"
"2022-06-17T13:30:00.0000000+00:00","BondSeason","3438.2136446"
"2022-06-17T13:30:00.0000000+00:00","EqBondReversion","3796.83540024"
"2022-06-17T13:30:00.0000000+00:00","RiskPremia","3058.6657510"
"2022-06-17T20:00:00.0000000+00:00","PaydaySeason","864.39940890"
"2022-06-17T20:00:00.0000000+00:00","BondSeason","3438.2136446"
"2022-06-17T20:00:00.0000000+00:00","EqBondReversion","3796.83540024"
"2022-06-17T20:00:00.0000000+00:00","RiskPremia","3059.9457510"
"2022-06-21T13:30:00.0000000+00:00","PaydaySeason","864.39940890"
"2022-06-21T13:30:00.0000000+00:00","BondSeason","3438.2136446"
"2022-06-21T13:30:00.0000000+00:00","EqBondReversion","3796.83540024"
"2022-06-21T13:30:00.0000000+00:00","RiskPremia","3046.9857510"
"2022-06-21T20:00:00.0000000+00:00","PaydaySeason","864.39940890"
"2022-06-21T20:00:00.0000000+00:00","BondSeason","3437.7068166"
"2022-06-21T20:00:00.0000000+00:00","EqBondReversion","3796.83540024"
"2022-06-21T20:00:00.0000000+00:00","RiskPremia","3048.6257510"
"2022-06-22T13:30:00.0000000+00:00","PaydaySeason","864.39940890"
"2022-06-22T13:30:00.0000000+00:00","BondSeason","3495.4368166"
"2022-06-22T13:30:00.0000000+00:00","EqBondReversion","3796.24516024"
"2022-06-22T13:30:00.0000000+00:00","RiskPremia","3065.0627510"
"2022-06-22T20:00:00.0000000+00:00","PaydaySeason","864.39940890"
"2022-06-22T20:00:00.0000000+00:00","BondSeason","3506.9368166"
"2022-06-22T20:00:00.0000000+00:00","EqBondReversion","3826.16516024"
"2022-06-22T20:00:00.0000000+00:00","RiskPremia","3069.7227510"
"2022-06-23T13:30:00.0000000+00:00","PaydaySeason","864.39940890"
"2022-06-23T13:30:00.0000000+00:00","BondSeason","3523.2668166"
"2022-06-23T13:30:00.0000000+00:00","EqBondReversion","3841.80516024"
"2022-06-23T13:30:00.0000000+00:00","RiskPremia","3075.4199710"
"2022-06-23T20:00:00.0000000+00:00","PaydaySeason","864.23982090"
"2022-06-23T20:00:00.0000000+00:00","BondSeason","3529.9368166"
"2022-06-23T20:00:00.0000000+00:00","EqBondReversion","3859.48516024"
"2022-06-23T20:00:00.0000000+00:00","RiskPremia","3077.4599710"
"2022-06-24T13:30:00.0000000+00:00","PaydaySeason","870.71982090"
"2022-06-24T13:30:00.0000000+00:00","BondSeason","3512.9168166"
"2022-06-24T13:30:00.0000000+00:00","EqBondReversion","3883.96516024"
"2022-06-24T13:30:00.0000000+00:00","RiskPremia","3074.0999710"
"2022-06-24T20:00:00.0000000+00:00","PaydaySeason","889.61982090"
"2022-06-24T20:00:00.0000000+00:00","BondSeason","3492.4468166"
"2022-06-24T20:00:00.0000000+00:00","EqBondReversion","3955.36516024"
"2022-06-24T20:00:00.0000000+00:00","RiskPremia","3071.7899710"
"2022-06-27T13:30:00.0000000+00:00","PaydaySeason","892.49982090"
"2022-06-27T13:30:00.0000000+00:00","BondSeason","3461.6268166"
"2022-06-27T13:30:00.0000000+00:00","EqBondReversion","3966.24516024"
"2022-06-27T13:30:00.0000000+00:00","RiskPremia","3064.5099710"
"2022-06-27T20:00:00.0000000+00:00","PaydaySeason","887.09982090"
"2022-06-27T20:00:00.0000000+00:00","BondSeason","3470.9418166"
"2022-06-27T20:00:00.0000000+00:00","EqBondReversion","3945.84516024"
"2022-06-27T20:00:00.0000000+00:00","RiskPremia","3065.6999710"
"2022-06-28T13:30:00.0000000+00:00","PaydaySeason","889.97982090"
"2022-06-28T13:30:00.0000000+00:00","BondSeason","3463.2368166"
"2022-06-28T13:30:00.0000000+00:00","EqBondReversion","3956.72516024"
"2022-06-28T13:30:00.0000000+00:00","RiskPremia","3064.2499710"
"2022-06-28T20:00:00.0000000+00:00","PaydaySeason","870.71982090"
"2022-06-28T20:00:00.0000000+00:00","BondSeason","3482.5568166"
"2022-06-28T20:00:00.0000000+00:00","EqBondReversion","3883.96516024"
"2022-06-28T20:00:00.0000000+00:00","RiskPremia","3065.8999710"
"2022-06-29T13:30:00.0000000+00:00","PaydaySeason","870.89982090"
"2022-06-29T13:30:00.0000000+00:00","BondSeason","3488.3068166"
"2022-06-29T13:30:00.0000000+00:00","EqBondReversion","3884.64516024"
"2022-06-29T13:30:00.0000000+00:00","RiskPremia","3067.8299710"
"2022-06-29T20:00:00.0000000+00:00","PaydaySeason","868.73982090"
"2022-06-29T20:00:00.0000000+00:00","BondSeason","3522.3468166"
"2022-06-29T20:00:00.0000000+00:00","EqBondReversion","3876.48516024"
"2022-06-29T20:00:00.0000000+00:00","RiskPremia","3075.8999710"
"2022-06-30T13:30:00.0000000+00:00","PaydaySeason","859.37982090"
"2022-06-30T13:30:00.0000000+00:00","BondSeason","3544.8868166"
"2022-06-30T13:30:00.0000000+00:00","EqBondReversion","3841.12516024"
"2022-06-30T13:30:00.0000000+00:00","RiskPremia","3080.2099710"
"2022-06-30T20:00:00.0000000+00:00","PaydaySeason","861.56073690"
"2022-06-30T20:00:00.0000000+00:00","BondSeason","3544.0831666"
"2022-06-30T20:00:00.0000000+00:00","EqBondReversion","3849.36417624"
"2022-06-30T20:00:00.0000000+00:00","RiskPremia","3080.2199710"
"2022-07-01T13:30:00.0000000+00:00","PaydaySeason","861.56073690"
"2022-07-01T13:30:00.0000000+00:00","BondSeason","3515.9905086"
"2022-07-01T13:30:00.0000000+00:00","EqBondReversion","3849.36417624"
"2022-07-01T13:30:00.0000000+00:00","RiskPremia","3087.0316050"
"2022-07-01T20:00:00.0000000+00:00","PaydaySeason","861.56073690"
"2022-07-01T20:00:00.0000000+00:00","BondSeason","3516.2105086"
"2022-07-01T20:00:00.0000000+00:00","EqBondReversion","3849.36417624"
"2022-07-01T20:00:00.0000000+00:00","RiskPremia","3089.2016050"
"2022-07-05T13:30:00.0000000+00:00","PaydaySeason","861.56073690"
"2022-07-05T13:30:00.0000000+00:00","BondSeason","3494.2105086"
"2022-07-05T13:30:00.0000000+00:00","EqBondReversion","3849.36417624"
"2022-07-05T13:30:00.0000000+00:00","RiskPremia","3093.1216050"
"2022-07-05T20:00:00.0000000+00:00","PaydaySeason","861.56073690"
"2022-07-05T20:00:00.0000000+00:00","BondSeason","3497.5105086"
"2022-07-05T20:00:00.0000000+00:00","EqBondReversion","3849.36417624"
"2022-07-05T20:00:00.0000000+00:00","RiskPremia","3093.2316050"
"2022-07-06T13:30:00.0000000+00:00","PaydaySeason","861.56073690"
"2022-07-06T13:30:00.0000000+00:00","BondSeason","3483.2105086"
"2022-07-06T13:30:00.0000000+00:00","EqBondReversion","3849.36417624"
"2022-07-06T13:30:00.0000000+00:00","RiskPremia","3096.6935570"
"2022-07-06T20:00:00.0000000+00:00","PaydaySeason","861.56073690"
"2022-07-06T20:00:00.0000000+00:00","BondSeason","3540.8505086"
"2022-07-06T20:00:00.0000000+00:00","EqBondReversion","3849.36417624"
"2022-07-06T20:00:00.0000000+00:00","RiskPremia","3069.2135570"
"2022-07-07T13:30:00.0000000+00:00","PaydaySeason","861.56073690"
"2022-07-07T13:30:00.0000000+00:00","BondSeason","3533.5905086"
"2022-07-07T13:30:00.0000000+00:00","EqBondReversion","3849.36417624"
"2022-07-07T13:30:00.0000000+00:00","RiskPremia","3073.3435570"
"2022-07-07T20:00:00.0000000+00:00","PaydaySeason","861.56073690"
"2022-07-07T20:00:00.0000000+00:00","BondSeason","3561.9705086"
"2022-07-07T20:00:00.0000000+00:00","EqBondReversion","3849.36417624"
"2022-07-07T20:00:00.0000000+00:00","RiskPremia","3066.5535570"
"2022-07-08T13:30:00.0000000+00:00","PaydaySeason","861.56073690"
"2022-07-08T13:30:00.0000000+00:00","BondSeason","3568.7905086"
"2022-07-08T13:30:00.0000000+00:00","EqBondReversion","3849.36417624"
"2022-07-08T13:30:00.0000000+00:00","RiskPremia","3064.6735570"
"2022-07-08T20:00:00.0000000+00:00","PaydaySeason","861.56073690"
"2022-07-08T20:00:00.0000000+00:00","BondSeason","3590.3505086"
"2022-07-08T20:00:00.0000000+00:00","EqBondReversion","3849.36417624"
"2022-07-08T20:00:00.0000000+00:00","RiskPremia","3058.6935570"
"2022-07-11T13:30:00.0000000+00:00","PaydaySeason","861.56073690"
"2022-07-11T13:30:00.0000000+00:00","BondSeason","3562.4105086"
"2022-07-11T13:30:00.0000000+00:00","EqBondReversion","3849.36417624"
"2022-07-11T13:30:00.0000000+00:00","RiskPremia","3063.7935570"
"2022-07-11T20:00:00.0000000+00:00","PaydaySeason","861.56073690"
"2022-07-11T20:00:00.0000000+00:00","BondSeason","3548.5505086"
"2022-07-11T20:00:00.0000000+00:00","EqBondReversion","3849.36417624"
"2022-07-11T20:00:00.0000000+00:00","RiskPremia","3063.8147570"
"2022-07-12T13:30:00.0000000+00:00","PaydaySeason","861.56073690"
"2022-07-12T13:30:00.0000000+00:00","BondSeason","3524.5705086"
"2022-07-12T13:30:00.0000000+00:00","EqBondReversion","3849.36417624"
"2022-07-12T13:30:00.0000000+00:00","RiskPremia","3068.7935570"
"2022-07-12T20:00:00.0000000+00:00","PaydaySeason","861.56073690"
"2022-07-12T20:00:00.0000000+00:00","BondSeason","3534.6243766"
"2022-07-12T20:00:00.0000000+00:00","EqBondReversion","3849.36417624"
"2022-07-12T20:00:00.0000000+00:00","RiskPremia","3062.8435570"
"2022-07-13T13:30:00.0000000+00:00","PaydaySeason","861.56073690"
"2022-07-13T13:30:00.0000000+00:00","BondSeason","3534.6243766"
"2022-07-13T13:30:00.0000000+00:00","EqBondReversion","3849.36417624"
"2022-07-13T13:30:00.0000000+00:00","RiskPremia","3049.2035570"
"2022-07-13T20:00:00.0000000+00:00","PaydaySeason","861.40078890"
"2022-07-13T20:00:00.0000000+00:00","BondSeason","3534.6243766"
"2022-07-13T20:00:00.0000000+00:00","EqBondReversion","3849.36417624"
"2022-07-13T20:00:00.0000000+00:00","RiskPremia","3075.0635570"
"2022-07-14T13:30:00.0000000+00:00","PaydaySeason","851.86078890"
"2022-07-14T13:30:00.0000000+00:00","BondSeason","3534.6243766"
"2022-07-14T13:30:00.0000000+00:00","EqBondReversion","3849.36417624"
"2022-07-14T13:30:00.0000000+00:00","RiskPremia","3050.5235570"
"2022-07-14T20:00:00.0000000+00:00","PaydaySeason","857.80078890"
"2022-07-14T20:00:00.0000000+00:00","BondSeason","3534.6243766"
"2022-07-14T20:00:00.0000000+00:00","EqBondReversion","3849.36417624"
"2022-07-14T20:00:00.0000000+00:00","RiskPremia","3055.5535570"
"2022-07-15T13:30:00.0000000+00:00","PaydaySeason","867.16078890"
"2022-07-15T13:30:00.0000000+00:00","BondSeason","3534.6243766"
"2022-07-15T13:30:00.0000000+00:00","EqBondReversion","3849.36417624"
"2022-07-15T13:30:00.0000000+00:00","RiskPremia","3058.1535570"
"2022-07-15T20:00:00.0000000+00:00","PaydaySeason","873.46078890"
"2022-07-15T20:00:00.0000000+00:00","BondSeason","3534.6243766"
"2022-07-15T20:00:00.0000000+00:00","EqBondReversion","3849.36417624"
"2022-07-15T20:00:00.0000000+00:00","RiskPremia","3060.6235570"
"2022-07-18T13:30:00.0000000+00:00","PaydaySeason","880.30078890"
"2022-07-18T13:30:00.0000000+00:00","BondSeason","3534.6243766"
"2022-07-18T13:30:00.0000000+00:00","EqBondReversion","3849.36417624"
"2022-07-18T13:30:00.0000000+00:00","RiskPremia","3062.5235570"
"2022-07-18T20:00:00.0000000+00:00","PaydaySeason","867.70078890"
"2022-07-18T20:00:00.0000000+00:00","BondSeason","3534.6243766"
"2022-07-18T20:00:00.0000000+00:00","EqBondReversion","3849.36417624"
"2022-07-18T20:00:00.0000000+00:00","RiskPremia","3053.3635570"
"2022-07-19T13:30:00.0000000+00:00","PaydaySeason","876.88078890"
"2022-07-19T13:30:00.0000000+00:00","BondSeason","3534.6243766"
"2022-07-19T13:30:00.0000000+00:00","EqBondReversion","3849.36417624"
"2022-07-19T13:30:00.0000000+00:00","RiskPremia","3056.5063730"
"2022-07-19T20:00:00.0000000+00:00","PaydaySeason","890.03508090"
"2022-07-19T20:00:00.0000000+00:00","BondSeason","3534.6243766"
"2022-07-19T20:00:00.0000000+00:00","EqBondReversion","3849.36417624"
"2022-07-19T20:00:00.0000000+00:00","RiskPremia","3055.9663730"
"2022-07-20T13:30:00.0000000+00:00","PaydaySeason","890.03508090"
"2022-07-20T13:30:00.0000000+00:00","BondSeason","3534.6243766"
"2022-07-20T13:30:00.0000000+00:00","EqBondReversion","3849.36417624"
"2022-07-20T13:30:00.0000000+00:00","RiskPremia","3063.5863730"
"2022-07-20T20:00:00.0000000+00:00","PaydaySeason","890.03508090"
"2022-07-20T20:00:00.0000000+00:00","BondSeason","3534.1198946"
"2022-07-20T20:00:00.0000000+00:00","EqBondReversion","3849.36417624"
"2022-07-20T20:00:00.0000000+00:00","RiskPremia","3049.3663730"
"2022-07-21T13:30:00.0000000+00:00","PaydaySeason","890.03508090"
"2022-07-21T13:30:00.0000000+00:00","BondSeason","3545.8898946"
"2022-07-21T13:30:00.0000000+00:00","EqBondReversion","3849.36417624"
"2022-07-21T13:30:00.0000000+00:00","RiskPremia","3053.7163730"
"2022-07-21T20:00:00.0000000+00:00","PaydaySeason","890.03508090"
"2022-07-21T20:00:00.0000000+00:00","BondSeason","3577.3498946"
"2022-07-21T20:00:00.0000000+00:00","EqBondReversion","3849.36417624"
"2022-07-21T20:00:00.0000000+00:00","RiskPremia","3076.8463730"
"2022-07-22T13:30:00.0000000+00:00","PaydaySeason","890.03508090"
"2022-07-22T13:30:00.0000000+00:00","BondSeason","3614.0898946"
"2022-07-22T13:30:00.0000000+00:00","EqBondReversion","3848.77272624"
"2022-07-22T13:30:00.0000000+00:00","RiskPremia","3088.0513810"
"2022-07-22T20:00:00.0000000+00:00","PaydaySeason","890.03508090"
"2022-07-22T20:00:00.0000000+00:00","BondSeason","3621.3498946"
"2022-07-22T20:00:00.0000000+00:00","EqBondReversion","3857.02272624"
"2022-07-22T20:00:00.0000000+00:00","RiskPremia","3086.0313810"
"2022-07-25T13:30:00.0000000+00:00","PaydaySeason","890.03508090"
"2022-07-25T13:30:00.0000000+00:00","BondSeason","3579.3298946"
"2022-07-25T13:30:00.0000000+00:00","EqBondReversion","3809.27272624"
"2022-07-25T13:30:00.0000000+00:00","RiskPremia","3074.9313810"
"2022-07-25T20:00:00.0000000+00:00","PaydaySeason","889.87725290"
"2022-07-25T20:00:00.0000000+00:00","BondSeason","3593.5198946"
"2022-07-25T20:00:00.0000000+00:00","EqBondReversion","3825.39772624"
"2022-07-25T20:00:00.0000000+00:00","RiskPremia","3075.9913810"
"2022-07-26T13:30:00.0000000+00:00","PaydaySeason","886.81725290"
"2022-07-26T13:30:00.0000000+00:00","BondSeason","3626.6298946"
"2022-07-26T13:30:00.0000000+00:00","EqBondReversion","3863.02272624"
"2022-07-26T13:30:00.0000000+00:00","RiskPremia","3083.0413810"
"2022-07-26T20:00:00.0000000+00:00","PaydaySeason","880.35725290"
"2022-07-26T20:00:00.0000000+00:00","BondSeason","3596.9298946"
"2022-07-26T20:00:00.0000000+00:00","EqBondReversion","3829.27272624"
"2022-07-26T20:00:00.0000000+00:00","RiskPremia","3069.8613810"
"2022-07-27T13:30:00.0000000+00:00","PaydaySeason","886.98725290"
"2022-07-27T13:30:00.0000000+00:00","BondSeason","3607.9298946"
"2022-07-27T13:30:00.0000000+00:00","EqBondReversion","3841.77272624"
"2022-07-27T13:30:00.0000000+00:00","RiskPremia","3076.8421310"
"2022-07-27T20:00:00.0000000+00:00","PaydaySeason","900.58725290"
"2022-07-27T20:00:00.0000000+00:00","BondSeason","3583.7298946"
"2022-07-27T20:00:00.0000000+00:00","EqBondReversion","3814.27272624"
"2022-07-27T20:00:00.0000000+00:00","RiskPremia","3090.3421310"
"2022-07-28T13:30:00.0000000+00:00","PaydaySeason","901.26725290"
"2022-07-28T13:30:00.0000000+00:00","BondSeason","3609.0298946"
"2022-07-28T13:30:00.0000000+00:00","EqBondReversion","3843.02272624"
"2022-07-28T13:30:00.0000000+00:00","RiskPremia","3108.5221310"
"2022-07-28T20:00:00.0000000+00:00","PaydaySeason","911.12725290"
"2022-07-28T20:00:00.0000000+00:00","BondSeason","3601.7698946"
"2022-07-28T20:00:00.0000000+00:00","EqBondReversion","3834.77272624"
"2022-07-28T20:00:00.0000000+00:00","RiskPremia","3115.0021310"
"2022-07-29T13:30:00.0000000+00:00","PaydaySeason","914.01725290"
"2022-07-29T13:30:00.0000000+00:00","BondSeason","3601.1098946"
"2022-07-29T13:30:00.0000000+00:00","EqBondReversion","3834.02272624"
"2022-07-29T13:30:00.0000000+00:00","RiskPremia","3118.9621310"
"2022-07-29T20:00:00.0000000+00:00","PaydaySeason","922.18293090"
"2022-07-29T20:00:00.0000000+00:00","BondSeason","3594.5763346"
"2022-07-29T20:00:00.0000000+00:00","EqBondReversion","3827.18547624"
"2022-07-29T20:00:00.0000000+00:00","RiskPremia","3124.5421310"
"2022-08-01T13:30:00.0000000+00:00","PaydaySeason","922.18293090"
"2022-08-01T13:30:00.0000000+00:00","BondSeason","3572.2893886"
"2022-08-01T13:30:00.0000000+00:00","EqBondReversion","3827.18547624"
"2022-08-01T13:30:00.0000000+00:00","RiskPremia","3132.1803890"
"2022-08-01T20:00:00.0000000+00:00","PaydaySeason","922.18293090"
"2022-08-01T20:00:00.0000000+00:00","BondSeason","3533.3493886"
"2022-08-01T20:00:00.0000000+00:00","EqBondReversion","3827.18547624"
"2022-08-01T20:00:00.0000000+00:00","RiskPremia","3145.6203890"
"2022-08-02T13:30:00.0000000+00:00","PaydaySeason","922.18293090"
"2022-08-02T13:30:00.0000000+00:00","BondSeason","3530.4893886"
"2022-08-02T13:30:00.0000000+00:00","EqBondReversion","3827.18547624"
"2022-08-02T13:30:00.0000000+00:00","RiskPremia","3148.2603890"
"2022-08-02T20:00:00.0000000+00:00","PaydaySeason","922.18293090"
"2022-08-02T20:00:00.0000000+00:00","BondSeason","3588.1293886"
"2022-08-02T20:00:00.0000000+00:00","EqBondReversion","3827.18547624"
"2022-08-02T20:00:00.0000000+00:00","RiskPremia","3121.3191890"
"2022-08-03T13:30:00.0000000+00:00","PaydaySeason","922.18293090"
"2022-08-03T13:30:00.0000000+00:00","BondSeason","3596.0493886"
"2022-08-03T13:30:00.0000000+00:00","EqBondReversion","3827.18547624"
"2022-08-03T13:30:00.0000000+00:00","RiskPremia","3127.6803890"
"2022-08-03T20:00:00.0000000+00:00","PaydaySeason","922.18293090"
"2022-08-03T20:00:00.0000000+00:00","BondSeason","3545.4493886"
"2022-08-03T20:00:00.0000000+00:00","EqBondReversion","3827.18547624"
"2022-08-03T20:00:00.0000000+00:00","RiskPremia","3144.6603890"
"2022-08-04T13:30:00.0000000+00:00","PaydaySeason","922.18293090"
"2022-08-04T13:30:00.0000000+00:00","BondSeason","3556.2293886"
"2022-08-04T13:30:00.0000000+00:00","EqBondReversion","3827.18547624"
"2022-08-04T13:30:00.0000000+00:00","RiskPremia","3148.2603890"
"2022-08-04T20:00:00.0000000+00:00","PaydaySeason","922.18293090"
"2022-08-04T20:00:00.0000000+00:00","BondSeason","3551.1693886"
"2022-08-04T20:00:00.0000000+00:00","EqBondReversion","3827.18547624"
"2022-08-04T20:00:00.0000000+00:00","RiskPremia","3159.8403890"
"2022-08-05T13:30:00.0000000+00:00","PaydaySeason","922.18293090"
"2022-08-05T13:30:00.0000000+00:00","BondSeason","3598.2493886"
"2022-08-05T13:30:00.0000000+00:00","EqBondReversion","3827.18547624"
"2022-08-05T13:30:00.0000000+00:00","RiskPremia","3127.2003890"
"2022-08-05T20:00:00.0000000+00:00","PaydaySeason","922.18293090"
"2022-08-05T20:00:00.0000000+00:00","BondSeason","3609.9093886"
"2022-08-05T20:00:00.0000000+00:00","EqBondReversion","3827.18547624"
"2022-08-05T20:00:00.0000000+00:00","RiskPremia","3131.1603890"
"2022-08-08T13:30:00.0000000+00:00","PaydaySeason","922.18293090"
"2022-08-08T13:30:00.0000000+00:00","BondSeason","3585.7093886"
"2022-08-08T13:30:00.0000000+00:00","EqBondReversion","3827.18547624"
"2022-08-08T13:30:00.0000000+00:00","RiskPremia","3145.2603890"
"2022-08-08T20:00:00.0000000+00:00","PaydaySeason","922.18293090"
"2022-08-08T20:00:00.0000000+00:00","BondSeason","3570.5293886"
"2022-08-08T20:00:00.0000000+00:00","EqBondReversion","3827.18547624"
"2022-08-08T20:00:00.0000000+00:00","RiskPremia","3151.4403890"
"2022-08-09T13:30:00.0000000+00:00","PaydaySeason","922.18293090"
"2022-08-09T13:30:00.0000000+00:00","BondSeason","3583.7293886"
"2022-08-09T13:30:00.0000000+00:00","EqBondReversion","3827.18547624"
"2022-08-09T13:30:00.0000000+00:00","RiskPremia","3151.5003890"
"2022-08-09T20:00:00.0000000+00:00","PaydaySeason","922.18293090"
"2022-08-09T20:00:00.0000000+00:00","BondSeason","3580.3508046"
"2022-08-09T20:00:00.0000000+00:00","EqBondReversion","3827.18547624"
"2022-08-09T20:00:00.0000000+00:00","RiskPremia","3148.2603890"
"2022-08-10T13:30:00.0000000+00:00","PaydaySeason","922.18293090"
"2022-08-10T13:30:00.0000000+00:00","BondSeason","3580.3508046"
"2022-08-10T13:30:00.0000000+00:00","EqBondReversion","3827.18547624"
"2022-08-10T13:30:00.0000000+00:00","RiskPremia","3159.0003890"
"2022-08-10T20:00:00.0000000+00:00","PaydaySeason","922.02465890"
"2022-08-10T20:00:00.0000000+00:00","BondSeason","3580.3508046"
"2022-08-10T20:00:00.0000000+00:00","EqBondReversion","3827.18547624"
"2022-08-10T20:00:00.0000000+00:00","RiskPremia","3154.6803890"
"2022-08-11T13:30:00.0000000+00:00","PaydaySeason","927.78465890"
"2022-08-11T13:30:00.0000000+00:00","BondSeason","3580.3508046"
"2022-08-11T13:30:00.0000000+00:00","EqBondReversion","3827.18547624"
"2022-08-11T13:30:00.0000000+00:00","RiskPremia","3159.3603890"
"2022-08-11T20:00:00.0000000+00:00","PaydaySeason","922.34465890"
"2022-08-11T20:00:00.0000000+00:00","BondSeason","3580.3508046"
"2022-08-11T20:00:00.0000000+00:00","EqBondReversion","3827.18547624"
"2022-08-11T20:00:00.0000000+00:00","RiskPremia","3135.6603890"
"2022-08-12T13:30:00.0000000+00:00","PaydaySeason","926.66465890"
"2022-08-12T13:30:00.0000000+00:00","BondSeason","3580.3508046"
"2022-08-12T13:30:00.0000000+00:00","EqBondReversion","3827.18547624"
"2022-08-12T13:30:00.0000000+00:00","RiskPremia","3148.5603890"
"2022-08-12T20:00:00.0000000+00:00","PaydaySeason","935.78465890"
"2022-08-12T20:00:00.0000000+00:00","BondSeason","3580.3508046"
"2022-08-12T20:00:00.0000000+00:00","EqBondReversion","3827.18547624"
"2022-08-12T20:00:00.0000000+00:00","RiskPremia","3162.3603890"
"2022-08-15T13:30:00.0000000+00:00","PaydaySeason","931.46465890"
"2022-08-15T13:30:00.0000000+00:00","BondSeason","3580.3508046"
"2022-08-15T13:30:00.0000000+00:00","EqBondReversion","3827.18547624"
"2022-08-15T13:30:00.0000000+00:00","RiskPremia","3151.4403890"
"2022-08-15T20:00:00.0000000+00:00","PaydaySeason","938.82465890"
"2022-08-15T20:00:00.0000000+00:00","BondSeason","3580.3508046"
"2022-08-15T20:00:00.0000000+00:00","EqBondReversion","3827.18547624"
"2022-08-15T20:00:00.0000000+00:00","RiskPremia","3150.6303890"
"2022-08-16T13:30:00.0000000+00:00","PaydaySeason","937.22465890"
"2022-08-16T13:30:00.0000000+00:00","BondSeason","3580.3508046"
"2022-08-16T13:30:00.0000000+00:00","EqBondReversion","3827.18547624"
"2022-08-16T13:30:00.0000000+00:00","RiskPremia","3145.6803890"
"2022-08-16T20:00:00.0000000+00:00","PaydaySeason","940.42267490"
"2022-08-16T20:00:00.0000000+00:00","BondSeason","3580.3508046"
"2022-08-16T20:00:00.0000000+00:00","EqBondReversion","3827.18547624"
"2022-08-16T20:00:00.0000000+00:00","RiskPremia","3153.0603890"
"2022-08-17T13:30:00.0000000+00:00","PaydaySeason","940.42267490"
"2022-08-17T13:30:00.0000000+00:00","BondSeason","3580.3508046"
"2022-08-17T13:30:00.0000000+00:00","EqBondReversion","3827.18547624"
"2022-08-17T13:30:00.0000000+00:00","RiskPremia","3140.4603890"
"2022-08-17T20:00:00.0000000+00:00","PaydaySeason","940.42267490"
"2022-08-17T20:00:00.0000000+00:00","BondSeason","3580.3508046"
"2022-08-17T20:00:00.0000000+00:00","EqBondReversion","3827.18547624"
"2022-08-17T20:00:00.0000000+00:00","RiskPremia","3133.1403890"
"2022-08-18T13:30:00.0000000+00:00","PaydaySeason","940.42267490"
"2022-08-18T13:30:00.0000000+00:00","BondSeason","3580.3508046"
"2022-08-18T13:30:00.0000000+00:00","EqBondReversion","3827.18547624"
"2022-08-18T13:30:00.0000000+00:00","RiskPremia","3137.1603890"
"2022-08-18T20:00:00.0000000+00:00","PaydaySeason","940.42267490"
"2022-08-18T20:00:00.0000000+00:00","BondSeason","3580.3508046"
"2022-08-18T20:00:00.0000000+00:00","EqBondReversion","3827.18547624"
"2022-08-18T20:00:00.0000000+00:00","RiskPremia","3132.8403890"
"2022-08-19T13:30:00.0000000+00:00","PaydaySeason","940.42267490"
"2022-08-19T13:30:00.0000000+00:00","BondSeason","3580.3508046"
"2022-08-19T13:30:00.0000000+00:00","EqBondReversion","3826.59668024"
"2022-08-19T13:30:00.0000000+00:00","RiskPremia","3118.0203890"
"2022-08-19T20:00:00.0000000+00:00","PaydaySeason","940.42267490"
"2022-08-19T20:00:00.0000000+00:00","BondSeason","3580.3508046"
"2022-08-19T20:00:00.0000000+00:00","EqBondReversion","3821.39668024"
"2022-08-19T20:00:00.0000000+00:00","RiskPremia","3105.7143890"
"2022-08-22T13:30:00.0000000+00:00","PaydaySeason","940.42267490"
"2022-08-22T13:30:00.0000000+00:00","BondSeason","3580.3508046"
"2022-08-22T13:30:00.0000000+00:00","EqBondReversion","3816.97668024"
"2022-08-22T13:30:00.0000000+00:00","RiskPremia","3090.1803890"
"2022-08-22T20:00:00.0000000+00:00","PaydaySeason","940.26725090"
"2022-08-22T20:00:00.0000000+00:00","BondSeason","3579.8327066"
"2022-08-22T20:00:00.0000000+00:00","EqBondReversion","3810.99668024"
"2022-08-22T20:00:00.0000000+00:00","RiskPremia","3083.8803890"
"2022-08-23T13:30:00.0000000+00:00","PaydaySeason","939.62725090"
"2022-08-23T13:30:00.0000000+00:00","BondSeason","3569.7127066"
"2022-08-23T13:30:00.0000000+00:00","EqBondReversion","3799.55668024"
"2022-08-23T13:30:00.0000000+00:00","RiskPremia","3083.4603890"
"2022-08-23T20:00:00.0000000+00:00","PaydaySeason","938.18725090"
"2022-08-23T20:00:00.0000000+00:00","BondSeason","3566.9527066"
"2022-08-23T20:00:00.0000000+00:00","EqBondReversion","3796.43668024"
"2022-08-23T20:00:00.0000000+00:00","RiskPremia","3086.1603890"
"2022-08-24T13:30:00.0000000+00:00","PaydaySeason","938.02725090"
"2022-08-24T13:30:00.0000000+00:00","BondSeason","3553.4977066"
"2022-08-24T13:30:00.0000000+00:00","EqBondReversion","3781.22668024"
"2022-08-24T13:30:00.0000000+00:00","RiskPremia","3080.4303890"
"2022-08-24T20:00:00.0000000+00:00","PaydaySeason","940.90885090"
"2022-08-24T20:00:00.0000000+00:00","BondSeason","3547.4027066"
"2022-08-24T20:00:00.0000000+00:00","EqBondReversion","3774.33668024"
"2022-08-24T20:00:00.0000000+00:00","RiskPremia","3086.4015890"
"2022-08-25T13:30:00.0000000+00:00","PaydaySeason","944.90725090"
"2022-08-25T13:30:00.0000000+00:00","BondSeason","3549.7027066"
"2022-08-25T13:30:00.0000000+00:00","EqBondReversion","3776.93668024"
"2022-08-25T13:30:00.0000000+00:00","RiskPremia","3094.2003890"
"2022-08-25T20:00:00.0000000+00:00","PaydaySeason","952.90725090"
"2022-08-25T20:00:00.0000000+00:00","BondSeason","3582.8227066"
"2022-08-25T20:00:00.0000000+00:00","EqBondReversion","3814.37668024"
"2022-08-25T20:00:00.0000000+00:00","RiskPremia","3107.6403890"
"2022-08-26T13:30:00.0000000+00:00","PaydaySeason","953.22725090"
"2022-08-26T13:30:00.0000000+00:00","BondSeason","3572.2427066"
"2022-08-26T13:30:00.0000000+00:00","EqBondReversion","3802.41668024"
"2022-08-26T13:30:00.0000000+00:00","RiskPremia","3101.5203890"
"2022-08-26T20:00:00.0000000+00:00","PaydaySeason","926.50725090"
"2022-08-26T20:00:00.0000000+00:00","BondSeason","3602.8327066"
"2022-08-26T20:00:00.0000000+00:00","EqBondReversion","3836.99668024"
"2022-08-26T20:00:00.0000000+00:00","RiskPremia","3081.0603890"
"2022-08-29T13:30:00.0000000+00:00","PaydaySeason","920.42725090"
"2022-08-29T13:30:00.0000000+00:00","BondSeason","3586.9627066"
"2022-08-29T13:30:00.0000000+00:00","EqBondReversion","3819.05668024"
"2022-08-29T13:30:00.0000000+00:00","RiskPremia","3072.3603890"
"2022-08-29T20:00:00.0000000+00:00","PaydaySeason","920.74725090"
"2022-08-29T20:00:00.0000000+00:00","BondSeason","3580.5227066"
"2022-08-29T20:00:00.0000000+00:00","EqBondReversion","3811.77668024"
"2022-08-29T20:00:00.0000000+00:00","RiskPremia","3071.5203890"
"2022-08-30T13:30:00.0000000+00:00","PaydaySeason","923.78725090"
"2022-08-30T13:30:00.0000000+00:00","BondSeason","3579.6027066"
"2022-08-30T13:30:00.0000000+00:00","EqBondReversion","3810.73668024"
"2022-08-30T13:30:00.0000000+00:00","RiskPremia","3069.9603890"
"2022-08-30T20:00:00.0000000+00:00","PaydaySeason","912.42725090"
"2022-08-30T20:00:00.0000000+00:00","BondSeason","3588.8027066"
"2022-08-30T20:00:00.0000000+00:00","EqBondReversion","3821.13668024"
"2022-08-30T20:00:00.0000000+00:00","RiskPremia","3058.4553890"
"2022-08-31T13:30:00.0000000+00:00","PaydaySeason","916.42725090"
"2022-08-31T13:30:00.0000000+00:00","BondSeason","3581.2127066"
"2022-08-31T13:30:00.0000000+00:00","EqBondReversion","3812.55668024"
"2022-08-31T13:30:00.0000000+00:00","RiskPremia","3052.8603890"
"2022-08-31T20:00:00.0000000+00:00","PaydaySeason","906.67851490"
"2022-08-31T20:00:00.0000000+00:00","BondSeason","3562.7029506"
"2022-08-31T20:00:00.0000000+00:00","EqBondReversion","3792.21464424"
"2022-08-31T20:00:00.0000000+00:00","RiskPremia","3039.9003890"
"2022-09-01T13:30:00.0000000+00:00","PaydaySeason","906.67851490"
"2022-09-01T13:30:00.0000000+00:00","BondSeason","3604.6518456"
"2022-09-01T13:30:00.0000000+00:00","EqBondReversion","3792.21464424"
"2022-09-01T13:30:00.0000000+00:00","RiskPremia","3018.8171990"
"2022-09-01T20:00:00.0000000+00:00","PaydaySeason","906.67851490"
"2022-09-01T20:00:00.0000000+00:00","BondSeason","3611.0918456"
"2022-09-01T20:00:00.0000000+00:00","EqBondReversion","3792.21464424"
"2022-09-01T20:00:00.0000000+00:00","RiskPremia","3018.8471990"
"2022-09-02T13:30:00.0000000+00:00","PaydaySeason","906.67851490"
"2022-09-02T13:30:00.0000000+00:00","BondSeason","3609.0218456"
"2022-09-02T13:30:00.0000000+00:00","EqBondReversion","3792.21464424"
"2022-09-02T13:30:00.0000000+00:00","RiskPremia","3034.2768230"
"2022-09-02T20:00:00.0000000+00:00","PaydaySeason","906.67851490"
"2022-09-02T20:00:00.0000000+00:00","BondSeason","3596.3718456"
"2022-09-02T20:00:00.0000000+00:00","EqBondReversion","3792.21464424"
"2022-09-02T20:00:00.0000000+00:00","RiskPremia","3025.8468230"
"2022-09-06T13:30:00.0000000+00:00","PaydaySeason","906.67851490"
"2022-09-06T13:30:00.0000000+00:00","BondSeason","3627.1918456"
"2022-09-06T13:30:00.0000000+00:00","EqBondReversion","3792.21464424"
"2022-09-06T13:30:00.0000000+00:00","RiskPremia","3019.1568230"
"2022-09-06T20:00:00.0000000+00:00","PaydaySeason","906.67851490"
"2022-09-06T20:00:00.0000000+00:00","BondSeason","3660.3118456"
"2022-09-06T20:00:00.0000000+00:00","EqBondReversion","3792.21464424"
"2022-09-06T20:00:00.0000000+00:00","RiskPremia","3000.4968230"
"2022-09-07T13:30:00.0000000+00:00","PaydaySeason","906.67851490"
"2022-09-07T13:30:00.0000000+00:00","BondSeason","3640.3018456"
"2022-09-07T13:30:00.0000000+00:00","EqBondReversion","3792.21464424"
"2022-09-07T13:30:00.0000000+00:00","RiskPremia","3004.3668230"
"2022-09-07T20:00:00.0000000+00:00","PaydaySeason","906.67851490"
"2022-09-07T20:00:00.0000000+00:00","BondSeason","3620.7518456"
"2022-09-07T20:00:00.0000000+00:00","EqBondReversion","3792.21464424"
"2022-09-07T20:00:00.0000000+00:00","RiskPremia","3032.1168230"
"2022-09-08T13:30:00.0000000+00:00","PaydaySeason","906.67851490"
"2022-09-08T13:30:00.0000000+00:00","BondSeason","3627.8818456"
"2022-09-08T13:30:00.0000000+00:00","EqBondReversion","3792.21464424"
"2022-09-08T13:30:00.0000000+00:00","RiskPremia","3023.9568230"
"2022-09-08T20:00:00.0000000+00:00","PaydaySeason","906.67851490"
"2022-09-08T20:00:00.0000000+00:00","BondSeason","3646.5118456"
"2022-09-08T20:00:00.0000000+00:00","EqBondReversion","3792.21464424"
"2022-09-08T20:00:00.0000000+00:00","RiskPremia","3022.6668230"
"2022-09-09T13:30:00.0000000+00:00","PaydaySeason","906.67851490"
"2022-09-09T13:30:00.0000000+00:00","BondSeason","3640.0718456"
"2022-09-09T13:30:00.0000000+00:00","EqBondReversion","3792.21464424"
"2022-09-09T13:30:00.0000000+00:00","RiskPremia","3033.4368230"
"2022-09-09T20:00:00.0000000+00:00","PaydaySeason","906.67851490"
"2022-09-09T20:00:00.0000000+00:00","BondSeason","3639.6118456"
"2022-09-09T20:00:00.0000000+00:00","EqBondReversion","3792.21464424"
"2022-09-09T20:00:00.0000000+00:00","RiskPremia","3039.7668230"
"2022-09-12T13:30:00.0000000+00:00","PaydaySeason","906.67851490"
"2022-09-12T13:30:00.0000000+00:00","BondSeason","3633.1718456"
"2022-09-12T13:30:00.0000000+00:00","EqBondReversion","3792.21464424"
"2022-09-12T13:30:00.0000000+00:00","RiskPremia","3053.8368230"
"2022-09-12T20:00:00.0000000+00:00","PaydaySeason","906.67851490"
"2022-09-12T20:00:00.0000000+00:00","BondSeason","3660.9678056"
"2022-09-12T20:00:00.0000000+00:00","EqBondReversion","3792.21464424"
"2022-09-12T20:00:00.0000000+00:00","RiskPremia","3046.0368230"
"2022-09-13T13:30:00.0000000+00:00","PaydaySeason","906.67851490"
"2022-09-13T13:30:00.0000000+00:00","BondSeason","3660.9678056"
"2022-09-13T13:30:00.0000000+00:00","EqBondReversion","3792.21464424"
"2022-09-13T13:30:00.0000000+00:00","RiskPremia","3013.6368230"
"2022-09-13T20:00:00.0000000+00:00","PaydaySeason","906.53038690"
"2022-09-13T20:00:00.0000000+00:00","BondSeason","3660.9678056"
"2022-09-13T20:00:00.0000000+00:00","EqBondReversion","3792.21464424"
"2022-09-13T20:00:00.0000000+00:00","RiskPremia","3008.6268230"
"2022-09-14T13:30:00.0000000+00:00","PaydaySeason","908.93038690"
"2022-09-14T13:30:00.0000000+00:00","BondSeason","3660.9678056"
"2022-09-14T13:30:00.0000000+00:00","EqBondReversion","3792.21464424"
"2022-09-14T13:30:00.0000000+00:00","RiskPremia","3008.9868230"
"2022-09-14T20:00:00.0000000+00:00","PaydaySeason","909.25038690"
"2022-09-14T20:00:00.0000000+00:00","BondSeason","3660.9678056"
"2022-09-14T20:00:00.0000000+00:00","EqBondReversion","3792.21464424"
"2022-09-14T20:00:00.0000000+00:00","RiskPremia","3008.2968230"
"2022-09-15T13:30:00.0000000+00:00","PaydaySeason","906.37038690"
"2022-09-15T13:30:00.0000000+00:00","BondSeason","3660.9678056"
"2022-09-15T13:30:00.0000000+00:00","EqBondReversion","3792.21464424"
"2022-09-15T13:30:00.0000000+00:00","RiskPremia","2996.9052530"
"2022-09-15T20:00:00.0000000+00:00","PaydaySeason","901.36078690"
"2022-09-15T20:00:00.0000000+00:00","BondSeason","3660.9678056"
"2022-09-15T20:00:00.0000000+00:00","EqBondReversion","3792.21464424"
"2022-09-15T20:00:00.0000000+00:00","RiskPremia","2980.9080530"
"2022-09-16T13:30:00.0000000+00:00","PaydaySeason","894.21038690"
"2022-09-16T13:30:00.0000000+00:00","BondSeason","3660.9678056"
"2022-09-16T13:30:00.0000000+00:00","EqBondReversion","3792.21464424"
"2022-09-16T13:30:00.0000000+00:00","RiskPremia","2966.8652530"
"2022-09-16T20:00:00.0000000+00:00","PaydaySeason","894.53038690"
"2022-09-16T20:00:00.0000000+00:00","BondSeason","3660.9678056"
"2022-09-16T20:00:00.0000000+00:00","EqBondReversion","3792.21464424"
"2022-09-16T20:00:00.0000000+00:00","RiskPremia","2975.7052530"
"2022-09-19T13:30:00.0000000+00:00","PaydaySeason","888.45038690"
"2022-09-19T13:30:00.0000000+00:00","BondSeason","3660.9678056"
"2022-09-19T13:30:00.0000000+00:00","EqBondReversion","3792.21464424"
"2022-09-19T13:30:00.0000000+00:00","RiskPremia","2963.6352530"
"2022-09-19T20:00:00.0000000+00:00","PaydaySeason","899.98353890"
"2022-09-19T20:00:00.0000000+00:00","BondSeason","3660.9678056"
"2022-09-19T20:00:00.0000000+00:00","EqBondReversion","3792.21464424"
"2022-09-19T20:00:00.0000000+00:00","RiskPremia","2982.5752530"
"2022-09-20T13:30:00.0000000+00:00","PaydaySeason","899.98353890"
"2022-09-20T13:30:00.0000000+00:00","BondSeason","3660.9678056"
"2022-09-20T13:30:00.0000000+00:00","EqBondReversion","3792.21464424"
"2022-09-20T13:30:00.0000000+00:00","RiskPremia","2960.9052530"
"2022-09-20T20:00:00.0000000+00:00","PaydaySeason","899.98353890"
"2022-09-20T20:00:00.0000000+00:00","BondSeason","3660.9678056"
"2022-09-20T20:00:00.0000000+00:00","EqBondReversion","3792.21464424"
"2022-09-20T20:00:00.0000000+00:00","RiskPremia","2962.2152530"
"2022-09-21T13:30:00.0000000+00:00","PaydaySeason","899.98353890"
"2022-09-21T13:30:00.0000000+00:00","BondSeason","3660.9678056"
"2022-09-21T13:30:00.0000000+00:00","EqBondReversion","3792.21464424"
"2022-09-21T13:30:00.0000000+00:00","RiskPremia","2975.0089770"
"2022-09-21T20:00:00.0000000+00:00","PaydaySeason","899.98353890"
"2022-09-21T20:00:00.0000000+00:00","BondSeason","3660.4493096"
"2022-09-21T20:00:00.0000000+00:00","EqBondReversion","3792.21464424"
"2022-09-21T20:00:00.0000000+00:00","RiskPremia","2969.5989770"
"2022-09-22T13:30:00.0000000+00:00","PaydaySeason","899.98353890"
"2022-09-22T13:30:00.0000000+00:00","BondSeason","3606.9293096"
"2022-09-22T13:30:00.0000000+00:00","EqBondReversion","3791.61202824"
"2022-09-22T13:30:00.0000000+00:00","RiskPremia","2956.0489770"
"2022-09-22T20:00:00.0000000+00:00","PaydaySeason","899.98353890"
"2022-09-22T20:00:00.0000000+00:00","BondSeason","3593.2493096"
"2022-09-22T20:00:00.0000000+00:00","EqBondReversion","3763.05202824"
"2022-09-22T20:00:00.0000000+00:00","RiskPremia","2943.2989770"
"2022-09-23T13:30:00.0000000+00:00","PaydaySeason","899.98353890"
"2022-09-23T13:30:00.0000000+00:00","BondSeason","3596.3693096"
"2022-09-23T13:30:00.0000000+00:00","EqBondReversion","3733.81202824"
"2022-09-23T13:30:00.0000000+00:00","RiskPremia","2926.0789770"
"2022-09-23T20:00:00.0000000+00:00","PaydaySeason","899.82823490"
"2022-09-23T20:00:00.0000000+00:00","BondSeason","3605.7317096"
"2022-09-23T20:00:00.0000000+00:00","EqBondReversion","3712.05202824"
"2022-09-23T20:00:00.0000000+00:00","RiskPremia","2917.7196770"
"2022-09-26T13:30:00.0000000+00:00","PaydaySeason","895.86823490"
"2022-09-26T13:30:00.0000000+00:00","BondSeason","3596.3693096"
"2022-09-26T13:30:00.0000000+00:00","EqBondReversion","3697.09202824"
"2022-09-26T13:30:00.0000000+00:00","RiskPremia","2913.4489770"
"2022-09-26T20:00:00.0000000+00:00","PaydaySeason","890.46823490"
"2022-09-26T20:00:00.0000000+00:00","BondSeason","3556.7693096"
"2022-09-26T20:00:00.0000000+00:00","EqBondReversion","3676.69202824"
"2022-09-26T20:00:00.0000000+00:00","RiskPremia","2884.1389770"
"2022-09-27T13:30:00.0000000+00:00","PaydaySeason","899.64823490"
"2022-09-27T13:30:00.0000000+00:00","BondSeason","3533.0093096"
"2022-09-27T13:30:00.0000000+00:00","EqBondReversion","3711.37202824"
"2022-09-27T13:30:00.0000000+00:00","RiskPremia","2891.0989770"
"2022-09-27T20:00:00.0000000+00:00","PaydaySeason","889.92823490"
"2022-09-27T20:00:00.0000000+00:00","BondSeason","3490.5293096"
"2022-09-27T20:00:00.0000000+00:00","EqBondReversion","3674.65202824"
"2022-09-27T20:00:00.0000000+00:00","RiskPremia","2866.7389770"
"2022-09-28T13:30:00.0000000+00:00","PaydaySeason","891.72823490"
"2022-09-28T13:30:00.0000000+00:00","BondSeason","3543.0893096"
"2022-09-28T13:30:00.0000000+00:00","EqBondReversion","3681.45202824"
"2022-09-28T13:30:00.0000000+00:00","RiskPremia","2895.5704390"
"2022-09-28T20:00:00.0000000+00:00","PaydaySeason","905.94823490"
"2022-09-28T20:00:00.0000000+00:00","BondSeason","3573.3293096"
"2022-09-28T20:00:00.0000000+00:00","EqBondReversion","3735.17202824"
"2022-09-28T20:00:00.0000000+00:00","RiskPremia","2925.0204390"
"2022-09-29T13:30:00.0000000+00:00","PaydaySeason","898.20823490"
"2022-09-29T13:30:00.0000000+00:00","BondSeason","3537.5693096"
"2022-09-29T13:30:00.0000000+00:00","EqBondReversion","3705.93202824"
"2022-09-29T13:30:00.0000000+00:00","RiskPremia","2904.9404390"
"2022-09-29T20:00:00.0000000+00:00","PaydaySeason","889.56643490"
"2022-09-29T20:00:00.0000000+00:00","BondSeason","3558.4493096"
"2022-09-29T20:00:00.0000000+00:00","EqBondReversion","3673.28522824"
"2022-09-29T20:00:00.0000000+00:00","RiskPremia","2908.2690390"
"2022-09-30T13:30:00.0000000+00:00","PaydaySeason","887.94823490"
"2022-09-30T13:30:00.0000000+00:00","BondSeason","3570.4493096"
"2022-09-30T13:30:00.0000000+00:00","EqBondReversion","3667.17202824"
"2022-09-30T13:30:00.0000000+00:00","RiskPremia","2912.8204390"
"2022-09-30T20:00:00.0000000+00:00","PaydaySeason","878.97707090"
"2022-09-30T20:00:00.0000000+00:00","BondSeason","3526.4850056"
"2022-09-30T20:00:00.0000000+00:00","EqBondReversion","3633.28096424"
"2022-09-30T20:00:00.0000000+00:00","RiskPremia","2891.1204390"
"2022-10-03T13:30:00.0000000+00:00","PaydaySeason","878.97707090"
"2022-10-03T13:30:00.0000000+00:00","BondSeason","3486.1321556"
"2022-10-03T13:30:00.0000000+00:00","EqBondReversion","3633.28096424"
"2022-10-03T13:30:00.0000000+00:00","RiskPremia","2914.1392370"
"2022-10-03T20:00:00.0000000+00:00","PaydaySeason","878.97707090"
"2022-10-03T20:00:00.0000000+00:00","BondSeason","3486.6321556"
"2022-10-03T20:00:00.0000000+00:00","EqBondReversion","3633.28096424"
"2022-10-03T20:00:00.0000000+00:00","RiskPremia","2943.6342370"
"2022-10-04T13:30:00.0000000+00:00","PaydaySeason","878.97707090"
"2022-10-04T13:30:00.0000000+00:00","BondSeason","3478.6321556"
"2022-10-04T13:30:00.0000000+00:00","EqBondReversion","3633.28096424"
"2022-10-04T13:30:00.0000000+00:00","RiskPremia","2961.2592370"
"2022-10-04T20:00:00.0000000+00:00","PaydaySeason","878.97707090"
"2022-10-04T20:00:00.0000000+00:00","BondSeason","3493.6321556"
"2022-10-04T20:00:00.0000000+00:00","EqBondReversion","3633.28096424"
"2022-10-04T20:00:00.0000000+00:00","RiskPremia","2977.4192370"
"2022-10-05T13:30:00.0000000+00:00","PaydaySeason","878.97707090"
"2022-10-05T13:30:00.0000000+00:00","BondSeason","3514.1321556"
"2022-10-05T13:30:00.0000000+00:00","EqBondReversion","3633.28096424"
"2022-10-05T13:30:00.0000000+00:00","RiskPremia","2954.9692370"
"2022-10-05T20:00:00.0000000+00:00","PaydaySeason","878.97707090"
"2022-10-05T20:00:00.0000000+00:00","BondSeason","3519.6321556"
"2022-10-05T20:00:00.0000000+00:00","EqBondReversion","3633.28096424"
"2022-10-05T20:00:00.0000000+00:00","RiskPremia","2962.6592370"
"2022-10-06T13:30:00.0000000+00:00","PaydaySeason","878.97707090"
"2022-10-06T13:30:00.0000000+00:00","BondSeason","3517.8821556"
"2022-10-06T13:30:00.0000000+00:00","EqBondReversion","3633.28096424"
"2022-10-06T13:30:00.0000000+00:00","RiskPremia","2958.4092370"
"2022-10-06T20:00:00.0000000+00:00","PaydaySeason","878.97707090"
"2022-10-06T20:00:00.0000000+00:00","BondSeason","3532.8821556"
"2022-10-06T20:00:00.0000000+00:00","EqBondReversion","3633.28096424"
"2022-10-06T20:00:00.0000000+00:00","RiskPremia","2952.0792370"
"2022-10-07T13:30:00.0000000+00:00","PaydaySeason","878.97707090"
"2022-10-07T13:30:00.0000000+00:00","BondSeason","3562.1321556"
"2022-10-07T13:30:00.0000000+00:00","EqBondReversion","3633.28096424"
"2022-10-07T13:30:00.0000000+00:00","RiskPremia","2928.0292370"
"2022-10-07T20:00:00.0000000+00:00","PaydaySeason","878.97707090"
"2022-10-07T20:00:00.0000000+00:00","BondSeason","3557.8821556"
"2022-10-07T20:00:00.0000000+00:00","EqBondReversion","3633.28096424"
"2022-10-07T20:00:00.0000000+00:00","RiskPremia","2914.8992370"
"2022-10-10T13:30:00.0000000+00:00","PaydaySeason","878.97707090"
"2022-10-10T13:30:00.0000000+00:00","BondSeason","3569.8821556"
"2022-10-10T13:30:00.0000000+00:00","EqBondReversion","3633.28096424"
"2022-10-10T13:30:00.0000000+00:00","RiskPremia","2899.4992370"
"2022-10-10T20:00:00.0000000+00:00","PaydaySeason","878.97707090"
"2022-10-10T20:00:00.0000000+00:00","BondSeason","3596.8821556"
"2022-10-10T20:00:00.0000000+00:00","EqBondReversion","3633.28096424"
"2022-10-10T20:00:00.0000000+00:00","RiskPremia","2882.0592370"
"2022-10-11T13:30:00.0000000+00:00","PaydaySeason","878.97707090"
"2022-10-11T13:30:00.0000000+00:00","BondSeason","3588.8821556"
"2022-10-11T13:30:00.0000000+00:00","EqBondReversion","3633.28096424"
"2022-10-11T13:30:00.0000000+00:00","RiskPremia","2880.8892370"
"2022-10-11T20:00:00.0000000+00:00","PaydaySeason","878.97707090"
"2022-10-11T20:00:00.0000000+00:00","BondSeason","3585.1328056"
"2022-10-11T20:00:00.0000000+00:00","EqBondReversion","3633.28096424"
"2022-10-11T20:00:00.0000000+00:00","RiskPremia","2879.6142370"
"2022-10-12T13:30:00.0000000+00:00","PaydaySeason","878.97707090"
"2022-10-12T13:30:00.0000000+00:00","BondSeason","3585.1328056"
"2022-10-12T13:30:00.0000000+00:00","EqBondReversion","3633.28096424"
"2022-10-12T13:30:00.0000000+00:00","RiskPremia","2878.1542370"
"2022-10-12T20:00:00.0000000+00:00","PaydaySeason","878.81766090"
"2022-10-12T20:00:00.0000000+00:00","BondSeason","3585.1328056"
"2022-10-12T20:00:00.0000000+00:00","EqBondReversion","3633.28096424"
"2022-10-12T20:00:00.0000000+00:00","RiskPremia","2886.5992370"
"2022-10-13T13:30:00.0000000+00:00","PaydaySeason","862.66766090"
"2022-10-13T13:30:00.0000000+00:00","BondSeason","3585.1328056"
"2022-10-13T13:30:00.0000000+00:00","EqBondReversion","3633.28096424"
"2022-10-13T13:30:00.0000000+00:00","RiskPremia","2842.9492370"
"2022-10-13T20:00:00.0000000+00:00","PaydaySeason","898.76766090"
"2022-10-13T20:00:00.0000000+00:00","BondSeason","3585.1328056"
"2022-10-13T20:00:00.0000000+00:00","EqBondReversion","3633.28096424"
"2022-10-13T20:00:00.0000000+00:00","RiskPremia","2887.2492370"
"2022-10-14T13:30:00.0000000+00:00","PaydaySeason","905.03766090"
"2022-10-14T13:30:00.0000000+00:00","BondSeason","3585.1328056"
"2022-10-14T13:30:00.0000000+00:00","EqBondReversion","3633.28096424"
"2022-10-14T13:30:00.0000000+00:00","RiskPremia","2891.2692370"
"2022-10-14T20:00:00.0000000+00:00","PaydaySeason","879.95766090"
"2022-10-14T20:00:00.0000000+00:00","BondSeason","3585.1328056"
"2022-10-14T20:00:00.0000000+00:00","EqBondReversion","3633.28096424"
"2022-10-14T20:00:00.0000000+00:00","RiskPremia","2853.8592370"
"2022-10-17T13:30:00.0000000+00:00","PaydaySeason","893.63766090"
"2022-10-17T13:30:00.0000000+00:00","BondSeason","3585.1328056"
"2022-10-17T13:30:00.0000000+00:00","EqBondReversion","3633.28096424"
"2022-10-17T13:30:00.0000000+00:00","RiskPremia","2882.5092370"
"2022-10-17T20:00:00.0000000+00:00","PaydaySeason","901.04766090"
"2022-10-17T20:00:00.0000000+00:00","BondSeason","3585.1328056"
"2022-10-17T20:00:00.0000000+00:00","EqBondReversion","3633.28096424"
"2022-10-17T20:00:00.0000000+00:00","RiskPremia","2869.2242370"
"2022-10-18T13:30:00.0000000+00:00","PaydaySeason","918.52766090"
"2022-10-18T13:30:00.0000000+00:00","BondSeason","3585.1328056"
"2022-10-18T13:30:00.0000000+00:00","EqBondReversion","3633.28096424"
"2022-10-18T13:30:00.0000000+00:00","RiskPremia","2885.8592370"
"2022-10-18T20:00:00.0000000+00:00","PaydaySeason","910.95179090"
"2022-10-18T20:00:00.0000000+00:00","BondSeason","3585.1328056"
"2022-10-18T20:00:00.0000000+00:00","EqBondReversion","3633.28096424"
"2022-10-18T20:00:00.0000000+00:00","RiskPremia","2880.6792370"
"2022-10-19T13:30:00.0000000+00:00","PaydaySeason","910.95179090"
"2022-10-19T13:30:00.0000000+00:00","BondSeason","3585.1328056"
"2022-10-19T13:30:00.0000000+00:00","EqBondReversion","3633.28096424"
"2022-10-19T13:30:00.0000000+00:00","RiskPremia","2857.0192370"
"2022-10-19T20:00:00.0000000+00:00","PaydaySeason","910.95179090"
"2022-10-19T20:00:00.0000000+00:00","BondSeason","3585.1328056"
"2022-10-19T20:00:00.0000000+00:00","EqBondReversion","3633.28096424"
"2022-10-19T20:00:00.0000000+00:00","RiskPremia","2848.2642370"
"2022-10-20T13:30:00.0000000+00:00","PaydaySeason","910.95179090"
"2022-10-20T13:30:00.0000000+00:00","BondSeason","3585.1328056"
"2022-10-20T13:30:00.0000000+00:00","EqBondReversion","3633.28096424"
"2022-10-20T13:30:00.0000000+00:00","RiskPremia","2844.8292370"
"2022-10-20T20:00:00.0000000+00:00","PaydaySeason","910.95179090"
"2022-10-20T20:00:00.0000000+00:00","BondSeason","3584.6203996"
"2022-10-20T20:00:00.0000000+00:00","EqBondReversion","3633.28096424"
"2022-10-20T20:00:00.0000000+00:00","RiskPremia","2829.7041370"
"2022-10-21T13:30:00.0000000+00:00","PaydaySeason","910.95179090"
"2022-10-21T13:30:00.0000000+00:00","BondSeason","3533.3203996"
"2022-10-21T13:30:00.0000000+00:00","EqBondReversion","3632.70442624"
"2022-10-21T13:30:00.0000000+00:00","RiskPremia","2819.3492370"
"2022-10-21T20:00:00.0000000+00:00","PaydaySeason","910.95179090"
"2022-10-21T20:00:00.0000000+00:00","BondSeason","3536.8303996"
"2022-10-21T20:00:00.0000000+00:00","EqBondReversion","3636.73442624"
"2022-10-21T20:00:00.0000000+00:00","RiskPremia","2850.4192370"
"2022-10-24T13:30:00.0000000+00:00","PaydaySeason","910.95179090"
"2022-10-24T13:30:00.0000000+00:00","BondSeason","3528.7303996"
"2022-10-24T13:30:00.0000000+00:00","EqBondReversion","3627.43442624"
"2022-10-24T13:30:00.0000000+00:00","RiskPremia","2846.3592370"
"2022-10-24T20:00:00.0000000+00:00","PaydaySeason","910.79205890"
"2022-10-24T20:00:00.0000000+00:00","BondSeason","3517.3903996"
"2022-10-24T20:00:00.0000000+00:00","EqBondReversion","3614.41442624"
"2022-10-24T20:00:00.0000000+00:00","RiskPremia","2848.4942370"
"2022-10-25T13:30:00.0000000+00:00","PaydaySeason","911.15205890"
"2022-10-25T13:30:00.0000000+00:00","BondSeason","3575.4403996"
"2022-10-25T13:30:00.0000000+00:00","EqBondReversion","3681.06442624"
"2022-10-25T13:30:00.0000000+00:00","RiskPremia","2865.9503270"
"2022-10-25T20:00:00.0000000+00:00","PaydaySeason","925.19205890"
"2022-10-25T20:00:00.0000000+00:00","BondSeason","3589.2103996"
"2022-10-25T20:00:00.0000000+00:00","EqBondReversion","3696.87442624"
"2022-10-25T20:00:00.0000000+00:00","RiskPremia","2881.4453270"
"2022-10-26T13:30:00.0000000+00:00","PaydaySeason","918.17205890"
"2022-10-26T13:30:00.0000000+00:00","BondSeason","3608.3803996"
"2022-10-26T13:30:00.0000000+00:00","EqBondReversion","3718.88442624"
"2022-10-26T13:30:00.0000000+00:00","RiskPremia","2887.1103270"
"2022-10-26T20:00:00.0000000+00:00","PaydaySeason","919.97205890"
"2022-10-26T20:00:00.0000000+00:00","BondSeason","3625.9303996"
"2022-10-26T20:00:00.0000000+00:00","EqBondReversion","3739.03442624"
"2022-10-26T20:00:00.0000000+00:00","RiskPremia","2895.1953270"
"2022-10-27T13:30:00.0000000+00:00","PaydaySeason","922.13205890"
"2022-10-27T13:30:00.0000000+00:00","BondSeason","3641.0503996"
"2022-10-27T13:30:00.0000000+00:00","EqBondReversion","3756.39442624"
"2022-10-27T13:30:00.0000000+00:00","RiskPremia","2899.2103270"
"2022-10-27T20:00:00.0000000+00:00","PaydaySeason","916.55205890"
"2022-10-27T20:00:00.0000000+00:00","BondSeason","3655.0903996"
"2022-10-27T20:00:00.0000000+00:00","EqBondReversion","3772.51442624"
"2022-10-27T20:00:00.0000000+00:00","RiskPremia","2899.5253270"
"2022-10-28T13:30:00.0000000+00:00","PaydaySeason","915.65205890"
"2022-10-28T13:30:00.0000000+00:00","BondSeason","3637.8103996"
"2022-10-28T13:30:00.0000000+00:00","EqBondReversion","3752.67442624"
"2022-10-28T13:30:00.0000000+00:00","RiskPremia","2881.3303270"
"2022-10-28T20:00:00.0000000+00:00","PaydaySeason","934.73205890"
"2022-10-28T20:00:00.0000000+00:00","BondSeason","3635.6503996"
"2022-10-28T20:00:00.0000000+00:00","EqBondReversion","3750.19442624"
"2022-10-28T20:00:00.0000000+00:00","RiskPremia","2896.6853270"
"2022-10-31T13:30:00.0000000+00:00","PaydaySeason","929.87205890"
"2022-10-31T13:30:00.0000000+00:00","BondSeason","3624.3103996"
"2022-10-31T13:30:00.0000000+00:00","EqBondReversion","3737.17442624"
"2022-10-31T13:30:00.0000000+00:00","RiskPremia","2882.7803270"
"2022-10-31T20:00:00.0000000+00:00","PaydaySeason","929.16861890"
"2022-10-31T20:00:00.0000000+00:00","BondSeason","3613.3029056"
"2022-10-31T20:00:00.0000000+00:00","EqBondReversion","3725.10928824"
"2022-10-31T20:00:00.0000000+00:00","RiskPremia","2877.7503270"
"2022-11-01T13:30:00.0000000+00:00","PaydaySeason","929.16861890"
"2022-11-01T13:30:00.0000000+00:00","BondSeason","3571.0363436"
"2022-11-01T13:30:00.0000000+00:00","EqBondReversion","3725.10928824"
"2022-11-01T13:30:00.0000000+00:00","RiskPremia","2910.7254230"
"2022-11-01T20:00:00.0000000+00:00","PaydaySeason","929.16861890"
"2022-11-01T20:00:00.0000000+00:00","BondSeason","3586.8963436"
"2022-11-01T20:00:00.0000000+00:00","EqBondReversion","3725.10928824"
"2022-11-01T20:00:00.0000000+00:00","RiskPremia","2894.7804230"
"2022-11-02T13:30:00.0000000+00:00","PaydaySeason","929.16861890"
"2022-11-02T13:30:00.0000000+00:00","BondSeason","3583.2563436"
"2022-11-02T13:30:00.0000000+00:00","EqBondReversion","3725.10928824"
"2022-11-02T13:30:00.0000000+00:00","RiskPremia","2900.1754230"
"2022-11-02T20:00:00.0000000+00:00","PaydaySeason","929.16861890"
"2022-11-02T20:00:00.0000000+00:00","BondSeason","3597.0363436"
"2022-11-02T20:00:00.0000000+00:00","EqBondReversion","3725.10928824"
"2022-11-02T20:00:00.0000000+00:00","RiskPremia","2867.0804230"
"2022-11-03T13:30:00.0000000+00:00","PaydaySeason","929.16861890"
"2022-11-03T13:30:00.0000000+00:00","BondSeason","3628.4963436"
"2022-11-03T13:30:00.0000000+00:00","EqBondReversion","3725.10928824"
"2022-11-03T13:30:00.0000000+00:00","RiskPremia","2839.3854230"
"2022-11-03T20:00:00.0000000+00:00","PaydaySeason","929.16861890"
"2022-11-03T20:00:00.0000000+00:00","BondSeason","3611.3363436"
"2022-11-03T20:00:00.0000000+00:00","EqBondReversion","3725.10928824"
"2022-11-03T20:00:00.0000000+00:00","RiskPremia","2853.1704230"
"2022-11-04T13:30:00.0000000+00:00","PaydaySeason","929.16861890"
"2022-11-04T13:30:00.0000000+00:00","BondSeason","3630.3163436"
"2022-11-04T13:30:00.0000000+00:00","EqBondReversion","3725.10928824"
"2022-11-04T13:30:00.0000000+00:00","RiskPremia","2878.1854230"
"2022-11-04T20:00:00.0000000+00:00","PaydaySeason","929.16861890"
"2022-11-04T20:00:00.0000000+00:00","BondSeason","3652.6763436"
"2022-11-04T20:00:00.0000000+00:00","EqBondReversion","3725.10928824"
"2022-11-04T20:00:00.0000000+00:00","RiskPremia","2880.7954230"
"2022-11-07T14:30:00.0000000+00:00","PaydaySeason","929.16861890"
"2022-11-07T14:30:00.0000000+00:00","BondSeason","3638.3763436"
"2022-11-07T14:30:00.0000000+00:00","EqBondReversion","3725.10928824"
"2022-11-07T14:30:00.0000000+00:00","RiskPremia","2886.0654230"
"2022-11-07T21:00:00.0000000+00:00","PaydaySeason","929.16861890"
"2022-11-07T21:00:00.0000000+00:00","BondSeason","3676.5963436"
"2022-11-07T21:00:00.0000000+00:00","EqBondReversion","3725.10928824"
"2022-11-07T21:00:00.0000000+00:00","RiskPremia","2874.9104230"
"2022-11-08T14:30:00.0000000+00:00","PaydaySeason","929.16861890"
"2022-11-08T14:30:00.0000000+00:00","BondSeason","3664.1163436"
"2022-11-08T14:30:00.0000000+00:00","EqBondReversion","3725.10928824"
"2022-11-08T14:30:00.0000000+00:00","RiskPremia","2882.1954230"
"2022-11-08T21:00:00.0000000+00:00","PaydaySeason","929.16861890"
"2022-11-08T21:00:00.0000000+00:00","BondSeason","3651.1163436"
"2022-11-08T21:00:00.0000000+00:00","EqBondReversion","3725.10928824"
"2022-11-08T21:00:00.0000000+00:00","RiskPremia","2910.8854230"
"2022-11-09T14:30:00.0000000+00:00","PaydaySeason","929.16861890"
"2022-11-09T14:30:00.0000000+00:00","BondSeason","3663.5963436"
"2022-11-09T14:30:00.0000000+00:00","EqBondReversion","3725.10928824"
"2022-11-09T14:30:00.0000000+00:00","RiskPremia","2902.3414330"
"2022-11-09T21:00:00.0000000+00:00","PaydaySeason","929.16861890"
"2022-11-09T21:00:00.0000000+00:00","BondSeason","3643.3445276"
"2022-11-09T21:00:00.0000000+00:00","EqBondReversion","3725.10928824"
"2022-11-09T21:00:00.0000000+00:00","RiskPremia","2895.1214330"
"2022-11-10T14:30:00.0000000+00:00","PaydaySeason","929.16861890"
"2022-11-10T14:30:00.0000000+00:00","BondSeason","3643.3445276"
"2022-11-10T14:30:00.0000000+00:00","EqBondReversion","3725.10928824"
"2022-11-10T14:30:00.0000000+00:00","RiskPremia","2954.1414330"
"2022-11-10T21:00:00.0000000+00:00","PaydaySeason","929.00168690"
"2022-11-10T21:00:00.0000000+00:00","BondSeason","3643.3445276"
"2022-11-10T21:00:00.0000000+00:00","EqBondReversion","3725.10928824"
"2022-11-10T21:00:00.0000000+00:00","RiskPremia","2987.9214330"
"2022-11-11T14:30:00.0000000+00:00","PaydaySeason","930.80168690"
"2022-11-11T14:30:00.0000000+00:00","BondSeason","3643.3445276"
"2022-11-11T14:30:00.0000000+00:00","EqBondReversion","3725.10928824"
"2022-11-11T14:30:00.0000000+00:00","RiskPremia","2987.0628450"
"2022-11-11T21:00:00.0000000+00:00","PaydaySeason","938.18168690"
"2022-11-11T21:00:00.0000000+00:00","BondSeason","3643.3445276"
"2022-11-11T21:00:00.0000000+00:00","EqBondReversion","3725.10928824"
"2022-11-11T21:00:00.0000000+00:00","RiskPremia","2997.9828450"
"2022-11-14T14:30:00.0000000+00:00","PaydaySeason","933.86168690"
"2022-11-14T14:30:00.0000000+00:00","BondSeason","3643.3445276"
"2022-11-14T14:30:00.0000000+00:00","EqBondReversion","3725.10928824"
"2022-11-14T14:30:00.0000000+00:00","RiskPremia","2993.5028450"
"2022-11-14T21:00:00.0000000+00:00","PaydaySeason","930.44168690"
"2022-11-14T21:00:00.0000000+00:00","BondSeason","3643.3445276"
"2022-11-14T21:00:00.0000000+00:00","EqBondReversion","3725.10928824"
"2022-11-14T21:00:00.0000000+00:00","RiskPremia","2992.8228450"
"2022-11-15T14:30:00.0000000+00:00","PaydaySeason","943.94168690"
"2022-11-15T14:30:00.0000000+00:00","BondSeason","3643.3445276"
"2022-11-15T14:30:00.0000000+00:00","EqBondReversion","3725.10928824"
"2022-11-15T14:30:00.0000000+00:00","RiskPremia","3009.1028450"
"2022-11-15T21:00:00.0000000+00:00","PaydaySeason","938.54168690"
"2022-11-15T21:00:00.0000000+00:00","BondSeason","3643.3445276"
"2022-11-15T21:00:00.0000000+00:00","EqBondReversion","3725.10928824"
"2022-11-15T21:00:00.0000000+00:00","RiskPremia","3014.7028450"
"2022-11-16T14:30:00.0000000+00:00","PaydaySeason","934.04168690"
"2022-11-16T14:30:00.0000000+00:00","BondSeason","3643.3445276"
"2022-11-16T14:30:00.0000000+00:00","EqBondReversion","3725.10928824"
"2022-11-16T14:30:00.0000000+00:00","RiskPremia","3016.9828450"
"2022-11-16T21:00:00.0000000+00:00","PaydaySeason","930.09450290"
"2022-11-16T21:00:00.0000000+00:00","BondSeason","3643.3445276"
"2022-11-16T21:00:00.0000000+00:00","EqBondReversion","3725.10928824"
"2022-11-16T21:00:00.0000000+00:00","RiskPremia","3024.3628450"
"2022-11-17T14:30:00.0000000+00:00","PaydaySeason","930.09450290"
"2022-11-17T14:30:00.0000000+00:00","BondSeason","3643.3445276"
"2022-11-17T14:30:00.0000000+00:00","EqBondReversion","3725.10928824"
"2022-11-17T14:30:00.0000000+00:00","RiskPremia","2999.3628050"
"2022-11-17T21:00:00.0000000+00:00","PaydaySeason","930.09450290"
"2022-11-17T21:00:00.0000000+00:00","BondSeason","3643.3445276"
"2022-11-17T21:00:00.0000000+00:00","EqBondReversion","3725.10928824"
"2022-11-17T21:00:00.0000000+00:00","RiskPremia","3005.8628050"
"2022-11-18T14:30:00.0000000+00:00","PaydaySeason","930.09450290"
"2022-11-18T14:30:00.0000000+00:00","BondSeason","3643.3445276"
"2022-11-18T14:30:00.0000000+00:00","EqBondReversion","3725.10928824"
"2022-11-18T14:30:00.0000000+00:00","RiskPremia","3009.9228050"
"2022-11-18T21:00:00.0000000+00:00","PaydaySeason","930.09450290"
"2022-11-18T21:00:00.0000000+00:00","BondSeason","3642.8262436"
"2022-11-18T21:00:00.0000000+00:00","EqBondReversion","3725.10928824"
"2022-11-18T21:00:00.0000000+00:00","RiskPremia","2997.0928050"
"2022-11-21T14:30:00.0000000+00:00","PaydaySeason","930.09450290"
"2022-11-21T14:30:00.0000000+00:00","BondSeason","3669.3462436"
"2022-11-21T14:30:00.0000000+00:00","EqBondReversion","3724.51728824"
"2022-11-21T14:30:00.0000000+00:00","RiskPremia","2999.3528050"
"2022-11-21T21:00:00.0000000+00:00","PaydaySeason","930.09450290"
"2022-11-21T21:00:00.0000000+00:00","BondSeason","3654.0062436"
"2022-11-21T21:00:00.0000000+00:00","EqBondReversion","3725.15728824"
"2022-11-21T21:00:00.0000000+00:00","RiskPremia","2992.1228050"
"2022-11-22T14:30:00.0000000+00:00","PaydaySeason","930.09450290"
"2022-11-22T14:30:00.0000000+00:00","BondSeason","3668.3062436"
"2022-11-22T14:30:00.0000000+00:00","EqBondReversion","3737.31728824"
"2022-11-22T14:30:00.0000000+00:00","RiskPremia","3001.1928050"
"2022-11-22T21:00:00.0000000+00:00","PaydaySeason","929.93507690"
"2022-11-22T21:00:00.0000000+00:00","BondSeason","3689.8862436"
"2022-11-22T21:00:00.0000000+00:00","EqBondReversion","3765.47728824"
"2022-11-22T21:00:00.0000000+00:00","RiskPremia","3010.4628050"
"2022-11-23T14:30:00.0000000+00:00","PaydaySeason","929.08507690"
"2022-11-23T14:30:00.0000000+00:00","BondSeason","3707.0462436"
"2022-11-23T14:30:00.0000000+00:00","EqBondReversion","3762.27728824"
"2022-11-23T14:30:00.0000000+00:00","RiskPremia","3012.1028050"
"2022-11-23T21:00:00.0000000+00:00","PaydaySeason","934.35507690"
"2022-11-23T21:00:00.0000000+00:00","BondSeason","3734.9962436"
"2022-11-23T21:00:00.0000000+00:00","EqBondReversion","3782.11728824"
"2022-11-23T21:00:00.0000000+00:00","RiskPremia","3031.7478050"
"2022-11-25T14:30:00.0000000+00:00","PaydaySeason","933.84507690"
"2022-11-25T14:30:00.0000000+00:00","BondSeason","3719.2662436"
"2022-11-25T14:30:00.0000000+00:00","EqBondReversion","3780.19728824"
"2022-11-25T14:30:00.0000000+00:00","RiskPremia","3025.7528050"
"2022-11-25T18:00:00.0000000+00:00","PaydaySeason","934.78007690"
"2022-11-25T18:00:00.0000000+00:00","BondSeason","3727.3262436"
"2022-11-25T18:00:00.0000000+00:00","EqBondReversion","3783.71728824"
"2022-11-25T18:00:00.0000000+00:00","RiskPremia","3030.8228050"
"2022-11-28T14:30:00.0000000+00:00","PaydaySeason","929.08507690"
"2022-11-28T14:30:00.0000000+00:00","BondSeason","3745.2662436"
"2022-11-28T14:30:00.0000000+00:00","EqBondReversion","3762.27728824"
"2022-11-28T14:30:00.0000000+00:00","RiskPremia","3030.2328050"
"2022-11-28T21:00:00.0000000+00:00","PaydaySeason","921.94507690"
"2022-11-28T21:00:00.0000000+00:00","BondSeason","3734.9962436"
"2022-11-28T21:00:00.0000000+00:00","EqBondReversion","3735.39728824"
"2022-11-28T21:00:00.0000000+00:00","RiskPremia","3016.5478050"
"2022-11-29T14:30:00.0000000+00:00","PaydaySeason","922.45507690"
"2022-11-29T14:30:00.0000000+00:00","BondSeason","3707.3062436"
"2022-11-29T14:30:00.0000000+00:00","EqBondReversion","3737.31728824"
"2022-11-29T14:30:00.0000000+00:00","RiskPremia","3014.2128050"
"2022-11-29T21:00:00.0000000+00:00","PaydaySeason","920.92507690"
"2022-11-29T21:00:00.0000000+00:00","BondSeason","3702.6262436"
"2022-11-29T21:00:00.0000000+00:00","EqBondReversion","3731.55728824"
"2022-11-29T21:00:00.0000000+00:00","RiskPremia","3011.8728050"
"2022-11-30T14:30:00.0000000+00:00","PaydaySeason","921.77507690"
"2022-11-30T14:30:00.0000000+00:00","BondSeason","3693.5262436"
"2022-11-30T14:30:00.0000000+00:00","EqBondReversion","3734.75728824"
"2022-11-30T14:30:00.0000000+00:00","RiskPremia","3015.6228050"
"2022-11-30T21:00:00.0000000+00:00","PaydaySeason","945.07259090"
"2022-11-30T21:00:00.0000000+00:00","BondSeason","3720.5587036"
"2022-11-30T21:00:00.0000000+00:00","EqBondReversion","3822.46557624"
"2022-11-30T21:00:00.0000000+00:00","RiskPremia","3045.9028050"
"2022-12-01T14:30:00.0000000+00:00","PaydaySeason","945.07259090"
"2022-12-01T14:30:00.0000000+00:00","BondSeason","3703.2026286"
"2022-12-01T14:30:00.0000000+00:00","EqBondReversion","3822.46557624"
"2022-12-01T14:30:00.0000000+00:00","RiskPremia","3069.0825060"
"2022-12-01T21:00:00.0000000+00:00","PaydaySeason","945.07259090"
"2022-12-01T21:00:00.0000000+00:00","BondSeason","3637.7026286"
"2022-12-01T21:00:00.0000000+00:00","EqBondReversion","3822.46557624"
"2022-12-01T21:00:00.0000000+00:00","RiskPremia","3087.9825060"
"2022-12-02T14:30:00.0000000+00:00","PaydaySeason","945.07259090"
"2022-12-02T14:30:00.0000000+00:00","BondSeason","3649.4526286"
"2022-12-02T14:30:00.0000000+00:00","EqBondReversion","3822.46557624"
"2022-12-02T14:30:00.0000000+00:00","RiskPremia","3067.2925060"
"2022-12-02T21:00:00.0000000+00:00","PaydaySeason","945.07259090"
"2022-12-02T21:00:00.0000000+00:00","BondSeason","3605.4526286"
"2022-12-02T21:00:00.0000000+00:00","EqBondReversion","3822.46557624"
"2022-12-02T21:00:00.0000000+00:00","RiskPremia","3092.9545060"
"2022-12-05T14:30:00.0000000+00:00","PaydaySeason","945.07259090"
"2022-12-05T14:30:00.0000000+00:00","BondSeason","3635.9526286"
"2022-12-05T14:30:00.0000000+00:00","EqBondReversion","3822.46557624"
"2022-12-05T14:30:00.0000000+00:00","RiskPremia","3076.3125060"
"2022-12-05T21:00:00.0000000+00:00","PaydaySeason","945.07259090"
"2022-12-05T21:00:00.0000000+00:00","BondSeason","3641.4526286"
"2022-12-05T21:00:00.0000000+00:00","EqBondReversion","3822.46557624"
"2022-12-05T21:00:00.0000000+00:00","RiskPremia","3054.6525060"
"2022-12-06T14:30:00.0000000+00:00","PaydaySeason","945.07259090"
"2022-12-06T14:30:00.0000000+00:00","BondSeason","3619.4526286"
"2022-12-06T14:30:00.0000000+00:00","EqBondReversion","3822.46557624"
"2022-12-06T14:30:00.0000000+00:00","RiskPremia","3065.3725060"
"2022-12-06T21:00:00.0000000+00:00","PaydaySeason","945.07259090"
"2022-12-06T21:00:00.0000000+00:00","BondSeason","3607.7026286"
"2022-12-06T21:00:00.0000000+00:00","EqBondReversion","3822.46557624"
"2022-12-06T21:00:00.0000000+00:00","RiskPremia","3058.8025060"
"2022-12-07T14:30:00.0000000+00:00","PaydaySeason","945.07259090"
"2022-12-07T14:30:00.0000000+00:00","BondSeason","3572.7026286"
"2022-12-07T14:30:00.0000000+00:00","EqBondReversion","3822.46557624"
"2022-12-07T14:30:00.0000000+00:00","RiskPremia","3070.4029060"
"2022-12-07T21:00:00.0000000+00:00","PaydaySeason","945.07259090"
"2022-12-07T21:00:00.0000000+00:00","BondSeason","3545.2026286"
"2022-12-07T21:00:00.0000000+00:00","EqBondReversion","3822.46557624"
"2022-12-07T21:00:00.0000000+00:00","RiskPremia","3084.0029060"
"2022-12-08T14:30:00.0000000+00:00","PaydaySeason","945.07259090"
"2022-12-08T14:30:00.0000000+00:00","BondSeason","3564.4526286"
"2022-12-08T14:30:00.0000000+00:00","EqBondReversion","3822.46557624"
"2022-12-08T14:30:00.0000000+00:00","RiskPremia","3082.5311660"
"2022-12-08T21:00:00.0000000+00:00","PaydaySeason","945.07259090"
"2022-12-08T21:00:00.0000000+00:00","BondSeason","3553.2026286"
"2022-12-08T21:00:00.0000000+00:00","EqBondReversion","3822.46557624"
"2022-12-08T21:00:00.0000000+00:00","RiskPremia","3086.2311660"
"2022-12-09T14:30:00.0000000+00:00","PaydaySeason","945.07259090"
"2022-12-09T14:30:00.0000000+00:00","BondSeason","3583.4526286"
"2022-12-09T14:30:00.0000000+00:00","EqBondReversion","3822.46557624"
"2022-12-09T14:30:00.0000000+00:00","RiskPremia","3082.3311660"
"2022-12-09T21:00:00.0000000+00:00","PaydaySeason","945.07259090"
"2022-12-09T21:00:00.0000000+00:00","BondSeason","3624.1711786"
"2022-12-09T21:00:00.0000000+00:00","EqBondReversion","3822.46557624"
"2022-12-09T21:00:00.0000000+00:00","RiskPremia","3068.3911660"
"2022-12-12T14:30:00.0000000+00:00","PaydaySeason","945.07259090"
"2022-12-12T14:30:00.0000000+00:00","BondSeason","3624.1711786"
"2022-12-12T14:30:00.0000000+00:00","EqBondReversion","3822.46557624"
"2022-12-12T14:30:00.0000000+00:00","RiskPremia","3075.4911660"
"2022-12-12T21:00:00.0000000+00:00","PaydaySeason","944.91445690"
"2022-12-12T21:00:00.0000000+00:00","BondSeason","3624.1711786"
"2022-12-12T21:00:00.0000000+00:00","EqBondReversion","3822.46557624"
"2022-12-12T21:00:00.0000000+00:00","RiskPremia","3070.6311660"
"2022-12-13T14:30:00.0000000+00:00","PaydaySeason","965.99445690"
"2022-12-13T14:30:00.0000000+00:00","BondSeason","3624.1711786"
"2022-12-13T14:30:00.0000000+00:00","EqBondReversion","3822.46557624"
"2022-12-13T14:30:00.0000000+00:00","RiskPremia","3120.5711660"
"2022-12-13T21:00:00.0000000+00:00","PaydaySeason","950.86445690"
"2022-12-13T21:00:00.0000000+00:00","BondSeason","3624.1711786"
"2022-12-13T21:00:00.0000000+00:00","EqBondReversion","3822.46557624"
"2022-12-13T21:00:00.0000000+00:00","RiskPremia","3097.6311660"
"2022-12-14T14:30:00.0000000+00:00","PaydaySeason","949.84445690"
"2022-12-14T14:30:00.0000000+00:00","BondSeason","3624.1711786"
"2022-12-14T14:30:00.0000000+00:00","EqBondReversion","3822.46557624"
"2022-12-14T14:30:00.0000000+00:00","RiskPremia","3096.1311660"
"2022-12-14T21:00:00.0000000+00:00","PaydaySeason","946.21495690"
"2022-12-14T21:00:00.0000000+00:00","BondSeason","3624.1711786"
"2022-12-14T21:00:00.0000000+00:00","EqBondReversion","3822.46557624"
"2022-12-14T21:00:00.0000000+00:00","RiskPremia","3095.3091660"
"2022-12-15T14:30:00.0000000+00:00","PaydaySeason","935.90445690"
"2022-12-15T14:30:00.0000000+00:00","BondSeason","3624.1711786"
"2022-12-15T14:30:00.0000000+00:00","EqBondReversion","3822.46557624"
"2022-12-15T14:30:00.0000000+00:00","RiskPremia","3076.5575200"
"2022-12-15T21:00:00.0000000+00:00","PaydaySeason","926.72445690"
"2022-12-15T21:00:00.0000000+00:00","BondSeason","3624.1711786"
"2022-12-15T21:00:00.0000000+00:00","EqBondReversion","3822.46557624"
"2022-12-15T21:00:00.0000000+00:00","RiskPremia","3067.1175200"
"2022-12-16T14:30:00.0000000+00:00","PaydaySeason","921.79445690"
"2022-12-16T14:30:00.0000000+00:00","BondSeason","3624.1711786"
"2022-12-16T14:30:00.0000000+00:00","EqBondReversion","3822.46557624"
"2022-12-16T14:30:00.0000000+00:00","RiskPremia","3057.5375200"
"2022-12-16T21:00:00.0000000+00:00","PaydaySeason","917.73172890"
"2022-12-16T21:00:00.0000000+00:00","BondSeason","3624.1711786"
"2022-12-16T21:00:00.0000000+00:00","EqBondReversion","3822.46557624"
"2022-12-16T21:00:00.0000000+00:00","RiskPremia","3062.0375200"
"2022-12-19T14:30:00.0000000+00:00","PaydaySeason","917.73172890"
"2022-12-19T14:30:00.0000000+00:00","BondSeason","3624.1711786"
"2022-12-19T14:30:00.0000000+00:00","EqBondReversion","3822.46557624"
"2022-12-19T14:30:00.0000000+00:00","RiskPremia","3054.0375200"
"2022-12-19T21:00:00.0000000+00:00","PaydaySeason","917.73172890"
"2022-12-19T21:00:00.0000000+00:00","BondSeason","3624.1711786"
"2022-12-19T21:00:00.0000000+00:00","EqBondReversion","3822.46557624"
"2022-12-19T21:00:00.0000000+00:00","RiskPremia","3043.2375200"
"2022-12-20T14:30:00.0000000+00:00","PaydaySeason","917.73172890"
"2022-12-20T14:30:00.0000000+00:00","BondSeason","3624.1711786"
"2022-12-20T14:30:00.0000000+00:00","EqBondReversion","3822.46557624"
"2022-12-20T14:30:00.0000000+00:00","RiskPremia","3040.8086520"
"2022-12-20T21:00:00.0000000+00:00","PaydaySeason","917.73172890"
"2022-12-20T21:00:00.0000000+00:00","BondSeason","3623.6746186"
"2022-12-20T21:00:00.0000000+00:00","EqBondReversion","3822.46557624"
"2022-12-20T21:00:00.0000000+00:00","RiskPremia","3050.1086520"
"2022-12-21T14:30:00.0000000+00:00","PaydaySeason","917.73172890"
"2022-12-21T14:30:00.0000000+00:00","BondSeason","3643.8346186"
"2022-12-21T14:30:00.0000000+00:00","EqBondReversion","3821.86472024"
"2022-12-21T14:30:00.0000000+00:00","RiskPremia","3058.3686520"
"2022-12-21T21:00:00.0000000+00:00","PaydaySeason","917.73172890"
"2022-12-21T21:00:00.0000000+00:00","BondSeason","3628.4746186"
"2022-12-21T21:00:00.0000000+00:00","EqBondReversion","3847.99472024"
"2022-12-21T21:00:00.0000000+00:00","RiskPremia","3058.0586520"
"2022-12-22T14:30:00.0000000+00:00","PaydaySeason","917.73172890"
"2022-12-22T14:30:00.0000000+00:00","BondSeason","3628.9546186"
"2022-12-22T14:30:00.0000000+00:00","EqBondReversion","3821.19472024"
"2022-12-22T14:30:00.0000000+00:00","RiskPremia","3047.2386520"
"2022-12-22T21:00:00.0000000+00:00","PaydaySeason","917.58015690"
"2022-12-22T21:00:00.0000000+00:00","BondSeason","3629.5546186"
"2022-12-22T21:00:00.0000000+00:00","EqBondReversion","3804.44472024"
"2022-12-22T21:00:00.0000000+00:00","RiskPremia","3037.5586520"
"2022-12-23T14:30:00.0000000+00:00","PaydaySeason","916.05015690"
"2022-12-23T14:30:00.0000000+00:00","BondSeason","3602.7946186"
"2022-12-23T14:30:00.0000000+00:00","EqBondReversion","3798.41472024"
"2022-12-23T14:30:00.0000000+00:00","RiskPremia","3030.3986520"
"2022-12-23T21:00:00.0000000+00:00","PaydaySeason","921.49015690"
"2022-12-23T21:00:00.0000000+00:00","BondSeason","3593.4346186"
"2022-12-23T21:00:00.0000000+00:00","EqBondReversion","3819.85472024"
"2022-12-23T21:00:00.0000000+00:00","RiskPremia","3034.8786520"
"2022-12-27T14:30:00.0000000+00:00","PaydaySeason","921.66015690"
"2022-12-27T14:30:00.0000000+00:00","BondSeason","3552.6346186"
"2022-12-27T14:30:00.0000000+00:00","EqBondReversion","3820.52472024"
"2022-12-27T14:30:00.0000000+00:00","RiskPremia","3028.3086520"
"2022-12-27T21:00:00.0000000+00:00","PaydaySeason","918.51515690"
"2022-12-27T21:00:00.0000000+00:00","BondSeason","3544.4746186"
"2022-12-27T21:00:00.0000000+00:00","EqBondReversion","3808.12972024"
"2022-12-27T21:00:00.0000000+00:00","RiskPremia","3028.6236520"
"2022-12-28T14:30:00.0000000+00:00","PaydaySeason","918.77015690"
"2022-12-28T14:30:00.0000000+00:00","BondSeason","3556.4746186"
"2022-12-28T14:30:00.0000000+00:00","EqBondReversion","3809.13472024"
"2022-12-28T14:30:00.0000000+00:00","RiskPremia","3028.1786520"
"2022-12-28T21:00:00.0000000+00:00","PaydaySeason","909.08015690"
"2022-12-28T21:00:00.0000000+00:00","BondSeason","3530.7946186"
"2022-12-28T21:00:00.0000000+00:00","EqBondReversion","3770.94472024"
"2022-12-28T21:00:00.0000000+00:00","RiskPremia","3013.2286520"
"2022-12-29T14:30:00.0000000+00:00","PaydaySeason","914.01015690"
"2022-12-29T14:30:00.0000000+00:00","BondSeason","3537.5146186"
"2022-12-29T14:30:00.0000000+00:00","EqBondReversion","3790.37472024"
"2022-12-29T14:30:00.0000000+00:00","RiskPremia","3022.5986520"
"2022-12-29T21:00:00.0000000+00:00","PaydaySeason","922.85015690"
"2022-12-29T21:00:00.0000000+00:00","BondSeason","3556.9546186"
"2022-12-29T21:00:00.0000000+00:00","EqBondReversion","3825.21472024"
"2022-12-29T21:00:00.0000000+00:00","RiskPremia","3036.0386520"
"2022-12-30T14:30:00.0000000+00:00","PaydaySeason","916.90015690"
"2022-12-30T14:30:00.0000000+00:00","BondSeason","3537.7546186"
"2022-12-30T14:30:00.0000000+00:00","EqBondReversion","3801.76472024"
"2022-12-30T14:30:00.0000000+00:00","RiskPremia","3029.0686520"
"2022-12-30T21:00:00.0000000+00:00","PaydaySeason","921.25281990"
"2022-12-30T21:00:00.0000000+00:00","BondSeason","3529.5788326"
"2022-12-30T21:00:00.0000000+00:00","EqBondReversion","3818.91933324"
"2022-12-30T21:00:00.0000000+00:00","RiskPremia","3033.2336520"
"2023-01-03T14:30:00.0000000+00:00","PaydaySeason","921.25281990"
"2023-01-03T14:30:00.0000000+00:00","BondSeason","3463.8288326"
"2023-01-03T14:30:00.0000000+00:00","EqBondReversion","3818.91933324"
"2023-01-03T14:30:00.0000000+00:00","RiskPremia","3061.9986520"
"2023-01-03T21:00:00.0000000+00:00","PaydaySeason","921.25281990"
"2023-01-03T21:00:00.0000000+00:00","BondSeason","3482.3288326"
"2023-01-03T21:00:00.0000000+00:00","EqBondReversion","3818.91933324"
"2023-01-03T21:00:00.0000000+00:00","RiskPremia","3050.0386520"
"2023-01-04T14:30:00.0000000+00:00","PaydaySeason","921.25281990"
"2023-01-04T14:30:00.0000000+00:00","BondSeason","3438.3288326"
"2023-01-04T14:30:00.0000000+00:00","EqBondReversion","3818.91933324"
"2023-01-04T14:30:00.0000000+00:00","RiskPremia","3074.6065240"
"2023-01-04T21:00:00.0000000+00:00","PaydaySeason","921.25281990"
"2023-01-04T21:00:00.0000000+00:00","BondSeason","3447.0788326"
"2023-01-04T21:00:00.0000000+00:00","EqBondReversion","3818.91933324"
"2023-01-04T21:00:00.0000000+00:00","RiskPremia","3073.7115240"
"2023-01-05T14:30:00.0000000+00:00","PaydaySeason","921.25281990"
"2023-01-05T14:30:00.0000000+00:00","BondSeason","3472.0788326"
"2023-01-05T14:30:00.0000000+00:00","EqBondReversion","3818.91933324"
"2023-01-05T14:30:00.0000000+00:00","RiskPremia","3054.5665240"
"2023-01-05T21:00:00.0000000+00:00","PaydaySeason","921.25281990"
"2023-01-05T21:00:00.0000000+00:00","BondSeason","3437.2038326"
"2023-01-05T21:00:00.0000000+00:00","EqBondReversion","3818.91933324"
"2023-01-05T21:00:00.0000000+00:00","RiskPremia","3057.6865240"
"2023-01-06T14:30:00.0000000+00:00","PaydaySeason","921.25281990"
"2023-01-06T14:30:00.0000000+00:00","BondSeason","3451.3288326"
"2023-01-06T14:30:00.0000000+00:00","EqBondReversion","3818.91933324"
"2023-01-06T14:30:00.0000000+00:00","RiskPremia","3065.3365240"
"2023-01-06T21:00:00.0000000+00:00","PaydaySeason","921.25281990"
"2023-01-06T21:00:00.0000000+00:00","BondSeason","3389.0788326"
"2023-01-06T21:00:00.0000000+00:00","EqBondReversion","3818.91933324"
"2023-01-06T21:00:00.0000000+00:00","RiskPremia","3098.8565240"
"2023-01-09T14:30:00.0000000+00:00","PaydaySeason","921.25281990"
"2023-01-09T14:30:00.0000000+00:00","BondSeason","3408.5788326"
"2023-01-09T14:30:00.0000000+00:00","EqBondReversion","3818.91933324"
"2023-01-09T14:30:00.0000000+00:00","RiskPremia","3102.0565240"
"2023-01-09T21:00:00.0000000+00:00","PaydaySeason","921.25281990"
"2023-01-09T21:00:00.0000000+00:00","BondSeason","3375.8288326"
"2023-01-09T21:00:00.0000000+00:00","EqBondReversion","3818.91933324"
"2023-01-09T21:00:00.0000000+00:00","RiskPremia","3104.6665240"
"2023-01-10T14:30:00.0000000+00:00","PaydaySeason","921.25281990"
"2023-01-10T14:30:00.0000000+00:00","BondSeason","3405.5788326"
"2023-01-10T14:30:00.0000000+00:00","EqBondReversion","3818.91933324"
"2023-01-10T14:30:00.0000000+00:00","RiskPremia","3099.1165240"
"2023-01-10T21:00:00.0000000+00:00","PaydaySeason","921.25281990"
"2023-01-10T21:00:00.0000000+00:00","BondSeason","3419.0788326"
"2023-01-10T21:00:00.0000000+00:00","EqBondReversion","3818.91933324"
"2023-01-10T21:00:00.0000000+00:00","RiskPremia","3101.9665240"
"2023-01-11T14:30:00.0000000+00:00","PaydaySeason","921.25281990"
"2023-01-11T14:30:00.0000000+00:00","BondSeason","3394.5788326"
"2023-01-11T14:30:00.0000000+00:00","EqBondReversion","3818.91933324"
"2023-01-11T14:30:00.0000000+00:00","RiskPremia","3110.3065240"
"2023-01-11T21:00:00.0000000+00:00","PaydaySeason","921.25281990"
"2023-01-11T21:00:00.0000000+00:00","BondSeason","3376.3004326"
"2023-01-11T21:00:00.0000000+00:00","EqBondReversion","3818.91933324"
"2023-01-11T21:00:00.0000000+00:00","RiskPremia","3119.4115240"
"2023-01-12T14:30:00.0000000+00:00","PaydaySeason","921.25281990"
"2023-01-12T14:30:00.0000000+00:00","BondSeason","3376.3004326"
"2023-01-12T14:30:00.0000000+00:00","EqBondReversion","3818.91933324"
"2023-01-12T14:30:00.0000000+00:00","RiskPremia","3129.3065240"
"2023-01-12T21:00:00.0000000+00:00","PaydaySeason","921.09414190"
"2023-01-12T21:00:00.0000000+00:00","BondSeason","3376.3004326"
"2023-01-12T21:00:00.0000000+00:00","EqBondReversion","3818.91933324"
"2023-01-12T21:00:00.0000000+00:00","RiskPremia","3145.9940240"
"2023-01-13T14:30:00.0000000+00:00","PaydaySeason","913.95414190"
"2023-01-13T14:30:00.0000000+00:00","BondSeason","3376.3004326"
"2023-01-13T14:30:00.0000000+00:00","EqBondReversion","3818.91933324"
"2023-01-13T14:30:00.0000000+00:00","RiskPremia","3138.4665240"
"2023-01-13T21:00:00.0000000+00:00","PaydaySeason","924.49414190"
"2023-01-13T21:00:00.0000000+00:00","BondSeason","3376.3004326"
"2023-01-13T21:00:00.0000000+00:00","EqBondReversion","3818.91933324"
"2023-01-13T21:00:00.0000000+00:00","RiskPremia","3153.4265240"
"2023-01-17T14:30:00.0000000+00:00","PaydaySeason","923.81414190"
"2023-01-17T14:30:00.0000000+00:00","BondSeason","3376.3004326"
"2023-01-17T14:30:00.0000000+00:00","EqBondReversion","3818.91933324"
"2023-01-17T14:30:00.0000000+00:00","RiskPremia","3143.7015240"
"2023-01-17T21:00:00.0000000+00:00","PaydaySeason","922.96414190"
"2023-01-17T21:00:00.0000000+00:00","BondSeason","3376.3004326"
"2023-01-17T21:00:00.0000000+00:00","EqBondReversion","3818.91933324"
"2023-01-17T21:00:00.0000000+00:00","RiskPremia","3142.6165240"
"2023-01-18T14:30:00.0000000+00:00","PaydaySeason","925.85414190"
"2023-01-18T14:30:00.0000000+00:00","BondSeason","3376.3004326"
"2023-01-18T14:30:00.0000000+00:00","EqBondReversion","3818.91933324"
"2023-01-18T14:30:00.0000000+00:00","RiskPremia","3165.4765240"
"2023-01-18T21:00:00.0000000+00:00","PaydaySeason","910.89414190"
"2023-01-18T21:00:00.0000000+00:00","BondSeason","3376.3004326"
"2023-01-18T21:00:00.0000000+00:00","EqBondReversion","3818.91933324"
"2023-01-18T21:00:00.0000000+00:00","RiskPremia","3146.0515240"
"2023-01-19T14:30:00.0000000+00:00","PaydaySeason","905.79414190"
"2023-01-19T14:30:00.0000000+00:00","BondSeason","3376.3004326"
"2023-01-19T14:30:00.0000000+00:00","EqBondReversion","3818.91933324"
"2023-01-19T14:30:00.0000000+00:00","RiskPremia","3145.7265240"
"2023-01-19T21:00:00.0000000+00:00","PaydaySeason","904.27879590"
"2023-01-19T21:00:00.0000000+00:00","BondSeason","3376.3004326"
"2023-01-19T21:00:00.0000000+00:00","EqBondReversion","3818.91933324"
"2023-01-19T21:00:00.0000000+00:00","RiskPremia","3152.0915240"
"2023-01-20T14:30:00.0000000+00:00","PaydaySeason","904.27879590"
"2023-01-20T14:30:00.0000000+00:00","BondSeason","3376.3004326"
"2023-01-20T14:30:00.0000000+00:00","EqBondReversion","3818.91933324"
"2023-01-20T14:30:00.0000000+00:00","RiskPremia","3144.0665240"
"2023-01-20T21:00:00.0000000+00:00","PaydaySeason","904.27879590"
"2023-01-20T21:00:00.0000000+00:00","BondSeason","3375.7906246"
"2023-01-20T21:00:00.0000000+00:00","EqBondReversion","3818.91933324"
"2023-01-20T21:00:00.0000000+00:00","RiskPremia","3149.4065240"
"2023-01-23T14:30:00.0000000+00:00","PaydaySeason","904.27879590"
"2023-01-23T14:30:00.0000000+00:00","BondSeason","3360.4306246"
"2023-01-23T14:30:00.0000000+00:00","EqBondReversion","3818.91933324"
"2023-01-23T14:30:00.0000000+00:00","RiskPremia","3142.2365240"
"2023-01-23T21:00:00.0000000+00:00","PaydaySeason","904.27879590"
"2023-01-23T21:00:00.0000000+00:00","BondSeason","3364.0306246"
"2023-01-23T21:00:00.0000000+00:00","EqBondReversion","3818.91933324"
"2023-01-23T21:00:00.0000000+00:00","RiskPremia","3156.1415240"
"2023-01-24T14:30:00.0000000+00:00","PaydaySeason","904.27879590"
"2023-01-24T14:30:00.0000000+00:00","BondSeason","3373.6306246"
"2023-01-24T14:30:00.0000000+00:00","EqBondReversion","3818.32506124"
"2023-01-24T14:30:00.0000000+00:00","RiskPremia","3155.6865240"
"2023-01-24T21:00:00.0000000+00:00","PaydaySeason","904.27879590"
"2023-01-24T21:00:00.0000000+00:00","BondSeason","3400.0306246"
"2023-01-24T21:00:00.0000000+00:00","EqBondReversion","3849.12506124"
"2023-01-24T21:00:00.0000000+00:00","RiskPremia","3167.7315240"
"2023-01-25T14:30:00.0000000+00:00","PaydaySeason","904.27879590"
"2023-01-25T14:30:00.0000000+00:00","BondSeason","3403.6306246"
"2023-01-25T14:30:00.0000000+00:00","EqBondReversion","3853.32506124"
"2023-01-25T14:30:00.0000000+00:00","RiskPremia","3156.7365240"
"2023-01-25T21:00:00.0000000+00:00","PaydaySeason","904.11868990"
"2023-01-25T21:00:00.0000000+00:00","BondSeason","3406.0306246"
"2023-01-25T21:00:00.0000000+00:00","EqBondReversion","3856.12506124"
"2023-01-25T21:00:00.0000000+00:00","RiskPremia","3173.6065240"
"2023-01-26T14:30:00.0000000+00:00","PaydaySeason","909.72868990"
"2023-01-26T14:30:00.0000000+00:00","BondSeason","3398.1106246"
"2023-01-26T14:30:00.0000000+00:00","EqBondReversion","3846.88506124"
"2023-01-26T14:30:00.0000000+00:00","RiskPremia","3170.9165240"
"2023-01-26T21:00:00.0000000+00:00","PaydaySeason","913.12868990"
"2023-01-26T21:00:00.0000000+00:00","BondSeason","3394.2706246"
"2023-01-26T21:00:00.0000000+00:00","EqBondReversion","3842.40506124"
"2023-01-26T21:00:00.0000000+00:00","RiskPremia","3169.0565240"
"2023-01-27T14:30:00.0000000+00:00","PaydaySeason","911.08868990"
"2023-01-27T14:30:00.0000000+00:00","BondSeason","3375.3106246"
"2023-01-27T14:30:00.0000000+00:00","EqBondReversion","3820.28506124"
"2023-01-27T14:30:00.0000000+00:00","RiskPremia","3162.0065240"
"2023-01-27T21:00:00.0000000+00:00","PaydaySeason","915.84868990"
"2023-01-27T21:00:00.0000000+00:00","BondSeason","3388.2706246"
"2023-01-27T21:00:00.0000000+00:00","EqBondReversion","3835.40506124"
"2023-01-27T21:00:00.0000000+00:00","RiskPremia","3167.8865240"
"2023-01-30T14:30:00.0000000+00:00","PaydaySeason","910.57868990"
"2023-01-30T14:30:00.0000000+00:00","BondSeason","3381.7906246"
"2023-01-30T14:30:00.0000000+00:00","EqBondReversion","3827.84506124"
"2023-01-30T14:30:00.0000000+00:00","RiskPremia","3162.4865240"
"2023-01-30T21:00:00.0000000+00:00","PaydaySeason","905.13868990"
"2023-01-30T21:00:00.0000000+00:00","BondSeason","3378.6706246"
"2023-01-30T21:00:00.0000000+00:00","EqBondReversion","3824.20506124"
"2023-01-30T21:00:00.0000000+00:00","RiskPremia","3155.1715240"
"2023-01-31T14:30:00.0000000+00:00","PaydaySeason","906.49868990"
"2023-01-31T14:30:00.0000000+00:00","BondSeason","3394.2706246"
"2023-01-31T14:30:00.0000000+00:00","EqBondReversion","3842.40506124"
"2023-01-31T14:30:00.0000000+00:00","RiskPremia","3160.4865240"
"2023-01-31T21:00:00.0000000+00:00","PaydaySeason","917.72582990"
"2023-01-31T21:00:00.0000000+00:00","BondSeason","3400.2008326"
"2023-01-31T21:00:00.0000000+00:00","EqBondReversion","3849.92434924"
"2023-01-31T21:00:00.0000000+00:00","RiskPremia","3173.6865240"
"2023-02-01T14:30:00.0000000+00:00","PaydaySeason","917.72582990"
"2023-02-01T14:30:00.0000000+00:00","BondSeason","3386.8689286"
"2023-02-01T14:30:00.0000000+00:00","EqBondReversion","3849.92434924"
"2023-02-01T14:30:00.0000000+00:00","RiskPremia","3177.9695000"
"2023-02-01T21:00:00.0000000+00:00","PaydaySeason","917.72582990"
"2023-02-01T21:00:00.0000000+00:00","BondSeason","3371.7489286"
"2023-02-01T21:00:00.0000000+00:00","EqBondReversion","3849.92434924"
"2023-02-01T21:00:00.0000000+00:00","RiskPremia","3200.7095000"
"2023-02-02T14:30:00.0000000+00:00","PaydaySeason","917.72582990"
"2023-02-02T14:30:00.0000000+00:00","BondSeason","3353.9889286"
"2023-02-02T14:30:00.0000000+00:00","EqBondReversion","3849.92434924"
"2023-02-02T14:30:00.0000000+00:00","RiskPremia","3208.3995000"
"2023-02-02T21:00:00.0000000+00:00","PaydaySeason","917.72582990"
"2023-02-02T21:00:00.0000000+00:00","BondSeason","3368.1489286"
"2023-02-02T21:00:00.0000000+00:00","EqBondReversion","3849.92434924"
"2023-02-02T21:00:00.0000000+00:00","RiskPremia","3191.1095000"
"2023-02-03T14:30:00.0000000+00:00","PaydaySeason","917.72582990"
"2023-02-03T14:30:00.0000000+00:00","BondSeason","3405.5889286"
"2023-02-03T14:30:00.0000000+00:00","EqBondReversion","3849.92434924"
"2023-02-03T14:30:00.0000000+00:00","RiskPremia","3159.2005000"
"2023-02-03T21:00:00.0000000+00:00","PaydaySeason","917.72582990"
"2023-02-03T21:00:00.0000000+00:00","BondSeason","3407.0289286"
"2023-02-03T21:00:00.0000000+00:00","EqBondReversion","3849.92434924"
"2023-02-03T21:00:00.0000000+00:00","RiskPremia","3150.5595000"
"2023-02-06T14:30:00.0000000+00:00","PaydaySeason","917.72582990"
"2023-02-06T14:30:00.0000000+00:00","BondSeason","3430.0689286"
"2023-02-06T14:30:00.0000000+00:00","EqBondReversion","3849.92434924"
"2023-02-06T14:30:00.0000000+00:00","RiskPremia","3144.3395000"
"2023-02-06T21:00:00.0000000+00:00","PaydaySeason","917.72582990"
"2023-02-06T21:00:00.0000000+00:00","BondSeason","3425.9889286"
"2023-02-06T21:00:00.0000000+00:00","EqBondReversion","3849.92434924"
"2023-02-06T21:00:00.0000000+00:00","RiskPremia","3143.3870000"
"2023-02-07T14:30:00.0000000+00:00","PaydaySeason","917.72582990"
"2023-02-07T14:30:00.0000000+00:00","BondSeason","3440.1489286"
"2023-02-07T14:30:00.0000000+00:00","EqBondReversion","3849.92434924"
"2023-02-07T14:30:00.0000000+00:00","RiskPremia","3138.2595000"
"2023-02-07T21:00:00.0000000+00:00","PaydaySeason","917.72582990"
"2023-02-07T21:00:00.0000000+00:00","BondSeason","3446.3889286"
"2023-02-07T21:00:00.0000000+00:00","EqBondReversion","3849.92434924"
"2023-02-07T21:00:00.0000000+00:00","RiskPremia","3147.0345000"
"2023-02-08T14:30:00.0000000+00:00","PaydaySeason","917.72582990"
"2023-02-08T14:30:00.0000000+00:00","BondSeason","3447.1089286"
"2023-02-08T14:30:00.0000000+00:00","EqBondReversion","3849.92434924"
"2023-02-08T14:30:00.0000000+00:00","RiskPremia","3149.6295000"
"2023-02-08T21:00:00.0000000+00:00","PaydaySeason","917.72582990"
"2023-02-08T21:00:00.0000000+00:00","BondSeason","3435.2721286"
"2023-02-08T21:00:00.0000000+00:00","EqBondReversion","3849.92434924"
"2023-02-08T21:00:00.0000000+00:00","RiskPremia","3145.4287000"
"2023-02-09T14:30:00.0000000+00:00","PaydaySeason","917.72582990"
"2023-02-09T14:30:00.0000000+00:00","BondSeason","3412.7889286"
"2023-02-09T14:30:00.0000000+00:00","EqBondReversion","3849.92434924"
"2023-02-09T14:30:00.0000000+00:00","RiskPremia","3162.1395000"
"2023-02-09T21:00:00.0000000+00:00","PaydaySeason","917.72582990"
"2023-02-09T21:00:00.0000000+00:00","BondSeason","3458.0070166"
"2023-02-09T21:00:00.0000000+00:00","EqBondReversion","3849.92434924"
"2023-02-09T21:00:00.0000000+00:00","RiskPremia","3126.0095000"
"2023-02-10T14:30:00.0000000+00:00","PaydaySeason","917.72582990"
"2023-02-10T14:30:00.0000000+00:00","BondSeason","3458.0070166"
"2023-02-10T14:30:00.0000000+00:00","EqBondReversion","3849.92434924"
"2023-02-10T14:30:00.0000000+00:00","RiskPremia","3126.9495000"
"2023-02-10T21:00:00.0000000+00:00","PaydaySeason","917.57216590"
"2023-02-10T21:00:00.0000000+00:00","BondSeason","3458.0070166"
"2023-02-10T21:00:00.0000000+00:00","EqBondReversion","3849.92434924"
"2023-02-10T21:00:00.0000000+00:00","RiskPremia","3121.8095000"
"2023-02-13T14:30:00.0000000+00:00","PaydaySeason","919.33216590"
"2023-02-13T14:30:00.0000000+00:00","BondSeason","3458.0070166"
"2023-02-13T14:30:00.0000000+00:00","EqBondReversion","3849.92434924"
"2023-02-13T14:30:00.0000000+00:00","RiskPremia","3121.4487580"
"2023-02-13T21:00:00.0000000+00:00","PaydaySeason","926.53216590"
"2023-02-13T21:00:00.0000000+00:00","BondSeason","3458.0070166"
"2023-02-13T21:00:00.0000000+00:00","EqBondReversion","3849.92434924"
"2023-02-13T21:00:00.0000000+00:00","RiskPremia","3129.9687580"
"2023-02-14T14:30:00.0000000+00:00","PaydaySeason","924.29216590"
"2023-02-14T14:30:00.0000000+00:00","BondSeason","3458.0070166"
"2023-02-14T14:30:00.0000000+00:00","EqBondReversion","3849.92434924"
"2023-02-14T14:30:00.0000000+00:00","RiskPremia","3125.1587580"
"2023-02-14T21:00:00.0000000+00:00","PaydaySeason","926.85216590"
"2023-02-14T21:00:00.0000000+00:00","BondSeason","3458.0070166"
"2023-02-14T21:00:00.0000000+00:00","EqBondReversion","3849.92434924"
"2023-02-14T21:00:00.0000000+00:00","RiskPremia","3128.9087580"
"2023-02-15T14:30:00.0000000+00:00","PaydaySeason","923.49216590"
"2023-02-15T14:30:00.0000000+00:00","BondSeason","3458.0070166"
"2023-02-15T14:30:00.0000000+00:00","EqBondReversion","3849.92434924"
"2023-02-15T14:30:00.0000000+00:00","RiskPremia","3112.7087580"
"2023-02-15T21:00:00.0000000+00:00","PaydaySeason","930.77216590"
"2023-02-15T21:00:00.0000000+00:00","BondSeason","3458.0070166"
"2023-02-15T21:00:00.0000000+00:00","EqBondReversion","3849.92434924"
"2023-02-15T21:00:00.0000000+00:00","RiskPremia","3116.5562580"
"2023-02-16T14:30:00.0000000+00:00","PaydaySeason","922.05216590"
"2023-02-16T14:30:00.0000000+00:00","BondSeason","3458.0070166"
"2023-02-16T14:30:00.0000000+00:00","EqBondReversion","3849.92434924"
"2023-02-16T14:30:00.0000000+00:00","RiskPremia","3099.4287580"
"2023-02-16T21:00:00.0000000+00:00","PaydaySeason","920.61786190"
"2023-02-16T21:00:00.0000000+00:00","BondSeason","3457.4989166"
"2023-02-16T21:00:00.0000000+00:00","EqBondReversion","3849.92434924"
"2023-02-16T21:00:00.0000000+00:00","RiskPremia","3097.8687580"
"2023-02-17T14:30:00.0000000+00:00","PaydaySeason","920.61786190"
"2023-02-17T14:30:00.0000000+00:00","BondSeason","3444.4989166"
"2023-02-17T14:30:00.0000000+00:00","EqBondReversion","3849.92434924"
"2023-02-17T14:30:00.0000000+00:00","RiskPremia","3085.5887580"
"2023-02-17T21:00:00.0000000+00:00","PaydaySeason","920.61786190"
"2023-02-17T21:00:00.0000000+00:00","BondSeason","3475.4989166"
"2023-02-17T21:00:00.0000000+00:00","EqBondReversion","3849.92434924"
"2023-02-17T21:00:00.0000000+00:00","RiskPremia","3103.4437580"
"2023-02-21T14:30:00.0000000+00:00","PaydaySeason","920.61786190"
"2023-02-21T14:30:00.0000000+00:00","BondSeason","3441.9989166"
"2023-02-21T14:30:00.0000000+00:00","EqBondReversion","3849.92434924"
"2023-02-21T14:30:00.0000000+00:00","RiskPremia","3087.5887580"
"2023-02-21T21:00:00.0000000+00:00","PaydaySeason","920.61786190"
"2023-02-21T21:00:00.0000000+00:00","BondSeason","3426.9989166"
"2023-02-21T21:00:00.0000000+00:00","EqBondReversion","3849.92434924"
"2023-02-21T21:00:00.0000000+00:00","RiskPremia","3073.2387580"
"2023-02-22T14:30:00.0000000+00:00","PaydaySeason","920.61786190"
"2023-02-22T14:30:00.0000000+00:00","BondSeason","3441.7489166"
"2023-02-22T14:30:00.0000000+00:00","EqBondReversion","3849.31840924"
"2023-02-22T14:30:00.0000000+00:00","RiskPremia","3079.5293300"
"2023-02-22T21:00:00.0000000+00:00","PaydaySeason","920.61786190"
"2023-02-22T21:00:00.0000000+00:00","BondSeason","3450.7489166"
"2023-02-22T21:00:00.0000000+00:00","EqBondReversion","3860.11840924"
"2023-02-22T21:00:00.0000000+00:00","RiskPremia","3074.3693300"
"2023-02-23T14:30:00.0000000+00:00","PaydaySeason","920.61786190"
"2023-02-23T14:30:00.0000000+00:00","BondSeason","3455.4989166"
"2023-02-23T14:30:00.0000000+00:00","EqBondReversion","3865.81840924"
"2023-02-23T14:30:00.0000000+00:00","RiskPremia","3082.1293300"
"2023-02-23T21:00:00.0000000+00:00","PaydaySeason","920.45717790"
"2023-02-23T21:00:00.0000000+00:00","BondSeason","3473.9989166"
"2023-02-23T21:00:00.0000000+00:00","EqBondReversion","3888.01840924"
"2023-02-23T21:00:00.0000000+00:00","RiskPremia","3083.7393300"
"2023-02-24T14:30:00.0000000+00:00","PaydaySeason","910.59717790"
"2023-02-24T14:30:00.0000000+00:00","BondSeason","3452.9989166"
"2023-02-24T14:30:00.0000000+00:00","EqBondReversion","3862.81840924"
"2023-02-24T14:30:00.0000000+00:00","RiskPremia","3063.4893300"
"2023-02-24T21:00:00.0000000+00:00","PaydaySeason","911.95717790"
"2023-02-24T21:00:00.0000000+00:00","BondSeason","3440.9989166"
"2023-02-24T21:00:00.0000000+00:00","EqBondReversion","3848.41840924"
"2023-02-24T21:00:00.0000000+00:00","RiskPremia","3061.1243300"
"2023-02-27T14:30:00.0000000+00:00","PaydaySeason","918.24717790"
"2023-02-27T14:30:00.0000000+00:00","BondSeason","3449.2489166"
"2023-02-27T14:30:00.0000000+00:00","EqBondReversion","3858.31840924"
"2023-02-27T14:30:00.0000000+00:00","RiskPremia","3071.2393300"
"2023-02-27T21:00:00.0000000+00:00","PaydaySeason","914.33717790"
"2023-02-27T21:00:00.0000000+00:00","BondSeason","3447.7489166"
"2023-02-27T21:00:00.0000000+00:00","EqBondReversion","3856.51840924"
"2023-02-27T21:00:00.0000000+00:00","RiskPremia","3068.3493300"
"2023-02-28T14:30:00.0000000+00:00","PaydaySeason","914.33717790"
"2023-02-28T14:30:00.0000000+00:00","BondSeason","3431.2489166"
"2023-02-28T14:30:00.0000000+00:00","EqBondReversion","3836.71840924"
"2023-02-28T14:30:00.0000000+00:00","RiskPremia","3062.4793300"
"2023-02-28T21:00:00.0000000+00:00","PaydaySeason","912.13812590"
"2023-02-28T21:00:00.0000000+00:00","BondSeason","3458.7318166"
"2023-02-28T21:00:00.0000000+00:00","EqBondReversion","3870.30814924"
"2023-02-28T21:00:00.0000000+00:00","RiskPremia","3074.2793300"
"2023-03-01T14:30:00.0000000+00:00","PaydaySeason","912.13812590"
"2023-03-01T14:30:00.0000000+00:00","BondSeason","3474.7376666"
"2023-03-01T14:30:00.0000000+00:00","EqBondReversion","3870.30814924"
"2023-03-01T14:30:00.0000000+00:00","RiskPremia","3075.0676920"
"2023-03-01T21:00:00.0000000+00:00","PaydaySeason","912.13812590"
"2023-03-01T21:00:00.0000000+00:00","BondSeason","3486.2376666"
"2023-03-01T21:00:00.0000000+00:00","EqBondReversion","3870.30814924"
"2023-03-01T21:00:00.0000000+00:00","RiskPremia","3069.6976920"
"2023-03-02T14:30:00.0000000+00:00","PaydaySeason","912.13812590"
"2023-03-02T14:30:00.0000000+00:00","BondSeason","3518.7376666"
"2023-03-02T14:30:00.0000000+00:00","EqBondReversion","3870.30814924"
"2023-03-02T14:30:00.0000000+00:00","RiskPremia","3055.6576920"
"2023-03-02T21:00:00.0000000+00:00","PaydaySeason","912.13812590"
"2023-03-02T21:00:00.0000000+00:00","BondSeason","3507.9876666"
"2023-03-02T21:00:00.0000000+00:00","EqBondReversion","3870.30814924"
"2023-03-02T21:00:00.0000000+00:00","RiskPremia","3067.7426920"
"2023-03-03T14:30:00.0000000+00:00","PaydaySeason","912.13812590"
"2023-03-03T14:30:00.0000000+00:00","BondSeason","3471.9876666"
"2023-03-03T14:30:00.0000000+00:00","EqBondReversion","3870.30814924"
"2023-03-03T14:30:00.0000000+00:00","RiskPremia","3084.7476920"
"2023-03-03T21:00:00.0000000+00:00","PaydaySeason","912.13812590"
"2023-03-03T21:00:00.0000000+00:00","BondSeason","3448.1126666"
"2023-03-03T21:00:00.0000000+00:00","EqBondReversion","3870.30814924"
"2023-03-03T21:00:00.0000000+00:00","RiskPremia","3104.6326920"
"2023-03-06T14:30:00.0000000+00:00","PaydaySeason","912.13812590"
"2023-03-06T14:30:00.0000000+00:00","BondSeason","3439.7376666"
"2023-03-06T14:30:00.0000000+00:00","EqBondReversion","3870.30814924"
"2023-03-06T14:30:00.0000000+00:00","RiskPremia","3107.0976920"
"2023-03-06T21:00:00.0000000+00:00","PaydaySeason","912.13812590"
"2023-03-06T21:00:00.0000000+00:00","BondSeason","3467.9876666"
"2023-03-06T21:00:00.0000000+00:00","EqBondReversion","3870.30814924"
"2023-03-06T21:00:00.0000000+00:00","RiskPremia","3093.7126920"
"2023-03-07T14:30:00.0000000+00:00","PaydaySeason","912.13812590"
"2023-03-07T14:30:00.0000000+00:00","BondSeason","3458.7376666"
"2023-03-07T14:30:00.0000000+00:00","EqBondReversion","3870.30814924"
"2023-03-07T14:30:00.0000000+00:00","RiskPremia","3089.1476920"
"2023-03-07T21:00:00.0000000+00:00","PaydaySeason","912.13812590"
"2023-03-07T21:00:00.0000000+00:00","BondSeason","3452.2376666"
"2023-03-07T21:00:00.0000000+00:00","EqBondReversion","3870.30814924"
"2023-03-07T21:00:00.0000000+00:00","RiskPremia","3072.0876920"
"2023-03-08T14:30:00.0000000+00:00","PaydaySeason","912.13812590"
"2023-03-08T14:30:00.0000000+00:00","BondSeason","3435.2376666"
"2023-03-08T14:30:00.0000000+00:00","EqBondReversion","3870.30814924"
"2023-03-08T14:30:00.0000000+00:00","RiskPremia","3077.1183000"
"2023-03-08T21:00:00.0000000+00:00","PaydaySeason","912.13812590"
"2023-03-08T21:00:00.0000000+00:00","BondSeason","3449.4876666"
"2023-03-08T21:00:00.0000000+00:00","EqBondReversion","3870.30814924"
"2023-03-08T21:00:00.0000000+00:00","RiskPremia","3073.2283000"
"2023-03-09T14:30:00.0000000+00:00","PaydaySeason","912.13812590"
"2023-03-09T14:30:00.0000000+00:00","BondSeason","3456.4876666"
"2023-03-09T14:30:00.0000000+00:00","EqBondReversion","3870.30814924"
"2023-03-09T14:30:00.0000000+00:00","RiskPremia","3078.9683000"
"2023-03-09T21:00:00.0000000+00:00","PaydaySeason","912.13812590"
"2023-03-09T21:00:00.0000000+00:00","BondSeason","3442.7272666"
"2023-03-09T21:00:00.0000000+00:00","EqBondReversion","3870.30814924"
"2023-03-09T21:00:00.0000000+00:00","RiskPremia","3070.0283000"
"2023-03-10T14:30:00.0000000+00:00","PaydaySeason","912.13812590"
"2023-03-10T14:30:00.0000000+00:00","BondSeason","3442.7272666"
"2023-03-10T14:30:00.0000000+00:00","EqBondReversion","3870.30814924"
"2023-03-10T14:30:00.0000000+00:00","RiskPremia","3092.0583000"
"2023-03-10T21:00:00.0000000+00:00","PaydaySeason","911.98413990"
"2023-03-10T21:00:00.0000000+00:00","BondSeason","3442.7272666"
"2023-03-10T21:00:00.0000000+00:00","EqBondReversion","3870.30814924"
"2023-03-10T21:00:00.0000000+00:00","RiskPremia","3102.1333000"
"2023-03-13T13:30:00.0000000+00:00","PaydaySeason","903.65413990"
"2023-03-13T13:30:00.0000000+00:00","BondSeason","3442.7272666"
"2023-03-13T13:30:00.0000000+00:00","EqBondReversion","3870.30814924"
"2023-03-13T13:30:00.0000000+00:00","RiskPremia","3128.0683000"
"2023-03-13T20:00:00.0000000+00:00","PaydaySeason","909.09413990"
"2023-03-13T20:00:00.0000000+00:00","BondSeason","3442.7272666"
"2023-03-13T20:00:00.0000000+00:00","EqBondReversion","3870.30814924"
"2023-03-13T20:00:00.0000000+00:00","RiskPremia","3122.7783000"
"2023-03-14T13:30:00.0000000+00:00","PaydaySeason","921.33413990"
"2023-03-14T13:30:00.0000000+00:00","BondSeason","3442.7272666"
"2023-03-14T13:30:00.0000000+00:00","EqBondReversion","3870.30814924"
"2023-03-14T13:30:00.0000000+00:00","RiskPremia","3126.4983000"
"2023-03-14T20:00:00.0000000+00:00","PaydaySeason","922.69413990"
"2023-03-14T20:00:00.0000000+00:00","BondSeason","3442.7272666"
"2023-03-14T20:00:00.0000000+00:00","EqBondReversion","3870.30814924"
"2023-03-14T20:00:00.0000000+00:00","RiskPremia","3117.2483000"
"2023-03-15T13:30:00.0000000+00:00","PaydaySeason","911.13413990"
"2023-03-15T13:30:00.0000000+00:00","BondSeason","3442.7272666"
"2023-03-15T13:30:00.0000000+00:00","EqBondReversion","3870.30814924"
"2023-03-15T13:30:00.0000000+00:00","RiskPremia","3136.2283000"
"2023-03-15T20:00:00.0000000+00:00","PaydaySeason","916.57413990"
"2023-03-15T20:00:00.0000000+00:00","BondSeason","3442.7272666"
"2023-03-15T20:00:00.0000000+00:00","EqBondReversion","3870.30814924"
"2023-03-15T20:00:00.0000000+00:00","RiskPremia","3133.3933000"
"2023-03-16T13:30:00.0000000+00:00","PaydaySeason","911.81413990"
"2023-03-16T13:30:00.0000000+00:00","BondSeason","3442.7272666"
"2023-03-16T13:30:00.0000000+00:00","EqBondReversion","3870.30814924"
"2023-03-16T13:30:00.0000000+00:00","RiskPremia","3145.0283000"
"2023-03-16T20:00:00.0000000+00:00","PaydaySeason","929.50661790"
"2023-03-16T20:00:00.0000000+00:00","BondSeason","3442.7272666"
"2023-03-16T20:00:00.0000000+00:00","EqBondReversion","3870.30814924"
"2023-03-16T20:00:00.0000000+00:00","RiskPremia","3140.8283000"
"2023-03-17T13:30:00.0000000+00:00","PaydaySeason","929.50661790"
"2023-03-17T13:30:00.0000000+00:00","BondSeason","3442.7272666"
"2023-03-17T13:30:00.0000000+00:00","EqBondReversion","3870.30814924"
"2023-03-17T13:30:00.0000000+00:00","RiskPremia","3162.2683000"
"2023-03-17T20:00:00.0000000+00:00","PaydaySeason","929.50661790"
"2023-03-17T20:00:00.0000000+00:00","BondSeason","3442.7272666"
"2023-03-17T20:00:00.0000000+00:00","EqBondReversion","3870.30814924"
"2023-03-17T20:00:00.0000000+00:00","RiskPremia","3171.9883000"
"2023-03-20T13:30:00.0000000+00:00","PaydaySeason","929.50661790"
"2023-03-20T13:30:00.0000000+00:00","BondSeason","3442.7272666"
"2023-03-20T13:30:00.0000000+00:00","EqBondReversion","3870.30814924"
"2023-03-20T13:30:00.0000000+00:00","RiskPremia","3175.5283000"
"2023-03-20T20:00:00.0000000+00:00","PaydaySeason","929.50661790"
"2023-03-20T20:00:00.0000000+00:00","BondSeason","3442.7272666"
"2023-03-20T20:00:00.0000000+00:00","EqBondReversion","3870.30814924"
"2023-03-20T20:00:00.0000000+00:00","RiskPremia","3170.9833000"
"2023-03-21T13:30:00.0000000+00:00","PaydaySeason","929.50661790"
"2023-03-21T13:30:00.0000000+00:00","BondSeason","3442.7272666"
"2023-03-21T13:30:00.0000000+00:00","EqBondReversion","3869.70182924"
"2023-03-21T13:30:00.0000000+00:00","RiskPremia","3166.3283000"
"2023-03-21T20:00:00.0000000+00:00","PaydaySeason","929.50661790"
"2023-03-21T20:00:00.0000000+00:00","BondSeason","3442.7272666"
"2023-03-21T20:00:00.0000000+00:00","EqBondReversion","3882.05182924"
"2023-03-21T20:00:00.0000000+00:00","RiskPremia","3155.9783000"
"2023-03-22T13:30:00.0000000+00:00","PaydaySeason","929.50661790"
"2023-03-22T13:30:00.0000000+00:00","BondSeason","3442.7272666"
"2023-03-22T13:30:00.0000000+00:00","EqBondReversion","3881.89582924"
"2023-03-22T13:30:00.0000000+00:00","RiskPremia","3153.9523000"
"2023-03-22T20:00:00.0000000+00:00","PaydaySeason","929.35089790"
"2023-03-22T20:00:00.0000000+00:00","BondSeason","3442.2167386"
"2023-03-22T20:00:00.0000000+00:00","EqBondReversion","3826.64582924"
"2023-03-22T20:00:00.0000000+00:00","RiskPremia","3169.1023000"
"2023-03-23T13:30:00.0000000+00:00","PaydaySeason","934.96089790"
"2023-03-23T13:30:00.0000000+00:00","BondSeason","3418.2167386"
"2023-03-23T13:30:00.0000000+00:00","EqBondReversion","3848.09582924"
"2023-03-23T13:30:00.0000000+00:00","RiskPremia","3169.8023000"
"2023-03-23T20:00:00.0000000+00:00","PaydaySeason","930.88089790"
"2023-03-23T20:00:00.0000000+00:00","BondSeason","3442.4567386"
"2023-03-23T20:00:00.0000000+00:00","EqBondReversion","3832.49582924"
"2023-03-23T20:00:00.0000000+00:00","RiskPremia","3182.8973000"
"2023-03-24T13:30:00.0000000+00:00","PaydaySeason","927.65089790"
"2023-03-24T13:30:00.0000000+00:00","BondSeason","3459.7367386"
"2023-03-24T13:30:00.0000000+00:00","EqBondReversion","3820.14582924"
"2023-03-24T13:30:00.0000000+00:00","RiskPremia","3184.4440200"
"2023-03-24T20:00:00.0000000+00:00","PaydaySeason","935.30089790"
"2023-03-24T20:00:00.0000000+00:00","BondSeason","3453.7367386"
"2023-03-24T20:00:00.0000000+00:00","EqBondReversion","3849.39582924"
"2023-03-24T20:00:00.0000000+00:00","RiskPremia","3179.9690200"
"2023-03-27T13:30:00.0000000+00:00","PaydaySeason","940.40089790"
"2023-03-27T13:30:00.0000000+00:00","BondSeason","3410.7767386"
"2023-03-27T13:30:00.0000000+00:00","EqBondReversion","3868.89582924"
"2023-03-27T13:30:00.0000000+00:00","RiskPremia","3159.4140200"
"2023-03-27T20:00:00.0000000+00:00","PaydaySeason","937.68089790"
"2023-03-27T20:00:00.0000000+00:00","BondSeason","3394.4567386"
"2023-03-27T20:00:00.0000000+00:00","EqBondReversion","3858.49582924"
"2023-03-27T20:00:00.0000000+00:00","RiskPremia","3155.6840200"
"2023-03-28T13:30:00.0000000+00:00","PaydaySeason","936.32089790"
"2023-03-28T13:30:00.0000000+00:00","BondSeason","3391.3367386"
"2023-03-28T13:30:00.0000000+00:00","EqBondReversion","3853.29582924"
"2023-03-28T13:30:00.0000000+00:00","RiskPremia","3155.4140200"
"2023-03-28T20:00:00.0000000+00:00","PaydaySeason","936.49089790"
"2023-03-28T20:00:00.0000000+00:00","BondSeason","3397.8167386"
"2023-03-28T20:00:00.0000000+00:00","EqBondReversion","3853.94582924"
"2023-03-28T20:00:00.0000000+00:00","RiskPremia","3163.4740200"
"2023-03-29T13:30:00.0000000+00:00","PaydaySeason","944.14089790"
"2023-03-29T13:30:00.0000000+00:00","BondSeason","3378.3767386"
"2023-03-29T13:30:00.0000000+00:00","EqBondReversion","3883.19582924"
"2023-03-29T13:30:00.0000000+00:00","RiskPremia","3160.9540200"
"2023-03-29T20:00:00.0000000+00:00","PaydaySeason","947.71089790"
"2023-03-29T20:00:00.0000000+00:00","BondSeason","3393.0167386"
"2023-03-29T20:00:00.0000000+00:00","EqBondReversion","3896.84582924"
"2023-03-29T20:00:00.0000000+00:00","RiskPremia","3168.5440200"
"2023-03-30T13:30:00.0000000+00:00","PaydaySeason","952.98089790"
"2023-03-30T13:30:00.0000000+00:00","BondSeason","3396.6167386"
"2023-03-30T13:30:00.0000000+00:00","EqBondReversion","3916.99582924"
"2023-03-30T13:30:00.0000000+00:00","RiskPremia","3176.3640200"
"2023-03-30T20:00:00.0000000+00:00","PaydaySeason","952.13089790"
"2023-03-30T20:00:00.0000000+00:00","BondSeason","3404.2967386"
"2023-03-30T20:00:00.0000000+00:00","EqBondReversion","3913.74582924"
"2023-03-30T20:00:00.0000000+00:00","RiskPremia","3185.1290200"
"2023-03-31T13:30:00.0000000+00:00","PaydaySeason","954.68089790"
"2023-03-31T13:30:00.0000000+00:00","BondSeason","3417.9767386"
"2023-03-31T13:30:00.0000000+00:00","EqBondReversion","3923.49582924"
"2023-03-31T13:30:00.0000000+00:00","RiskPremia","3191.5440200"
"2023-03-31T20:00:00.0000000+00:00","PaydaySeason","964.20817390"
"2023-03-31T20:00:00.0000000+00:00","BondSeason","3438.7966426"
"2023-03-31T20:00:00.0000000+00:00","EqBondReversion","3959.92364924"
"2023-03-31T20:00:00.0000000+00:00","RiskPremia","3202.6040200"
"2023-04-03T13:30:00.0000000+00:00","PaydaySeason","964.20817390"
"2023-04-03T13:30:00.0000000+00:00","BondSeason","3441.4665226"
"2023-04-03T13:30:00.0000000+00:00","EqBondReversion","3959.92364924"
"2023-04-03T13:30:00.0000000+00:00","RiskPremia","3204.9853050"
"2023-04-03T20:00:00.0000000+00:00","PaydaySeason","964.20817390"
"2023-04-03T20:00:00.0000000+00:00","BondSeason","3424.4265226"
"2023-04-03T20:00:00.0000000+00:00","EqBondReversion","3959.92364924"
"2023-04-03T20:00:00.0000000+00:00","RiskPremia","3216.2553050"
"2023-04-04T13:30:00.0000000+00:00","PaydaySeason","964.20817390"
"2023-04-04T13:30:00.0000000+00:00","BondSeason","3443.8665226"
"2023-04-04T13:30:00.0000000+00:00","EqBondReversion","3959.92364924"
"2023-04-04T13:30:00.0000000+00:00","RiskPremia","3212.6053050"
"2023-04-04T20:00:00.0000000+00:00","PaydaySeason","964.20817390"
"2023-04-04T20:00:00.0000000+00:00","BondSeason","3410.9865226"
"2023-04-04T20:00:00.0000000+00:00","EqBondReversion","3959.92364924"
"2023-04-04T20:00:00.0000000+00:00","RiskPremia","3232.8153050"
"2023-04-05T13:30:00.0000000+00:00","PaydaySeason","964.20817390"
"2023-04-05T13:30:00.0000000+00:00","BondSeason","3396.1065226"
"2023-04-05T13:30:00.0000000+00:00","EqBondReversion","3959.92364924"
"2023-04-05T13:30:00.0000000+00:00","RiskPremia","3238.0453050"
"2023-04-05T20:00:00.0000000+00:00","PaydaySeason","964.20817390"
"2023-04-05T20:00:00.0000000+00:00","BondSeason","3384.8265226"
"2023-04-05T20:00:00.0000000+00:00","EqBondReversion","3959.92364924"
"2023-04-05T20:00:00.0000000+00:00","RiskPremia","3236.7603050"
"2023-04-06T13:30:00.0000000+00:00","PaydaySeason","964.20817390"
"2023-04-06T13:30:00.0000000+00:00","BondSeason","3380.5065226"
"2023-04-06T13:30:00.0000000+00:00","EqBondReversion","3959.92364924"
"2023-04-06T13:30:00.0000000+00:00","RiskPremia","3230.6853050"
"2023-04-06T20:00:00.0000000+00:00","PaydaySeason","964.20817390"
"2023-04-06T20:00:00.0000000+00:00","BondSeason","3378.4665226"
"2023-04-06T20:00:00.0000000+00:00","EqBondReversion","3959.92364924"
"2023-04-06T20:00:00.0000000+00:00","RiskPremia","3233.9603050"
"2023-04-10T13:30:00.0000000+00:00","PaydaySeason","964.20817390"
"2023-04-10T13:30:00.0000000+00:00","BondSeason","3399.2265226"
"2023-04-10T13:30:00.0000000+00:00","EqBondReversion","3959.92364924"
"2023-04-10T13:30:00.0000000+00:00","RiskPremia","3217.2453050"
"2023-04-10T20:00:00.0000000+00:00","PaydaySeason","964.20817390"
"2023-04-10T20:00:00.0000000+00:00","BondSeason","3419.8665226"
"2023-04-10T20:00:00.0000000+00:00","EqBondReversion","3959.92364924"
"2023-04-10T20:00:00.0000000+00:00","RiskPremia","3216.3353050"
"2023-04-11T13:30:00.0000000+00:00","PaydaySeason","964.20817390"
"2023-04-11T13:30:00.0000000+00:00","BondSeason","3413.3865226"
"2023-04-11T13:30:00.0000000+00:00","EqBondReversion","3959.92364924"
"2023-04-11T13:30:00.0000000+00:00","RiskPremia","3223.2453050"
"2023-04-11T20:00:00.0000000+00:00","PaydaySeason","964.20817390"
"2023-04-11T20:00:00.0000000+00:00","BondSeason","3414.8265226"
"2023-04-11T20:00:00.0000000+00:00","EqBondReversion","3959.92364924"
"2023-04-11T20:00:00.0000000+00:00","RiskPremia","3224.9053050"
"2023-04-12T13:30:00.0000000+00:00","PaydaySeason","964.20817390"
"2023-04-12T13:30:00.0000000+00:00","BondSeason","3413.3865226"
"2023-04-12T13:30:00.0000000+00:00","EqBondReversion","3959.92364924"
"2023-04-12T13:30:00.0000000+00:00","RiskPremia","3236.9153050"
"2023-04-12T20:00:00.0000000+00:00","PaydaySeason","964.20817390"
"2023-04-12T20:00:00.0000000+00:00","BondSeason","3416.7134506"
"2023-04-12T20:00:00.0000000+00:00","EqBondReversion","3959.92364924"
"2023-04-12T20:00:00.0000000+00:00","RiskPremia","3225.8053050"
"2023-04-13T13:30:00.0000000+00:00","PaydaySeason","964.20817390"
"2023-04-13T13:30:00.0000000+00:00","BondSeason","3416.7134506"
"2023-04-13T13:30:00.0000000+00:00","EqBondReversion","3959.92364924"
"2023-04-13T13:30:00.0000000+00:00","RiskPremia","3242.8053050"
"2023-04-13T20:00:00.0000000+00:00","PaydaySeason","964.04432790"
"2023-04-13T20:00:00.0000000+00:00","BondSeason","3416.7134506"
"2023-04-13T20:00:00.0000000+00:00","EqBondReversion","3959.92364924"
"2023-04-13T20:00:00.0000000+00:00","RiskPremia","3243.4453050"
"2023-04-14T13:30:00.0000000+00:00","PaydaySeason","963.36432790"
"2023-04-14T13:30:00.0000000+00:00","BondSeason","3416.7134506"
"2023-04-14T13:30:00.0000000+00:00","EqBondReversion","3959.92364924"
"2023-04-14T13:30:00.0000000+00:00","RiskPremia","3229.8253050"
"2023-04-14T20:00:00.0000000+00:00","PaydaySeason","962.17432790"
"2023-04-14T20:00:00.0000000+00:00","BondSeason","3416.7134506"
"2023-04-14T20:00:00.0000000+00:00","EqBondReversion","3959.92364924"
"2023-04-14T20:00:00.0000000+00:00","RiskPremia","3216.6853050"
"2023-04-17T13:30:00.0000000+00:00","PaydaySeason","962.17432790"
"2023-04-17T13:30:00.0000000+00:00","BondSeason","3416.7134506"
"2023-04-17T13:30:00.0000000+00:00","EqBondReversion","3959.92364924"
"2023-04-17T13:30:00.0000000+00:00","RiskPremia","3209.5953050"
"2023-04-17T20:00:00.0000000+00:00","PaydaySeason","965.40432790"
"2023-04-17T20:00:00.0000000+00:00","BondSeason","3416.7134506"
"2023-04-17T20:00:00.0000000+00:00","EqBondReversion","3959.92364924"
"2023-04-17T20:00:00.0000000+00:00","RiskPremia","3206.9453050"
"2023-04-18T13:30:00.0000000+00:00","PaydaySeason","968.97432790"
"2023-04-18T13:30:00.0000000+00:00","BondSeason","3416.7134506"
"2023-04-18T13:30:00.0000000+00:00","EqBondReversion","3959.92364924"
"2023-04-18T13:30:00.0000000+00:00","RiskPremia","3209.1253050"
"2023-04-18T20:00:00.0000000+00:00","PaydaySeason","966.25432790"
"2023-04-18T20:00:00.0000000+00:00","BondSeason","3416.7134506"
"2023-04-18T20:00:00.0000000+00:00","EqBondReversion","3959.92364924"
"2023-04-18T20:00:00.0000000+00:00","RiskPremia","3214.4553050"
"2023-04-19T13:30:00.0000000+00:00","PaydaySeason","961.32432790"
"2023-04-19T13:30:00.0000000+00:00","BondSeason","3416.7134506"
"2023-04-19T13:30:00.0000000+00:00","EqBondReversion","3959.92364924"
"2023-04-19T13:30:00.0000000+00:00","RiskPremia","3197.4253050"
"2023-04-19T20:00:00.0000000+00:00","PaydaySeason","965.92007390"
"2023-04-19T20:00:00.0000000+00:00","BondSeason","3416.1929006"
"2023-04-19T20:00:00.0000000+00:00","EqBondReversion","3959.92364924"
"2023-04-19T20:00:00.0000000+00:00","RiskPremia","3208.8353050"
"2023-04-20T13:30:00.0000000+00:00","PaydaySeason","965.92007390"
"2023-04-20T13:30:00.0000000+00:00","BondSeason","3434.1929006"
"2023-04-20T13:30:00.0000000+00:00","EqBondReversion","3959.92364924"
"2023-04-20T13:30:00.0000000+00:00","RiskPremia","3211.9153050"
"2023-04-20T20:00:00.0000000+00:00","PaydaySeason","965.92007390"
"2023-04-20T20:00:00.0000000+00:00","BondSeason","3438.4429006"
"2023-04-20T20:00:00.0000000+00:00","EqBondReversion","3959.92364924"
"2023-04-20T20:00:00.0000000+00:00","RiskPremia","3213.9653050"
"2023-04-21T13:30:00.0000000+00:00","PaydaySeason","965.92007390"
"2023-04-21T13:30:00.0000000+00:00","BondSeason","3445.9429006"
"2023-04-21T13:30:00.0000000+00:00","EqBondReversion","3959.92364924"
"2023-04-21T13:30:00.0000000+00:00","RiskPremia","3211.4253050"
"2023-04-21T20:00:00.0000000+00:00","PaydaySeason","965.92007390"
"2023-04-21T20:00:00.0000000+00:00","BondSeason","3423.6929006"
"2023-04-21T20:00:00.0000000+00:00","EqBondReversion","3959.92364924"
"2023-04-21T20:00:00.0000000+00:00","RiskPremia","3200.6853050"
"2023-04-24T13:30:00.0000000+00:00","PaydaySeason","965.92007390"
"2023-04-24T13:30:00.0000000+00:00","BondSeason","3437.4429006"
"2023-04-24T13:30:00.0000000+00:00","EqBondReversion","3959.33587324"
"2023-04-24T13:30:00.0000000+00:00","RiskPremia","3202.6853050"
"2023-04-24T20:00:00.0000000+00:00","PaydaySeason","965.92007390"
"2023-04-24T20:00:00.0000000+00:00","BondSeason","3448.4429006"
"2023-04-24T20:00:00.0000000+00:00","EqBondReversion","3971.65587324"
"2023-04-24T20:00:00.0000000+00:00","RiskPremia","3210.9553050"
"2023-04-25T13:30:00.0000000+00:00","PaydaySeason","965.92007390"
"2023-04-25T13:30:00.0000000+00:00","BondSeason","3471.9429006"
"2023-04-25T13:30:00.0000000+00:00","EqBondReversion","3997.97587324"
"2023-04-25T13:30:00.0000000+00:00","RiskPremia","3214.4653050"
"2023-04-25T20:00:00.0000000+00:00","PaydaySeason","965.76880990"
"2023-04-25T20:00:00.0000000+00:00","BondSeason","3487.6929006"
"2023-04-25T20:00:00.0000000+00:00","EqBondReversion","4015.61587324"
"2023-04-25T20:00:00.0000000+00:00","RiskPremia","3213.4253050"
"2023-04-26T13:30:00.0000000+00:00","PaydaySeason","967.36880990"
"2023-04-26T13:30:00.0000000+00:00","BondSeason","3483.1929006"
"2023-04-26T13:30:00.0000000+00:00","EqBondReversion","4010.57587324"
"2023-04-26T13:30:00.0000000+00:00","RiskPremia","3218.6058310"
"2023-04-26T20:00:00.0000000+00:00","PaydaySeason","962.56880990"
"2023-04-26T20:00:00.0000000+00:00","BondSeason","3459.0679006"
"2023-04-26T20:00:00.0000000+00:00","EqBondReversion","3983.55587324"
"2023-04-26T20:00:00.0000000+00:00","RiskPremia","3196.3258310"
"2023-04-27T13:30:00.0000000+00:00","PaydaySeason","967.52880990"
"2023-04-27T13:30:00.0000000+00:00","BondSeason","3443.1929006"
"2023-04-27T13:30:00.0000000+00:00","EqBondReversion","3965.77587324"
"2023-04-27T13:30:00.0000000+00:00","RiskPremia","3192.8358310"
"2023-04-27T20:00:00.0000000+00:00","PaydaySeason","976.48880990"
"2023-04-27T20:00:00.0000000+00:00","BondSeason","3433.4429006"
"2023-04-27T20:00:00.0000000+00:00","EqBondReversion","3954.85587324"
"2023-04-27T20:00:00.0000000+00:00","RiskPremia","3204.6858310"
"2023-04-28T13:30:00.0000000+00:00","PaydaySeason","975.36880990"
"2023-04-28T13:30:00.0000000+00:00","BondSeason","3468.6929006"
"2023-04-28T13:30:00.0000000+00:00","EqBondReversion","3994.33587324"
"2023-04-28T13:30:00.0000000+00:00","RiskPremia","3213.0458310"
"2023-04-28T20:00:00.0000000+00:00","PaydaySeason","982.89408990"
"2023-04-28T20:00:00.0000000+00:00","BondSeason","3473.3997886"
"2023-04-28T20:00:00.0000000+00:00","EqBondReversion","4000.17980924"
"2023-04-28T20:00:00.0000000+00:00","RiskPremia","3223.9208310"
"2023-05-01T13:30:00.0000000+00:00","PaydaySeason","982.89408990"
"2023-05-01T13:30:00.0000000+00:00","BondSeason","3495.0479086"
"2023-05-01T13:30:00.0000000+00:00","EqBondReversion","4000.17980924"
"2023-05-01T13:30:00.0000000+00:00","RiskPremia","3224.1217960"
"2023-05-01T20:00:00.0000000+00:00","PaydaySeason","982.89408990"
"2023-05-01T20:00:00.0000000+00:00","BondSeason","3545.6879086"
"2023-05-01T20:00:00.0000000+00:00","EqBondReversion","4000.17980924"
"2023-05-01T20:00:00.0000000+00:00","RiskPremia","3198.0317960"
"2023-05-02T13:30:00.0000000+00:00","PaydaySeason","982.89408990"
"2023-05-02T13:30:00.0000000+00:00","BondSeason","3525.5279086"
"2023-05-02T13:30:00.0000000+00:00","EqBondReversion","4000.17980924"
"2023-05-02T13:30:00.0000000+00:00","RiskPremia","3205.9317960"
"2023-05-02T20:00:00.0000000+00:00","PaydaySeason","982.89408990"
"2023-05-02T20:00:00.0000000+00:00","BondSeason","3485.4479086"
"2023-05-02T20:00:00.0000000+00:00","EqBondReversion","4000.17980924"
"2023-05-02T20:00:00.0000000+00:00","RiskPremia","3223.7467960"
"2023-05-03T13:30:00.0000000+00:00","PaydaySeason","982.89408990"
"2023-05-03T13:30:00.0000000+00:00","BondSeason","3477.0479086"
"2023-05-03T13:30:00.0000000+00:00","EqBondReversion","4000.17980924"
"2023-05-03T13:30:00.0000000+00:00","RiskPremia","3227.4717960"
"2023-05-03T20:00:00.0000000+00:00","PaydaySeason","982.89408990"
"2023-05-03T20:00:00.0000000+00:00","BondSeason","3470.8079086"
"2023-05-03T20:00:00.0000000+00:00","EqBondReversion","4000.17980924"
"2023-05-03T20:00:00.0000000+00:00","RiskPremia","3231.5317960"
"2023-05-04T13:30:00.0000000+00:00","PaydaySeason","982.89408990"
"2023-05-04T13:30:00.0000000+00:00","BondSeason","3496.2479086"
"2023-05-04T13:30:00.0000000+00:00","EqBondReversion","4000.17980924"
"2023-05-04T13:30:00.0000000+00:00","RiskPremia","3219.8017960"
"2023-05-04T20:00:00.0000000+00:00","PaydaySeason","982.89408990"
"2023-05-04T20:00:00.0000000+00:00","BondSeason","3495.5279086"
"2023-05-04T20:00:00.0000000+00:00","EqBondReversion","4000.17980924"
"2023-05-04T20:00:00.0000000+00:00","RiskPremia","3224.9117960"
"2023-05-05T13:30:00.0000000+00:00","PaydaySeason","982.89408990"
"2023-05-05T13:30:00.0000000+00:00","BondSeason","3517.3679086"
"2023-05-05T13:30:00.0000000+00:00","EqBondReversion","4000.17980924"
"2023-05-05T13:30:00.0000000+00:00","RiskPremia","3205.8917960"
"2023-05-05T20:00:00.0000000+00:00","PaydaySeason","982.89408990"
"2023-05-05T20:00:00.0000000+00:00","BondSeason","3503.9279086"
"2023-05-05T20:00:00.0000000+00:00","EqBondReversion","4000.17980924"
"2023-05-05T20:00:00.0000000+00:00","RiskPremia","3222.6617960"
"2023-05-08T13:30:00.0000000+00:00","PaydaySeason","982.89408990"
"2023-05-08T13:30:00.0000000+00:00","BondSeason","3537.1679086"
"2023-05-08T13:30:00.0000000+00:00","EqBondReversion","4000.17980924"
"2023-05-08T13:30:00.0000000+00:00","RiskPremia","3216.1167960"
"2023-05-08T20:00:00.0000000+00:00","PaydaySeason","982.89408990"
"2023-05-08T20:00:00.0000000+00:00","BondSeason","3538.9679086"
"2023-05-08T20:00:00.0000000+00:00","EqBondReversion","4000.17980924"
"2023-05-08T20:00:00.0000000+00:00","RiskPremia","3213.9967960"
"2023-05-09T13:30:00.0000000+00:00","PaydaySeason","982.89408990"
"2023-05-09T13:30:00.0000000+00:00","BondSeason","3537.5279086"
"2023-05-09T13:30:00.0000000+00:00","EqBondReversion","4000.17980924"
"2023-05-09T13:30:00.0000000+00:00","RiskPremia","3214.1617960"
"2023-05-09T20:00:00.0000000+00:00","PaydaySeason","982.89408990"
"2023-05-09T20:00:00.0000000+00:00","BondSeason","3547.8332686"
"2023-05-09T20:00:00.0000000+00:00","EqBondReversion","4000.17980924"
"2023-05-09T20:00:00.0000000+00:00","RiskPremia","3215.3317960"
"2023-05-10T13:30:00.0000000+00:00","PaydaySeason","982.89408990"
"2023-05-10T13:30:00.0000000+00:00","BondSeason","3547.8332686"
"2023-05-10T13:30:00.0000000+00:00","EqBondReversion","4000.17980924"
"2023-05-10T13:30:00.0000000+00:00","RiskPremia","3225.5417960"
"2023-05-10T20:00:00.0000000+00:00","PaydaySeason","982.74039390"
"2023-05-10T20:00:00.0000000+00:00","BondSeason","3547.8332686"
"2023-05-10T20:00:00.0000000+00:00","EqBondReversion","4000.17980924"
"2023-05-10T20:00:00.0000000+00:00","RiskPremia","3224.4317960"
"2023-05-11T13:30:00.0000000+00:00","PaydaySeason","980.98039390"
"2023-05-11T13:30:00.0000000+00:00","BondSeason","3547.8332686"
"2023-05-11T13:30:00.0000000+00:00","EqBondReversion","4000.17980924"
"2023-05-11T13:30:00.0000000+00:00","RiskPremia","3229.4517960"
"2023-05-11T20:00:00.0000000+00:00","PaydaySeason","981.30039390"
"2023-05-11T20:00:00.0000000+00:00","BondSeason","3547.8332686"
"2023-05-11T20:00:00.0000000+00:00","EqBondReversion","4000.17980924"
"2023-05-11T20:00:00.0000000+00:00","RiskPremia","3221.5517960"
"2023-05-12T13:30:00.0000000+00:00","PaydaySeason","983.54039390"
"2023-05-12T13:30:00.0000000+00:00","BondSeason","3547.8332686"
"2023-05-12T13:30:00.0000000+00:00","EqBondReversion","4000.17980924"
"2023-05-12T13:30:00.0000000+00:00","RiskPremia","3225.5117960"
"2023-05-12T20:00:00.0000000+00:00","PaydaySeason","979.86039390"
"2023-05-12T20:00:00.0000000+00:00","BondSeason","3547.8332686"
"2023-05-12T20:00:00.0000000+00:00","EqBondReversion","4000.17980924"
"2023-05-12T20:00:00.0000000+00:00","RiskPremia","3212.2317960"
"2023-05-15T13:30:00.0000000+00:00","PaydaySeason","980.82039390"
"2023-05-15T13:30:00.0000000+00:00","BondSeason","3547.8332686"
"2023-05-15T13:30:00.0000000+00:00","EqBondReversion","4000.17980924"
"2023-05-15T13:30:00.0000000+00:00","RiskPremia","3210.1517960"
"2023-05-15T20:00:00.0000000+00:00","PaydaySeason","983.54039390"
"2023-05-15T20:00:00.0000000+00:00","BondSeason","3547.8332686"
"2023-05-15T20:00:00.0000000+00:00","EqBondReversion","4000.17980924"
"2023-05-15T20:00:00.0000000+00:00","RiskPremia","3211.1667960"
"2023-05-16T13:30:00.0000000+00:00","PaydaySeason","981.30039390"
"2023-05-16T13:30:00.0000000+00:00","BondSeason","3547.8332686"
"2023-05-16T13:30:00.0000000+00:00","EqBondReversion","4000.17980924"
"2023-05-16T13:30:00.0000000+00:00","RiskPremia","3199.5117960"
"2023-05-16T20:00:00.0000000+00:00","PaydaySeason","977.30775390"
"2023-05-16T20:00:00.0000000+00:00","BondSeason","3547.8332686"
"2023-05-16T20:00:00.0000000+00:00","EqBondReversion","4000.17980924"
"2023-05-16T20:00:00.0000000+00:00","RiskPremia","3189.5027960"
"2023-05-17T13:30:00.0000000+00:00","PaydaySeason","977.30775390"
"2023-05-17T13:30:00.0000000+00:00","BondSeason","3547.8332686"
"2023-05-17T13:30:00.0000000+00:00","EqBondReversion","4000.17980924"
"2023-05-17T13:30:00.0000000+00:00","RiskPremia","3192.1617960"
"2023-05-17T20:00:00.0000000+00:00","PaydaySeason","977.30775390"
"2023-05-17T20:00:00.0000000+00:00","BondSeason","3547.8332686"
"2023-05-17T20:00:00.0000000+00:00","EqBondReversion","4000.17980924"
"2023-05-17T20:00:00.0000000+00:00","RiskPremia","3195.6967960"
"2023-05-18T13:30:00.0000000+00:00","PaydaySeason","977.30775390"
"2023-05-18T13:30:00.0000000+00:00","BondSeason","3547.8332686"
"2023-05-18T13:30:00.0000000+00:00","EqBondReversion","4000.17980924"
"2023-05-18T13:30:00.0000000+00:00","RiskPremia","3181.0917960"
"2023-05-18T20:00:00.0000000+00:00","PaydaySeason","977.30775390"
"2023-05-18T20:00:00.0000000+00:00","BondSeason","3547.8332686"
"2023-05-18T20:00:00.0000000+00:00","EqBondReversion","4000.17980924"
"2023-05-18T20:00:00.0000000+00:00","RiskPremia","3185.7517960"
"2023-05-19T13:30:00.0000000+00:00","PaydaySeason","977.30775390"
"2023-05-19T13:30:00.0000000+00:00","BondSeason","3547.8332686"
"2023-05-19T13:30:00.0000000+00:00","EqBondReversion","3999.59250124"
"2023-05-19T13:30:00.0000000+00:00","RiskPremia","3186.4217960"
"2023-05-19T20:00:00.0000000+00:00","PaydaySeason","977.30775390"
"2023-05-19T20:00:00.0000000+00:00","BondSeason","3547.3276436"
"2023-05-19T20:00:00.0000000+00:00","EqBondReversion","3995.67750124"
"2023-05-19T20:00:00.0000000+00:00","RiskPremia","3188.3367960"
"2023-05-22T13:30:00.0000000+00:00","PaydaySeason","977.30775390"
"2023-05-22T13:30:00.0000000+00:00","BondSeason","3550.4526436"
"2023-05-22T13:30:00.0000000+00:00","EqBondReversion","3999.30250124"
"2023-05-22T13:30:00.0000000+00:00","RiskPremia","3187.9815460"
"2023-05-22T20:00:00.0000000+00:00","PaydaySeason","977.15165790"
"2023-05-22T20:00:00.0000000+00:00","BondSeason","3538.4526436"
"2023-05-22T20:00:00.0000000+00:00","EqBondReversion","3985.38250124"
"2023-05-22T20:00:00.0000000+00:00","RiskPremia","3184.8465460"
"2023-05-23T13:30:00.0000000+00:00","PaydaySeason","973.95165790"
"2023-05-23T13:30:00.0000000+00:00","BondSeason","3529.9526436"
"2023-05-23T13:30:00.0000000+00:00","EqBondReversion","3975.52250124"
"2023-05-23T13:30:00.0000000+00:00","RiskPremia","3176.9015460"
"2023-05-23T20:00:00.0000000+00:00","PaydaySeason","968.51165790"
"2023-05-23T20:00:00.0000000+00:00","BondSeason","3544.2026436"
"2023-05-23T20:00:00.0000000+00:00","EqBondReversion","3992.05250124"
"2023-05-23T20:00:00.0000000+00:00","RiskPremia","3178.3415460"
"2023-05-24T13:30:00.0000000+00:00","PaydaySeason","965.63165790"
"2023-05-24T13:30:00.0000000+00:00","BondSeason","3551.4526436"
"2023-05-24T13:30:00.0000000+00:00","EqBondReversion","4000.46250124"
"2023-05-24T13:30:00.0000000+00:00","RiskPremia","3178.1715460"
"2023-05-24T20:00:00.0000000+00:00","PaydaySeason","962.59165790"
"2023-05-24T20:00:00.0000000+00:00","BondSeason","3533.3276436"
"2023-05-24T20:00:00.0000000+00:00","EqBondReversion","3979.43750124"
"2023-05-24T20:00:00.0000000+00:00","RiskPremia","3160.4515460"
"2023-05-25T13:30:00.0000000+00:00","PaydaySeason","968.83165790"
"2023-05-25T13:30:00.0000000+00:00","BondSeason","3536.7026436"
"2023-05-25T13:30:00.0000000+00:00","EqBondReversion","3983.35250124"
"2023-05-25T13:30:00.0000000+00:00","RiskPremia","3164.3015460"
"2023-05-25T20:00:00.0000000+00:00","PaydaySeason","967.87165790"
"2023-05-25T20:00:00.0000000+00:00","BondSeason","3526.9526436"
"2023-05-25T20:00:00.0000000+00:00","EqBondReversion","3972.04250124"
"2023-05-25T20:00:00.0000000+00:00","RiskPremia","3155.1015460"
"2023-05-26T13:30:00.0000000+00:00","PaydaySeason","969.63165790"
"2023-05-26T13:30:00.0000000+00:00","BondSeason","3522.2026436"
"2023-05-26T13:30:00.0000000+00:00","EqBondReversion","3966.53250124"
"2023-05-26T13:30:00.0000000+00:00","RiskPremia","3159.8115460"
"2023-05-26T20:00:00.0000000+00:00","PaydaySeason","978.11165790"
"2023-05-26T20:00:00.0000000+00:00","BondSeason","3548.2026436"
"2023-05-26T20:00:00.0000000+00:00","EqBondReversion","3996.69250124"
"2023-05-26T20:00:00.0000000+00:00","RiskPremia","3176.9215460"
"2023-05-30T13:30:00.0000000+00:00","PaydaySeason","982.43165790"
"2023-05-30T13:30:00.0000000+00:00","BondSeason","3554.2026436"
"2023-05-30T13:30:00.0000000+00:00","EqBondReversion","4003.65250124"
"2023-05-30T13:30:00.0000000+00:00","RiskPremia","3187.7015460"
"2023-05-30T20:00:00.0000000+00:00","PaydaySeason","978.59165790"
"2023-05-30T20:00:00.0000000+00:00","BondSeason","3570.7026436"
"2023-05-30T20:00:00.0000000+00:00","EqBondReversion","4022.79250124"
"2023-05-30T20:00:00.0000000+00:00","RiskPremia","3190.9115460"
"2023-05-31T13:30:00.0000000+00:00","PaydaySeason","975.23165790"
"2023-05-31T13:30:00.0000000+00:00","BondSeason","3568.9526436"
"2023-05-31T13:30:00.0000000+00:00","EqBondReversion","4020.76250124"
"2023-05-31T13:30:00.0000000+00:00","RiskPremia","3188.3215460"
"2023-05-31T20:00:00.0000000+00:00","PaydaySeason","973.79620190"
"2023-05-31T20:00:00.0000000+00:00","BondSeason","3593.4225436"
"2023-05-31T20:00:00.0000000+00:00","EqBondReversion","4049.74504324"
"2023-05-31T20:00:00.0000000+00:00","RiskPremia","3194.5415460"
"2023-06-01T13:30:00.0000000+00:00","PaydaySeason","973.79620190"
"2023-06-01T13:30:00.0000000+00:00","BondSeason","3579.8463686"
"2023-06-01T13:30:00.0000000+00:00","EqBondReversion","4049.74504324"
"2023-06-01T13:30:00.0000000+00:00","RiskPremia","3202.6964660"
"2023-06-01T20:00:00.0000000+00:00","PaydaySeason","973.79620190"
"2023-06-01T20:00:00.0000000+00:00","BondSeason","3584.3463686"
"2023-06-01T20:00:00.0000000+00:00","EqBondReversion","4049.74504324"
"2023-06-01T20:00:00.0000000+00:00","RiskPremia","3214.4539660"
"2023-06-02T13:30:00.0000000+00:00","PaydaySeason","973.79620190"
"2023-06-02T13:30:00.0000000+00:00","BondSeason","3586.8463686"
"2023-06-02T13:30:00.0000000+00:00","EqBondReversion","4049.74504324"
"2023-06-02T13:30:00.0000000+00:00","RiskPremia","3220.0064660"
"2023-06-02T20:00:00.0000000+00:00","PaydaySeason","973.79620190"
"2023-06-02T20:00:00.0000000+00:00","BondSeason","3612.0963686"
"2023-06-02T20:00:00.0000000+00:00","EqBondReversion","4049.74504324"
"2023-06-02T20:00:00.0000000+00:00","RiskPremia","3206.8284660"
"2023-06-05T13:30:00.0000000+00:00","PaydaySeason","973.79620190"
"2023-06-05T13:30:00.0000000+00:00","BondSeason","3628.0963686"
"2023-06-05T13:30:00.0000000+00:00","EqBondReversion","4049.74504324"
"2023-06-05T13:30:00.0000000+00:00","RiskPremia","3201.0564660"
"2023-06-05T20:00:00.0000000+00:00","PaydaySeason","973.79620190"
"2023-06-05T20:00:00.0000000+00:00","BondSeason","3616.5963686"
"2023-06-05T20:00:00.0000000+00:00","EqBondReversion","4049.74504324"
"2023-06-05T20:00:00.0000000+00:00","RiskPremia","3209.5114660"
"2023-06-06T13:30:00.0000000+00:00","PaydaySeason","973.79620190"
"2023-06-06T13:30:00.0000000+00:00","BondSeason","3615.8463686"
"2023-06-06T13:30:00.0000000+00:00","EqBondReversion","4049.74504324"
"2023-06-06T13:30:00.0000000+00:00","RiskPremia","3209.8764660"
"2023-06-06T20:00:00.0000000+00:00","PaydaySeason","973.79620190"
"2023-06-06T20:00:00.0000000+00:00","BondSeason","3601.4713686"
"2023-06-06T20:00:00.0000000+00:00","EqBondReversion","4049.74504324"
"2023-06-06T20:00:00.0000000+00:00","RiskPremia","3219.6264660"
"2023-06-07T13:30:00.0000000+00:00","PaydaySeason","973.79620190"
"2023-06-07T13:30:00.0000000+00:00","BondSeason","3607.5963686"
"2023-06-07T13:30:00.0000000+00:00","EqBondReversion","4049.74504324"
"2023-06-07T13:30:00.0000000+00:00","RiskPremia","3217.7164660"
"2023-06-07T20:00:00.0000000+00:00","PaydaySeason","973.79620190"
"2023-06-07T20:00:00.0000000+00:00","BondSeason","3639.5963686"
"2023-06-07T20:00:00.0000000+00:00","EqBondReversion","4049.74504324"
"2023-06-07T20:00:00.0000000+00:00","RiskPremia","3193.5264660"
"2023-06-08T13:30:00.0000000+00:00","PaydaySeason","973.79620190"
"2023-06-08T13:30:00.0000000+00:00","BondSeason","3640.0963686"
"2023-06-08T13:30:00.0000000+00:00","EqBondReversion","4049.74504324"
"2023-06-08T13:30:00.0000000+00:00","RiskPremia","3203.7664660"
"2023-06-08T20:00:00.0000000+00:00","PaydaySeason","973.79620190"
"2023-06-08T20:00:00.0000000+00:00","BondSeason","3610.8463686"
"2023-06-08T20:00:00.0000000+00:00","EqBondReversion","4049.74504324"
"2023-06-08T20:00:00.0000000+00:00","RiskPremia","3220.8864660"
"2023-06-09T13:30:00.0000000+00:00","PaydaySeason","973.79620190"
"2023-06-09T13:30:00.0000000+00:00","BondSeason","3621.8463686"
"2023-06-09T13:30:00.0000000+00:00","EqBondReversion","4049.74504324"
"2023-06-09T13:30:00.0000000+00:00","RiskPremia","3218.8064660"
"2023-06-09T20:00:00.0000000+00:00","PaydaySeason","973.79620190"
"2023-06-09T20:00:00.0000000+00:00","BondSeason","3612.5866186"
"2023-06-09T20:00:00.0000000+00:00","EqBondReversion","4049.74504324"
"2023-06-09T20:00:00.0000000+00:00","RiskPremia","3218.0064660"
"2023-06-12T13:30:00.0000000+00:00","PaydaySeason","973.79620190"
"2023-06-12T13:30:00.0000000+00:00","BondSeason","3612.5866186"
"2023-06-12T13:30:00.0000000+00:00","EqBondReversion","4049.74504324"
"2023-06-12T13:30:00.0000000+00:00","RiskPremia","3221.2264660"
"2023-06-12T20:00:00.0000000+00:00","PaydaySeason","973.63424990"
"2023-06-12T20:00:00.0000000+00:00","BondSeason","3612.5866186"
"2023-06-12T20:00:00.0000000+00:00","EqBondReversion","4049.74504324"
"2023-06-12T20:00:00.0000000+00:00","RiskPremia","3228.4564660"
"2023-06-13T13:30:00.0000000+00:00","PaydaySeason","977.15424990"
"2023-06-13T13:30:00.0000000+00:00","BondSeason","3612.5866186"
"2023-06-13T13:30:00.0000000+00:00","EqBondReversion","4049.74504324"
"2023-06-13T13:30:00.0000000+00:00","RiskPremia","3232.8864660"
"2023-06-13T20:00:00.0000000+00:00","PaydaySeason","979.71424990"
"2023-06-13T20:00:00.0000000+00:00","BondSeason","3612.5866186"
"2023-06-13T20:00:00.0000000+00:00","EqBondReversion","4049.74504324"
"2023-06-13T20:00:00.0000000+00:00","RiskPremia","3220.7164660"
"2023-06-14T13:30:00.0000000+00:00","PaydaySeason","980.35424990"
"2023-06-14T13:30:00.0000000+00:00","BondSeason","3612.5866186"
"2023-06-14T13:30:00.0000000+00:00","EqBondReversion","4049.74504324"
"2023-06-14T13:30:00.0000000+00:00","RiskPremia","3231.0464660"
"2023-06-14T20:00:00.0000000+00:00","PaydaySeason","979.55424990"
"2023-06-14T20:00:00.0000000+00:00","BondSeason","3612.5866186"
"2023-06-14T20:00:00.0000000+00:00","EqBondReversion","4049.74504324"
"2023-06-14T20:00:00.0000000+00:00","RiskPremia","3227.7114660"
"2023-06-15T13:30:00.0000000+00:00","PaydaySeason","978.11424990"
"2023-06-15T13:30:00.0000000+00:00","BondSeason","3612.5866186"
"2023-06-15T13:30:00.0000000+00:00","EqBondReversion","4049.74504324"
"2023-06-15T13:30:00.0000000+00:00","RiskPremia","3231.9464660"
"2023-06-15T20:00:00.0000000+00:00","PaydaySeason","989.79424990"
"2023-06-15T20:00:00.0000000+00:00","BondSeason","3612.5866186"
"2023-06-15T20:00:00.0000000+00:00","EqBondReversion","4049.74504324"
"2023-06-15T20:00:00.0000000+00:00","RiskPremia","3255.1464660"
"2023-06-16T13:30:00.0000000+00:00","PaydaySeason","994.11424990"
"2023-06-16T13:30:00.0000000+00:00","BondSeason","3612.5866186"
"2023-06-16T13:30:00.0000000+00:00","EqBondReversion","4049.74504324"
"2023-06-16T13:30:00.0000000+00:00","RiskPremia","3256.4764660"
"2023-06-16T20:00:00.0000000+00:00","PaydaySeason","986.26973790"
"2023-06-16T20:00:00.0000000+00:00","BondSeason","3612.5866186"
"2023-06-16T20:00:00.0000000+00:00","EqBondReversion","4049.74504324"
"2023-06-16T20:00:00.0000000+00:00","RiskPremia","3246.4864660"
"2023-06-20T13:30:00.0000000+00:00","PaydaySeason","986.26973790"
"2023-06-20T13:30:00.0000000+00:00","BondSeason","3612.5866186"
"2023-06-20T13:30:00.0000000+00:00","EqBondReversion","4049.74504324"
"2023-06-20T13:30:00.0000000+00:00","RiskPremia","3238.0364660"
"2023-06-20T20:00:00.0000000+00:00","PaydaySeason","986.26973790"
"2023-06-20T20:00:00.0000000+00:00","BondSeason","3612.5866186"
"2023-06-20T20:00:00.0000000+00:00","EqBondReversion","4049.74504324"
"2023-06-20T20:00:00.0000000+00:00","RiskPremia","3237.5714660"
"2023-06-21T13:30:00.0000000+00:00","PaydaySeason","986.26973790"
"2023-06-21T13:30:00.0000000+00:00","BondSeason","3612.5866186"
"2023-06-21T13:30:00.0000000+00:00","EqBondReversion","4049.74504324"
"2023-06-21T13:30:00.0000000+00:00","RiskPremia","3227.9964660"
"2023-06-21T20:00:00.0000000+00:00","PaydaySeason","986.26973790"
"2023-06-21T20:00:00.0000000+00:00","BondSeason","3612.0687186"
"2023-06-21T20:00:00.0000000+00:00","EqBondReversion","4049.74504324"
"2023-06-21T20:00:00.0000000+00:00","RiskPremia","3232.6314660"
"2023-06-22T13:30:00.0000000+00:00","PaydaySeason","986.26973790"
"2023-06-22T13:30:00.0000000+00:00","BondSeason","3592.5687186"
"2023-06-22T13:30:00.0000000+00:00","EqBondReversion","4049.14880324"
"2023-06-22T13:30:00.0000000+00:00","RiskPremia","3217.4664660"
"2023-06-22T20:00:00.0000000+00:00","PaydaySeason","986.26973790"
"2023-06-22T20:00:00.0000000+00:00","BondSeason","3581.0687186"
"2023-06-22T20:00:00.0000000+00:00","EqBondReversion","4035.80880324"
"2023-06-22T20:00:00.0000000+00:00","RiskPremia","3215.5614660"
"2023-06-23T13:30:00.0000000+00:00","PaydaySeason","986.26973790"
"2023-06-23T13:30:00.0000000+00:00","BondSeason","3618.3187186"
"2023-06-23T13:30:00.0000000+00:00","EqBondReversion","4079.01880324"
"2023-06-23T13:30:00.0000000+00:00","RiskPremia","3229.5564660"
"2023-06-23T20:00:00.0000000+00:00","PaydaySeason","986.11853790"
"2023-06-23T20:00:00.0000000+00:00","BondSeason","3605.8187186"
"2023-06-23T20:00:00.0000000+00:00","EqBondReversion","4064.51880324"
"2023-06-23T20:00:00.0000000+00:00","RiskPremia","3217.5064660"
"2023-06-26T13:30:00.0000000+00:00","PaydaySeason","985.96853790"
"2023-06-26T13:30:00.0000000+00:00","BondSeason","3613.0687186"
"2023-06-26T13:30:00.0000000+00:00","EqBondReversion","4072.92880324"
"2023-06-26T13:30:00.0000000+00:00","RiskPremia","3223.8764660"
"2023-06-26T20:00:00.0000000+00:00","PaydaySeason","983.71853790"
"2023-06-26T20:00:00.0000000+00:00","BondSeason","3608.5662186"
"2023-06-26T20:00:00.0000000+00:00","EqBondReversion","4067.70590324"
"2023-06-26T20:00:00.0000000+00:00","RiskPremia","3216.9356660"
"2023-06-27T13:30:00.0000000+00:00","PaydaySeason","985.96853790"
"2023-06-27T13:30:00.0000000+00:00","BondSeason","3612.0687186"
"2023-06-27T13:30:00.0000000+00:00","EqBondReversion","4071.76880324"
"2023-06-27T13:30:00.0000000+00:00","RiskPremia","3223.8064660"
"2023-06-27T20:00:00.0000000+00:00","PaydaySeason","992.80403790"
"2023-06-27T20:00:00.0000000+00:00","BondSeason","3601.8187186"
"2023-06-27T20:00:00.0000000+00:00","EqBondReversion","4059.87880324"
"2023-06-27T20:00:00.0000000+00:00","RiskPremia","3222.3904660"
"2023-06-28T13:30:00.0000000+00:00","PaydaySeason","991.36853790"
"2023-06-28T13:30:00.0000000+00:00","BondSeason","3607.8187186"
"2023-06-28T13:30:00.0000000+00:00","EqBondReversion","4066.83880324"
"2023-06-28T13:30:00.0000000+00:00","RiskPremia","3220.1464660"
"2023-06-28T20:00:00.0000000+00:00","PaydaySeason","993.46853790"
"2023-06-28T20:00:00.0000000+00:00","BondSeason","3613.0687186"
"2023-06-28T20:00:00.0000000+00:00","EqBondReversion","4072.92880324"
"2023-06-28T20:00:00.0000000+00:00","RiskPremia","3224.6264660"
"2023-06-29T13:30:00.0000000+00:00","PaydaySeason","993.46853790"
"2023-06-29T13:30:00.0000000+00:00","BondSeason","3576.8187186"
"2023-06-29T13:30:00.0000000+00:00","EqBondReversion","4030.87880324"
"2023-06-29T13:30:00.0000000+00:00","RiskPremia","3205.5264660"
"2023-06-29T20:00:00.0000000+00:00","PaydaySeason","997.21853790"
"2023-06-29T20:00:00.0000000+00:00","BondSeason","3566.3187186"
"2023-06-29T20:00:00.0000000+00:00","EqBondReversion","4018.69880324"
"2023-06-29T20:00:00.0000000+00:00","RiskPremia","3213.9164660"
"2023-06-30T13:30:00.0000000+00:00","PaydaySeason","1002.76853790"
"2023-06-30T13:30:00.0000000+00:00","BondSeason","3573.8187186"
"2023-06-30T13:30:00.0000000+00:00","EqBondReversion","4027.39880324"
"2023-06-30T13:30:00.0000000+00:00","RiskPremia","3226.4664660"
"2023-06-30T20:00:00.0000000+00:00","PaydaySeason","1005.61340790"
"2023-06-30T20:00:00.0000000+00:00","BondSeason","3595.7890186"
"2023-06-30T20:00:00.0000000+00:00","EqBondReversion","4053.48157724"
"2023-06-30T20:00:00.0000000+00:00","RiskPremia","3241.5764660"
"2023-07-03T13:30:00.0000000+00:00","PaydaySeason","1005.61340790"
"2023-07-03T13:30:00.0000000+00:00","BondSeason","3592.0961186"
"2023-07-03T13:30:00.0000000+00:00","EqBondReversion","4053.48157724"
"2023-07-03T13:30:00.0000000+00:00","RiskPremia","3243.4081940"
"2023-07-03T17:00:00.0000000+00:00","PaydaySeason","1005.61340790"
"2023-07-03T17:00:00.0000000+00:00","BondSeason","3610.8461186"
"2023-07-03T17:00:00.0000000+00:00","EqBondReversion","4053.48157724"
"2023-07-03T17:00:00.0000000+00:00","RiskPremia","3239.1081940"
"2023-07-05T13:30:00.0000000+00:00","PaydaySeason","1005.61340790"
"2023-07-05T13:30:00.0000000+00:00","BondSeason","3615.8461186"
"2023-07-05T13:30:00.0000000+00:00","EqBondReversion","4053.48157724"
"2023-07-05T13:30:00.0000000+00:00","RiskPremia","3238.0581940"
"2023-07-05T20:00:00.0000000+00:00","PaydaySeason","1005.61340790"
"2023-07-05T20:00:00.0000000+00:00","BondSeason","3635.5961186"
"2023-07-05T20:00:00.0000000+00:00","EqBondReversion","4053.48157724"
"2023-07-05T20:00:00.0000000+00:00","RiskPremia","3225.1381940"
"2023-07-06T13:30:00.0000000+00:00","PaydaySeason","1005.61340790"
"2023-07-06T13:30:00.0000000+00:00","BondSeason","3658.0961186"
"2023-07-06T13:30:00.0000000+00:00","EqBondReversion","4053.48157724"
"2023-07-06T13:30:00.0000000+00:00","RiskPremia","3207.3881940"
"2023-07-06T20:00:00.0000000+00:00","PaydaySeason","1005.61340790"
"2023-07-06T20:00:00.0000000+00:00","BondSeason","3670.8461186"
"2023-07-06T20:00:00.0000000+00:00","EqBondReversion","4053.48157724"
"2023-07-06T20:00:00.0000000+00:00","RiskPremia","3202.0581940"
"2023-07-07T13:30:00.0000000+00:00","PaydaySeason","1005.61340790"
"2023-07-07T13:30:00.0000000+00:00","BondSeason","3683.5961186"
"2023-07-07T13:30:00.0000000+00:00","EqBondReversion","4053.48157724"
"2023-07-07T13:30:00.0000000+00:00","RiskPremia","3201.6781940"
"2023-07-07T20:00:00.0000000+00:00","PaydaySeason","1005.61340790"
"2023-07-07T20:00:00.0000000+00:00","BondSeason","3685.9711186"
"2023-07-07T20:00:00.0000000+00:00","EqBondReversion","4053.48157724"
"2023-07-07T20:00:00.0000000+00:00","RiskPremia","3203.1931940"
"2023-07-10T13:30:00.0000000+00:00","PaydaySeason","1005.61340790"
"2023-07-10T13:30:00.0000000+00:00","BondSeason","3691.5961186"
"2023-07-10T13:30:00.0000000+00:00","EqBondReversion","4053.48157724"
"2023-07-10T13:30:00.0000000+00:00","RiskPremia","3199.3681940"
"2023-07-10T20:00:00.0000000+00:00","PaydaySeason","1005.61340790"
"2023-07-10T20:00:00.0000000+00:00","BondSeason","3682.8461186"
"2023-07-10T20:00:00.0000000+00:00","EqBondReversion","4053.48157724"
"2023-07-10T20:00:00.0000000+00:00","RiskPremia","3209.2181940"
"2023-07-11T13:30:00.0000000+00:00","PaydaySeason","1005.61340790"
"2023-07-11T13:30:00.0000000+00:00","BondSeason","3673.8461186"
"2023-07-11T13:30:00.0000000+00:00","EqBondReversion","4053.48157724"
"2023-07-11T13:30:00.0000000+00:00","RiskPremia","3218.3981940"
"2023-07-11T20:00:00.0000000+00:00","PaydaySeason","1005.61340790"
"2023-07-11T20:00:00.0000000+00:00","BondSeason","3671.0961186"
"2023-07-11T20:00:00.0000000+00:00","EqBondReversion","4053.48157724"
"2023-07-11T20:00:00.0000000+00:00","RiskPremia","3224.6281940"
"2023-07-12T13:30:00.0000000+00:00","PaydaySeason","1005.61340790"
"2023-07-12T13:30:00.0000000+00:00","BondSeason","3660.5961186"
"2023-07-12T13:30:00.0000000+00:00","EqBondReversion","4053.48157724"
"2023-07-12T13:30:00.0000000+00:00","RiskPremia","3246.0381940"
"2023-07-12T20:00:00.0000000+00:00","PaydaySeason","1005.61340790"
"2023-07-12T20:00:00.0000000+00:00","BondSeason","3641.8419686"
"2023-07-12T20:00:00.0000000+00:00","EqBondReversion","4053.48157724"
"2023-07-12T20:00:00.0000000+00:00","RiskPremia","3254.5531940"
"2023-07-13T13:30:00.0000000+00:00","PaydaySeason","1005.61340790"
"2023-07-13T13:30:00.0000000+00:00","BondSeason","3641.8419686"
"2023-07-13T13:30:00.0000000+00:00","EqBondReversion","4053.48157724"
"2023-07-13T13:30:00.0000000+00:00","RiskPremia","3263.8181940"
"2023-07-13T20:00:00.0000000+00:00","PaydaySeason","1005.45554790"
"2023-07-13T20:00:00.0000000+00:00","BondSeason","3641.8419686"
"2023-07-13T20:00:00.0000000+00:00","EqBondReversion","4053.48157724"
"2023-07-13T20:00:00.0000000+00:00","RiskPremia","3272.4581940"
"2023-07-14T13:30:00.0000000+00:00","PaydaySeason","1006.95554790"
"2023-07-14T13:30:00.0000000+00:00","BondSeason","3641.8419686"
"2023-07-14T13:30:00.0000000+00:00","EqBondReversion","4053.48157724"
"2023-07-14T13:30:00.0000000+00:00","RiskPremia","3271.7481940"
"2023-07-14T20:00:00.0000000+00:00","PaydaySeason","1003.65554790"
"2023-07-14T20:00:00.0000000+00:00","BondSeason","3641.8419686"
"2023-07-14T20:00:00.0000000+00:00","EqBondReversion","4053.48157724"
"2023-07-14T20:00:00.0000000+00:00","RiskPremia","3262.9081940"
"2023-07-17T13:30:00.0000000+00:00","PaydaySeason","1003.65554790"
"2023-07-17T13:30:00.0000000+00:00","BondSeason","3641.8419686"
"2023-07-17T13:30:00.0000000+00:00","EqBondReversion","4053.48157724"
"2023-07-17T13:30:00.0000000+00:00","RiskPremia","3260.1781940"
"2023-07-17T20:00:00.0000000+00:00","PaydaySeason","1007.10554790"
"2023-07-17T20:00:00.0000000+00:00","BondSeason","3641.8419686"
"2023-07-17T20:00:00.0000000+00:00","EqBondReversion","4053.48157724"
"2023-07-17T20:00:00.0000000+00:00","RiskPremia","3268.2431940"
"2023-07-18T13:30:00.0000000+00:00","PaydaySeason","1006.95554790"
"2023-07-18T13:30:00.0000000+00:00","BondSeason","3641.8419686"
"2023-07-18T13:30:00.0000000+00:00","EqBondReversion","4053.48157724"
"2023-07-18T13:30:00.0000000+00:00","RiskPremia","3278.3881940"
"2023-07-18T20:00:00.0000000+00:00","PaydaySeason","1013.55554790"
"2023-07-18T20:00:00.0000000+00:00","BondSeason","3641.8419686"
"2023-07-18T20:00:00.0000000+00:00","EqBondReversion","4053.48157724"
"2023-07-18T20:00:00.0000000+00:00","RiskPremia","3291.8131940"
"2023-07-19T13:30:00.0000000+00:00","PaydaySeason","1015.35554790"
"2023-07-19T13:30:00.0000000+00:00","BondSeason","3641.8419686"
"2023-07-19T13:30:00.0000000+00:00","EqBondReversion","4053.48157724"
"2023-07-19T13:30:00.0000000+00:00","RiskPremia","3294.9381940"
"2023-07-19T20:00:00.0000000+00:00","PaydaySeason","1015.19570790"
"2023-07-19T20:00:00.0000000+00:00","BondSeason","3641.8419686"
"2023-07-19T20:00:00.0000000+00:00","EqBondReversion","4053.48157724"
"2023-07-19T20:00:00.0000000+00:00","RiskPremia","3303.9031940"
"2023-07-20T13:30:00.0000000+00:00","PaydaySeason","1015.19570790"
"2023-07-20T13:30:00.0000000+00:00","BondSeason","3641.8419686"
"2023-07-20T13:30:00.0000000+00:00","EqBondReversion","4053.48157724"
"2023-07-20T13:30:00.0000000+00:00","RiskPremia","3295.6481940"
"2023-07-20T20:00:00.0000000+00:00","PaydaySeason","1015.19570790"
"2023-07-20T20:00:00.0000000+00:00","BondSeason","3641.3336186"
"2023-07-20T20:00:00.0000000+00:00","EqBondReversion","4053.48157724"
"2023-07-20T20:00:00.0000000+00:00","RiskPremia","3281.2731940"
"2023-07-21T13:30:00.0000000+00:00","PaydaySeason","1015.19570790"
"2023-07-21T13:30:00.0000000+00:00","BondSeason","3653.5836186"
"2023-07-21T13:30:00.0000000+00:00","EqBondReversion","4053.48157724"
"2023-07-21T13:30:00.0000000+00:00","RiskPremia","3285.5181940"
"2023-07-21T20:00:00.0000000+00:00","PaydaySeason","1015.19570790"
"2023-07-21T20:00:00.0000000+00:00","BondSeason","3642.8336186"
"2023-07-21T20:00:00.0000000+00:00","EqBondReversion","4053.48157724"
"2023-07-21T20:00:00.0000000+00:00","RiskPremia","3278.2281940"
"2023-07-24T13:30:00.0000000+00:00","PaydaySeason","1015.19570790"
"2023-07-24T13:30:00.0000000+00:00","BondSeason","3649.2086186"
"2023-07-24T13:30:00.0000000+00:00","EqBondReversion","4052.89006424"
"2023-07-24T13:30:00.0000000+00:00","RiskPremia","3283.3681940"
"2023-07-24T20:00:00.0000000+00:00","PaydaySeason","1015.19570790"
"2023-07-24T20:00:00.0000000+00:00","BondSeason","3633.5836186"
"2023-07-24T20:00:00.0000000+00:00","EqBondReversion","4034.76506424"
"2023-07-24T20:00:00.0000000+00:00","RiskPremia","3275.1431940"
"2023-07-25T13:30:00.0000000+00:00","PaydaySeason","1015.19570790"
"2023-07-25T13:30:00.0000000+00:00","BondSeason","3620.3336186"
"2023-07-25T13:30:00.0000000+00:00","EqBondReversion","4019.39506424"
"2023-07-25T13:30:00.0000000+00:00","RiskPremia","3272.1781940"
"2023-07-25T20:00:00.0000000+00:00","PaydaySeason","1015.03601790"
"2023-07-25T20:00:00.0000000+00:00","BondSeason","3629.0836186"
"2023-07-25T20:00:00.0000000+00:00","EqBondReversion","4029.54506424"
"2023-07-25T20:00:00.0000000+00:00","RiskPremia","3281.5031940"
"2023-07-26T13:30:00.0000000+00:00","PaydaySeason","1013.38601790"
"2023-07-26T13:30:00.0000000+00:00","BondSeason","3641.5836186"
"2023-07-26T13:30:00.0000000+00:00","EqBondReversion","4044.04506424"
"2023-07-26T13:30:00.0000000+00:00","RiskPremia","3284.9281940"
"2023-07-26T20:00:00.0000000+00:00","PaydaySeason","1015.48601790"
"2023-07-26T20:00:00.0000000+00:00","BondSeason","3631.2086186"
"2023-07-26T20:00:00.0000000+00:00","EqBondReversion","4032.01006424"
"2023-07-26T20:00:00.0000000+00:00","RiskPremia","3287.9081940"
"2023-07-27T13:30:00.0000000+00:00","PaydaySeason","1021.18601790"
"2023-07-27T13:30:00.0000000+00:00","BondSeason","3617.3336186"
"2023-07-27T13:30:00.0000000+00:00","EqBondReversion","4015.91506424"
"2023-07-27T13:30:00.0000000+00:00","RiskPremia","3282.0681940"
"2023-07-27T20:00:00.0000000+00:00","PaydaySeason","1009.63601790"
"2023-07-27T20:00:00.0000000+00:00","BondSeason","3582.4586186"
"2023-07-27T20:00:00.0000000+00:00","EqBondReversion","3975.46006424"
"2023-07-27T20:00:00.0000000+00:00","RiskPremia","3249.2581940"
"2023-07-28T13:30:00.0000000+00:00","PaydaySeason","1015.93601790"
"2023-07-28T13:30:00.0000000+00:00","BondSeason","3584.5836186"
"2023-07-28T13:30:00.0000000+00:00","EqBondReversion","3977.92506424"
"2023-07-28T13:30:00.0000000+00:00","RiskPremia","3263.5881940"
"2023-07-28T20:00:00.0000000+00:00","PaydaySeason","1018.03601790"
"2023-07-28T20:00:00.0000000+00:00","BondSeason","3594.4586186"
"2023-07-28T20:00:00.0000000+00:00","EqBondReversion","3989.38006424"
"2023-07-28T20:00:00.0000000+00:00","RiskPremia","3271.7981940"
"2023-07-31T13:30:00.0000000+00:00","PaydaySeason","1019.38601790"
"2023-07-31T13:30:00.0000000+00:00","BondSeason","3590.8336186"
"2023-07-31T13:30:00.0000000+00:00","EqBondReversion","3985.17506424"
"2023-07-31T13:30:00.0000000+00:00","RiskPremia","3275.4381940"
"2023-07-31T20:00:00.0000000+00:00","PaydaySeason","1019.82533790"
"2023-07-31T20:00:00.0000000+00:00","BondSeason","3601.0625986"
"2023-07-31T20:00:00.0000000+00:00","EqBondReversion","3997.64448424"
"2023-07-31T20:00:00.0000000+00:00","RiskPremia","3279.4631940"
"2023-08-01T13:30:00.0000000+00:00","PaydaySeason","1019.82533790"
"2023-08-01T13:30:00.0000000+00:00","BondSeason","3626.6652666"
"2023-08-01T13:30:00.0000000+00:00","EqBondReversion","3997.64448424"
"2023-08-01T13:30:00.0000000+00:00","RiskPremia","3260.3104500"
"2023-08-01T20:00:00.0000000+00:00","PaydaySeason","1019.82533790"
"2023-08-01T20:00:00.0000000+00:00","BondSeason","3644.6052666"
"2023-08-01T20:00:00.0000000+00:00","EqBondReversion","3997.64448424"
"2023-08-01T20:00:00.0000000+00:00","RiskPremia","3253.3904500"
"2023-08-02T13:30:00.0000000+00:00","PaydaySeason","1019.82533790"
"2023-08-02T13:30:00.0000000+00:00","BondSeason","3673.4652666"
"2023-08-02T13:30:00.0000000+00:00","EqBondReversion","3997.64448424"
"2023-08-02T13:30:00.0000000+00:00","RiskPremia","3237.2604500"
"2023-08-02T20:00:00.0000000+00:00","PaydaySeason","1019.82533790"
"2023-08-02T20:00:00.0000000+00:00","BondSeason","3672.1652666"
"2023-08-02T20:00:00.0000000+00:00","EqBondReversion","3997.64448424"
"2023-08-02T20:00:00.0000000+00:00","RiskPremia","3224.6854500"
"2023-08-03T13:30:00.0000000+00:00","PaydaySeason","1019.82533790"
"2023-08-03T13:30:00.0000000+00:00","BondSeason","3721.5652666"
"2023-08-03T13:30:00.0000000+00:00","EqBondReversion","3997.64448424"
"2023-08-03T13:30:00.0000000+00:00","RiskPremia","3204.4604500"
"2023-08-03T20:00:00.0000000+00:00","PaydaySeason","1019.82533790"
"2023-08-03T20:00:00.0000000+00:00","BondSeason","3729.7552666"
"2023-08-03T20:00:00.0000000+00:00","EqBondReversion","3997.64448424"
"2023-08-03T20:00:00.0000000+00:00","RiskPremia","3203.5904500"
"2023-08-04T13:30:00.0000000+00:00","PaydaySeason","1019.82533790"
"2023-08-04T13:30:00.0000000+00:00","BondSeason","3722.6052666"
"2023-08-04T13:30:00.0000000+00:00","EqBondReversion","3997.64448424"
"2023-08-04T13:30:00.0000000+00:00","RiskPremia","3214.1250380"
"2023-08-04T20:00:00.0000000+00:00","PaydaySeason","1019.82533790"
"2023-08-04T20:00:00.0000000+00:00","BondSeason","3686.7252666"
"2023-08-04T20:00:00.0000000+00:00","EqBondReversion","3997.64448424"
"2023-08-04T20:00:00.0000000+00:00","RiskPremia","3216.0300380"
"2023-08-07T13:30:00.0000000+00:00","PaydaySeason","1019.82533790"
"2023-08-07T13:30:00.0000000+00:00","BondSeason","3697.6452666"
"2023-08-07T13:30:00.0000000+00:00","EqBondReversion","3997.64448424"
"2023-08-07T13:30:00.0000000+00:00","RiskPremia","3215.9950380"
"2023-08-07T20:00:00.0000000+00:00","PaydaySeason","1019.82533790"
"2023-08-07T20:00:00.0000000+00:00","BondSeason","3711.4252666"
"2023-08-07T20:00:00.0000000+00:00","EqBondReversion","3997.64448424"
"2023-08-07T20:00:00.0000000+00:00","RiskPremia","3214.0650380"
"2023-08-08T13:30:00.0000000+00:00","PaydaySeason","1019.82533790"
"2023-08-08T13:30:00.0000000+00:00","BondSeason","3678.1452666"
"2023-08-08T13:30:00.0000000+00:00","EqBondReversion","3997.64448424"
"2023-08-08T13:30:00.0000000+00:00","RiskPremia","3211.2250380"
"2023-08-08T20:00:00.0000000+00:00","PaydaySeason","1019.82533790"
"2023-08-08T20:00:00.0000000+00:00","BondSeason","3682.5652666"
"2023-08-08T20:00:00.0000000+00:00","EqBondReversion","3997.64448424"
"2023-08-08T20:00:00.0000000+00:00","RiskPremia","3211.5300380"
"2023-08-09T13:30:00.0000000+00:00","PaydaySeason","1019.82533790"
"2023-08-09T13:30:00.0000000+00:00","BondSeason","3677.6252666"
"2023-08-09T13:30:00.0000000+00:00","EqBondReversion","3997.64448424"
"2023-08-09T13:30:00.0000000+00:00","RiskPremia","3213.8550380"
"2023-08-09T20:00:00.0000000+00:00","PaydaySeason","1019.82533790"
"2023-08-09T20:00:00.0000000+00:00","BondSeason","3669.3199306"
"2023-08-09T20:00:00.0000000+00:00","EqBondReversion","3997.64448424"
"2023-08-09T20:00:00.0000000+00:00","RiskPremia","3202.5900380"
"2023-08-10T13:30:00.0000000+00:00","PaydaySeason","1019.82533790"
"2023-08-10T13:30:00.0000000+00:00","BondSeason","3669.3199306"
"2023-08-10T13:30:00.0000000+00:00","EqBondReversion","3997.64448424"
"2023-08-10T13:30:00.0000000+00:00","RiskPremia","3210.1650380"
"2023-08-10T20:00:00.0000000+00:00","PaydaySeason","1019.66915790"
"2023-08-10T20:00:00.0000000+00:00","BondSeason","3669.3199306"
"2023-08-10T20:00:00.0000000+00:00","EqBondReversion","3997.64448424"
"2023-08-10T20:00:00.0000000+00:00","RiskPremia","3189.4700380"
"2023-08-11T13:30:00.0000000+00:00","PaydaySeason","1016.66915790"
"2023-08-11T13:30:00.0000000+00:00","BondSeason","3669.3199306"
"2023-08-11T13:30:00.0000000+00:00","EqBondReversion","3997.64448424"
"2023-08-11T13:30:00.0000000+00:00","RiskPremia","3183.2750380"
"2023-08-11T20:00:00.0000000+00:00","PaydaySeason","1018.91915790"
"2023-08-11T20:00:00.0000000+00:00","BondSeason","3669.3199306"
"2023-08-11T20:00:00.0000000+00:00","EqBondReversion","3997.64448424"
"2023-08-11T20:00:00.0000000+00:00","RiskPremia","3186.6450380"
"2023-08-14T13:30:00.0000000+00:00","PaydaySeason","1017.41915790"
"2023-08-14T13:30:00.0000000+00:00","BondSeason","3669.3199306"
"2023-08-14T13:30:00.0000000+00:00","EqBondReversion","3997.64448424"
"2023-08-14T13:30:00.0000000+00:00","RiskPremia","3178.9650380"
"2023-08-14T20:00:00.0000000+00:00","PaydaySeason","1022.96915790"
"2023-08-14T20:00:00.0000000+00:00","BondSeason","3669.3199306"
"2023-08-14T20:00:00.0000000+00:00","EqBondReversion","3997.64448424"
"2023-08-14T20:00:00.0000000+00:00","RiskPremia","3187.1250380"
"2023-08-15T13:30:00.0000000+00:00","PaydaySeason","1019.81915790"
"2023-08-15T13:30:00.0000000+00:00","BondSeason","3669.3199306"
"2023-08-15T13:30:00.0000000+00:00","EqBondReversion","3997.64448424"
"2023-08-15T13:30:00.0000000+00:00","RiskPremia","3178.0590380"
"2023-08-15T20:00:00.0000000+00:00","PaydaySeason","1013.96915790"
"2023-08-15T20:00:00.0000000+00:00","BondSeason","3669.3199306"
"2023-08-15T20:00:00.0000000+00:00","EqBondReversion","3997.64448424"
"2023-08-15T20:00:00.0000000+00:00","RiskPremia","3167.7050380"
"2023-08-16T13:30:00.0000000+00:00","PaydaySeason","1012.76915790"
"2023-08-16T13:30:00.0000000+00:00","BondSeason","3669.3199306"
"2023-08-16T13:30:00.0000000+00:00","EqBondReversion","3997.64448424"
"2023-08-16T13:30:00.0000000+00:00","RiskPremia","3163.7050380"
"2023-08-16T20:00:00.0000000+00:00","PaydaySeason","1007.51537790"
"2023-08-16T20:00:00.0000000+00:00","BondSeason","3669.3199306"
"2023-08-16T20:00:00.0000000+00:00","EqBondReversion","3997.64448424"
"2023-08-16T20:00:00.0000000+00:00","RiskPremia","3147.8450380"
"2023-08-17T13:30:00.0000000+00:00","PaydaySeason","1007.51537790"
"2023-08-17T13:30:00.0000000+00:00","BondSeason","3669.3199306"
"2023-08-17T13:30:00.0000000+00:00","EqBondReversion","3997.64448424"
"2023-08-17T13:30:00.0000000+00:00","RiskPremia","3153.3950380"
"2023-08-17T20:00:00.0000000+00:00","PaydaySeason","1007.51537790"
"2023-08-17T20:00:00.0000000+00:00","BondSeason","3669.3199306"
"2023-08-17T20:00:00.0000000+00:00","EqBondReversion","3997.64448424"
"2023-08-17T20:00:00.0000000+00:00","RiskPremia","3134.5750380"
"2023-08-18T13:30:00.0000000+00:00","PaydaySeason","1007.51537790"
"2023-08-18T13:30:00.0000000+00:00","BondSeason","3669.3199306"
"2023-08-18T13:30:00.0000000+00:00","EqBondReversion","3997.64448424"
"2023-08-18T13:30:00.0000000+00:00","RiskPremia","3130.5850380"
"2023-08-18T20:00:00.0000000+00:00","PaydaySeason","1007.51537790"
"2023-08-18T20:00:00.0000000+00:00","BondSeason","3669.3199306"
"2023-08-18T20:00:00.0000000+00:00","EqBondReversion","3997.64448424"
"2023-08-18T20:00:00.0000000+00:00","RiskPremia","3137.8950380"
"2023-08-21T13:30:00.0000000+00:00","PaydaySeason","1007.51537790"
"2023-08-21T13:30:00.0000000+00:00","BondSeason","3669.3199306"
"2023-08-21T13:30:00.0000000+00:00","EqBondReversion","3997.05146024"
"2023-08-21T13:30:00.0000000+00:00","RiskPremia","3134.4950380"
"2023-08-21T20:00:00.0000000+00:00","PaydaySeason","1007.51537790"
"2023-08-21T20:00:00.0000000+00:00","BondSeason","3669.3199306"
"2023-08-21T20:00:00.0000000+00:00","EqBondReversion","3992.89146024"
"2023-08-21T20:00:00.0000000+00:00","RiskPremia","3136.7150380"
"2023-08-22T13:30:00.0000000+00:00","PaydaySeason","1007.51537790"
"2023-08-22T13:30:00.0000000+00:00","BondSeason","3669.3199306"
"2023-08-22T13:30:00.0000000+00:00","EqBondReversion","3996.41146024"
"2023-08-22T13:30:00.0000000+00:00","RiskPremia","3142.3950380"
"2023-08-22T20:00:00.0000000+00:00","PaydaySeason","1007.36222790"
"2023-08-22T20:00:00.0000000+00:00","BondSeason","3668.7978706"
"2023-08-22T20:00:00.0000000+00:00","EqBondReversion","4015.13146024"
"2023-08-22T20:00:00.0000000+00:00","RiskPremia","3141.5650380"
"2023-08-23T13:30:00.0000000+00:00","PaydaySeason","1009.31222790"
"2023-08-23T13:30:00.0000000+00:00","BondSeason","3698.8978706"
"2023-08-23T13:30:00.0000000+00:00","EqBondReversion","4049.53146024"
"2023-08-23T13:30:00.0000000+00:00","RiskPremia","3160.0322860"
"2023-08-23T20:00:00.0000000+00:00","PaydaySeason","1015.76222790"
"2023-08-23T20:00:00.0000000+00:00","BondSeason","3732.4978706"
"2023-08-23T20:00:00.0000000+00:00","EqBondReversion","4087.93146024"
"2023-08-23T20:00:00.0000000+00:00","RiskPremia","3181.5322860"
"2023-08-24T13:30:00.0000000+00:00","PaydaySeason","1018.76222790"
"2023-08-24T13:30:00.0000000+00:00","BondSeason","3722.1378706"
"2023-08-24T13:30:00.0000000+00:00","EqBondReversion","4076.09146024"
"2023-08-24T13:30:00.0000000+00:00","RiskPremia","3180.7722860"
"2023-08-24T20:00:00.0000000+00:00","PaydaySeason","1005.56222790"
"2023-08-24T20:00:00.0000000+00:00","BondSeason","3716.2578706"
"2023-08-24T20:00:00.0000000+00:00","EqBondReversion","4069.37146024"
"2023-08-24T20:00:00.0000000+00:00","RiskPremia","3163.2922860"
"2023-08-25T13:30:00.0000000+00:00","PaydaySeason","1008.26222790"
"2023-08-25T13:30:00.0000000+00:00","BondSeason","3708.9778706"
"2023-08-25T13:30:00.0000000+00:00","EqBondReversion","4061.05146024"
"2023-08-25T13:30:00.0000000+00:00","RiskPremia","3163.0122860"
"2023-08-25T20:00:00.0000000+00:00","PaydaySeason","1010.06222790"
"2023-08-25T20:00:00.0000000+00:00","BondSeason","3724.5178706"
"2023-08-25T20:00:00.0000000+00:00","EqBondReversion","4078.81146024"
"2023-08-25T20:00:00.0000000+00:00","RiskPremia","3170.1522860"
"2023-08-28T13:30:00.0000000+00:00","PaydaySeason","1014.71222790"
"2023-08-28T13:30:00.0000000+00:00","BondSeason","3736.6978706"
"2023-08-28T13:30:00.0000000+00:00","EqBondReversion","4092.73146024"
"2023-08-28T13:30:00.0000000+00:00","RiskPremia","3179.8322860"
"2023-08-28T20:00:00.0000000+00:00","PaydaySeason","1015.46222790"
"2023-08-28T20:00:00.0000000+00:00","BondSeason","3726.8978706"
"2023-08-28T20:00:00.0000000+00:00","EqBondReversion","4081.53146024"
"2023-08-28T20:00:00.0000000+00:00","RiskPremia","3181.0322860"
"2023-08-29T13:30:00.0000000+00:00","PaydaySeason","1015.46222790"
"2023-08-29T13:30:00.0000000+00:00","BondSeason","3717.6578706"
"2023-08-29T13:30:00.0000000+00:00","EqBondReversion","4070.97146024"
"2023-08-29T13:30:00.0000000+00:00","RiskPremia","3177.7922860"
"2023-08-29T20:00:00.0000000+00:00","PaydaySeason","1026.86222790"
"2023-08-29T20:00:00.0000000+00:00","BondSeason","3754.8978706"
"2023-08-29T20:00:00.0000000+00:00","EqBondReversion","4113.53146024"
"2023-08-29T20:00:00.0000000+00:00","RiskPremia","3215.4822860"
"2023-08-30T13:30:00.0000000+00:00","PaydaySeason","1027.46222790"
"2023-08-30T13:30:00.0000000+00:00","BondSeason","3750.9778706"
"2023-08-30T13:30:00.0000000+00:00","EqBondReversion","4109.05146024"
"2023-08-30T13:30:00.0000000+00:00","RiskPremia","3219.8122860"
"2023-08-30T20:00:00.0000000+00:00","PaydaySeason","1030.31222790"
"2023-08-30T20:00:00.0000000+00:00","BondSeason","3752.0978706"
"2023-08-30T20:00:00.0000000+00:00","EqBondReversion","4110.33146024"
"2023-08-30T20:00:00.0000000+00:00","RiskPremia","3222.4322860"
"2023-08-31T13:30:00.0000000+00:00","PaydaySeason","1031.81222790"
"2023-08-31T13:30:00.0000000+00:00","BondSeason","3761.6178706"
"2023-08-31T13:30:00.0000000+00:00","EqBondReversion","4121.21146024"
"2023-08-31T13:30:00.0000000+00:00","RiskPremia","3226.8522860"
"2023-08-31T20:00:00.0000000+00:00","PaydaySeason","1029.25466790"
"2023-08-31T20:00:00.0000000+00:00","BondSeason","3763.6347206"
"2023-08-31T20:00:00.0000000+00:00","EqBondReversion","4124.11290024"
"2023-08-31T20:00:00.0000000+00:00","RiskPremia","3222.5822860"
"2023-09-01T13:30:00.0000000+00:00","PaydaySeason","1029.25466790"
"2023-09-01T13:30:00.0000000+00:00","BondSeason","3778.7930876"
"2023-09-01T13:30:00.0000000+00:00","EqBondReversion","4124.11290024"
"2023-09-01T13:30:00.0000000+00:00","RiskPremia","3229.9409180"
"2023-09-01T20:00:00.0000000+00:00","PaydaySeason","1029.25466790"
"2023-09-01T20:00:00.0000000+00:00","BondSeason","3804.1730876"
"2023-09-01T20:00:00.0000000+00:00","EqBondReversion","4124.11290024"
"2023-09-01T20:00:00.0000000+00:00","RiskPremia","3214.0209180"
"2023-09-05T13:30:00.0000000+00:00","PaydaySeason","1029.25466790"
"2023-09-05T13:30:00.0000000+00:00","BondSeason","3819.8330876"
"2023-09-05T13:30:00.0000000+00:00","EqBondReversion","4124.11290024"
"2023-09-05T13:30:00.0000000+00:00","RiskPremia","3204.0809180"
"2023-09-05T20:00:00.0000000+00:00","PaydaySeason","1029.25466790"
"2023-09-05T20:00:00.0000000+00:00","BondSeason","3840.0830876"
"2023-09-05T20:00:00.0000000+00:00","EqBondReversion","4124.11290024"
"2023-09-05T20:00:00.0000000+00:00","RiskPremia","3189.0809180"
"2023-09-06T13:30:00.0000000+00:00","PaydaySeason","1029.25466790"
"2023-09-06T13:30:00.0000000+00:00","BondSeason","3824.9630876"
"2023-09-06T13:30:00.0000000+00:00","EqBondReversion","4124.11290024"
"2023-09-06T13:30:00.0000000+00:00","RiskPremia","3190.0609180"
"2023-09-06T20:00:00.0000000+00:00","PaydaySeason","1029.25466790"
"2023-09-06T20:00:00.0000000+00:00","BondSeason","3833.8730876"
"2023-09-06T20:00:00.0000000+00:00","EqBondReversion","4124.11290024"
"2023-09-06T20:00:00.0000000+00:00","RiskPremia","3178.8209180"
"2023-09-07T13:30:00.0000000+00:00","PaydaySeason","1029.25466790"
"2023-09-07T13:30:00.0000000+00:00","BondSeason","3827.3930876"
"2023-09-07T13:30:00.0000000+00:00","EqBondReversion","4124.11290024"
"2023-09-07T13:30:00.0000000+00:00","RiskPremia","3176.3409180"
"2023-09-07T20:00:00.0000000+00:00","PaydaySeason","1029.25466790"
"2023-09-07T20:00:00.0000000+00:00","BondSeason","3827.1230876"
"2023-09-07T20:00:00.0000000+00:00","EqBondReversion","4124.11290024"
"2023-09-07T20:00:00.0000000+00:00","RiskPremia","3178.1709180"
"2023-09-08T13:30:00.0000000+00:00","PaydaySeason","1029.25466790"
"2023-09-08T13:30:00.0000000+00:00","BondSeason","3817.1330876"
"2023-09-08T13:30:00.0000000+00:00","EqBondReversion","4124.11290024"
"2023-09-08T13:30:00.0000000+00:00","RiskPremia","3184.1809180"
"2023-09-08T20:00:00.0000000+00:00","PaydaySeason","1029.25466790"
"2023-09-08T20:00:00.0000000+00:00","BondSeason","3817.8080876"
"2023-09-08T20:00:00.0000000+00:00","EqBondReversion","4124.11290024"
"2023-09-08T20:00:00.0000000+00:00","RiskPremia","3182.7809180"
"2023-09-11T13:30:00.0000000+00:00","PaydaySeason","1029.25466790"
"2023-09-11T13:30:00.0000000+00:00","BondSeason","3835.4930876"
"2023-09-11T13:30:00.0000000+00:00","EqBondReversion","4124.11290024"
"2023-09-11T13:30:00.0000000+00:00","RiskPremia","3189.4409180"
"2023-09-11T20:00:00.0000000+00:00","PaydaySeason","1029.25466790"
"2023-09-11T20:00:00.0000000+00:00","BondSeason","3836.0330876"
"2023-09-11T20:00:00.0000000+00:00","EqBondReversion","4124.11290024"
"2023-09-11T20:00:00.0000000+00:00","RiskPremia","3185.8809180"
"2023-09-12T13:30:00.0000000+00:00","PaydaySeason","1029.25466790"
"2023-09-12T13:30:00.0000000+00:00","BondSeason","3830.3630876"
"2023-09-12T13:30:00.0000000+00:00","EqBondReversion","4124.11290024"
"2023-09-12T13:30:00.0000000+00:00","RiskPremia","3175.8609180"
"2023-09-12T20:00:00.0000000+00:00","PaydaySeason","1029.25466790"
"2023-09-12T20:00:00.0000000+00:00","BondSeason","3820.8092726"
"2023-09-12T20:00:00.0000000+00:00","EqBondReversion","4124.11290024"
"2023-09-12T20:00:00.0000000+00:00","RiskPremia","3179.2409180"
"2023-09-13T13:30:00.0000000+00:00","PaydaySeason","1029.25466790"
"2023-09-13T13:30:00.0000000+00:00","BondSeason","3820.8092726"
"2023-09-13T13:30:00.0000000+00:00","EqBondReversion","4124.11290024"
"2023-09-13T13:30:00.0000000+00:00","RiskPremia","3177.1009180"
"2023-09-13T20:00:00.0000000+00:00","PaydaySeason","1029.09872790"
"2023-09-13T20:00:00.0000000+00:00","BondSeason","3820.8092726"
"2023-09-13T20:00:00.0000000+00:00","EqBondReversion","4124.11290024"
"2023-09-13T20:00:00.0000000+00:00","RiskPremia","3175.8909180"
"2023-09-14T13:30:00.0000000+00:00","PaydaySeason","1034.04872790"
"2023-09-14T13:30:00.0000000+00:00","BondSeason","3820.8092726"
"2023-09-14T13:30:00.0000000+00:00","EqBondReversion","4124.11290024"
"2023-09-14T13:30:00.0000000+00:00","RiskPremia","3176.3609180"
"2023-09-14T20:00:00.0000000+00:00","PaydaySeason","1036.44872790"
"2023-09-14T20:00:00.0000000+00:00","BondSeason","3820.8092726"
"2023-09-14T20:00:00.0000000+00:00","EqBondReversion","4124.11290024"
"2023-09-14T20:00:00.0000000+00:00","RiskPremia","3181.0109180"
"2023-09-15T13:30:00.0000000+00:00","PaydaySeason","1033.89872790"
"2023-09-15T13:30:00.0000000+00:00","BondSeason","3820.8092726"
"2023-09-15T13:30:00.0000000+00:00","EqBondReversion","4124.11290024"
"2023-09-15T13:30:00.0000000+00:00","RiskPremia","3185.8209180"
"2023-09-15T20:00:00.0000000+00:00","PaydaySeason","1026.84872790"
"2023-09-15T20:00:00.0000000+00:00","BondSeason","3820.8092726"
"2023-09-15T20:00:00.0000000+00:00","EqBondReversion","4124.11290024"
"2023-09-15T20:00:00.0000000+00:00","RiskPremia","3171.5409180"
"2023-09-18T13:30:00.0000000+00:00","PaydaySeason","1026.39872790"
"2023-09-18T13:30:00.0000000+00:00","BondSeason","3820.8092726"
"2023-09-18T13:30:00.0000000+00:00","EqBondReversion","4124.11290024"
"2023-09-18T13:30:00.0000000+00:00","RiskPremia","3172.7409180"
"2023-09-18T20:00:00.0000000+00:00","PaydaySeason","1026.84872790"
"2023-09-18T20:00:00.0000000+00:00","BondSeason","3820.8092726"
"2023-09-18T20:00:00.0000000+00:00","EqBondReversion","4124.11290024"
"2023-09-18T20:00:00.0000000+00:00","RiskPremia","3181.9009180"
"2023-09-19T13:30:00.0000000+00:00","PaydaySeason","1025.49872790"
"2023-09-19T13:30:00.0000000+00:00","BondSeason","3820.8092726"
"2023-09-19T13:30:00.0000000+00:00","EqBondReversion","4124.11290024"
"2023-09-19T13:30:00.0000000+00:00","RiskPremia","3178.1809180"
"2023-09-19T20:00:00.0000000+00:00","PaydaySeason","1024.89359790"
"2023-09-19T20:00:00.0000000+00:00","BondSeason","3820.8092726"
"2023-09-19T20:00:00.0000000+00:00","EqBondReversion","4124.11290024"
"2023-09-19T20:00:00.0000000+00:00","RiskPremia","3173.4809180"
"2023-09-20T13:30:00.0000000+00:00","PaydaySeason","1024.89359790"
"2023-09-20T13:30:00.0000000+00:00","BondSeason","3820.8092726"
"2023-09-20T13:30:00.0000000+00:00","EqBondReversion","4124.11290024"
"2023-09-20T13:30:00.0000000+00:00","RiskPremia","3180.6649180"
"2023-09-20T20:00:00.0000000+00:00","PaydaySeason","1024.89359790"
"2023-09-20T20:00:00.0000000+00:00","BondSeason","3820.2879686"
"2023-09-20T20:00:00.0000000+00:00","EqBondReversion","4124.11290024"
"2023-09-20T20:00:00.0000000+00:00","RiskPremia","3166.7149180"
"2023-09-21T13:30:00.0000000+00:00","PaydaySeason","1024.89359790"
"2023-09-21T13:30:00.0000000+00:00","BondSeason","3769.7479686"
"2023-09-21T13:30:00.0000000+00:00","EqBondReversion","4124.11290024"
"2023-09-21T13:30:00.0000000+00:00","RiskPremia","3136.4249180"
"2023-09-21T20:00:00.0000000+00:00","PaydaySeason","1024.89359790"
"2023-09-21T20:00:00.0000000+00:00","BondSeason","3753.3707686"
"2023-09-21T20:00:00.0000000+00:00","EqBondReversion","4124.11290024"
"2023-09-21T20:00:00.0000000+00:00","RiskPremia","3122.6457180"
"2023-09-22T13:30:00.0000000+00:00","PaydaySeason","1024.89359790"
"2023-09-22T13:30:00.0000000+00:00","BondSeason","3756.4479686"
"2023-09-22T13:30:00.0000000+00:00","EqBondReversion","4123.51355424"
"2023-09-22T13:30:00.0000000+00:00","RiskPremia","3130.0249180"
"2023-09-22T20:00:00.0000000+00:00","PaydaySeason","1024.89359790"
"2023-09-22T20:00:00.0000000+00:00","BondSeason","3773.8079686"
"2023-09-22T20:00:00.0000000+00:00","EqBondReversion","4143.97355424"
"2023-09-22T20:00:00.0000000+00:00","RiskPremia","3130.1849180"
"2023-09-25T13:30:00.0000000+00:00","PaydaySeason","1024.89359790"
"2023-09-25T13:30:00.0000000+00:00","BondSeason","3724.5279686"
"2023-09-25T13:30:00.0000000+00:00","EqBondReversion","4085.89355424"
"2023-09-25T13:30:00.0000000+00:00","RiskPremia","3111.3049180"
"2023-09-25T20:00:00.0000000+00:00","PaydaySeason","1024.73266990"
"2023-09-25T20:00:00.0000000+00:00","BondSeason","3710.8079686"
"2023-09-25T20:00:00.0000000+00:00","EqBondReversion","4069.72355424"
"2023-09-25T20:00:00.0000000+00:00","RiskPremia","3109.6349180"
"2023-09-26T13:30:00.0000000+00:00","PaydaySeason","1019.61266990"
"2023-09-26T13:30:00.0000000+00:00","BondSeason","3717.8079686"
"2023-09-26T13:30:00.0000000+00:00","EqBondReversion","4077.97355424"
"2023-09-26T13:30:00.0000000+00:00","RiskPremia","3099.6849180"
"2023-09-26T20:00:00.0000000+00:00","PaydaySeason","1013.21266990"
"2023-09-26T20:00:00.0000000+00:00","BondSeason","3702.1279686"
"2023-09-26T20:00:00.0000000+00:00","EqBondReversion","4059.49355424"
"2023-09-26T20:00:00.0000000+00:00","RiskPremia","3083.6049180"
"2023-09-27T13:30:00.0000000+00:00","PaydaySeason","1015.93266990"
"2023-09-27T13:30:00.0000000+00:00","BondSeason","3720.6079686"
"2023-09-27T13:30:00.0000000+00:00","EqBondReversion","4081.27355424"
"2023-09-27T13:30:00.0000000+00:00","RiskPremia","3086.2849180"
"2023-09-27T20:00:00.0000000+00:00","PaydaySeason","1014.33266990"
"2023-09-27T20:00:00.0000000+00:00","BondSeason","3689.2479686"
"2023-09-27T20:00:00.0000000+00:00","EqBondReversion","4044.31355424"
"2023-09-27T20:00:00.0000000+00:00","RiskPremia","3067.5249180"
"2023-09-28T13:30:00.0000000+00:00","PaydaySeason","1013.53266990"
"2023-09-28T13:30:00.0000000+00:00","BondSeason","3667.1279686"
"2023-09-28T13:30:00.0000000+00:00","EqBondReversion","4018.24355424"
"2023-09-28T13:30:00.0000000+00:00","RiskPremia","3059.0049180"
"2023-09-28T20:00:00.0000000+00:00","PaydaySeason","1019.45266990"
"2023-09-28T20:00:00.0000000+00:00","BondSeason","3696.5279686"
"2023-09-28T20:00:00.0000000+00:00","EqBondReversion","4052.89355424"
"2023-09-28T20:00:00.0000000+00:00","RiskPremia","3070.4549180"
"2023-09-29T13:30:00.0000000+00:00","PaydaySeason","1025.53266990"
"2023-09-29T13:30:00.0000000+00:00","BondSeason","3713.3279686"
"2023-09-29T13:30:00.0000000+00:00","EqBondReversion","4072.69355424"
"2023-09-29T13:30:00.0000000+00:00","RiskPremia","3087.4825980"
"2023-09-29T20:00:00.0000000+00:00","PaydaySeason","1017.53314990"
"2023-09-29T20:00:00.0000000+00:00","BondSeason","3696.9165606"
"2023-09-29T20:00:00.0000000+00:00","EqBondReversion","4053.95800224"
"2023-09-29T20:00:00.0000000+00:00","RiskPremia","3055.4625980"
"2023-10-02T13:30:00.0000000+00:00","PaydaySeason","1017.53314990"
"2023-10-02T13:30:00.0000000+00:00","BondSeason","3714.8961546"
"2023-10-02T13:30:00.0000000+00:00","EqBondReversion","4053.95800224"
"2023-10-02T13:30:00.0000000+00:00","RiskPremia","3040.6527100"
"2023-10-02T20:00:00.0000000+00:00","PaydaySeason","1017.53314990"
"2023-10-02T20:00:00.0000000+00:00","BondSeason","3739.5461546"
"2023-10-02T20:00:00.0000000+00:00","EqBondReversion","4053.95800224"
"2023-10-02T20:00:00.0000000+00:00","RiskPremia","3029.3277100"
"2023-10-03T13:30:00.0000000+00:00","PaydaySeason","1017.53314990"
"2023-10-03T13:30:00.0000000+00:00","BondSeason","3758.6861546"
"2023-10-03T13:30:00.0000000+00:00","EqBondReversion","4053.95800224"
"2023-10-03T13:30:00.0000000+00:00","RiskPremia","3014.6527100"
"2023-10-03T20:00:00.0000000+00:00","PaydaySeason","1017.53314990"
"2023-10-03T20:00:00.0000000+00:00","BondSeason","3794.6461546"
"2023-10-03T20:00:00.0000000+00:00","EqBondReversion","4053.95800224"
"2023-10-03T20:00:00.0000000+00:00","RiskPremia","2996.2627100"
"2023-10-04T13:30:00.0000000+00:00","PaydaySeason","1017.53314990"
"2023-10-04T13:30:00.0000000+00:00","BondSeason","3774.3461546"
"2023-10-04T13:30:00.0000000+00:00","EqBondReversion","4053.95800224"
"2023-10-04T13:30:00.0000000+00:00","RiskPremia","3003.1927100"
"2023-10-04T20:00:00.0000000+00:00","PaydaySeason","1017.53314990"
"2023-10-04T20:00:00.0000000+00:00","BondSeason","3760.1361546"
"2023-10-04T20:00:00.0000000+00:00","EqBondReversion","4053.95800224"
"2023-10-04T20:00:00.0000000+00:00","RiskPremia","3012.4527100"
"2023-10-05T13:30:00.0000000+00:00","PaydaySeason","1017.53314990"
"2023-10-05T13:30:00.0000000+00:00","BondSeason","3764.6311546"
"2023-10-05T13:30:00.0000000+00:00","EqBondReversion","4053.95800224"
"2023-10-05T13:30:00.0000000+00:00","RiskPremia","3007.4427100"
"2023-10-05T20:00:00.0000000+00:00","PaydaySeason","1017.53314990"
"2023-10-05T20:00:00.0000000+00:00","BondSeason","3772.6061546"
"2023-10-05T20:00:00.0000000+00:00","EqBondReversion","4053.95800224"
"2023-10-05T20:00:00.0000000+00:00","RiskPremia","3006.2327100"
"2023-10-06T13:30:00.0000000+00:00","PaydaySeason","1017.53314990"
"2023-10-06T13:30:00.0000000+00:00","BondSeason","3819.8761546"
"2023-10-06T13:30:00.0000000+00:00","EqBondReversion","4053.95800224"
"2023-10-06T13:30:00.0000000+00:00","RiskPremia","2989.3027100"
"2023-10-06T20:00:00.0000000+00:00","PaydaySeason","1017.53314990"
"2023-10-06T20:00:00.0000000+00:00","BondSeason","3802.4761546"
"2023-10-06T20:00:00.0000000+00:00","EqBondReversion","4053.95800224"
"2023-10-06T20:00:00.0000000+00:00","RiskPremia","3016.1327100"
"2023-10-09T13:30:00.0000000+00:00","PaydaySeason","1017.53314990"
"2023-10-09T13:30:00.0000000+00:00","BondSeason","3782.1761546"
"2023-10-09T13:30:00.0000000+00:00","EqBondReversion","4053.95800224"
"2023-10-09T13:30:00.0000000+00:00","RiskPremia","3028.0227100"
"2023-10-09T20:00:00.0000000+00:00","PaydaySeason","1017.53314990"
"2023-10-09T20:00:00.0000000+00:00","BondSeason","3744.7661546"
"2023-10-09T20:00:00.0000000+00:00","EqBondReversion","4053.95800224"
"2023-10-09T20:00:00.0000000+00:00","RiskPremia","3060.5627100"
"2023-10-10T13:30:00.0000000+00:00","PaydaySeason","1017.53314990"
"2023-10-10T13:30:00.0000000+00:00","BondSeason","3772.0261546"
"2023-10-10T13:30:00.0000000+00:00","EqBondReversion","4053.95800224"
"2023-10-10T13:30:00.0000000+00:00","RiskPremia","3049.6927100"
"2023-10-10T20:00:00.0000000+00:00","PaydaySeason","1017.53314990"
"2023-10-10T20:00:00.0000000+00:00","BondSeason","3747.1633526"
"2023-10-10T20:00:00.0000000+00:00","EqBondReversion","4053.95800224"
"2023-10-10T20:00:00.0000000+00:00","RiskPremia","3064.1477100"
"2023-10-11T13:30:00.0000000+00:00","PaydaySeason","1017.53314990"
"2023-10-11T13:30:00.0000000+00:00","BondSeason","3747.1633526"
"2023-10-11T13:30:00.0000000+00:00","EqBondReversion","4053.95800224"
"2023-10-11T13:30:00.0000000+00:00","RiskPremia","3082.9827100"
"2023-10-11T20:00:00.0000000+00:00","PaydaySeason","1017.37068590"
"2023-10-11T20:00:00.0000000+00:00","BondSeason","3747.1633526"
"2023-10-11T20:00:00.0000000+00:00","EqBondReversion","4053.95800224"
"2023-10-11T20:00:00.0000000+00:00","RiskPremia","3090.9327100"
"2023-10-12T13:30:00.0000000+00:00","PaydaySeason","1017.85068590"
"2023-10-12T13:30:00.0000000+00:00","BondSeason","3747.1633526"
"2023-10-12T13:30:00.0000000+00:00","EqBondReversion","4053.95800224"
"2023-10-12T13:30:00.0000000+00:00","RiskPremia","3090.1527100"
"2023-10-12T20:00:00.0000000+00:00","PaydaySeason","1010.97068590"
"2023-10-12T20:00:00.0000000+00:00","BondSeason","3747.1633526"
"2023-10-12T20:00:00.0000000+00:00","EqBondReversion","4053.95800224"
"2023-10-12T20:00:00.0000000+00:00","RiskPremia","3060.1027100"
"2023-10-13T13:30:00.0000000+00:00","PaydaySeason","1013.85068590"
"2023-10-13T13:30:00.0000000+00:00","BondSeason","3747.1633526"
"2023-10-13T13:30:00.0000000+00:00","EqBondReversion","4053.95800224"
"2023-10-13T13:30:00.0000000+00:00","RiskPremia","3101.9327100"
"2023-10-13T20:00:00.0000000+00:00","PaydaySeason","1006.25068590"
"2023-10-13T20:00:00.0000000+00:00","BondSeason","3747.1633526"
"2023-10-13T20:00:00.0000000+00:00","EqBondReversion","4053.95800224"
"2023-10-13T20:00:00.0000000+00:00","RiskPremia","3105.7927100"
"2023-10-16T13:30:00.0000000+00:00","PaydaySeason","1010.49068590"
"2023-10-16T13:30:00.0000000+00:00","BondSeason","3747.1633526"
"2023-10-16T13:30:00.0000000+00:00","EqBondReversion","4053.95800224"
"2023-10-16T13:30:00.0000000+00:00","RiskPremia","3092.7825740"
"2023-10-16T20:00:00.0000000+00:00","PaydaySeason","1015.13068590"
"2023-10-16T20:00:00.0000000+00:00","BondSeason","3747.1633526"
"2023-10-16T20:00:00.0000000+00:00","EqBondReversion","4053.95800224"
"2023-10-16T20:00:00.0000000+00:00","RiskPremia","3100.0774740"
"2023-10-17T13:30:00.0000000+00:00","PaydaySeason","1009.69068590"
"2023-10-17T13:30:00.0000000+00:00","BondSeason","3747.1633526"
"2023-10-17T13:30:00.0000000+00:00","EqBondReversion","4053.95800224"
"2023-10-17T13:30:00.0000000+00:00","RiskPremia","3084.5825740"
"2023-10-17T20:00:00.0000000+00:00","PaydaySeason","1016.24841390"
"2023-10-17T20:00:00.0000000+00:00","BondSeason","3747.1633526"
"2023-10-17T20:00:00.0000000+00:00","EqBondReversion","4053.95800224"
"2023-10-17T20:00:00.0000000+00:00","RiskPremia","3096.7025740"
"2023-10-18T13:30:00.0000000+00:00","PaydaySeason","1016.24841390"
"2023-10-18T13:30:00.0000000+00:00","BondSeason","3747.1633526"
"2023-10-18T13:30:00.0000000+00:00","EqBondReversion","4053.95800224"
"2023-10-18T13:30:00.0000000+00:00","RiskPremia","3103.6025740"
"2023-10-18T20:00:00.0000000+00:00","PaydaySeason","1016.24841390"
"2023-10-18T20:00:00.0000000+00:00","BondSeason","3747.1633526"
"2023-10-18T20:00:00.0000000+00:00","EqBondReversion","4053.95800224"
"2023-10-18T20:00:00.0000000+00:00","RiskPremia","3092.5345740"
"2023-10-19T13:30:00.0000000+00:00","PaydaySeason","1016.24841390"
"2023-10-19T13:30:00.0000000+00:00","BondSeason","3747.1633526"
"2023-10-19T13:30:00.0000000+00:00","EqBondReversion","4053.95800224"
"2023-10-19T13:30:00.0000000+00:00","RiskPremia","3090.3625740"
"2023-10-19T20:00:00.0000000+00:00","PaydaySeason","1016.24841390"
"2023-10-19T20:00:00.0000000+00:00","BondSeason","3747.1633526"
"2023-10-19T20:00:00.0000000+00:00","EqBondReversion","4053.95800224"
"2023-10-19T20:00:00.0000000+00:00","RiskPremia","3084.2875740"
"2023-10-20T13:30:00.0000000+00:00","PaydaySeason","1016.24841390"
"2023-10-20T13:30:00.0000000+00:00","BondSeason","3747.1633526"
"2023-10-20T13:30:00.0000000+00:00","EqBondReversion","4053.36047424"
"2023-10-20T13:30:00.0000000+00:00","RiskPremia","3087.7211740"
"2023-10-20T20:00:00.0000000+00:00","PaydaySeason","1016.24841390"
"2023-10-20T20:00:00.0000000+00:00","BondSeason","3746.64735884"
"2023-10-20T20:00:00.0000000+00:00","EqBondReversion","4061.81327424"
"2023-10-20T20:00:00.0000000+00:00","RiskPremia","3077.6395740"
"2023-10-23T13:30:00.0000000+00:00","PaydaySeason","1016.24841390"
"2023-10-23T13:30:00.0000000+00:00","BondSeason","3733.78855884"
"2023-10-23T13:30:00.0000000+00:00","EqBondReversion","4046.88047424"
"2023-10-23T13:30:00.0000000+00:00","RiskPremia","3069.5611740"
"2023-10-23T20:00:00.0000000+00:00","PaydaySeason","1016.09234990"
"2023-10-23T20:00:00.0000000+00:00","BondSeason","3778.42855884"
"2023-10-23T20:00:00.0000000+00:00","EqBondReversion","4098.72047424"
"2023-10-23T20:00:00.0000000+00:00","RiskPremia","3079.4311740"
"2023-10-24T13:30:00.0000000+00:00","PaydaySeason","1019.77234990"
"2023-10-24T13:30:00.0000000+00:00","BondSeason","3784.31855884"
"2023-10-24T13:30:00.0000000+00:00","EqBondReversion","4105.56047424"
"2023-10-24T13:30:00.0000000+00:00","RiskPremia","3080.5011740"
"2023-10-24T20:00:00.0000000+00:00","PaydaySeason","1021.69234990"
"2023-10-24T20:00:00.0000000+00:00","BondSeason","3812.21855884"
"2023-10-24T20:00:00.0000000+00:00","EqBondReversion","4137.96047424"
"2023-10-24T20:00:00.0000000+00:00","RiskPremia","3095.7061740"
"2023-10-25T13:30:00.0000000+00:00","PaydaySeason","1017.53234990"
"2023-10-25T13:30:00.0000000+00:00","BondSeason","3771.29855884"
"2023-10-25T13:30:00.0000000+00:00","EqBondReversion","4090.44047424"
"2023-10-25T13:30:00.0000000+00:00","RiskPremia","3082.4711740"
"2023-10-25T20:00:00.0000000+00:00","PaydaySeason","1009.85234990"
"2023-10-25T20:00:00.0000000+00:00","BondSeason","3753.62855884"
"2023-10-25T20:00:00.0000000+00:00","EqBondReversion","4069.92047424"
"2023-10-25T20:00:00.0000000+00:00","RiskPremia","3068.8011740"
"2023-10-26T13:30:00.0000000+00:00","PaydaySeason","1007.77234990"
"2023-10-26T13:30:00.0000000+00:00","BondSeason","3755.17855884"
"2023-10-26T13:30:00.0000000+00:00","EqBondReversion","4071.72047424"
"2023-10-26T13:30:00.0000000+00:00","RiskPremia","3064.3111740"
"2023-10-26T20:00:00.0000000+00:00","PaydaySeason","1001.69234990"
"2023-10-26T20:00:00.0000000+00:00","BondSeason","3792.99855884"
"2023-10-26T20:00:00.0000000+00:00","EqBondReversion","4115.64047424"
"2023-10-26T20:00:00.0000000+00:00","RiskPremia","3069.7711740"
"2023-10-27T13:30:00.0000000+00:00","PaydaySeason","1004.73234990"
"2023-10-27T13:30:00.0000000+00:00","BondSeason","3776.56855884"
"2023-10-27T13:30:00.0000000+00:00","EqBondReversion","4096.56047424"
"2023-10-27T13:30:00.0000000+00:00","RiskPremia","3068.5511740"
"2023-10-27T20:00:00.0000000+00:00","PaydaySeason","997.69234990"
"2023-10-27T20:00:00.0000000+00:00","BondSeason","3782.14855884"
"2023-10-27T20:00:00.0000000+00:00","EqBondReversion","4103.04047424"
"2023-10-27T20:00:00.0000000+00:00","RiskPremia","3074.8111740"
"2023-10-30T13:30:00.0000000+00:00","PaydaySeason","1002.81234990"
"2023-10-30T13:30:00.0000000+00:00","BondSeason","3764.78855884"
"2023-10-30T13:30:00.0000000+00:00","EqBondReversion","4082.88047424"
"2023-10-30T13:30:00.0000000+00:00","RiskPremia","3073.8911740"
"2023-10-30T20:00:00.0000000+00:00","PaydaySeason","1006.17234990"
"2023-10-30T20:00:00.0000000+00:00","BondSeason","3771.29855884"
"2023-10-30T20:00:00.0000000+00:00","EqBondReversion","4090.44047424"
"2023-10-30T20:00:00.0000000+00:00","RiskPremia","3077.0011740"
"2023-10-31T13:30:00.0000000+00:00","PaydaySeason","1007.93234990"
"2023-10-31T13:30:00.0000000+00:00","BondSeason","3781.99355884"
"2023-10-31T13:30:00.0000000+00:00","EqBondReversion","4102.86047424"
"2023-10-31T13:30:00.0000000+00:00","RiskPremia","3082.4711740"
"2023-10-31T20:00:00.0000000+00:00","PaydaySeason","1011.29721390"
"2023-10-31T20:00:00.0000000+00:00","BondSeason","3756.31229084"
"2023-10-31T20:00:00.0000000+00:00","EqBondReversion","4073.63877024"
"2023-10-31T20:00:00.0000000+00:00","RiskPremia","3074.2811740"
"2023-11-01T13:30:00.0000000+00:00","PaydaySeason","1011.29721390"
"2023-11-01T13:30:00.0000000+00:00","BondSeason","3732.86726984"
"2023-11-01T13:30:00.0000000+00:00","EqBondReversion","4073.63877024"
"2023-11-01T13:30:00.0000000+00:00","RiskPremia","3081.5115020"
"2023-11-01T20:00:00.0000000+00:00","PaydaySeason","1011.29721390"
"2023-11-01T20:00:00.0000000+00:00","BondSeason","3700.00726984"
"2023-11-01T20:00:00.0000000+00:00","EqBondReversion","4073.63877024"
"2023-11-01T20:00:00.0000000+00:00","RiskPremia","3096.3315020"
"2023-11-02T13:30:00.0000000+00:00","PaydaySeason","1011.29721390"
"2023-11-02T13:30:00.0000000+00:00","BondSeason","3651.02726984"
"2023-11-02T13:30:00.0000000+00:00","EqBondReversion","4073.63877024"
"2023-11-02T13:30:00.0000000+00:00","RiskPremia","3123.6615020"
"2023-11-02T20:00:00.0000000+00:00","PaydaySeason","1011.29721390"
"2023-11-02T20:00:00.0000000+00:00","BondSeason","3641.10726984"
"2023-11-02T20:00:00.0000000+00:00","EqBondReversion","4073.63877024"
"2023-11-02T20:00:00.0000000+00:00","RiskPremia","3136.4915020"
"2023-11-03T13:30:00.0000000+00:00","PaydaySeason","1011.29721390"
"2023-11-03T13:30:00.0000000+00:00","BondSeason","3584.99726984"
"2023-11-03T13:30:00.0000000+00:00","EqBondReversion","4073.63877024"
"2023-11-03T13:30:00.0000000+00:00","RiskPremia","3159.6715020"
"2023-11-03T20:00:00.0000000+00:00","PaydaySeason","1011.29721390"
"2023-11-03T20:00:00.0000000+00:00","BondSeason","3621.26726984"
"2023-11-03T20:00:00.0000000+00:00","EqBondReversion","4073.63877024"
"2023-11-03T20:00:00.0000000+00:00","RiskPremia","3158.2599020"
"2023-11-06T14:30:00.0000000+00:00","PaydaySeason","1011.29721390"
"2023-11-06T14:30:00.0000000+00:00","BondSeason","3638.93726984"
"2023-11-06T14:30:00.0000000+00:00","EqBondReversion","4073.63877024"
"2023-11-06T14:30:00.0000000+00:00","RiskPremia","3151.0615020"
"2023-11-06T21:00:00.0000000+00:00","PaydaySeason","1011.29721390"
"2023-11-06T21:00:00.0000000+00:00","BondSeason","3646.99726984"
"2023-11-06T21:00:00.0000000+00:00","EqBondReversion","4073.63877024"
"2023-11-06T21:00:00.0000000+00:00","RiskPremia","3142.8015020"
"2023-11-07T14:30:00.0000000+00:00","PaydaySeason","1011.29721390"
"2023-11-07T14:30:00.0000000+00:00","BondSeason","3622.19726984"
"2023-11-07T14:30:00.0000000+00:00","EqBondReversion","4073.63877024"
"2023-11-07T14:30:00.0000000+00:00","RiskPremia","3142.8215020"
"2023-11-07T21:00:00.0000000+00:00","PaydaySeason","1011.29721390"
"2023-11-07T21:00:00.0000000+00:00","BondSeason","3608.24726984"
"2023-11-07T21:00:00.0000000+00:00","EqBondReversion","4073.63877024"
"2023-11-07T21:00:00.0000000+00:00","RiskPremia","3151.5365020"
"2023-11-08T14:30:00.0000000+00:00","PaydaySeason","1011.29721390"
"2023-11-08T14:30:00.0000000+00:00","BondSeason","3595.22726984"
"2023-11-08T14:30:00.0000000+00:00","EqBondReversion","4073.63877024"
"2023-11-08T14:30:00.0000000+00:00","RiskPremia","3153.2515020"
"2023-11-08T21:00:00.0000000+00:00","PaydaySeason","1011.29721390"
"2023-11-08T21:00:00.0000000+00:00","BondSeason","3561.43726984"
"2023-11-08T21:00:00.0000000+00:00","EqBondReversion","4073.63877024"
"2023-11-08T21:00:00.0000000+00:00","RiskPremia","3152.4515020"
"2023-11-09T14:30:00.0000000+00:00","PaydaySeason","1011.29721390"
"2023-11-09T14:30:00.0000000+00:00","BondSeason","3580.96726984"
"2023-11-09T14:30:00.0000000+00:00","EqBondReversion","4073.63877024"
"2023-11-09T14:30:00.0000000+00:00","RiskPremia","3152.1615020"
"2023-11-09T21:00:00.0000000+00:00","PaydaySeason","1011.29721390"
"2023-11-09T21:00:00.0000000+00:00","BondSeason","3625.99495584"
"2023-11-09T21:00:00.0000000+00:00","EqBondReversion","4073.63877024"
"2023-11-09T21:00:00.0000000+00:00","RiskPremia","3130.6115020"
"2023-11-10T14:30:00.0000000+00:00","PaydaySeason","1011.29721390"
"2023-11-10T14:30:00.0000000+00:00","BondSeason","3625.99495584"
"2023-11-10T14:30:00.0000000+00:00","EqBondReversion","4073.63877024"
"2023-11-10T14:30:00.0000000+00:00","RiskPremia","3136.1315020"
"2023-11-10T21:00:00.0000000+00:00","PaydaySeason","1011.13401390"
"2023-11-10T21:00:00.0000000+00:00","BondSeason","3625.99495584"
"2023-11-10T21:00:00.0000000+00:00","EqBondReversion","4073.63877024"
"2023-11-10T21:00:00.0000000+00:00","RiskPremia","3139.4235020"
"2023-11-13T14:30:00.0000000+00:00","PaydaySeason","1008.25401390"
"2023-11-13T14:30:00.0000000+00:00","BondSeason","3625.99495584"
"2023-11-13T14:30:00.0000000+00:00","EqBondReversion","4073.63877024"
"2023-11-13T14:30:00.0000000+00:00","RiskPremia","3128.2515020"
"2023-11-13T21:00:00.0000000+00:00","PaydaySeason","1010.49401390"
"2023-11-13T21:00:00.0000000+00:00","BondSeason","3625.99495584"
"2023-11-13T21:00:00.0000000+00:00","EqBondReversion","4073.63877024"
"2023-11-13T21:00:00.0000000+00:00","RiskPremia","3143.1415020"
"2023-11-14T14:30:00.0000000+00:00","PaydaySeason","1022.49401390"
"2023-11-14T14:30:00.0000000+00:00","BondSeason","3625.99495584"
"2023-11-14T14:30:00.0000000+00:00","EqBondReversion","4073.63877024"
"2023-11-14T14:30:00.0000000+00:00","RiskPremia","3184.5715020"
"2023-11-14T21:00:00.0000000+00:00","PaydaySeason","1028.73401390"
"2023-11-14T21:00:00.0000000+00:00","BondSeason","3625.99495584"
"2023-11-14T21:00:00.0000000+00:00","EqBondReversion","4073.63877024"
"2023-11-14T21:00:00.0000000+00:00","RiskPremia","3194.1215020"
"2023-11-15T14:30:00.0000000+00:00","PaydaySeason","1031.45401390"
"2023-11-15T14:30:00.0000000+00:00","BondSeason","3625.99495584"
"2023-11-15T14:30:00.0000000+00:00","EqBondReversion","4073.63877024"
"2023-11-15T14:30:00.0000000+00:00","RiskPremia","3191.2915020"
"2023-11-15T21:00:00.0000000+00:00","PaydaySeason","1030.33401390"
"2023-11-15T21:00:00.0000000+00:00","BondSeason","3625.99495584"
"2023-11-15T21:00:00.0000000+00:00","EqBondReversion","4073.63877024"
"2023-11-15T21:00:00.0000000+00:00","RiskPremia","3183.4615020"
"2023-11-16T14:30:00.0000000+00:00","PaydaySeason","1029.53401390"
"2023-11-16T14:30:00.0000000+00:00","BondSeason","3625.99495584"
"2023-11-16T14:30:00.0000000+00:00","EqBondReversion","4073.63877024"
"2023-11-16T14:30:00.0000000+00:00","RiskPremia","3195.6115020"
"2023-11-16T21:00:00.0000000+00:00","PaydaySeason","1030.32694190"
"2023-11-16T21:00:00.0000000+00:00","BondSeason","3625.99495584"
"2023-11-16T21:00:00.0000000+00:00","EqBondReversion","4073.63877024"
"2023-11-16T21:00:00.0000000+00:00","RiskPremia","3204.8565020"
"2023-11-17T14:30:00.0000000+00:00","PaydaySeason","1030.32694190"
"2023-11-17T14:30:00.0000000+00:00","BondSeason","3625.99495584"
"2023-11-17T14:30:00.0000000+00:00","EqBondReversion","4073.63877024"
"2023-11-17T14:30:00.0000000+00:00","RiskPremia","3213.4215020"
"2023-11-17T21:00:00.0000000+00:00","PaydaySeason","1030.32694190"
"2023-11-17T21:00:00.0000000+00:00","BondSeason","3625.99495584"
"2023-11-17T21:00:00.0000000+00:00","EqBondReversion","4073.63877024"
"2023-11-17T21:00:00.0000000+00:00","RiskPremia","3210.8715020"
"2023-11-20T14:30:00.0000000+00:00","PaydaySeason","1030.32694190"
"2023-11-20T14:30:00.0000000+00:00","BondSeason","3625.99495584"
"2023-11-20T14:30:00.0000000+00:00","EqBondReversion","4073.63877024"
"2023-11-20T14:30:00.0000000+00:00","RiskPremia","3199.4515020"
"2023-11-20T21:00:00.0000000+00:00","PaydaySeason","1030.32694190"
"2023-11-20T21:00:00.0000000+00:00","BondSeason","3625.48770784"
"2023-11-20T21:00:00.0000000+00:00","EqBondReversion","4073.63877024"
"2023-11-20T21:00:00.0000000+00:00","RiskPremia","3222.0565020"
"2023-11-21T14:30:00.0000000+00:00","PaydaySeason","1030.32694190"
"2023-11-21T14:30:00.0000000+00:00","BondSeason","3623.24770784"
"2023-11-21T14:30:00.0000000+00:00","EqBondReversion","4073.04147024"
"2023-11-21T14:30:00.0000000+00:00","RiskPremia","3231.9315020"
"2023-11-21T21:00:00.0000000+00:00","PaydaySeason","1030.32694190"
"2023-11-21T21:00:00.0000000+00:00","BondSeason","3624.64770784"
"2023-11-21T21:00:00.0000000+00:00","EqBondReversion","4074.69147024"
"2023-11-21T21:00:00.0000000+00:00","RiskPremia","3230.7315020"
"2023-11-22T14:30:00.0000000+00:00","PaydaySeason","1030.32694190"
"2023-11-22T14:30:00.0000000+00:00","BondSeason","3640.04770784"
"2023-11-22T14:30:00.0000000+00:00","EqBondReversion","4092.84147024"
"2023-11-22T14:30:00.0000000+00:00","RiskPremia","3240.2515020"
"2023-11-22T21:00:00.0000000+00:00","PaydaySeason","1030.16851190"
"2023-11-22T21:00:00.0000000+00:00","BondSeason","3633.60770784"
"2023-11-22T21:00:00.0000000+00:00","EqBondReversion","4085.25147024"
"2023-11-22T21:00:00.0000000+00:00","RiskPremia","3233.5665020"
"2023-11-24T14:30:00.0000000+00:00","PaydaySeason","1030.01851190"
"2023-11-24T14:30:00.0000000+00:00","BondSeason","3612.04770784"
"2023-11-24T14:30:00.0000000+00:00","EqBondReversion","4059.84147024"
"2023-11-24T14:30:00.0000000+00:00","RiskPremia","3233.4215020"
"2023-11-24T18:00:00.0000000+00:00","PaydaySeason","1030.91851190"
"2023-11-24T18:00:00.0000000+00:00","BondSeason","3603.50770784"
"2023-11-24T18:00:00.0000000+00:00","EqBondReversion","4049.77647024"
"2023-11-24T18:00:00.0000000+00:00","RiskPremia","3232.3015020"
"2023-11-27T14:30:00.0000000+00:00","PaydaySeason","1030.16851190"
"2023-11-27T14:30:00.0000000+00:00","BondSeason","3617.64770784"
"2023-11-27T14:30:00.0000000+00:00","EqBondReversion","4066.44147024"
"2023-11-27T14:30:00.0000000+00:00","RiskPremia","3241.3315020"
"2023-11-27T21:00:00.0000000+00:00","PaydaySeason","1029.71851190"
"2023-11-27T21:00:00.0000000+00:00","BondSeason","3644.80770784"
"2023-11-27T21:00:00.0000000+00:00","EqBondReversion","4098.45147024"
"2023-11-27T21:00:00.0000000+00:00","RiskPremia","3250.0265020"
"2023-11-28T14:30:00.0000000+00:00","PaydaySeason","1028.81851190"
"2023-11-28T14:30:00.0000000+00:00","BondSeason","3633.88770784"
"2023-11-28T14:30:00.0000000+00:00","EqBondReversion","4085.58147024"
"2023-11-28T14:30:00.0000000+00:00","RiskPremia","3252.4015020"
"2023-11-28T21:00:00.0000000+00:00","PaydaySeason","1030.31851190"
"2023-11-28T21:00:00.0000000+00:00","BondSeason","3650.96770784"
"2023-11-28T21:00:00.0000000+00:00","EqBondReversion","4105.71147024"
"2023-11-28T21:00:00.0000000+00:00","RiskPremia","3268.1815020"
"2023-11-29T14:30:00.0000000+00:00","PaydaySeason","1033.91851190"
"2023-11-29T14:30:00.0000000+00:00","BondSeason","3668.32770784"
"2023-11-29T14:30:00.0000000+00:00","EqBondReversion","4126.17147024"
"2023-11-29T14:30:00.0000000+00:00","RiskPremia","3277.8415020"
"2023-11-29T21:00:00.0000000+00:00","PaydaySeason","1030.91401190"
"2023-11-29T21:00:00.0000000+00:00","BondSeason","3683.16770784"
"2023-11-29T21:00:00.0000000+00:00","EqBondReversion","4143.66147024"
"2023-11-29T21:00:00.0000000+00:00","RiskPremia","3279.7049020"
"2023-11-30T14:30:00.0000000+00:00","PaydaySeason","1032.86851190"
"2023-11-30T14:30:00.0000000+00:00","BondSeason","3664.12770784"
"2023-11-30T14:30:00.0000000+00:00","EqBondReversion","4121.22147024"
"2023-11-30T14:30:00.0000000+00:00","RiskPremia","3273.6515020"
"2023-11-30T21:00:00.0000000+00:00","PaydaySeason","1033.60936190"
"2023-11-30T21:00:00.0000000+00:00","BondSeason","3653.30167584"
"2023-11-30T21:00:00.0000000+00:00","EqBondReversion","4109.06684424"
"2023-11-30T21:00:00.0000000+00:00","RiskPremia","3270.8665020"
"2023-12-01T14:30:00.0000000+00:00","PaydaySeason","1033.60936190"
"2023-12-01T14:30:00.0000000+00:00","BondSeason","3653.61191584"
"2023-12-01T14:30:00.0000000+00:00","EqBondReversion","4109.06684424"
"2023-12-01T14:30:00.0000000+00:00","RiskPremia","3269.3828620"
"2023-12-01T21:00:00.0000000+00:00","PaydaySeason","1033.60936190"
"2023-12-01T21:00:00.0000000+00:00","BondSeason","3607.97191584"
"2023-12-01T21:00:00.0000000+00:00","EqBondReversion","4109.06684424"
"2023-12-01T21:00:00.0000000+00:00","RiskPremia","3314.0928620"
"2023-12-04T14:30:00.0000000+00:00","PaydaySeason","1033.60936190"
"2023-12-04T14:30:00.0000000+00:00","BondSeason","3620.57191584"
"2023-12-04T14:30:00.0000000+00:00","EqBondReversion","4109.06684424"
"2023-12-04T14:30:00.0000000+00:00","RiskPremia","3287.6328620"
"2023-12-04T21:00:00.0000000+00:00","PaydaySeason","1033.60936190"
"2023-12-04T21:00:00.0000000+00:00","BondSeason","3617.07191584"
"2023-12-04T21:00:00.0000000+00:00","EqBondReversion","4109.06684424"
"2023-12-04T21:00:00.0000000+00:00","RiskPremia","3280.9178620"
"2023-12-05T14:30:00.0000000+00:00","PaydaySeason","1033.60936190"
"2023-12-05T14:30:00.0000000+00:00","BondSeason","3588.65191584"
"2023-12-05T14:30:00.0000000+00:00","EqBondReversion","4109.06684424"
"2023-12-05T14:30:00.0000000+00:00","RiskPremia","3283.1128620"
"2023-12-05T21:00:00.0000000+00:00","PaydaySeason","1033.60936190"
"2023-12-05T21:00:00.0000000+00:00","BondSeason","3561.77191584"
"2023-12-05T21:00:00.0000000+00:00","EqBondReversion","4109.06684424"
"2023-12-05T21:00:00.0000000+00:00","RiskPremia","3290.5372620"
"2023-12-06T14:30:00.0000000+00:00","PaydaySeason","1033.60936190"
"2023-12-06T14:30:00.0000000+00:00","BondSeason","3548.05191584"
"2023-12-06T14:30:00.0000000+00:00","EqBondReversion","4109.06684424"
"2023-12-06T14:30:00.0000000+00:00","RiskPremia","3308.0974620"
"2023-12-06T21:00:00.0000000+00:00","PaydaySeason","1033.60936190"
"2023-12-06T21:00:00.0000000+00:00","BondSeason","3525.37191584"
"2023-12-06T21:00:00.0000000+00:00","EqBondReversion","4109.06684424"
"2023-12-06T21:00:00.0000000+00:00","RiskPremia","3301.2674620"
"2023-12-07T14:30:00.0000000+00:00","PaydaySeason","1033.60936190"
"2023-12-07T14:30:00.0000000+00:00","BondSeason","3545.25191584"
"2023-12-07T14:30:00.0000000+00:00","EqBondReversion","4109.06684424"
"2023-12-07T14:30:00.0000000+00:00","RiskPremia","3303.6684260"
"2023-12-07T21:00:00.0000000+00:00","PaydaySeason","1033.60936190"
"2023-12-07T21:00:00.0000000+00:00","BondSeason","3541.61191584"
"2023-12-07T21:00:00.0000000+00:00","EqBondReversion","4109.06684424"
"2023-12-07T21:00:00.0000000+00:00","RiskPremia","3306.9484260"
"2023-12-08T14:30:00.0000000+00:00","PaydaySeason","1033.60936190"
"2023-12-08T14:30:00.0000000+00:00","BondSeason","3566.53191584"
"2023-12-08T14:30:00.0000000+00:00","EqBondReversion","4109.06684424"
"2023-12-08T14:30:00.0000000+00:00","RiskPremia","3285.3284260"
"2023-12-08T21:00:00.0000000+00:00","PaydaySeason","1033.60936190"
"2023-12-08T21:00:00.0000000+00:00","BondSeason","3563.73191584"
"2023-12-08T21:00:00.0000000+00:00","EqBondReversion","4109.06684424"
"2023-12-08T21:00:00.0000000+00:00","RiskPremia","3291.3284260"
"2023-12-11T14:30:00.0000000+00:00","PaydaySeason","1033.60936190"
"2023-12-11T14:30:00.0000000+00:00","BondSeason","3578.01191584"
"2023-12-11T14:30:00.0000000+00:00","EqBondReversion","4109.06684424"
"2023-12-11T14:30:00.0000000+00:00","RiskPremia","3280.4284260"
"2023-12-11T21:00:00.0000000+00:00","PaydaySeason","1033.60936190"
"2023-12-11T21:00:00.0000000+00:00","BondSeason","3568.52366784"
"2023-12-11T21:00:00.0000000+00:00","EqBondReversion","4109.06684424"
"2023-12-11T21:00:00.0000000+00:00","RiskPremia","3282.2234260"
"2023-12-12T14:30:00.0000000+00:00","PaydaySeason","1033.60936190"
"2023-12-12T14:30:00.0000000+00:00","BondSeason","3568.52366784"
"2023-12-12T14:30:00.0000000+00:00","EqBondReversion","4109.06684424"
"2023-12-12T14:30:00.0000000+00:00","RiskPremia","3281.6784260"
"2023-12-12T21:00:00.0000000+00:00","PaydaySeason","1033.44775190"
"2023-12-12T21:00:00.0000000+00:00","BondSeason","3568.52366784"
"2023-12-12T21:00:00.0000000+00:00","EqBondReversion","4109.06684424"
"2023-12-12T21:00:00.0000000+00:00","RiskPremia","3287.8684260"
"2023-12-13T14:30:00.0000000+00:00","PaydaySeason","1034.04775190"
"2023-12-13T14:30:00.0000000+00:00","BondSeason","3568.52366784"
"2023-12-13T14:30:00.0000000+00:00","EqBondReversion","4109.06684424"
"2023-12-13T14:30:00.0000000+00:00","RiskPremia","3294.9084260"
"2023-12-13T21:00:00.0000000+00:00","PaydaySeason","1046.04775190"
"2023-12-13T21:00:00.0000000+00:00","BondSeason","3568.52366784"
"2023-12-13T21:00:00.0000000+00:00","EqBondReversion","4109.06684424"
"2023-12-13T21:00:00.0000000+00:00","RiskPremia","3347.8684260"
"2023-12-14T14:30:00.0000000+00:00","PaydaySeason","1049.79775190"
"2023-12-14T14:30:00.0000000+00:00","BondSeason","3568.52366784"
"2023-12-14T14:30:00.0000000+00:00","EqBondReversion","4109.06684424"
"2023-12-14T14:30:00.0000000+00:00","RiskPremia","3368.9321640"
"2023-12-14T21:00:00.0000000+00:00","PaydaySeason","1050.90175190"
"2023-12-14T21:00:00.0000000+00:00","BondSeason","3568.52366784"
"2023-12-14T21:00:00.0000000+00:00","EqBondReversion","4109.06684424"
"2023-12-14T21:00:00.0000000+00:00","RiskPremia","3379.0713640"
"2023-12-15T14:30:00.0000000+00:00","PaydaySeason","1050.24775190"
"2023-12-15T14:30:00.0000000+00:00","BondSeason","3568.52366784"
"2023-12-15T14:30:00.0000000+00:00","EqBondReversion","4109.06684424"
"2023-12-15T14:30:00.0000000+00:00","RiskPremia","3375.0621640"
"2023-12-15T21:00:00.0000000+00:00","PaydaySeason","1049.49775190"
"2023-12-15T21:00:00.0000000+00:00","BondSeason","3568.52366784"
"2023-12-15T21:00:00.0000000+00:00","EqBondReversion","4109.06684424"
"2023-12-15T21:00:00.0000000+00:00","RiskPremia","3367.9021640"
"2023-12-18T14:30:00.0000000+00:00","PaydaySeason","1051.59775190"
"2023-12-18T14:30:00.0000000+00:00","BondSeason","3568.52366784"
"2023-12-18T14:30:00.0000000+00:00","EqBondReversion","4109.06684424"
"2023-12-18T14:30:00.0000000+00:00","RiskPremia","3369.0521640"
"2023-12-18T21:00:00.0000000+00:00","PaydaySeason","1053.38212190"
"2023-12-18T21:00:00.0000000+00:00","BondSeason","3568.52366784"
"2023-12-18T21:00:00.0000000+00:00","EqBondReversion","4109.06684424"
"2023-12-18T21:00:00.0000000+00:00","RiskPremia","3373.3121640"
"2023-12-19T14:30:00.0000000+00:00","PaydaySeason","1053.38212190"
"2023-12-19T14:30:00.0000000+00:00","BondSeason","3568.52366784"
"2023-12-19T14:30:00.0000000+00:00","EqBondReversion","4109.06684424"
"2023-12-19T14:30:00.0000000+00:00","RiskPremia","3381.0421640"
"2023-12-19T21:00:00.0000000+00:00","PaydaySeason","1053.38212190"
"2023-12-19T21:00:00.0000000+00:00","BondSeason","3568.00943984"
"2023-12-19T21:00:00.0000000+00:00","EqBondReversion","4109.06684424"
"2023-12-19T21:00:00.0000000+00:00","RiskPremia","3393.5821640"
"2023-12-20T14:30:00.0000000+00:00","PaydaySeason","1053.38212190"
"2023-12-20T14:30:00.0000000+00:00","BondSeason","3573.98943984"
"2023-12-20T14:30:00.0000000+00:00","EqBondReversion","4109.06684424"
"2023-12-20T14:30:00.0000000+00:00","RiskPremia","3390.1621640"
"2023-12-20T21:00:00.0000000+00:00","PaydaySeason","1053.38212190"
"2023-12-20T21:00:00.0000000+00:00","BondSeason","3586.07943984"
"2023-12-20T21:00:00.0000000+00:00","EqBondReversion","4109.06684424"
"2023-12-20T21:00:00.0000000+00:00","RiskPremia","3373.2571640"
"2023-12-21T14:30:00.0000000+00:00","PaydaySeason","1053.38212190"
"2023-12-21T14:30:00.0000000+00:00","BondSeason","3590.62943984"
"2023-12-21T14:30:00.0000000+00:00","EqBondReversion","4108.45975424"
"2023-12-21T14:30:00.0000000+00:00","RiskPremia","3391.3021640"
"2023-12-21T21:00:00.0000000+00:00","PaydaySeason","1053.38212190"
"2023-12-21T21:00:00.0000000+00:00","BondSeason","3569.30943984"
"2023-12-21T21:00:00.0000000+00:00","EqBondReversion","4117.80975424"
"2023-12-21T21:00:00.0000000+00:00","RiskPremia","3390.1721640"
"2023-12-22T14:30:00.0000000+00:00","PaydaySeason","1053.38212190"
"2023-12-22T14:30:00.0000000+00:00","BondSeason","3580.48943984"
"2023-12-22T14:30:00.0000000+00:00","EqBondReversion","4124.40975424"
"2023-12-22T14:30:00.0000000+00:00","RiskPremia","3409.4521640"
"2023-12-22T21:00:00.0000000+00:00","PaydaySeason","1053.22669390"
"2023-12-22T21:00:00.0000000+00:00","BondSeason","3557.34943984"
"2023-12-22T21:00:00.0000000+00:00","EqBondReversion","4126.05975424"
"2023-12-22T21:00:00.0000000+00:00","RiskPremia","3395.7621640"
"2023-12-26T14:30:00.0000000+00:00","PaydaySeason","1053.50669390"
"2023-12-26T14:30:00.0000000+00:00","BondSeason","3558.90943984"
"2023-12-26T14:30:00.0000000+00:00","EqBondReversion","4127.15975424"
"2023-12-26T14:30:00.0000000+00:00","RiskPremia","3400.9721640"
"2023-12-26T21:00:00.0000000+00:00","PaydaySeason","1056.86669390"
"2023-12-26T21:00:00.0000000+00:00","BondSeason","3564.36943984"
"2023-12-26T21:00:00.0000000+00:00","EqBondReversion","4140.35975424"
"2023-12-26T21:00:00.0000000+00:00","RiskPremia","3412.0721640"
"2023-12-27T14:30:00.0000000+00:00","PaydaySeason","1057.00669390"
"2023-12-27T14:30:00.0000000+00:00","BondSeason","3591.14943984"
"2023-12-27T14:30:00.0000000+00:00","EqBondReversion","4140.90975424"
"2023-12-27T14:30:00.0000000+00:00","RiskPremia","3420.0821640"
"2023-12-27T21:00:00.0000000+00:00","PaydaySeason","1058.40669390"
"2023-12-27T21:00:00.0000000+00:00","BondSeason","3610.38943984"
"2023-12-27T21:00:00.0000000+00:00","EqBondReversion","4146.40975424"
"2023-12-27T21:00:00.0000000+00:00","RiskPremia","3432.6821640"
"2023-12-28T14:30:00.0000000+00:00","PaydaySeason","1058.96669390"
"2023-12-28T14:30:00.0000000+00:00","BondSeason","3598.94943984"
"2023-12-28T14:30:00.0000000+00:00","EqBondReversion","4148.60975424"
"2023-12-28T14:30:00.0000000+00:00","RiskPremia","3429.0321640"
"2023-12-28T21:00:00.0000000+00:00","PaydaySeason","1058.68669390"
"2023-12-28T21:00:00.0000000+00:00","BondSeason","3590.88943984"
"2023-12-28T21:00:00.0000000+00:00","EqBondReversion","4147.50975424"
"2023-12-28T21:00:00.0000000+00:00","RiskPremia","3420.9121640"
"2023-12-29T14:30:00.0000000+00:00","PaydaySeason","1058.40669390"
"2023-12-29T14:30:00.0000000+00:00","BondSeason","3574.24943984"
"2023-12-29T14:30:00.0000000+00:00","EqBondReversion","4146.40975424"
"2023-12-29T14:30:00.0000000+00:00","RiskPremia","3412.8021640"
"2023-12-29T21:00:00.0000000+00:00","PaydaySeason","1055.45078990"
"2023-12-29T21:00:00.0000000+00:00","BondSeason","3567.76067184"
"2023-12-29T21:00:00.0000000+00:00","EqBondReversion","4134.79727424"
"2023-12-29T21:00:00.0000000+00:00","RiskPremia","3408.3821640"
"2024-01-02T14:30:00.0000000+00:00","PaydaySeason","1055.45078990"
"2024-01-02T14:30:00.0000000+00:00","BondSeason","3585.96067184"
"2024-01-02T14:30:00.0000000+00:00","EqBondReversion","4134.79727424"
"2024-01-02T14:30:00.0000000+00:00","RiskPremia","3396.8621640"
"2024-01-02T21:00:00.0000000+00:00","PaydaySeason","1055.45078990"
"2024-01-02T21:00:00.0000000+00:00","BondSeason","3583.10067184"
"2024-01-02T21:00:00.0000000+00:00","EqBondReversion","4134.79727424"
"2024-01-02T21:00:00.0000000+00:00","RiskPremia","3393.2121640"
"2024-01-03T14:30:00.0000000+00:00","PaydaySeason","1055.45078990"
"2024-01-03T14:30:00.0000000+00:00","BondSeason","3607.80067184"
"2024-01-03T14:30:00.0000000+00:00","EqBondReversion","4134.79727424"
"2024-01-03T14:30:00.0000000+00:00","RiskPremia","3368.7321640"
"2024-01-03T21:00:00.0000000+00:00","PaydaySeason","1055.45078990"
"2024-01-03T21:00:00.0000000+00:00","BondSeason","3572.44067184"
"2024-01-03T21:00:00.0000000+00:00","EqBondReversion","4134.79727424"
"2024-01-03T21:00:00.0000000+00:00","RiskPremia","3373.2421640"
"2024-01-04T14:30:00.0000000+00:00","PaydaySeason","1055.45078990"
"2024-01-04T14:30:00.0000000+00:00","BondSeason","3607.02067184"
"2024-01-04T14:30:00.0000000+00:00","EqBondReversion","4134.79727424"
"2024-01-04T14:30:00.0000000+00:00","RiskPremia","3362.5421640"
"2024-01-04T21:00:00.0000000+00:00","PaydaySeason","1055.45078990"
"2024-01-04T21:00:00.0000000+00:00","BondSeason","3611.18067184"
"2024-01-04T21:00:00.0000000+00:00","EqBondReversion","4134.79727424"
"2024-01-04T21:00:00.0000000+00:00","RiskPremia","3360.8921640"
"2024-01-05T14:30:00.0000000+00:00","PaydaySeason","1055.45078990"
"2024-01-05T14:30:00.0000000+00:00","BondSeason","3630.68067184"
"2024-01-05T14:30:00.0000000+00:00","EqBondReversion","4134.79727424"
"2024-01-05T14:30:00.0000000+00:00","RiskPremia","3357.9621640"
"2024-01-05T21:00:00.0000000+00:00","PaydaySeason","1055.45078990"
"2024-01-05T21:00:00.0000000+00:00","BondSeason","3634.84067184"
"2024-01-05T21:00:00.0000000+00:00","EqBondReversion","4134.79727424"
"2024-01-05T21:00:00.0000000+00:00","RiskPremia","3356.5721640"
"2024-01-08T14:30:00.0000000+00:00","PaydaySeason","1055.45078990"
"2024-01-08T14:30:00.0000000+00:00","BondSeason","3638.22067184"
"2024-01-08T14:30:00.0000000+00:00","EqBondReversion","4134.79727424"
"2024-01-08T14:30:00.0000000+00:00","RiskPremia","3343.5721640"
"2024-01-08T21:00:00.0000000+00:00","PaydaySeason","1055.45078990"
"2024-01-08T21:00:00.0000000+00:00","BondSeason","3611.05067184"
"2024-01-08T21:00:00.0000000+00:00","EqBondReversion","4134.79727424"
"2024-01-08T21:00:00.0000000+00:00","RiskPremia","3371.2971640"
"2024-01-09T14:30:00.0000000+00:00","PaydaySeason","1055.45078990"
"2024-01-09T14:30:00.0000000+00:00","BondSeason","3627.04067184"
"2024-01-09T14:30:00.0000000+00:00","EqBondReversion","4134.79727424"
"2024-01-09T14:30:00.0000000+00:00","RiskPremia","3365.8321640"
"2024-01-09T21:00:00.0000000+00:00","PaydaySeason","1055.45078990"
"2024-01-09T21:00:00.0000000+00:00","BondSeason","3626.23467184"
"2024-01-09T21:00:00.0000000+00:00","EqBondReversion","4134.79727424"
"2024-01-09T21:00:00.0000000+00:00","RiskPremia","3365.2241640"
"2024-01-10T14:30:00.0000000+00:00","PaydaySeason","1055.45078990"
"2024-01-10T14:30:00.0000000+00:00","BondSeason","3620.28067184"
"2024-01-10T14:30:00.0000000+00:00","EqBondReversion","4134.79727424"
"2024-01-10T14:30:00.0000000+00:00","RiskPremia","3369.0121640"
"2024-01-10T21:00:00.0000000+00:00","PaydaySeason","1055.45078990"
"2024-01-10T21:00:00.0000000+00:00","BondSeason","3638.50053584"
"2024-01-10T21:00:00.0000000+00:00","EqBondReversion","4134.79727424"
"2024-01-10T21:00:00.0000000+00:00","RiskPremia","3365.7771640"
"2024-01-11T14:30:00.0000000+00:00","PaydaySeason","1055.45078990"
"2024-01-11T14:30:00.0000000+00:00","BondSeason","3638.50053584"
"2024-01-11T14:30:00.0000000+00:00","EqBondReversion","4134.79727424"
"2024-01-11T14:30:00.0000000+00:00","RiskPremia","3370.9521640"
"2024-01-11T21:00:00.0000000+00:00","PaydaySeason","1055.29510990"
"2024-01-11T21:00:00.0000000+00:00","BondSeason","3638.50053584"
"2024-01-11T21:00:00.0000000+00:00","EqBondReversion","4134.79727424"
"2024-01-11T21:00:00.0000000+00:00","RiskPremia","3370.5321640"
"2024-01-12T14:30:00.0000000+00:00","PaydaySeason","1057.53510990"
"2024-01-12T14:30:00.0000000+00:00","BondSeason","3638.50053584"
"2024-01-12T14:30:00.0000000+00:00","EqBondReversion","4134.79727424"
"2024-01-12T14:30:00.0000000+00:00","RiskPremia","3392.2621640"
"2024-01-12T21:00:00.0000000+00:00","PaydaySeason","1055.15510990"
"2024-01-12T21:00:00.0000000+00:00","BondSeason","3638.50053584"
"2024-01-12T21:00:00.0000000+00:00","EqBondReversion","4134.79727424"
"2024-01-12T21:00:00.0000000+00:00","RiskPremia","3380.5371640"
"2024-01-16T14:30:00.0000000+00:00","PaydaySeason","1052.91510990"
"2024-01-16T14:30:00.0000000+00:00","BondSeason","3638.50053584"
"2024-01-16T14:30:00.0000000+00:00","EqBondReversion","4134.79727424"
"2024-01-16T14:30:00.0000000+00:00","RiskPremia","3367.0221640"
"2024-01-16T21:00:00.0000000+00:00","PaydaySeason","1052.07510990"
"2024-01-16T21:00:00.0000000+00:00","BondSeason","3638.50053584"
"2024-01-16T21:00:00.0000000+00:00","EqBondReversion","4134.79727424"
"2024-01-16T21:00:00.0000000+00:00","RiskPremia","3352.6371640"
"2024-01-17T14:30:00.0000000+00:00","PaydaySeason","1046.75510990"
"2024-01-17T14:30:00.0000000+00:00","BondSeason","3638.50053584"
"2024-01-17T14:30:00.0000000+00:00","EqBondReversion","4134.79727424"
"2024-01-17T14:30:00.0000000+00:00","RiskPremia","3339.1121640"
"2024-01-17T21:00:00.0000000+00:00","PaydaySeason","1047.45510990"
"2024-01-17T21:00:00.0000000+00:00","BondSeason","3638.50053584"
"2024-01-17T21:00:00.0000000+00:00","EqBondReversion","4134.79727424"
"2024-01-17T21:00:00.0000000+00:00","RiskPremia","3331.4921640"
"2024-01-18T14:30:00.0000000+00:00","PaydaySeason","1050.81510990"
"2024-01-18T14:30:00.0000000+00:00","BondSeason","3638.50053584"
"2024-01-18T14:30:00.0000000+00:00","EqBondReversion","4134.79727424"
"2024-01-18T14:30:00.0000000+00:00","RiskPremia","3338.2021640"
"2024-01-18T21:00:00.0000000+00:00","PaydaySeason","1053.87968190"
"2024-01-18T21:00:00.0000000+00:00","BondSeason","3638.50053584"
"2024-01-18T21:00:00.0000000+00:00","EqBondReversion","4134.79727424"
"2024-01-18T21:00:00.0000000+00:00","RiskPremia","3345.4521640"
"2024-01-19T14:30:00.0000000+00:00","PaydaySeason","1053.87968190"
"2024-01-19T14:30:00.0000000+00:00","BondSeason","3638.50053584"
"2024-01-19T14:30:00.0000000+00:00","EqBondReversion","4134.79727424"
"2024-01-19T14:30:00.0000000+00:00","RiskPremia","3355.1021640"
"2024-01-19T21:00:00.0000000+00:00","PaydaySeason","1053.87968190"
"2024-01-19T21:00:00.0000000+00:00","BondSeason","3638.50053584"
"2024-01-19T21:00:00.0000000+00:00","EqBondReversion","4134.79727424"
"2024-01-19T21:00:00.0000000+00:00","RiskPremia","3365.7821640"
"2024-01-22T14:30:00.0000000+00:00","PaydaySeason","1053.87968190"
"2024-01-22T14:30:00.0000000+00:00","BondSeason","3638.50053584"
"2024-01-22T14:30:00.0000000+00:00","EqBondReversion","4134.79727424"
"2024-01-22T14:30:00.0000000+00:00","RiskPremia","3371.0221640"
"2024-01-22T21:00:00.0000000+00:00","PaydaySeason","1053.87968190"
"2024-01-22T21:00:00.0000000+00:00","BondSeason","3637.98947984"
"2024-01-22T21:00:00.0000000+00:00","EqBondReversion","4134.79727424"
"2024-01-22T21:00:00.0000000+00:00","RiskPremia","3370.8521640"
"2024-01-23T14:30:00.0000000+00:00","PaydaySeason","1053.87968190"
"2024-01-23T14:30:00.0000000+00:00","BondSeason","3617.73947984"
"2024-01-23T14:30:00.0000000+00:00","EqBondReversion","4134.21515624"
"2024-01-23T14:30:00.0000000+00:00","RiskPremia","3369.4021640"
"2024-01-23T21:00:00.0000000+00:00","PaydaySeason","1053.87968190"
"2024-01-23T21:00:00.0000000+00:00","BondSeason","3617.73947984"
"2024-01-23T21:00:00.0000000+00:00","EqBondReversion","4134.21515624"
"2024-01-23T21:00:00.0000000+00:00","RiskPremia","3371.9371640"
"2024-01-24T14:30:00.0000000+00:00","PaydaySeason","1053.87968190"
"2024-01-24T14:30:00.0000000+00:00","BondSeason","3635.01947984"
"2024-01-24T14:30:00.0000000+00:00","EqBondReversion","4154.05515624"
"2024-01-24T14:30:00.0000000+00:00","RiskPremia","3387.8221640"
"2024-01-24T21:00:00.0000000+00:00","PaydaySeason","1053.72139790"
"2024-01-24T21:00:00.0000000+00:00","BondSeason","3603.42947984"
"2024-01-24T21:00:00.0000000+00:00","EqBondReversion","4117.78515624"
"2024-01-24T21:00:00.0000000+00:00","RiskPremia","3358.7271640"
"2024-01-25T14:30:00.0000000+00:00","PaydaySeason","1057.64139790"
"2024-01-25T14:30:00.0000000+00:00","BondSeason","3620.70947984"
"2024-01-25T14:30:00.0000000+00:00","EqBondReversion","4137.62515624"
"2024-01-25T14:30:00.0000000+00:00","RiskPremia","3375.0221640"
"2024-01-25T21:00:00.0000000+00:00","PaydaySeason","1058.06139790"
"2024-01-25T21:00:00.0000000+00:00","BondSeason","3619.35947984"
"2024-01-25T21:00:00.0000000+00:00","EqBondReversion","4136.07515624"
"2024-01-25T21:00:00.0000000+00:00","RiskPremia","3374.1721640"
"2024-01-26T14:30:00.0000000+00:00","PaydaySeason","1057.64139790"
"2024-01-26T14:30:00.0000000+00:00","BondSeason","3618.81947984"
"2024-01-26T14:30:00.0000000+00:00","EqBondReversion","4135.45515624"
"2024-01-26T14:30:00.0000000+00:00","RiskPremia","3374.2421640"
"2024-01-26T21:00:00.0000000+00:00","PaydaySeason","1057.64139790"
"2024-01-26T21:00:00.0000000+00:00","BondSeason","3614.76947984"
"2024-01-26T21:00:00.0000000+00:00","EqBondReversion","4130.80515624"
"2024-01-26T21:00:00.0000000+00:00","RiskPremia","3371.4521640"
"2024-01-29T14:30:00.0000000+00:00","PaydaySeason","1058.34139790"
"2024-01-29T14:30:00.0000000+00:00","BondSeason","3628.80947984"
"2024-01-29T14:30:00.0000000+00:00","EqBondReversion","4146.92515624"
"2024-01-29T14:30:00.0000000+00:00","RiskPremia","3384.3121640"
"2024-01-29T21:00:00.0000000+00:00","PaydaySeason","1064.78139790"
"2024-01-29T21:00:00.0000000+00:00","BondSeason","3644.46947984"
"2024-01-29T21:00:00.0000000+00:00","EqBondReversion","4164.90515624"
"2024-01-29T21:00:00.0000000+00:00","RiskPremia","3398.4921640"
"2024-01-30T14:30:00.0000000+00:00","PaydaySeason","1063.66139790"
"2024-01-30T14:30:00.0000000+00:00","BondSeason","3660.66947984"
"2024-01-30T14:30:00.0000000+00:00","EqBondReversion","4183.50515624"
"2024-01-30T14:30:00.0000000+00:00","RiskPremia","3409.6321640"
"2024-01-30T21:00:00.0000000+00:00","PaydaySeason","1063.66139790"
"2024-01-30T21:00:00.0000000+00:00","BondSeason","3667.14947984"
"2024-01-30T21:00:00.0000000+00:00","EqBondReversion","4190.94515624"
"2024-01-30T21:00:00.0000000+00:00","RiskPremia","3404.4971640"
"2024-01-31T14:30:00.0000000+00:00","PaydaySeason","1059.46139790"
"2024-01-31T14:30:00.0000000+00:00","BondSeason","3680.37947984"
"2024-01-31T14:30:00.0000000+00:00","EqBondReversion","4206.13515624"
"2024-01-31T14:30:00.0000000+00:00","RiskPremia","3406.1121640"
"2024-01-31T21:00:00.0000000+00:00","PaydaySeason","1049.78386990"
"2024-01-31T21:00:00.0000000+00:00","BondSeason","3692.02533584"
"2024-01-31T21:00:00.0000000+00:00","EqBondReversion","4220.10574024"
"2024-01-31T21:00:00.0000000+00:00","RiskPremia","3388.9321640"
"2024-02-01T14:30:00.0000000+00:00","PaydaySeason","1049.78386990"
"2024-02-01T14:30:00.0000000+00:00","BondSeason","3663.67204184"
"2024-02-01T14:30:00.0000000+00:00","EqBondReversion","4220.10574024"
"2024-02-01T14:30:00.0000000+00:00","RiskPremia","3409.1030180"
"2024-02-01T21:00:00.0000000+00:00","PaydaySeason","1049.78386990"
"2024-02-01T21:00:00.0000000+00:00","BondSeason","3643.01704184"
"2024-02-01T21:00:00.0000000+00:00","EqBondReversion","4220.10574024"
"2024-02-01T21:00:00.0000000+00:00","RiskPremia","3429.5880180"
"2024-02-02T14:30:00.0000000+00:00","PaydaySeason","1049.78386990"
"2024-02-02T14:30:00.0000000+00:00","BondSeason","3694.72204184"
"2024-02-02T14:30:00.0000000+00:00","EqBondReversion","4220.10574024"
"2024-02-02T14:30:00.0000000+00:00","RiskPremia","3402.3430180"
"2024-02-02T21:00:00.0000000+00:00","PaydaySeason","1049.78386990"
"2024-02-02T21:00:00.0000000+00:00","BondSeason","3699.85204184"
"2024-02-02T21:00:00.0000000+00:00","EqBondReversion","4220.10574024"
"2024-02-02T21:00:00.0000000+00:00","RiskPremia","3415.4930180"
"2024-02-05T14:30:00.0000000+00:00","PaydaySeason","1049.78386990"
"2024-02-05T14:30:00.0000000+00:00","BondSeason","3738.73204184"
"2024-02-05T14:30:00.0000000+00:00","EqBondReversion","4220.10574024"
"2024-02-05T14:30:00.0000000+00:00","RiskPremia","3392.2630180"
"2024-02-05T21:00:00.0000000+00:00","PaydaySeason","1049.78386990"
"2024-02-05T21:00:00.0000000+00:00","BondSeason","3751.96204184"
"2024-02-05T21:00:00.0000000+00:00","EqBondReversion","4220.10574024"
"2024-02-05T21:00:00.0000000+00:00","RiskPremia","3389.2980180"
"2024-02-06T14:30:00.0000000+00:00","PaydaySeason","1049.78386990"
"2024-02-06T14:30:00.0000000+00:00","BondSeason","3749.80204184"
"2024-02-06T14:30:00.0000000+00:00","EqBondReversion","4220.10574024"
"2024-02-06T14:30:00.0000000+00:00","RiskPremia","3394.9630180"
"2024-02-06T21:00:00.0000000+00:00","PaydaySeason","1049.78386990"
"2024-02-06T21:00:00.0000000+00:00","BondSeason","3729.28204184"
"2024-02-06T21:00:00.0000000+00:00","EqBondReversion","4220.10574024"
"2024-02-06T21:00:00.0000000+00:00","RiskPremia","3406.0330180"
"2024-02-07T14:30:00.0000000+00:00","PaydaySeason","1049.78386990"
"2024-02-07T14:30:00.0000000+00:00","BondSeason","3740.62204184"
"2024-02-07T14:30:00.0000000+00:00","EqBondReversion","4220.10574024"
"2024-02-07T14:30:00.0000000+00:00","RiskPremia","3408.7430180"
"2024-02-07T21:00:00.0000000+00:00","PaydaySeason","1049.78386990"
"2024-02-07T21:00:00.0000000+00:00","BondSeason","3740.08204184"
"2024-02-07T21:00:00.0000000+00:00","EqBondReversion","4220.10574024"
"2024-02-07T21:00:00.0000000+00:00","RiskPremia","3412.1880180"
"2024-02-08T14:30:00.0000000+00:00","PaydaySeason","1049.78386990"
"2024-02-08T14:30:00.0000000+00:00","BondSeason","3755.47204184"
"2024-02-08T14:30:00.0000000+00:00","EqBondReversion","4220.10574024"
"2024-02-08T14:30:00.0000000+00:00","RiskPremia","3404.8630180"
"2024-02-08T21:00:00.0000000+00:00","PaydaySeason","1049.78386990"
"2024-02-08T21:00:00.0000000+00:00","BondSeason","3755.20204184"
"2024-02-08T21:00:00.0000000+00:00","EqBondReversion","4220.10574024"
"2024-02-08T21:00:00.0000000+00:00","RiskPremia","3410.3330180"
"2024-02-09T14:30:00.0000000+00:00","PaydaySeason","1049.78386990"
"2024-02-09T14:30:00.0000000+00:00","BondSeason","3762.49204184"
"2024-02-09T14:30:00.0000000+00:00","EqBondReversion","4220.10574024"
"2024-02-09T14:30:00.0000000+00:00","RiskPremia","3406.4081280"
"2024-02-09T21:00:00.0000000+00:00","PaydaySeason","1049.78386990"
"2024-02-09T21:00:00.0000000+00:00","BondSeason","3759.28519784"
"2024-02-09T21:00:00.0000000+00:00","EqBondReversion","4220.10574024"
"2024-02-09T21:00:00.0000000+00:00","RiskPremia","3412.0031280"
"2024-02-12T14:30:00.0000000+00:00","PaydaySeason","1049.78386990"
"2024-02-12T14:30:00.0000000+00:00","BondSeason","3759.28519784"
"2024-02-12T14:30:00.0000000+00:00","EqBondReversion","4220.10574024"
"2024-02-12T14:30:00.0000000+00:00","RiskPremia","3407.0081280"
"2024-02-12T21:00:00.0000000+00:00","PaydaySeason","1049.63192590"
"2024-02-12T21:00:00.0000000+00:00","BondSeason","3759.28519784"
"2024-02-12T21:00:00.0000000+00:00","EqBondReversion","4220.10574024"
"2024-02-12T21:00:00.0000000+00:00","RiskPremia","3410.6381280"
"2024-02-13T14:30:00.0000000+00:00","PaydaySeason","1038.71192590"
"2024-02-13T14:30:00.0000000+00:00","BondSeason","3759.28519784"
"2024-02-13T14:30:00.0000000+00:00","EqBondReversion","4220.10574024"
"2024-02-13T14:30:00.0000000+00:00","RiskPremia","3376.6081280"
"2024-02-13T21:00:00.0000000+00:00","PaydaySeason","1037.67192590"
"2024-02-13T21:00:00.0000000+00:00","BondSeason","3759.28519784"
"2024-02-13T21:00:00.0000000+00:00","EqBondReversion","4220.10574024"
"2024-02-13T21:00:00.0000000+00:00","RiskPremia","3366.1531280"
"2024-02-14T14:30:00.0000000+00:00","PaydaySeason","1042.35192590"
"2024-02-14T14:30:00.0000000+00:00","BondSeason","3759.28519784"
"2024-02-14T14:30:00.0000000+00:00","EqBondReversion","4220.10574024"
"2024-02-14T14:30:00.0000000+00:00","RiskPremia","3370.8096660"
"2024-02-14T21:00:00.0000000+00:00","PaydaySeason","1046.38192590"
"2024-02-14T21:00:00.0000000+00:00","BondSeason","3759.28519784"
"2024-02-14T21:00:00.0000000+00:00","EqBondReversion","4220.10574024"
"2024-02-14T21:00:00.0000000+00:00","RiskPremia","3381.6496660"
"2024-02-15T14:30:00.0000000+00:00","PaydaySeason","1047.68192590"
"2024-02-15T14:30:00.0000000+00:00","BondSeason","3759.28519784"
"2024-02-15T14:30:00.0000000+00:00","EqBondReversion","4220.10574024"
"2024-02-15T14:30:00.0000000+00:00","RiskPremia","3396.6396660"
"2024-02-15T21:00:00.0000000+00:00","PaydaySeason","1051.71192590"
"2024-02-15T21:00:00.0000000+00:00","BondSeason","3759.28519784"
"2024-02-15T21:00:00.0000000+00:00","EqBondReversion","4220.10574024"
"2024-02-15T21:00:00.0000000+00:00","RiskPremia","3400.8846660"
"2024-02-16T14:30:00.0000000+00:00","PaydaySeason","1051.45192590"
"2024-02-16T14:30:00.0000000+00:00","BondSeason","3759.28519784"
"2024-02-16T14:30:00.0000000+00:00","EqBondReversion","4220.10574024"
"2024-02-16T14:30:00.0000000+00:00","RiskPremia","3390.1096660"
"2024-02-16T21:00:00.0000000+00:00","PaydaySeason","1047.53037190"
"2024-02-16T21:00:00.0000000+00:00","BondSeason","3759.28519784"
"2024-02-16T21:00:00.0000000+00:00","EqBondReversion","4220.10574024"
"2024-02-16T21:00:00.0000000+00:00","RiskPremia","3395.5546660"
"2024-02-20T14:30:00.0000000+00:00","PaydaySeason","1047.53037190"
"2024-02-20T14:30:00.0000000+00:00","BondSeason","3759.28519784"
"2024-02-20T14:30:00.0000000+00:00","EqBondReversion","4220.10574024"
"2024-02-20T14:30:00.0000000+00:00","RiskPremia","3400.9796660"
"2024-02-20T21:00:00.0000000+00:00","PaydaySeason","1047.53037190"
"2024-02-20T21:00:00.0000000+00:00","BondSeason","3758.76534984"
"2024-02-20T21:00:00.0000000+00:00","EqBondReversion","4220.10574024"
"2024-02-20T21:00:00.0000000+00:00","RiskPremia","3395.6496660"
"2024-02-21T14:30:00.0000000+00:00","PaydaySeason","1047.53037190"
"2024-02-21T14:30:00.0000000+00:00","BondSeason","3758.76534984"
"2024-02-21T14:30:00.0000000+00:00","EqBondReversion","4220.10574024"
"2024-02-21T14:30:00.0000000+00:00","RiskPremia","3395.2196660"
"2024-02-21T21:00:00.0000000+00:00","PaydaySeason","1047.53037190"
"2024-02-21T21:00:00.0000000+00:00","BondSeason","3740.84534984"
"2024-02-21T21:00:00.0000000+00:00","EqBondReversion","4220.10574024"
"2024-02-21T21:00:00.0000000+00:00","RiskPremia","3390.9343660"
"2024-02-22T14:30:00.0000000+00:00","PaydaySeason","1047.53037190"
"2024-02-22T14:30:00.0000000+00:00","BondSeason","3744.76534984"
"2024-02-22T14:30:00.0000000+00:00","EqBondReversion","4219.51482824"
"2024-02-22T14:30:00.0000000+00:00","RiskPremia","3405.9996660"
"2024-02-22T21:00:00.0000000+00:00","PaydaySeason","1047.53037190"
"2024-02-22T21:00:00.0000000+00:00","BondSeason","3752.32534984"
"2024-02-22T21:00:00.0000000+00:00","EqBondReversion","4228.15482824"
"2024-02-22T21:00:00.0000000+00:00","RiskPremia","3415.5596660"
"2024-02-23T14:30:00.0000000+00:00","PaydaySeason","1047.53037190"
"2024-02-23T14:30:00.0000000+00:00","BondSeason","3756.80534984"
"2024-02-23T14:30:00.0000000+00:00","EqBondReversion","4233.27482824"
"2024-02-23T14:30:00.0000000+00:00","RiskPremia","3421.6996660"
"2024-02-23T21:00:00.0000000+00:00","PaydaySeason","1047.37663390"
"2024-02-23T21:00:00.0000000+00:00","BondSeason","3787.88534984"
"2024-02-23T21:00:00.0000000+00:00","EqBondReversion","4268.79482824"
"2024-02-23T21:00:00.0000000+00:00","RiskPremia","3434.2996660"
"2024-02-26T14:30:00.0000000+00:00","PaydaySeason","1047.50663390"
"2024-02-26T14:30:00.0000000+00:00","BondSeason","3791.52534984"
"2024-02-26T14:30:00.0000000+00:00","EqBondReversion","4272.95482824"
"2024-02-26T14:30:00.0000000+00:00","RiskPremia","3430.5996660"
"2024-02-26T21:00:00.0000000+00:00","PaydaySeason","1044.90663390"
"2024-02-26T21:00:00.0000000+00:00","BondSeason","3779.76534984"
"2024-02-26T21:00:00.0000000+00:00","EqBondReversion","4259.51482824"
"2024-02-26T21:00:00.0000000+00:00","RiskPremia","3425.7596660"
"2024-02-27T14:30:00.0000000+00:00","PaydaySeason","1046.59663390"
"2024-02-27T14:30:00.0000000+00:00","BondSeason","3769.96534984"
"2024-02-27T14:30:00.0000000+00:00","EqBondReversion","4248.31482824"
"2024-02-27T14:30:00.0000000+00:00","RiskPremia","3427.7496660"
"2024-02-27T21:00:00.0000000+00:00","PaydaySeason","1047.24663390"
"2024-02-27T21:00:00.0000000+00:00","BondSeason","3762.12534984"
"2024-02-27T21:00:00.0000000+00:00","EqBondReversion","4239.35482824"
"2024-02-27T21:00:00.0000000+00:00","RiskPremia","3422.9796660"
"2024-02-28T14:30:00.0000000+00:00","PaydaySeason","1045.03663390"
"2024-02-28T14:30:00.0000000+00:00","BondSeason","3765.76534984"
"2024-02-28T14:30:00.0000000+00:00","EqBondReversion","4243.51482824"
"2024-02-28T14:30:00.0000000+00:00","RiskPremia","3423.1096660"
"2024-02-28T21:00:00.0000000+00:00","PaydaySeason","1045.94663390"
"2024-02-28T21:00:00.0000000+00:00","BondSeason","3778.36534984"
"2024-02-28T21:00:00.0000000+00:00","EqBondReversion","4257.91482824"
"2024-02-28T21:00:00.0000000+00:00","RiskPremia","3427.7496660"
"2024-02-29T14:30:00.0000000+00:00","PaydaySeason","1049.45663390"
"2024-02-29T14:30:00.0000000+00:00","BondSeason","3786.48534984"
"2024-02-29T14:30:00.0000000+00:00","EqBondReversion","4267.19482824"
"2024-02-29T14:30:00.0000000+00:00","RiskPremia","3443.6096660"
"2024-02-29T21:00:00.0000000+00:00","PaydaySeason","1049.04253190"
"2024-02-29T21:00:00.0000000+00:00","BondSeason","3795.66931484"
"2024-02-29T21:00:00.0000000+00:00","EqBondReversion","4278.27204424"
"2024-02-29T21:00:00.0000000+00:00","RiskPremia","3443.5396660"
"2024-03-01T14:30:00.0000000+00:00","PaydaySeason","1049.04253190"
"2024-03-01T14:30:00.0000000+00:00","BondSeason","3807.81299684"
"2024-03-01T14:30:00.0000000+00:00","EqBondReversion","4278.27204424"
"2024-03-01T14:30:00.0000000+00:00","RiskPremia","3448.2215380"
"2024-03-01T21:00:00.0000000+00:00","PaydaySeason","1049.04253190"
"2024-03-01T21:00:00.0000000+00:00","BondSeason","3780.54299684"
"2024-03-01T21:00:00.0000000+00:00","EqBondReversion","4278.27204424"
"2024-03-01T21:00:00.0000000+00:00","RiskPremia","3480.9015380"
"2024-03-04T14:30:00.0000000+00:00","PaydaySeason","1049.04253190"
"2024-03-04T14:30:00.0000000+00:00","BondSeason","3800.79299684"
"2024-03-04T14:30:00.0000000+00:00","EqBondReversion","4278.27204424"
"2024-03-04T14:30:00.0000000+00:00","RiskPremia","3481.9715380"
"2024-03-04T21:00:00.0000000+00:00","PaydaySeason","1049.04253190"
"2024-03-04T21:00:00.0000000+00:00","BondSeason","3789.99299684"
"2024-03-04T21:00:00.0000000+00:00","EqBondReversion","4278.27204424"
"2024-03-04T21:00:00.0000000+00:00","RiskPremia","3496.2915380"
"2024-03-05T14:30:00.0000000+00:00","PaydaySeason","1049.04253190"
"2024-03-05T14:30:00.0000000+00:00","BondSeason","3759.48299684"
"2024-03-05T14:30:00.0000000+00:00","EqBondReversion","4278.27204424"
"2024-03-05T14:30:00.0000000+00:00","RiskPremia","3509.2815380"
"2024-03-05T21:00:00.0000000+00:00","PaydaySeason","1049.04253190"
"2024-03-05T21:00:00.0000000+00:00","BondSeason","3753.81299684"
"2024-03-05T21:00:00.0000000+00:00","EqBondReversion","4278.27204424"
"2024-03-05T21:00:00.0000000+00:00","RiskPremia","3502.7715380"
"2024-03-06T14:30:00.0000000+00:00","PaydaySeason","1049.04253190"
"2024-03-06T14:30:00.0000000+00:00","BondSeason","3752.46299684"
"2024-03-06T14:30:00.0000000+00:00","EqBondReversion","4278.27204424"
"2024-03-06T14:30:00.0000000+00:00","RiskPremia","3516.3815380"
"2024-03-06T21:00:00.0000000+00:00","PaydaySeason","1049.04253190"
"2024-03-06T21:00:00.0000000+00:00","BondSeason","3738.96299684"
"2024-03-06T21:00:00.0000000+00:00","EqBondReversion","4278.27204424"
"2024-03-06T21:00:00.0000000+00:00","RiskPremia","3523.1565380"
"2024-03-07T14:30:00.0000000+00:00","PaydaySeason","1049.04253190"
"2024-03-07T14:30:00.0000000+00:00","BondSeason","3728.70299684"
"2024-03-07T14:30:00.0000000+00:00","EqBondReversion","4278.27204424"
"2024-03-07T14:30:00.0000000+00:00","RiskPremia","3538.0773460"
"2024-03-07T21:00:00.0000000+00:00","PaydaySeason","1049.04253190"
"2024-03-07T21:00:00.0000000+00:00","BondSeason","3742.47299684"
"2024-03-07T21:00:00.0000000+00:00","EqBondReversion","4278.27204424"
"2024-03-07T21:00:00.0000000+00:00","RiskPremia","3539.9273460"
"2024-03-08T14:30:00.0000000+00:00","PaydaySeason","1049.04253190"
"2024-03-08T14:30:00.0000000+00:00","BondSeason","3744.09299684"
"2024-03-08T14:30:00.0000000+00:00","EqBondReversion","4278.27204424"
"2024-03-08T14:30:00.0000000+00:00","RiskPremia","3547.4873460"
"2024-03-08T21:00:00.0000000+00:00","PaydaySeason","1049.04253190"
"2024-03-08T21:00:00.0000000+00:00","BondSeason","3745.71299684"
"2024-03-08T21:00:00.0000000+00:00","EqBondReversion","4278.27204424"
"2024-03-08T21:00:00.0000000+00:00","RiskPremia","3541.6323460"
"2024-03-11T13:30:00.0000000+00:00","PaydaySeason","1049.04253190"
"2024-03-11T13:30:00.0000000+00:00","BondSeason","3739.77299684"
"2024-03-11T13:30:00.0000000+00:00","EqBondReversion","4278.27204424"
"2024-03-11T13:30:00.0000000+00:00","RiskPremia","3541.5473460"
"2024-03-11T20:00:00.0000000+00:00","PaydaySeason","1049.04253190"
"2024-03-11T20:00:00.0000000+00:00","BondSeason","3746.81632484"
"2024-03-11T20:00:00.0000000+00:00","EqBondReversion","4278.27204424"
"2024-03-11T20:00:00.0000000+00:00","RiskPremia","3541.3773460"
"2024-03-12T13:30:00.0000000+00:00","PaydaySeason","1049.04253190"
"2024-03-12T13:30:00.0000000+00:00","BondSeason","3746.81632484"
"2024-03-12T13:30:00.0000000+00:00","EqBondReversion","4278.27204424"
"2024-03-12T13:30:00.0000000+00:00","RiskPremia","3532.7573460"
"2024-03-12T20:00:00.0000000+00:00","PaydaySeason","1048.88601190"
"2024-03-12T20:00:00.0000000+00:00","BondSeason","3746.81632484"
"2024-03-12T20:00:00.0000000+00:00","EqBondReversion","4278.27204424"
"2024-03-12T20:00:00.0000000+00:00","RiskPremia","3533.8573460"
"2024-03-13T13:30:00.0000000+00:00","PaydaySeason","1049.14601190"
"2024-03-13T13:30:00.0000000+00:00","BondSeason","3746.81632484"
"2024-03-13T13:30:00.0000000+00:00","EqBondReversion","4278.27204424"
"2024-03-13T13:30:00.0000000+00:00","RiskPremia","3535.0273460"
"2024-03-13T20:00:00.0000000+00:00","PaydaySeason","1048.10601190"
"2024-03-13T20:00:00.0000000+00:00","BondSeason","3746.81632484"
"2024-03-13T20:00:00.0000000+00:00","EqBondReversion","4278.27204424"
"2024-03-13T20:00:00.0000000+00:00","RiskPremia","3536.9073460"
"2024-03-14T13:30:00.0000000+00:00","PaydaySeason","1049.53601190"
"2024-03-14T13:30:00.0000000+00:00","BondSeason","3746.81632484"
"2024-03-14T13:30:00.0000000+00:00","EqBondReversion","4278.27204424"
"2024-03-14T13:30:00.0000000+00:00","RiskPremia","3529.1873460"
"2024-03-14T20:00:00.0000000+00:00","PaydaySeason","1044.98601190"
"2024-03-14T20:00:00.0000000+00:00","BondSeason","3746.81632484"
"2024-03-14T20:00:00.0000000+00:00","EqBondReversion","4278.27204424"
"2024-03-14T20:00:00.0000000+00:00","RiskPremia","3516.1273460"
"2024-03-15T13:30:00.0000000+00:00","PaydaySeason","1040.43601190"
"2024-03-15T13:30:00.0000000+00:00","BondSeason","3746.81632484"
"2024-03-15T13:30:00.0000000+00:00","EqBondReversion","4278.27204424"
"2024-03-15T13:30:00.0000000+00:00","RiskPremia","3508.1973460"
"2024-03-15T20:00:00.0000000+00:00","PaydaySeason","1040.30601190"
"2024-03-15T20:00:00.0000000+00:00","BondSeason","3746.81632484"
"2024-03-15T20:00:00.0000000+00:00","EqBondReversion","4278.27204424"
"2024-03-15T20:00:00.0000000+00:00","RiskPremia","3505.9123460"
"2024-03-18T13:30:00.0000000+00:00","PaydaySeason","1046.15601190"
"2024-03-18T13:30:00.0000000+00:00","BondSeason","3746.81632484"
"2024-03-18T13:30:00.0000000+00:00","EqBondReversion","4278.27204424"
"2024-03-18T13:30:00.0000000+00:00","RiskPremia","3512.7473460"
"2024-03-18T20:00:00.0000000+00:00","PaydaySeason","1044.18040190"
"2024-03-18T20:00:00.0000000+00:00","BondSeason","3746.81632484"
"2024-03-18T20:00:00.0000000+00:00","EqBondReversion","4278.27204424"
"2024-03-18T20:00:00.0000000+00:00","RiskPremia","3511.0323460"
"2024-03-19T13:30:00.0000000+00:00","PaydaySeason","1044.18040190"
"2024-03-19T13:30:00.0000000+00:00","BondSeason","3746.81632484"
"2024-03-19T13:30:00.0000000+00:00","EqBondReversion","4278.27204424"
"2024-03-19T13:30:00.0000000+00:00","RiskPremia","3508.2473460"
"2024-03-19T20:00:00.0000000+00:00","PaydaySeason","1044.18040190"
"2024-03-19T20:00:00.0000000+00:00","BondSeason","3746.29597284"
"2024-03-19T20:00:00.0000000+00:00","EqBondReversion","4278.27204424"
"2024-03-19T20:00:00.0000000+00:00","RiskPremia","3518.3773460"
"2024-03-20T13:30:00.0000000+00:00","PaydaySeason","1044.18040190"
"2024-03-20T13:30:00.0000000+00:00","BondSeason","3751.33597284"
"2024-03-20T13:30:00.0000000+00:00","EqBondReversion","4278.27204424"
"2024-03-20T13:30:00.0000000+00:00","RiskPremia","3516.8846460"
"2024-03-20T20:00:00.0000000+00:00","PaydaySeason","1044.18040190"
"2024-03-20T20:00:00.0000000+00:00","BondSeason","3745.73597284"
"2024-03-20T20:00:00.0000000+00:00","EqBondReversion","4278.27204424"
"2024-03-20T20:00:00.0000000+00:00","RiskPremia","3541.8346460"
"2024-03-21T13:30:00.0000000+00:00","PaydaySeason","1044.18040190"
"2024-03-21T13:30:00.0000000+00:00","BondSeason","3756.09597284"
"2024-03-21T13:30:00.0000000+00:00","EqBondReversion","4277.67511624"
"2024-03-21T13:30:00.0000000+00:00","RiskPremia","3561.8496460"
"2024-03-21T20:00:00.0000000+00:00","PaydaySeason","1044.18040190"
"2024-03-21T20:00:00.0000000+00:00","BondSeason","3750.21597284"
"2024-03-21T20:00:00.0000000+00:00","EqBondReversion","4270.95511624"
"2024-03-21T20:00:00.0000000+00:00","RiskPremia","3547.3996460"
"2024-03-22T13:30:00.0000000+00:00","PaydaySeason","1044.18040190"
"2024-03-22T13:30:00.0000000+00:00","BondSeason","3781.85597284"
"2024-03-22T13:30:00.0000000+00:00","EqBondReversion","4307.11511624"
"2024-03-22T13:30:00.0000000+00:00","RiskPremia","3553.3146460"
"2024-03-22T20:00:00.0000000+00:00","PaydaySeason","1044.02260790"
"2024-03-22T20:00:00.0000000+00:00","BondSeason","3775.69597284"
"2024-03-22T20:00:00.0000000+00:00","EqBondReversion","4300.07511624"
"2024-03-22T20:00:00.0000000+00:00","RiskPremia","3543.0146460"
"2024-03-25T13:30:00.0000000+00:00","PaydaySeason","1042.59260790"
"2024-03-25T13:30:00.0000000+00:00","BondSeason","3768.33197284"
"2024-03-25T13:30:00.0000000+00:00","EqBondReversion","4291.65911624"
"2024-03-25T13:30:00.0000000+00:00","RiskPremia","3543.0706460"
"2024-03-25T20:00:00.0000000+00:00","PaydaySeason","1042.33260790"
"2024-03-25T20:00:00.0000000+00:00","BondSeason","3763.09597284"
"2024-03-25T20:00:00.0000000+00:00","EqBondReversion","4285.67511624"
"2024-03-25T20:00:00.0000000+00:00","RiskPremia","3540.3196460"
"2024-03-26T13:30:00.0000000+00:00","PaydaySeason","1044.80260790"
"2024-03-26T13:30:00.0000000+00:00","BondSeason","3762.81597284"
"2024-03-26T13:30:00.0000000+00:00","EqBondReversion","4285.35511624"
"2024-03-26T13:30:00.0000000+00:00","RiskPremia","3552.9746460"
"2024-03-26T20:00:00.0000000+00:00","PaydaySeason","1040.77260790"
"2024-03-26T20:00:00.0000000+00:00","BondSeason","3771.07597284"
"2024-03-26T20:00:00.0000000+00:00","EqBondReversion","4294.79511624"
"2024-03-26T20:00:00.0000000+00:00","RiskPremia","3543.9446460"
"2024-03-27T13:30:00.0000000+00:00","PaydaySeason","1045.06260790"
"2024-03-27T13:30:00.0000000+00:00","BondSeason","3776.25597284"
"2024-03-27T13:30:00.0000000+00:00","EqBondReversion","4300.71511624"
"2024-03-27T13:30:00.0000000+00:00","RiskPremia","3555.4446460"
"2024-03-27T20:00:00.0000000+00:00","PaydaySeason","1048.05260790"
"2024-03-27T20:00:00.0000000+00:00","BondSeason","3795.01597284"
"2024-03-27T20:00:00.0000000+00:00","EqBondReversion","4322.15511624"
"2024-03-27T20:00:00.0000000+00:00","RiskPremia","3568.9246460"
"2024-03-28T13:30:00.0000000+00:00","PaydaySeason","1048.44260790"
"2024-03-28T13:30:00.0000000+00:00","BondSeason","3790.25597284"
"2024-03-28T13:30:00.0000000+00:00","EqBondReversion","4316.71511624"
"2024-03-28T13:30:00.0000000+00:00","RiskPremia","3576.1346460"
"2024-03-28T20:00:00.0000000+00:00","PaydaySeason","1048.21894290"
"2024-03-28T20:00:00.0000000+00:00","BondSeason","3793.41493284"
"2024-03-28T20:00:00.0000000+00:00","EqBondReversion","4320.90942024"
"2024-03-28T20:00:00.0000000+00:00","RiskPremia","3583.4896460"
"2024-04-01T13:30:00.0000000+00:00","PaydaySeason","1048.21894290"
"2024-04-01T13:30:00.0000000+00:00","BondSeason","3821.42945784"
"2024-04-01T13:30:00.0000000+00:00","EqBondReversion","4320.90942024"
"2024-04-01T13:30:00.0000000+00:00","RiskPremia","3592.9340460"
"2024-04-01T20:00:00.0000000+00:00","PaydaySeason","1048.21894290"
"2024-04-01T20:00:00.0000000+00:00","BondSeason","3841.54445784"
"2024-04-01T20:00:00.0000000+00:00","EqBondReversion","4320.90942024"
"2024-04-01T20:00:00.0000000+00:00","RiskPremia","3577.7240460"
"2024-04-02T13:30:00.0000000+00:00","PaydaySeason","1048.21894290"
"2024-04-02T13:30:00.0000000+00:00","BondSeason","3867.59945784"
"2024-04-02T13:30:00.0000000+00:00","EqBondReversion","4320.90942024"
"2024-04-02T13:30:00.0000000+00:00","RiskPremia","3568.4540460"
"2024-04-02T20:00:00.0000000+00:00","PaydaySeason","1048.21894290"
"2024-04-02T20:00:00.0000000+00:00","BondSeason","3853.82945784"
"2024-04-02T20:00:00.0000000+00:00","EqBondReversion","4320.90942024"
"2024-04-02T20:00:00.0000000+00:00","RiskPremia","3581.4040460"
"2024-04-03T13:30:00.0000000+00:00","PaydaySeason","1048.21894290"
"2024-04-03T13:30:00.0000000+00:00","BondSeason","3876.23945784"
"2024-04-03T13:30:00.0000000+00:00","EqBondReversion","4320.90942024"
"2024-04-03T13:30:00.0000000+00:00","RiskPremia","3570.8269800"
"2024-04-03T20:00:00.0000000+00:00","PaydaySeason","1048.21894290"
"2024-04-03T20:00:00.0000000+00:00","BondSeason","3855.44945784"
"2024-04-03T20:00:00.0000000+00:00","EqBondReversion","4320.90942024"
"2024-04-03T20:00:00.0000000+00:00","RiskPremia","3591.2569800"
"2024-04-04T13:30:00.0000000+00:00","PaydaySeason","1048.21894290"
"2024-04-04T13:30:00.0000000+00:00","BondSeason","3838.97945784"
"2024-04-04T13:30:00.0000000+00:00","EqBondReversion","4320.90942024"
"2024-04-04T13:30:00.0000000+00:00","RiskPremia","3600.9769800"
"2024-04-04T20:00:00.0000000+00:00","PaydaySeason","1048.21894290"
"2024-04-04T20:00:00.0000000+00:00","BondSeason","3838.43945784"
"2024-04-04T20:00:00.0000000+00:00","EqBondReversion","4320.90942024"
"2024-04-04T20:00:00.0000000+00:00","RiskPremia","3576.9269800"
"2024-04-05T13:30:00.0000000+00:00","PaydaySeason","1048.21894290"
"2024-04-05T13:30:00.0000000+00:00","BondSeason","3864.62945784"
"2024-04-05T13:30:00.0000000+00:00","EqBondReversion","4320.90942024"
"2024-04-05T13:30:00.0000000+00:00","RiskPremia","3576.7969800"
"2024-04-05T20:00:00.0000000+00:00","PaydaySeason","1048.21894290"
"2024-04-05T20:00:00.0000000+00:00","BondSeason","3872.72945784"
"2024-04-05T20:00:00.0000000+00:00","EqBondReversion","4320.90942024"
"2024-04-05T20:00:00.0000000+00:00","RiskPremia","3594.9669800"
"2024-04-08T13:30:00.0000000+00:00","PaydaySeason","1048.21894290"
"2024-04-08T13:30:00.0000000+00:00","BondSeason","3877.04945784"
"2024-04-08T13:30:00.0000000+00:00","EqBondReversion","4320.90942024"
"2024-04-08T13:30:00.0000000+00:00","RiskPremia","3600.1787340"
"2024-04-08T20:00:00.0000000+00:00","PaydaySeason","1048.21894290"
"2024-04-08T20:00:00.0000000+00:00","BondSeason","3872.99945784"
"2024-04-08T20:00:00.0000000+00:00","EqBondReversion","4320.90942024"
"2024-04-08T20:00:00.0000000+00:00","RiskPremia","3603.0587340"
"2024-04-09T13:30:00.0000000+00:00","PaydaySeason","1048.21894290"
"2024-04-09T13:30:00.0000000+00:00","BondSeason","3860.03945784"
"2024-04-09T13:30:00.0000000+00:00","EqBondReversion","4320.90942024"
"2024-04-09T13:30:00.0000000+00:00","RiskPremia","3616.5487340"
"2024-04-09T20:00:00.0000000+00:00","PaydaySeason","1048.21894290"
"2024-04-09T20:00:00.0000000+00:00","BondSeason","3849.28136184"
"2024-04-09T20:00:00.0000000+00:00","EqBondReversion","4320.90942024"
"2024-04-09T20:00:00.0000000+00:00","RiskPremia","3618.0087340"
"2024-04-10T13:30:00.0000000+00:00","PaydaySeason","1048.21894290"
"2024-04-10T13:30:00.0000000+00:00","BondSeason","3849.28136184"
"2024-04-10T13:30:00.0000000+00:00","EqBondReversion","4320.90942024"
"2024-04-10T13:30:00.0000000+00:00","RiskPremia","3583.6496340"
"2024-04-10T20:00:00.0000000+00:00","PaydaySeason","1048.06330690"
"2024-04-10T20:00:00.0000000+00:00","BondSeason","3849.28136184"
"2024-04-10T20:00:00.0000000+00:00","EqBondReversion","4320.90942024"
"2024-04-10T20:00:00.0000000+00:00","RiskPremia","3577.6737340"
"2024-04-11T13:30:00.0000000+00:00","PaydaySeason","1050.66330690"
"2024-04-11T13:30:00.0000000+00:00","BondSeason","3849.28136184"
"2024-04-11T13:30:00.0000000+00:00","EqBondReversion","4320.90942024"
"2024-04-11T13:30:00.0000000+00:00","RiskPremia","3588.4087340"
"2024-04-11T20:00:00.0000000+00:00","PaydaySeason","1053.65330690"
"2024-04-11T20:00:00.0000000+00:00","BondSeason","3849.28136184"
"2024-04-11T20:00:00.0000000+00:00","EqBondReversion","4320.90942024"
"2024-04-11T20:00:00.0000000+00:00","RiskPremia","3600.6687340"
"2024-04-12T13:30:00.0000000+00:00","PaydaySeason","1048.71330690"
"2024-04-12T13:30:00.0000000+00:00","BondSeason","3849.28136184"
"2024-04-12T13:30:00.0000000+00:00","EqBondReversion","4320.90942024"
"2024-04-12T13:30:00.0000000+00:00","RiskPremia","3611.6587340"
"2024-04-12T20:00:00.0000000+00:00","PaydaySeason","1042.08330690"
"2024-04-12T20:00:00.0000000+00:00","BondSeason","3849.28136184"
"2024-04-12T20:00:00.0000000+00:00","EqBondReversion","4320.90942024"
"2024-04-12T20:00:00.0000000+00:00","RiskPremia","3575.2787340"
"2024-04-15T13:30:00.0000000+00:00","PaydaySeason","1047.93330690"
"2024-04-15T13:30:00.0000000+00:00","BondSeason","3849.28136184"
"2024-04-15T13:30:00.0000000+00:00","EqBondReversion","4320.90942024"
"2024-04-15T13:30:00.0000000+00:00","RiskPremia","3579.0387340"
"2024-04-15T20:00:00.0000000+00:00","PaydaySeason","1032.20330690"
"2024-04-15T20:00:00.0000000+00:00","BondSeason","3849.28136184"
"2024-04-15T20:00:00.0000000+00:00","EqBondReversion","4320.90942024"
"2024-04-15T20:00:00.0000000+00:00","RiskPremia","3567.2037340"
"2024-04-16T13:30:00.0000000+00:00","PaydaySeason","1032.72330690"
"2024-04-16T13:30:00.0000000+00:00","BondSeason","3849.28136184"
"2024-04-16T13:30:00.0000000+00:00","EqBondReversion","4320.90942024"
"2024-04-16T13:30:00.0000000+00:00","RiskPremia","3556.8387340"
"2024-04-16T20:00:00.0000000+00:00","PaydaySeason","1030.49115490"
"2024-04-16T20:00:00.0000000+00:00","BondSeason","3849.28136184"
"2024-04-16T20:00:00.0000000+00:00","EqBondReversion","4320.90942024"
"2024-04-16T20:00:00.0000000+00:00","RiskPremia","3560.8887340"
"2024-04-17T13:30:00.0000000+00:00","PaydaySeason","1030.49115490"
"2024-04-17T13:30:00.0000000+00:00","BondSeason","3849.28136184"
"2024-04-17T13:30:00.0000000+00:00","EqBondReversion","4320.90942024"
"2024-04-17T13:30:00.0000000+00:00","RiskPremia","3570.2687340"
"2024-04-17T20:00:00.0000000+00:00","PaydaySeason","1030.49115490"
"2024-04-17T20:00:00.0000000+00:00","BondSeason","3849.28136184"
"2024-04-17T20:00:00.0000000+00:00","EqBondReversion","4320.90942024"
"2024-04-17T20:00:00.0000000+00:00","RiskPremia","3554.9087340"
"2024-04-18T13:30:00.0000000+00:00","PaydaySeason","1030.49115490"
"2024-04-18T13:30:00.0000000+00:00","BondSeason","3849.28136184"
"2024-04-18T13:30:00.0000000+00:00","EqBondReversion","4320.90942024"
"2024-04-18T13:30:00.0000000+00:00","RiskPremia","3566.4587340"
"2024-04-18T20:00:00.0000000+00:00","PaydaySeason","1030.49115490"
"2024-04-18T20:00:00.0000000+00:00","BondSeason","3849.28136184"
"2024-04-18T20:00:00.0000000+00:00","EqBondReversion","4320.90942024"
"2024-04-18T20:00:00.0000000+00:00","RiskPremia","3551.7987340"
"2024-04-19T13:30:00.0000000+00:00","PaydaySeason","1030.49115490"
"2024-04-19T13:30:00.0000000+00:00","BondSeason","3849.28136184"
"2024-04-19T13:30:00.0000000+00:00","EqBondReversion","4320.30653224"
"2024-04-19T13:30:00.0000000+00:00","RiskPremia","3557.1687340"
"2024-04-19T20:00:00.0000000+00:00","PaydaySeason","1030.49115490"
"2024-04-19T20:00:00.0000000+00:00","BondSeason","3848.76423384"
"2024-04-19T20:00:00.0000000+00:00","EqBondReversion","4299.50653224"
"2024-04-19T20:00:00.0000000+00:00","RiskPremia","3549.5887340"
"2024-04-22T13:30:00.0000000+00:00","PaydaySeason","1030.49115490"
"2024-04-22T13:30:00.0000000+00:00","BondSeason","3834.84423384"
"2024-04-22T13:30:00.0000000+00:00","EqBondReversion","4317.18653224"
"2024-04-22T13:30:00.0000000+00:00","RiskPremia","3530.0587340"
"2024-04-22T20:00:00.0000000+00:00","PaydaySeason","1030.32847490"
"2024-04-22T20:00:00.0000000+00:00","BondSeason","3844.70423384"
"2024-04-22T20:00:00.0000000+00:00","EqBondReversion","4327.06653224"
"2024-04-22T20:00:00.0000000+00:00","RiskPremia","3532.9887340"
"2024-04-23T13:30:00.0000000+00:00","PaydaySeason","1034.10847490"
"2024-04-23T13:30:00.0000000+00:00","BondSeason","3836.29423384"
"2024-04-23T13:30:00.0000000+00:00","EqBondReversion","4341.10653224"
"2024-04-23T13:30:00.0000000+00:00","RiskPremia","3528.0287340"
"2024-04-23T20:00:00.0000000+00:00","PaydaySeason","1040.54847490"
"2024-04-23T20:00:00.0000000+00:00","BondSeason","3844.12423384"
"2024-04-23T20:00:00.0000000+00:00","EqBondReversion","4365.02653224"
"2024-04-23T20:00:00.0000000+00:00","RiskPremia","3543.8187340"
"2024-04-24T13:30:00.0000000+00:00","PaydaySeason","1041.94847490"
"2024-04-24T13:30:00.0000000+00:00","BondSeason","3831.36423384"
"2024-04-24T13:30:00.0000000+00:00","EqBondReversion","4370.22653224"
"2024-04-24T13:30:00.0000000+00:00","RiskPremia","3540.4387340"
"2024-04-24T20:00:00.0000000+00:00","PaydaySeason","1040.68847490"
"2024-04-24T20:00:00.0000000+00:00","BondSeason","3826.14423384"
"2024-04-24T20:00:00.0000000+00:00","EqBondReversion","4365.54653224"
"2024-04-24T20:00:00.0000000+00:00","RiskPremia","3536.8887340"
"2024-04-25T13:30:00.0000000+00:00","PaydaySeason","1029.90847490"
"2024-04-25T13:30:00.0000000+00:00","BondSeason","3799.46423384"
"2024-04-25T13:30:00.0000000+00:00","EqBondReversion","4325.50653224"
"2024-04-25T13:30:00.0000000+00:00","RiskPremia","3513.0812420"
"2024-04-25T20:00:00.0000000+00:00","PaydaySeason","1037.04847490"
"2024-04-25T20:00:00.0000000+00:00","BondSeason","3808.16423384"
"2024-04-25T20:00:00.0000000+00:00","EqBondReversion","4352.02653224"
"2024-04-25T20:00:00.0000000+00:00","RiskPremia","3532.5912420"
"2024-04-26T13:30:00.0000000+00:00","PaydaySeason","1041.80847490"
"2024-04-26T13:30:00.0000000+00:00","BondSeason","3822.22923384"
"2024-04-26T13:30:00.0000000+00:00","EqBondReversion","4369.70653224"
"2024-04-26T13:30:00.0000000+00:00","RiskPremia","3548.0812420"
"2024-04-26T20:00:00.0000000+00:00","PaydaySeason","1044.60847490"
"2024-04-26T20:00:00.0000000+00:00","BondSeason","3822.66423384"
"2024-04-26T20:00:00.0000000+00:00","EqBondReversion","4380.10653224"
"2024-04-26T20:00:00.0000000+00:00","RiskPremia","3550.9312420"
"2024-04-29T13:30:00.0000000+00:00","PaydaySeason","1047.12847490"
"2024-04-29T13:30:00.0000000+00:00","BondSeason","3834.55423384"
"2024-04-29T13:30:00.0000000+00:00","EqBondReversion","4389.46653224"
"2024-04-29T13:30:00.0000000+00:00","RiskPremia","3556.2512420"
"2024-04-29T20:00:00.0000000+00:00","PaydaySeason","1047.68847490"
"2024-04-29T20:00:00.0000000+00:00","BondSeason","3843.54423384"
"2024-04-29T20:00:00.0000000+00:00","EqBondReversion","4391.54653224"
"2024-04-29T20:00:00.0000000+00:00","RiskPremia","3560.5512420"
"2024-04-30T13:30:00.0000000+00:00","PaydaySeason","1045.30847490"
"2024-04-30T13:30:00.0000000+00:00","BondSeason","3827.30423384"
"2024-04-30T13:30:00.0000000+00:00","EqBondReversion","4382.70653224"
"2024-04-30T13:30:00.0000000+00:00","RiskPremia","3538.7412420"
"2024-04-30T20:00:00.0000000+00:00","PaydaySeason","1034.43494090"
"2024-04-30T20:00:00.0000000+00:00","BondSeason","3821.64041784"
"2024-04-30T20:00:00.0000000+00:00","EqBondReversion","4342.31912024"
"2024-04-30T20:00:00.0000000+00:00","RiskPremia","3515.7862420"
"2024-05-01T13:30:00.0000000+00:00","PaydaySeason","1034.43494090"
"2024-05-01T13:30:00.0000000+00:00","BondSeason","3802.85587084"
"2024-05-01T13:30:00.0000000+00:00","EqBondReversion","4342.31912024"
"2024-05-01T13:30:00.0000000+00:00","RiskPremia","3525.4886720"
"2024-05-01T20:00:00.0000000+00:00","PaydaySeason","1034.43494090"
"2024-05-01T20:00:00.0000000+00:00","BondSeason","3803.43587084"
"2024-05-01T20:00:00.0000000+00:00","EqBondReversion","4342.31912024"
"2024-05-01T20:00:00.0000000+00:00","RiskPremia","3527.1286720"
"2024-05-02T13:30:00.0000000+00:00","PaydaySeason","1034.43494090"
"2024-05-02T13:30:00.0000000+00:00","BondSeason","3814.16587084"
"2024-05-02T13:30:00.0000000+00:00","EqBondReversion","4342.31912024"
"2024-05-02T13:30:00.0000000+00:00","RiskPremia","3524.5386720"
"2024-05-02T20:00:00.0000000+00:00","PaydaySeason","1034.43494090"
"2024-05-02T20:00:00.0000000+00:00","BondSeason","3794.15587084"
"2024-05-02T20:00:00.0000000+00:00","EqBondReversion","4342.31912024"
"2024-05-02T20:00:00.0000000+00:00","RiskPremia","3538.3186720"
"2024-05-03T13:30:00.0000000+00:00","PaydaySeason","1034.43494090"
"2024-05-03T13:30:00.0000000+00:00","BondSeason","3764.28587084"
"2024-05-03T13:30:00.0000000+00:00","EqBondReversion","4342.31912024"
"2024-05-03T13:30:00.0000000+00:00","RiskPremia","3562.6986720"
"2024-05-03T20:00:00.0000000+00:00","PaydaySeason","1034.43494090"
"2024-05-03T20:00:00.0000000+00:00","BondSeason","3767.76587084"
"2024-05-03T20:00:00.0000000+00:00","EqBondReversion","4342.31912024"
"2024-05-03T20:00:00.0000000+00:00","RiskPremia","3560.2786720"
"2024-05-06T13:30:00.0000000+00:00","PaydaySeason","1034.43494090"
"2024-05-06T13:30:00.0000000+00:00","BondSeason","3766.31587084"
"2024-05-06T13:30:00.0000000+00:00","EqBondReversion","4342.31912024"
"2024-05-06T13:30:00.0000000+00:00","RiskPremia","3576.5186720"
"2024-05-06T20:00:00.0000000+00:00","PaydaySeason","1034.43494090"
"2024-05-06T20:00:00.0000000+00:00","BondSeason","3757.47087084"
"2024-05-06T20:00:00.0000000+00:00","EqBondReversion","4342.31912024"
"2024-05-06T20:00:00.0000000+00:00","RiskPremia","3586.1236720"
"2024-05-07T13:30:00.0000000+00:00","PaydaySeason","1034.43494090"
"2024-05-07T13:30:00.0000000+00:00","BondSeason","3736.15587084"
"2024-05-07T13:30:00.0000000+00:00","EqBondReversion","4342.31912024"
"2024-05-07T13:30:00.0000000+00:00","RiskPremia","3592.5786720"
"2024-05-07T20:00:00.0000000+00:00","PaydaySeason","1034.43494090"
"2024-05-07T20:00:00.0000000+00:00","BondSeason","3740.50587084"
"2024-05-07T20:00:00.0000000+00:00","EqBondReversion","4342.31912024"
"2024-05-07T20:00:00.0000000+00:00","RiskPremia","3588.9986720"
"2024-05-08T13:30:00.0000000+00:00","PaydaySeason","1034.43494090"
"2024-05-08T13:30:00.0000000+00:00","BondSeason","3752.97587084"
"2024-05-08T13:30:00.0000000+00:00","EqBondReversion","4342.31912024"
"2024-05-08T13:30:00.0000000+00:00","RiskPremia","3577.4686720"
"2024-05-08T20:00:00.0000000+00:00","PaydaySeason","1034.43494090"
"2024-05-08T20:00:00.0000000+00:00","BondSeason","3756.45587084"
"2024-05-08T20:00:00.0000000+00:00","EqBondReversion","4342.31912024"
"2024-05-08T20:00:00.0000000+00:00","RiskPremia","3579.8786720"
"2024-05-09T13:30:00.0000000+00:00","PaydaySeason","1034.43494090"
"2024-05-09T13:30:00.0000000+00:00","BondSeason","3766.02587084"
"2024-05-09T13:30:00.0000000+00:00","EqBondReversion","4342.31912024"
"2024-05-09T13:30:00.0000000+00:00","RiskPremia","3581.7386720"
"2024-05-09T20:00:00.0000000+00:00","PaydaySeason","1034.43494090"
"2024-05-09T20:00:00.0000000+00:00","BondSeason","3744.04033284"
"2024-05-09T20:00:00.0000000+00:00","EqBondReversion","4342.31912024"
"2024-05-09T20:00:00.0000000+00:00","RiskPremia","3606.0586720"
"2024-05-10T13:30:00.0000000+00:00","PaydaySeason","1034.43494090"
"2024-05-10T13:30:00.0000000+00:00","BondSeason","3744.04033284"
"2024-05-10T13:30:00.0000000+00:00","EqBondReversion","4342.31912024"
"2024-05-10T13:30:00.0000000+00:00","RiskPremia","3617.9386720"
"2024-05-10T20:00:00.0000000+00:00","PaydaySeason","1034.27740690"
"2024-05-10T20:00:00.0000000+00:00","BondSeason","3744.04033284"
"2024-05-10T20:00:00.0000000+00:00","EqBondReversion","4342.31912024"
"2024-05-10T20:00:00.0000000+00:00","RiskPremia","3611.2386720"
"2024-05-13T13:30:00.0000000+00:00","PaydaySeason","1037.13740690"
"2024-05-13T13:30:00.0000000+00:00","BondSeason","3744.04033284"
"2024-05-13T13:30:00.0000000+00:00","EqBondReversion","4342.31912024"
"2024-05-13T13:30:00.0000000+00:00","RiskPremia","3611.6586720"
"2024-05-13T20:00:00.0000000+00:00","PaydaySeason","1034.40740690"
"2024-05-13T20:00:00.0000000+00:00","BondSeason","3744.04033284"
"2024-05-13T20:00:00.0000000+00:00","EqBondReversion","4342.31912024"
"2024-05-13T20:00:00.0000000+00:00","RiskPremia","3602.1286720"
"2024-05-14T13:30:00.0000000+00:00","PaydaySeason","1035.05740690"
"2024-05-14T13:30:00.0000000+00:00","BondSeason","3744.04033284"
"2024-05-14T13:30:00.0000000+00:00","EqBondReversion","4342.31912024"
"2024-05-14T13:30:00.0000000+00:00","RiskPremia","3610.7186720"
"2024-05-14T20:00:00.0000000+00:00","PaydaySeason","1038.69740690"
"2024-05-14T20:00:00.0000000+00:00","BondSeason","3744.04033284"
"2024-05-14T20:00:00.0000000+00:00","EqBondReversion","4342.31912024"
"2024-05-14T20:00:00.0000000+00:00","RiskPremia","3621.7186720"
"2024-05-15T13:30:00.0000000+00:00","PaydaySeason","1042.46740690"
"2024-05-15T13:30:00.0000000+00:00","BondSeason","3744.04033284"
"2024-05-15T13:30:00.0000000+00:00","EqBondReversion","4342.31912024"
"2024-05-15T13:30:00.0000000+00:00","RiskPremia","3642.0086720"
"2024-05-15T20:00:00.0000000+00:00","PaydaySeason","1048.12240690"
"2024-05-15T20:00:00.0000000+00:00","BondSeason","3744.04033284"
"2024-05-15T20:00:00.0000000+00:00","EqBondReversion","4342.31912024"
"2024-05-15T20:00:00.0000000+00:00","RiskPremia","3661.1636720"
"2024-05-16T13:30:00.0000000+00:00","PaydaySeason","1048.31740690"
"2024-05-16T13:30:00.0000000+00:00","BondSeason","3744.04033284"
"2024-05-16T13:30:00.0000000+00:00","EqBondReversion","4342.31912024"
"2024-05-16T13:30:00.0000000+00:00","RiskPremia","3660.6986720"
"2024-05-16T20:00:00.0000000+00:00","PaydaySeason","1046.20745490"
"2024-05-16T20:00:00.0000000+00:00","BondSeason","3744.04033284"
"2024-05-16T20:00:00.0000000+00:00","EqBondReversion","4342.31912024"
"2024-05-16T20:00:00.0000000+00:00","RiskPremia","3654.0786720"
"2024-05-17T13:30:00.0000000+00:00","PaydaySeason","1046.20745490"
"2024-05-17T13:30:00.0000000+00:00","BondSeason","3744.04033284"
"2024-05-17T13:30:00.0000000+00:00","EqBondReversion","4342.31912024"
"2024-05-17T13:30:00.0000000+00:00","RiskPremia","3661.5486720"
"2024-05-17T20:00:00.0000000+00:00","PaydaySeason","1046.20745490"
"2024-05-17T20:00:00.0000000+00:00","BondSeason","3744.04033284"
"2024-05-17T20:00:00.0000000+00:00","EqBondReversion","4342.31912024"
"2024-05-17T20:00:00.0000000+00:00","RiskPremia","3665.6786720"
"2024-05-20T13:30:00.0000000+00:00","PaydaySeason","1046.20745490"
"2024-05-20T13:30:00.0000000+00:00","BondSeason","3744.04033284"
"2024-05-20T13:30:00.0000000+00:00","EqBondReversion","4342.31912024"
"2024-05-20T13:30:00.0000000+00:00","RiskPremia","3664.1386720"
"2024-05-20T20:00:00.0000000+00:00","PaydaySeason","1046.20745490"
"2024-05-20T20:00:00.0000000+00:00","BondSeason","3744.04033284"
"2024-05-20T20:00:00.0000000+00:00","EqBondReversion","4342.31912024"
"2024-05-20T20:00:00.0000000+00:00","RiskPremia","3668.9986720"
"2024-05-21T13:30:00.0000000+00:00","PaydaySeason","1046.20745490"
"2024-05-21T13:30:00.0000000+00:00","BondSeason","3744.04033284"
"2024-05-21T13:30:00.0000000+00:00","EqBondReversion","4341.71376824"
"2024-05-21T13:30:00.0000000+00:00","RiskPremia","3673.6597820"
"2024-05-21T20:00:00.0000000+00:00","PaydaySeason","1046.20745490"
"2024-05-21T20:00:00.0000000+00:00","BondSeason","3743.52737284"
"2024-05-21T20:00:00.0000000+00:00","EqBondReversion","4337.75376824"
"2024-05-21T20:00:00.0000000+00:00","RiskPremia","3674.7397820"
"2024-05-22T13:30:00.0000000+00:00","PaydaySeason","1046.20745490"
"2024-05-22T13:30:00.0000000+00:00","BondSeason","3734.28737284"
"2024-05-22T13:30:00.0000000+00:00","EqBondReversion","4326.86376824"
"2024-05-22T13:30:00.0000000+00:00","RiskPremia","3665.7397820"
"2024-05-22T20:00:00.0000000+00:00","PaydaySeason","1046.04738590"
"2024-05-22T20:00:00.0000000+00:00","BondSeason","3746.32737284"
"2024-05-22T20:00:00.0000000+00:00","EqBondReversion","4341.05376824"
"2024-05-22T20:00:00.0000000+00:00","RiskPremia","3654.9347820"
"2024-05-23T13:30:00.0000000+00:00","PaydaySeason","1051.31238590"
"2024-05-23T13:30:00.0000000+00:00","BondSeason","3748.84737284"
"2024-05-23T13:30:00.0000000+00:00","EqBondReversion","4344.02376824"
"2024-05-23T13:30:00.0000000+00:00","RiskPremia","3658.0197820"
"2024-05-23T20:00:00.0000000+00:00","PaydaySeason","1039.61238590"
"2024-05-23T20:00:00.0000000+00:00","BondSeason","3729.94737284"
"2024-05-23T20:00:00.0000000+00:00","EqBondReversion","4321.74876824"
"2024-05-23T20:00:00.0000000+00:00","RiskPremia","3621.7247820"
"2024-05-24T13:30:00.0000000+00:00","PaydaySeason","1042.73238590"
"2024-05-24T13:30:00.0000000+00:00","BondSeason","3725.88737284"
"2024-05-24T13:30:00.0000000+00:00","EqBondReversion","4316.96376824"
"2024-05-24T13:30:00.0000000+00:00","RiskPremia","3629.8697820"
"2024-05-24T20:00:00.0000000+00:00","PaydaySeason","1045.13738590"
"2024-05-24T20:00:00.0000000+00:00","BondSeason","3737.08737284"
"2024-05-24T20:00:00.0000000+00:00","EqBondReversion","4330.16376824"
"2024-05-24T20:00:00.0000000+00:00","RiskPremia","3633.2047820"
"2024-05-28T13:30:00.0000000+00:00","PaydaySeason","1047.02238590"
"2024-05-28T13:30:00.0000000+00:00","BondSeason","3735.96737284"
"2024-05-28T13:30:00.0000000+00:00","EqBondReversion","4328.84376824"
"2024-05-28T13:30:00.0000000+00:00","RiskPremia","3645.6297820"
"2024-05-28T20:00:00.0000000+00:00","PaydaySeason","1045.07238590"
"2024-05-28T20:00:00.0000000+00:00","BondSeason","3700.40737284"
"2024-05-28T20:00:00.0000000+00:00","EqBondReversion","4286.93376824"
"2024-05-28T20:00:00.0000000+00:00","RiskPremia","3629.1297820"
"2024-05-29T13:30:00.0000000+00:00","PaydaySeason","1038.44238590"
"2024-05-29T13:30:00.0000000+00:00","BondSeason","3680.24737284"
"2024-05-29T13:30:00.0000000+00:00","EqBondReversion","4263.17376824"
"2024-05-29T13:30:00.0000000+00:00","RiskPremia","3607.2997820"
"2024-05-29T20:00:00.0000000+00:00","PaydaySeason","1038.83238590"
"2024-05-29T20:00:00.0000000+00:00","BondSeason","3670.86737284"
"2024-05-29T20:00:00.0000000+00:00","EqBondReversion","4252.11876824"
"2024-05-29T20:00:00.0000000+00:00","RiskPremia","3601.2897820"
"2024-05-30T13:30:00.0000000+00:00","PaydaySeason","1037.14238590"
"2024-05-30T13:30:00.0000000+00:00","BondSeason","3687.52737284"
"2024-05-30T13:30:00.0000000+00:00","EqBondReversion","4271.75376824"
"2024-05-30T13:30:00.0000000+00:00","RiskPremia","3607.0497820"
"2024-05-30T20:00:00.0000000+00:00","PaydaySeason","1034.80238590"
"2024-05-30T20:00:00.0000000+00:00","BondSeason","3693.96737284"
"2024-05-30T20:00:00.0000000+00:00","EqBondReversion","4279.34376824"
"2024-05-30T20:00:00.0000000+00:00","RiskPremia","3605.2647820"
"2024-05-31T13:30:00.0000000+00:00","PaydaySeason","1036.62238590"
"2024-05-31T13:30:00.0000000+00:00","BondSeason","3712.16737284"
"2024-05-31T13:30:00.0000000+00:00","EqBondReversion","4300.79376824"
"2024-05-31T13:30:00.0000000+00:00","RiskPremia","3619.4597820"
"2024-05-31T20:00:00.0000000+00:00","PaydaySeason","1040.75334390"
"2024-05-31T20:00:00.0000000+00:00","BondSeason","3712.53533084"
"2024-05-31T20:00:00.0000000+00:00","EqBondReversion","4301.84627024"
"2024-05-31T20:00:00.0000000+00:00","RiskPremia","3616.1597820"
"2024-06-03T13:30:00.0000000+00:00","PaydaySeason","1040.75334390"
"2024-06-03T13:30:00.0000000+00:00","BondSeason","3700.40477584"
"2024-06-03T13:30:00.0000000+00:00","EqBondReversion","4301.84627024"
"2024-06-03T13:30:00.0000000+00:00","RiskPremia","3627.9427320"
"2024-06-03T20:00:00.0000000+00:00","PaydaySeason","1040.75334390"
"2024-06-03T20:00:00.0000000+00:00","BondSeason","3673.14477584"
"2024-06-03T20:00:00.0000000+00:00","EqBondReversion","4301.84627024"
"2024-06-03T20:00:00.0000000+00:00","RiskPremia","3637.7227320"
"2024-06-04T13:30:00.0000000+00:00","PaydaySeason","1040.75334390"
"2024-06-04T13:30:00.0000000+00:00","BondSeason","3655.16477584"
"2024-06-04T13:30:00.0000000+00:00","EqBondReversion","4301.84627024"
"2024-06-04T13:30:00.0000000+00:00","RiskPremia","3638.0327320"
"2024-06-04T20:00:00.0000000+00:00","PaydaySeason","1040.75334390"
"2024-06-04T20:00:00.0000000+00:00","BondSeason","3642.11477584"
"2024-06-04T20:00:00.0000000+00:00","EqBondReversion","4301.84627024"
"2024-06-04T20:00:00.0000000+00:00","RiskPremia","3640.1577320"
"2024-06-05T13:30:00.0000000+00:00","PaydaySeason","1040.75334390"
"2024-06-05T13:30:00.0000000+00:00","BondSeason","3632.25477584"
"2024-06-05T13:30:00.0000000+00:00","EqBondReversion","4301.84627024"
"2024-06-05T13:30:00.0000000+00:00","RiskPremia","3655.4327320"
"2024-06-05T20:00:00.0000000+00:00","PaydaySeason","1040.75334390"
"2024-06-05T20:00:00.0000000+00:00","BondSeason","3622.10477584"
"2024-06-05T20:00:00.0000000+00:00","EqBondReversion","4301.84627024"
"2024-06-05T20:00:00.0000000+00:00","RiskPremia","3671.5677320"
"2024-06-06T13:30:00.0000000+00:00","PaydaySeason","1040.75334390"
"2024-06-06T13:30:00.0000000+00:00","BondSeason","3634.28477584"
"2024-06-06T13:30:00.0000000+00:00","EqBondReversion","4301.84627024"
"2024-06-06T13:30:00.0000000+00:00","RiskPremia","3669.7427320"
"2024-06-06T20:00:00.0000000+00:00","PaydaySeason","1040.75334390"
"2024-06-06T20:00:00.0000000+00:00","BondSeason","3625.29477584"
"2024-06-06T20:00:00.0000000+00:00","EqBondReversion","4301.84627024"
"2024-06-06T20:00:00.0000000+00:00","RiskPremia","3676.2627320"
"2024-06-07T13:30:00.0000000+00:00","PaydaySeason","1040.75334390"
"2024-06-07T13:30:00.0000000+00:00","BondSeason","3665.89477584"
"2024-06-07T13:30:00.0000000+00:00","EqBondReversion","4301.84627024"
"2024-06-07T13:30:00.0000000+00:00","RiskPremia","3642.5027320"
"2024-06-07T20:00:00.0000000+00:00","PaydaySeason","1040.75334390"
"2024-06-07T20:00:00.0000000+00:00","BondSeason","3675.46477584"
"2024-06-07T20:00:00.0000000+00:00","EqBondReversion","4301.84627024"
"2024-06-07T20:00:00.0000000+00:00","RiskPremia","3625.3327320"
"2024-06-10T13:30:00.0000000+00:00","PaydaySeason","1040.75334390"
"2024-06-10T13:30:00.0000000+00:00","BondSeason","3689.96477584"
"2024-06-10T13:30:00.0000000+00:00","EqBondReversion","4301.84627024"
"2024-06-10T13:30:00.0000000+00:00","RiskPremia","3624.5127320"
"2024-06-10T20:00:00.0000000+00:00","PaydaySeason","1040.75334390"
"2024-06-10T20:00:00.0000000+00:00","BondSeason","3693.44477584"
"2024-06-10T20:00:00.0000000+00:00","EqBondReversion","4301.84627024"
"2024-06-10T20:00:00.0000000+00:00","RiskPremia","3630.9127320"
"2024-06-11T13:30:00.0000000+00:00","PaydaySeason","1040.75334390"
"2024-06-11T13:30:00.0000000+00:00","BondSeason","3688.51477584"
"2024-06-11T13:30:00.0000000+00:00","EqBondReversion","4301.84627024"
"2024-06-11T13:30:00.0000000+00:00","RiskPremia","3630.9027320"
"2024-06-11T20:00:00.0000000+00:00","PaydaySeason","1040.75334390"
"2024-06-11T20:00:00.0000000+00:00","BondSeason","3665.37666474"
"2024-06-11T20:00:00.0000000+00:00","EqBondReversion","4301.84627024"
"2024-06-11T20:00:00.0000000+00:00","RiskPremia","3644.9677320"
"2024-06-12T13:30:00.0000000+00:00","PaydaySeason","1040.75334390"
"2024-06-12T13:30:00.0000000+00:00","BondSeason","3665.37666474"
"2024-06-12T13:30:00.0000000+00:00","EqBondReversion","4301.84627024"
"2024-06-12T13:30:00.0000000+00:00","RiskPremia","3678.1527320"
"2024-06-12T20:00:00.0000000+00:00","PaydaySeason","1040.59047990"
"2024-06-12T20:00:00.0000000+00:00","BondSeason","3665.37666474"
"2024-06-12T20:00:00.0000000+00:00","EqBondReversion","4301.84627024"
"2024-06-12T20:00:00.0000000+00:00","RiskPremia","3664.7527320"
"2024-06-13T13:30:00.0000000+00:00","PaydaySeason","1043.32047990"
"2024-06-13T13:30:00.0000000+00:00","BondSeason","3665.37666474"
"2024-06-13T13:30:00.0000000+00:00","EqBondReversion","4301.84627024"
"2024-06-13T13:30:00.0000000+00:00","RiskPremia","3674.4527320"
"2024-06-13T20:00:00.0000000+00:00","PaydaySeason","1041.11047990"
"2024-06-13T20:00:00.0000000+00:00","BondSeason","3665.37666474"
"2024-06-13T20:00:00.0000000+00:00","EqBondReversion","4301.84627024"
"2024-06-13T20:00:00.0000000+00:00","RiskPremia","3671.8327320"
"2024-06-14T13:30:00.0000000+00:00","PaydaySeason","1038.51047990"
"2024-06-14T13:30:00.0000000+00:00","BondSeason","3665.37666474"
"2024-06-14T13:30:00.0000000+00:00","EqBondReversion","4301.84627024"
"2024-06-14T13:30:00.0000000+00:00","RiskPremia","3683.0327320"
"2024-06-14T20:00:00.0000000+00:00","PaydaySeason","1040.46047990"
"2024-06-14T20:00:00.0000000+00:00","BondSeason","3665.37666474"
"2024-06-14T20:00:00.0000000+00:00","EqBondReversion","4301.84627024"
"2024-06-14T20:00:00.0000000+00:00","RiskPremia","3690.3827320"
"2024-06-17T13:30:00.0000000+00:00","PaydaySeason","1039.55047990"
"2024-06-17T13:30:00.0000000+00:00","BondSeason","3665.37666474"
"2024-06-17T13:30:00.0000000+00:00","EqBondReversion","4301.84627024"
"2024-06-17T13:30:00.0000000+00:00","RiskPremia","3673.8427320"
"2024-06-17T20:00:00.0000000+00:00","PaydaySeason","1046.70047990"
"2024-06-17T20:00:00.0000000+00:00","BondSeason","3665.37666474"
"2024-06-17T20:00:00.0000000+00:00","EqBondReversion","4301.84627024"
"2024-06-17T20:00:00.0000000+00:00","RiskPremia","3684.9527320"
"2024-06-18T13:30:00.0000000+00:00","PaydaySeason","1047.09047990"
"2024-06-18T13:30:00.0000000+00:00","BondSeason","3665.37666474"
"2024-06-18T13:30:00.0000000+00:00","EqBondReversion","4301.84627024"
"2024-06-18T13:30:00.0000000+00:00","RiskPremia","3686.6627320"
"2024-06-18T20:00:00.0000000+00:00","PaydaySeason","1048.61597790"
"2024-06-18T20:00:00.0000000+00:00","BondSeason","3664.86593274"
"2024-06-18T20:00:00.0000000+00:00","EqBondReversion","4301.84627024"
"2024-06-18T20:00:00.0000000+00:00","RiskPremia","3700.3077320"
"2024-06-20T13:30:00.0000000+00:00","PaydaySeason","1048.61597790"
"2024-06-20T13:30:00.0000000+00:00","BondSeason","3633.27593274"
"2024-06-20T13:30:00.0000000+00:00","EqBondReversion","4301.84627024"
"2024-06-20T13:30:00.0000000+00:00","RiskPremia","3694.2127320"
"2024-06-20T20:00:00.0000000+00:00","PaydaySeason","1048.61597790"
"2024-06-20T20:00:00.0000000+00:00","BondSeason","3647.45093274"
"2024-06-20T20:00:00.0000000+00:00","EqBondReversion","4301.84627024"
"2024-06-20T20:00:00.0000000+00:00","RiskPremia","3701.3627320"
"2024-06-21T13:30:00.0000000+00:00","PaydaySeason","1048.61597790"
"2024-06-21T13:30:00.0000000+00:00","BondSeason","3655.68593274"
"2024-06-21T13:30:00.0000000+00:00","EqBondReversion","4301.84627024"
"2024-06-21T13:30:00.0000000+00:00","RiskPremia","3703.2727320"
"2024-06-21T20:00:00.0000000+00:00","PaydaySeason","1048.61597790"
"2024-06-21T20:00:00.0000000+00:00","BondSeason","3648.39593274"
"2024-06-21T20:00:00.0000000+00:00","EqBondReversion","4301.84627024"
"2024-06-21T20:00:00.0000000+00:00","RiskPremia","3686.5127320"
"2024-06-24T13:30:00.0000000+00:00","PaydaySeason","1048.61597790"
"2024-06-24T13:30:00.0000000+00:00","BondSeason","3650.55593274"
"2024-06-24T13:30:00.0000000+00:00","EqBondReversion","4301.25388224"
"2024-06-24T13:30:00.0000000+00:00","RiskPremia","3690.5427320"
"2024-06-24T20:00:00.0000000+00:00","PaydaySeason","1048.61597790"
"2024-06-24T20:00:00.0000000+00:00","BondSeason","3657.57593274"
"2024-06-24T20:00:00.0000000+00:00","EqBondReversion","4296.08388224"
"2024-06-24T20:00:00.0000000+00:00","RiskPremia","3691.6227320"
"2024-06-25T13:30:00.0000000+00:00","PaydaySeason","1048.61597790"
"2024-06-25T13:30:00.0000000+00:00","BondSeason","3651.09593274"
"2024-06-25T13:30:00.0000000+00:00","EqBondReversion","4302.66388224"
"2024-06-25T13:30:00.0000000+00:00","RiskPremia","3689.0327320"
"2024-06-25T20:00:00.0000000+00:00","PaydaySeason","1048.46454990"
"2024-06-25T20:00:00.0000000+00:00","BondSeason","3662.97593274"
"2024-06-25T20:00:00.0000000+00:00","EqBondReversion","4304.77888224"
"2024-06-25T20:00:00.0000000+00:00","RiskPremia","3692.6727320"
"2024-06-26T13:30:00.0000000+00:00","PaydaySeason","1046.76414990"
"2024-06-26T13:30:00.0000000+00:00","BondSeason","3629.76593274"
"2024-06-26T13:30:00.0000000+00:00","EqBondReversion","4298.11898224"
"2024-06-26T13:30:00.0000000+00:00","RiskPremia","3669.0354320"
"2024-06-26T20:00:00.0000000+00:00","PaydaySeason","1049.04414990"
"2024-06-26T20:00:00.0000000+00:00","BondSeason","3625.98593274"
"2024-06-26T20:00:00.0000000+00:00","EqBondReversion","4307.04898224"
"2024-06-26T20:00:00.0000000+00:00","RiskPremia","3672.0054320"
"2024-06-27T13:30:00.0000000+00:00","PaydaySeason","1049.04414990"
"2024-06-27T13:30:00.0000000+00:00","BondSeason","3636.24593274"
"2024-06-27T13:30:00.0000000+00:00","EqBondReversion","4307.04898224"
"2024-06-27T13:30:00.0000000+00:00","RiskPremia","3684.1654320"
"2024-06-27T20:00:00.0000000+00:00","PaydaySeason","1050.36414990"
"2024-06-27T20:00:00.0000000+00:00","BondSeason","3636.11093274"
"2024-06-27T20:00:00.0000000+00:00","EqBondReversion","4312.21898224"
"2024-06-27T20:00:00.0000000+00:00","RiskPremia","3687.8204320"
"2024-06-28T13:30:00.0000000+00:00","PaydaySeason","1051.80414990"
"2024-06-28T13:30:00.0000000+00:00","BondSeason","3641.91593274"
"2024-06-28T13:30:00.0000000+00:00","EqBondReversion","4317.85898224"
"2024-06-28T13:30:00.0000000+00:00","RiskPremia","3694.6254320"
"2024-06-28T20:00:00.0000000+00:00","PaydaySeason","1048.05326190"
"2024-06-28T20:00:00.0000000+00:00","BondSeason","3588.54460074"
"2024-06-28T20:00:00.0000000+00:00","EqBondReversion","4303.16800424"
"2024-06-28T20:00:00.0000000+00:00","RiskPremia","3666.8654320"
"2024-07-01T13:30:00.0000000+00:00","PaydaySeason","1048.05326190"
"2024-07-01T13:30:00.0000000+00:00","BondSeason","3617.67479274"
"2024-07-01T13:30:00.0000000+00:00","EqBondReversion","4303.16800424"
"2024-07-01T13:30:00.0000000+00:00","RiskPremia","3661.2064720"
"2024-07-01T20:00:00.0000000+00:00","PaydaySeason","1048.05326190"
"2024-07-01T20:00:00.0000000+00:00","BondSeason","3630.63479274"
"2024-07-01T20:00:00.0000000+00:00","EqBondReversion","4303.16800424"
"2024-07-01T20:00:00.0000000+00:00","RiskPremia","3655.0764720"
"2024-07-02T13:30:00.0000000+00:00","PaydaySeason","1048.05326190"
"2024-07-02T13:30:00.0000000+00:00","BondSeason","3610.65479274"
"2024-07-02T13:30:00.0000000+00:00","EqBondReversion","4303.16800424"
"2024-07-02T13:30:00.0000000+00:00","RiskPremia","3658.4864720"
"2024-07-02T20:00:00.0000000+00:00","PaydaySeason","1048.05326190"
"2024-07-02T20:00:00.0000000+00:00","BondSeason","3612.81479274"
"2024-07-02T20:00:00.0000000+00:00","EqBondReversion","4303.16800424"
"2024-07-02T20:00:00.0000000+00:00","RiskPremia","3668.7064720"
"2024-07-03T13:30:00.0000000+00:00","PaydaySeason","1048.05326190"
"2024-07-03T13:30:00.0000000+00:00","BondSeason","3597.42479274"
"2024-07-03T13:30:00.0000000+00:00","EqBondReversion","4303.16800424"
"2024-07-03T13:30:00.0000000+00:00","RiskPremia","3682.1964720"
"2024-07-03T17:00:00.0000000+00:00","PaydaySeason","1048.05326190"
"2024-07-03T17:00:00.0000000+00:00","BondSeason","3579.60479274"
"2024-07-03T17:00:00.0000000+00:00","EqBondReversion","4303.16800424"
"2024-07-03T17:00:00.0000000+00:00","RiskPremia","3696.1114720"
"2024-07-05T13:30:00.0000000+00:00","PaydaySeason","1048.05326190"
"2024-07-05T13:30:00.0000000+00:00","BondSeason","3567.72479274"
"2024-07-05T13:30:00.0000000+00:00","EqBondReversion","4303.16800424"
"2024-07-05T13:30:00.0000000+00:00","RiskPremia","3707.8076480"
"2024-07-05T20:00:00.0000000+00:00","PaydaySeason","1048.05326190"
"2024-07-05T20:00:00.0000000+00:00","BondSeason","3560.43479274"
"2024-07-05T20:00:00.0000000+00:00","EqBondReversion","4303.16800424"
"2024-07-05T20:00:00.0000000+00:00","RiskPremia","3720.2076480"
"2024-07-08T13:30:00.0000000+00:00","PaydaySeason","1048.05326190"
"2024-07-08T13:30:00.0000000+00:00","BondSeason","3560.43479274"
"2024-07-08T13:30:00.0000000+00:00","EqBondReversion","4303.16800424"
"2024-07-08T13:30:00.0000000+00:00","RiskPremia","3718.8276480"
"2024-07-08T20:00:00.0000000+00:00","PaydaySeason","1048.05326190"
"2024-07-08T20:00:00.0000000+00:00","BondSeason","3555.30479274"
"2024-07-08T20:00:00.0000000+00:00","EqBondReversion","4303.16800424"
"2024-07-08T20:00:00.0000000+00:00","RiskPremia","3714.0626480"
"2024-07-09T13:30:00.0000000+00:00","PaydaySeason","1048.05326190"
"2024-07-09T13:30:00.0000000+00:00","BondSeason","3562.32479274"
"2024-07-09T13:30:00.0000000+00:00","EqBondReversion","4303.16800424"
"2024-07-09T13:30:00.0000000+00:00","RiskPremia","3715.7176480"
"2024-07-09T20:00:00.0000000+00:00","PaydaySeason","1048.05326190"
"2024-07-09T20:00:00.0000000+00:00","BondSeason","3566.23979274"
"2024-07-09T20:00:00.0000000+00:00","EqBondReversion","4303.16800424"
"2024-07-09T20:00:00.0000000+00:00","RiskPremia","3712.0076480"
"2024-07-10T13:30:00.0000000+00:00","PaydaySeason","1048.05326190"
"2024-07-10T13:30:00.0000000+00:00","BondSeason","3562.86479274"
"2024-07-10T13:30:00.0000000+00:00","EqBondReversion","4303.16800424"
"2024-07-10T13:30:00.0000000+00:00","RiskPremia","3722.2676480"
"2024-07-10T20:00:00.0000000+00:00","PaydaySeason","1048.05326190"
"2024-07-10T20:00:00.0000000+00:00","BondSeason","3557.77464474"
"2024-07-10T20:00:00.0000000+00:00","EqBondReversion","4303.16800424"
"2024-07-10T20:00:00.0000000+00:00","RiskPremia","3729.6476480"
"2024-07-11T13:30:00.0000000+00:00","PaydaySeason","1048.05326190"
"2024-07-11T13:30:00.0000000+00:00","BondSeason","3557.77464474"
"2024-07-11T13:30:00.0000000+00:00","EqBondReversion","4303.16800424"
"2024-07-11T13:30:00.0000000+00:00","RiskPremia","3754.5976480"
"2024-07-11T20:00:00.0000000+00:00","PaydaySeason","1047.89889390"
"2024-07-11T20:00:00.0000000+00:00","BondSeason","3557.77464474"
"2024-07-11T20:00:00.0000000+00:00","EqBondReversion","4303.16800424"
"2024-07-11T20:00:00.0000000+00:00","RiskPremia","3746.7876480"
"2024-07-12T13:30:00.0000000+00:00","PaydaySeason","1049.33889390"
"2024-07-12T13:30:00.0000000+00:00","BondSeason","3557.77464474"
"2024-07-12T13:30:00.0000000+00:00","EqBondReversion","4303.16800424"
"2024-07-12T13:30:00.0000000+00:00","RiskPremia","3744.6176480"
"2024-07-12T20:00:00.0000000+00:00","PaydaySeason","1052.93889390"
"2024-07-12T20:00:00.0000000+00:00","BondSeason","3557.77464474"
"2024-07-12T20:00:00.0000000+00:00","EqBondReversion","4303.16800424"
"2024-07-12T20:00:00.0000000+00:00","RiskPremia","3758.1626480"
"2024-07-15T13:30:00.0000000+00:00","PaydaySeason","1056.41889390"
"2024-07-15T13:30:00.0000000+00:00","BondSeason","3557.77464474"
"2024-07-15T13:30:00.0000000+00:00","EqBondReversion","4303.16800424"
"2024-07-15T13:30:00.0000000+00:00","RiskPremia","3755.4576480"
"2024-07-15T20:00:00.0000000+00:00","PaydaySeason","1055.95569390"
"2024-07-15T20:00:00.0000000+00:00","BondSeason","3557.77464474"
"2024-07-15T20:00:00.0000000+00:00","EqBondReversion","4303.16800424"
"2024-07-15T20:00:00.0000000+00:00","RiskPremia","3755.0242480"
"2024-07-16T13:30:00.0000000+00:00","PaydaySeason","1058.45889390"
"2024-07-16T13:30:00.0000000+00:00","BondSeason","3557.77464474"
"2024-07-16T13:30:00.0000000+00:00","EqBondReversion","4303.16800424"
"2024-07-16T13:30:00.0000000+00:00","RiskPremia","3771.5376480"
"2024-07-16T20:00:00.0000000+00:00","PaydaySeason","1062.56769390"
"2024-07-16T20:00:00.0000000+00:00","BondSeason","3557.77464474"
"2024-07-16T20:00:00.0000000+00:00","EqBondReversion","4303.16800424"
"2024-07-16T20:00:00.0000000+00:00","RiskPremia","3794.6932480"
"2024-07-17T13:30:00.0000000+00:00","PaydaySeason","1054.37889390"
"2024-07-17T13:30:00.0000000+00:00","BondSeason","3557.77464474"
"2024-07-17T13:30:00.0000000+00:00","EqBondReversion","4303.16800424"
"2024-07-17T13:30:00.0000000+00:00","RiskPremia","3781.1476480"
"2024-07-17T20:00:00.0000000+00:00","PaydaySeason","1051.58375790"
"2024-07-17T20:00:00.0000000+00:00","BondSeason","3557.77464474"
"2024-07-17T20:00:00.0000000+00:00","EqBondReversion","4303.16800424"
"2024-07-17T20:00:00.0000000+00:00","RiskPremia","3774.4276480"
"2024-07-18T13:30:00.0000000+00:00","PaydaySeason","1051.58375790"
"2024-07-18T13:30:00.0000000+00:00","BondSeason","3557.77464474"
"2024-07-18T13:30:00.0000000+00:00","EqBondReversion","4303.16800424"
"2024-07-18T13:30:00.0000000+00:00","RiskPremia","3773.5276480"
"2024-07-18T20:00:00.0000000+00:00","PaydaySeason","1051.58375790"
"2024-07-18T20:00:00.0000000+00:00","BondSeason","3557.77464474"
"2024-07-18T20:00:00.0000000+00:00","EqBondReversion","4303.16800424"
"2024-07-18T20:00:00.0000000+00:00","RiskPremia","3751.0026480"
"2024-07-19T13:30:00.0000000+00:00","PaydaySeason","1051.58375790"
"2024-07-19T13:30:00.0000000+00:00","BondSeason","3557.77464474"
"2024-07-19T13:30:00.0000000+00:00","EqBondReversion","4303.16800424"
"2024-07-19T13:30:00.0000000+00:00","RiskPremia","3730.2276480"
"2024-07-19T20:00:00.0000000+00:00","PaydaySeason","1051.58375790"
"2024-07-19T20:00:00.0000000+00:00","BondSeason","3557.77464474"
"2024-07-19T20:00:00.0000000+00:00","EqBondReversion","4303.16800424"
"2024-07-19T20:00:00.0000000+00:00","RiskPremia","3722.9576480"
"2024-07-22T13:30:00.0000000+00:00","PaydaySeason","1051.58375790"
"2024-07-22T13:30:00.0000000+00:00","BondSeason","3557.77464474"
"2024-07-22T13:30:00.0000000+00:00","EqBondReversion","4302.56518224"
"2024-07-22T13:30:00.0000000+00:00","RiskPremia","3735.7276480"
"2024-07-22T20:00:00.0000000+00:00","PaydaySeason","1051.58375790"
"2024-07-22T20:00:00.0000000+00:00","BondSeason","3557.25594474"
"2024-07-22T20:00:00.0000000+00:00","EqBondReversion","4312.43518224"
"2024-07-22T20:00:00.0000000+00:00","RiskPremia","3732.8176480"
"2024-07-23T13:30:00.0000000+00:00","PaydaySeason","1051.58375790"
"2024-07-23T13:30:00.0000000+00:00","BondSeason","3562.43594474"
"2024-07-23T13:30:00.0000000+00:00","EqBondReversion","4311.96518224"
"2024-07-23T13:30:00.0000000+00:00","RiskPremia","3736.5176480"
"2024-07-23T20:00:00.0000000+00:00","PaydaySeason","1051.42946190"
"2024-07-23T20:00:00.0000000+00:00","BondSeason","3554.87594474"
"2024-07-23T20:00:00.0000000+00:00","EqBondReversion","4310.08518224"
"2024-07-23T20:00:00.0000000+00:00","RiskPremia","3733.9926480"
"2024-07-24T13:30:00.0000000+00:00","PaydaySeason","1044.58946190"
"2024-07-24T13:30:00.0000000+00:00","BondSeason","3556.27594474"
"2024-07-24T13:30:00.0000000+00:00","EqBondReversion","4283.29518224"
"2024-07-24T13:30:00.0000000+00:00","RiskPremia","3726.9776480"
"2024-07-24T20:00:00.0000000+00:00","PaydaySeason","1033.66946190"
"2024-07-24T20:00:00.0000000+00:00","BondSeason","3526.59594474"
"2024-07-24T20:00:00.0000000+00:00","EqBondReversion","4240.52518224"
"2024-07-24T20:00:00.0000000+00:00","RiskPremia","3692.7976480"
"2024-07-25T13:30:00.0000000+00:00","PaydaySeason","1033.78946190"
"2024-07-25T13:30:00.0000000+00:00","BondSeason","3540.31594474"
"2024-07-25T13:30:00.0000000+00:00","EqBondReversion","4240.99518224"
"2024-07-25T13:30:00.0000000+00:00","RiskPremia","3687.8576480"
"2024-07-25T20:00:00.0000000+00:00","PaydaySeason","1031.02946190"
"2024-07-25T20:00:00.0000000+00:00","BondSeason","3547.59594474"
"2024-07-25T20:00:00.0000000+00:00","EqBondReversion","4230.18518224"
"2024-07-25T20:00:00.0000000+00:00","RiskPremia","3683.7076480"
"2024-07-26T13:30:00.0000000+00:00","PaydaySeason","1037.14946190"
"2024-07-26T13:30:00.0000000+00:00","BondSeason","3566.35594474"
"2024-07-26T13:30:00.0000000+00:00","EqBondReversion","4254.15518224"
"2024-07-26T13:30:00.0000000+00:00","RiskPremia","3706.0476480"
"2024-07-26T20:00:00.0000000+00:00","PaydaySeason","1040.14226190"
"2024-07-26T20:00:00.0000000+00:00","BondSeason","3568.31594474"
"2024-07-26T20:00:00.0000000+00:00","EqBondReversion","4265.87698224"
"2024-07-26T20:00:00.0000000+00:00","RiskPremia","3713.6962480"
"2024-07-29T13:30:00.0000000+00:00","PaydaySeason","1042.90946190"
"2024-07-29T13:30:00.0000000+00:00","BondSeason","3586.51594474"
"2024-07-29T13:30:00.0000000+00:00","EqBondReversion","4276.71518224"
"2024-07-29T13:30:00.0000000+00:00","RiskPremia","3727.1276480"
"2024-07-29T20:00:00.0000000+00:00","PaydaySeason","1039.78946190"
"2024-07-29T20:00:00.0000000+00:00","BondSeason","3581.75594474"
"2024-07-29T20:00:00.0000000+00:00","EqBondReversion","4264.49518224"
"2024-07-29T20:00:00.0000000+00:00","RiskPremia","3716.9176480"
"2024-07-30T13:30:00.0000000+00:00","PaydaySeason","1041.82946190"
"2024-07-30T13:30:00.0000000+00:00","BondSeason","3588.75594474"
"2024-07-30T13:30:00.0000000+00:00","EqBondReversion","4272.48518224"
"2024-07-30T13:30:00.0000000+00:00","RiskPremia","3726.7276480"
"2024-07-30T20:00:00.0000000+00:00","PaydaySeason","1036.54946190"
"2024-07-30T20:00:00.0000000+00:00","BondSeason","3591.55594474"
"2024-07-30T20:00:00.0000000+00:00","EqBondReversion","4251.80518224"
"2024-07-30T20:00:00.0000000+00:00","RiskPremia","3723.4476480"
"2024-07-31T13:30:00.0000000+00:00","PaydaySeason","1046.38946190"
"2024-07-31T13:30:00.0000000+00:00","BondSeason","3610.59594474"
"2024-07-31T13:30:00.0000000+00:00","EqBondReversion","4290.34518224"
"2024-07-31T13:30:00.0000000+00:00","RiskPremia","3750.2476480"
"2024-07-31T20:00:00.0000000+00:00","PaydaySeason","1047.67588590"
"2024-07-31T20:00:00.0000000+00:00","BondSeason","3617.95281474"
"2024-07-31T20:00:00.0000000+00:00","EqBondReversion","4295.38367624"
"2024-07-31T20:00:00.0000000+00:00","RiskPremia","3765.5576480"
"2024-08-01T13:30:00.0000000+00:00","PaydaySeason","1047.67588590"
"2024-08-01T13:30:00.0000000+00:00","BondSeason","3601.08170274"
"2024-08-01T13:30:00.0000000+00:00","EqBondReversion","4295.38367624"
"2024-08-01T13:30:00.0000000+00:00","RiskPremia","3776.6262080"
"2024-08-01T20:00:00.0000000+00:00","PaydaySeason","1047.67588590"
"2024-08-01T20:00:00.0000000+00:00","BondSeason","3595.14170274"
"2024-08-01T20:00:00.0000000+00:00","EqBondReversion","4295.38367624"
"2024-08-01T20:00:00.0000000+00:00","RiskPremia","3753.0262080"
"2024-08-02T13:30:00.0000000+00:00","PaydaySeason","1047.67588590"
"2024-08-02T13:30:00.0000000+00:00","BondSeason","3551.13170274"
"2024-08-02T13:30:00.0000000+00:00","EqBondReversion","4295.38367624"
"2024-08-02T13:30:00.0000000+00:00","RiskPremia","3759.0762080"
"2024-08-02T20:00:00.0000000+00:00","PaydaySeason","1047.67588590"
"2024-08-02T20:00:00.0000000+00:00","BondSeason","3516.30170274"
"2024-08-02T20:00:00.0000000+00:00","EqBondReversion","4295.38367624"
"2024-08-02T20:00:00.0000000+00:00","RiskPremia","3756.2062080"
"2024-08-05T13:30:00.0000000+00:00","PaydaySeason","1047.67588590"
"2024-08-05T13:30:00.0000000+00:00","BondSeason","3478.77170274"
"2024-08-05T13:30:00.0000000+00:00","EqBondReversion","4295.38367624"
"2024-08-05T13:30:00.0000000+00:00","RiskPremia","3702.3962080"
"2024-08-05T20:00:00.0000000+00:00","PaydaySeason","1047.67588590"
"2024-08-05T20:00:00.0000000+00:00","BondSeason","3503.07170274"
"2024-08-05T20:00:00.0000000+00:00","EqBondReversion","4295.38367624"
"2024-08-05T20:00:00.0000000+00:00","RiskPremia","3717.0662080"
"2024-08-06T13:30:00.0000000+00:00","PaydaySeason","1047.67588590"
"2024-08-06T13:30:00.0000000+00:00","BondSeason","3519.81170274"
"2024-08-06T13:30:00.0000000+00:00","EqBondReversion","4295.38367624"
"2024-08-06T13:30:00.0000000+00:00","RiskPremia","3713.4162080"
"2024-08-06T20:00:00.0000000+00:00","PaydaySeason","1047.67588590"
"2024-08-06T20:00:00.0000000+00:00","BondSeason","3560.31170274"
"2024-08-06T20:00:00.0000000+00:00","EqBondReversion","4295.38367624"
"2024-08-06T20:00:00.0000000+00:00","RiskPremia","3699.5162080"
"2024-08-07T13:30:00.0000000+00:00","PaydaySeason","1047.67588590"
"2024-08-07T13:30:00.0000000+00:00","BondSeason","3579.21170274"
"2024-08-07T13:30:00.0000000+00:00","EqBondReversion","4295.38367624"
"2024-08-07T13:30:00.0000000+00:00","RiskPremia","3711.7362080"
"2024-08-07T20:00:00.0000000+00:00","PaydaySeason","1047.67588590"
"2024-08-07T20:00:00.0000000+00:00","BondSeason","3581.10170274"
"2024-08-07T20:00:00.0000000+00:00","EqBondReversion","4295.38367624"
"2024-08-07T20:00:00.0000000+00:00","RiskPremia","3682.9662080"
"2024-08-08T13:30:00.0000000+00:00","PaydaySeason","1047.67588590"
"2024-08-08T13:30:00.0000000+00:00","BondSeason","3601.62170274"
"2024-08-08T13:30:00.0000000+00:00","EqBondReversion","4295.38367624"
"2024-08-08T13:30:00.0000000+00:00","RiskPremia","3695.8762080"
"2024-08-08T20:00:00.0000000+00:00","PaydaySeason","1047.67588590"
"2024-08-08T20:00:00.0000000+00:00","BondSeason","3596.89670274"
"2024-08-08T20:00:00.0000000+00:00","EqBondReversion","4295.38367624"
"2024-08-08T20:00:00.0000000+00:00","RiskPremia","3716.2962080"
"2024-08-09T13:30:00.0000000+00:00","PaydaySeason","1047.67588590"
"2024-08-09T13:30:00.0000000+00:00","BondSeason","3564.36170274"
"2024-08-09T13:30:00.0000000+00:00","EqBondReversion","4295.38367624"
"2024-08-09T13:30:00.0000000+00:00","RiskPremia","3730.6662080"
"2024-08-09T20:00:00.0000000+00:00","PaydaySeason","1047.67588590"
"2024-08-09T20:00:00.0000000+00:00","BondSeason","3569.51173674"
"2024-08-09T20:00:00.0000000+00:00","EqBondReversion","4295.38367624"
"2024-08-09T20:00:00.0000000+00:00","RiskPremia","3733.4162080"
"2024-08-12T13:30:00.0000000+00:00","PaydaySeason","1047.67588590"
"2024-08-12T13:30:00.0000000+00:00","BondSeason","3569.51173674"
"2024-08-12T13:30:00.0000000+00:00","EqBondReversion","4295.38367624"
"2024-08-12T13:30:00.0000000+00:00","RiskPremia","3739.8062080"
"2024-08-12T20:00:00.0000000+00:00","PaydaySeason","1047.51546590"
"2024-08-12T20:00:00.0000000+00:00","BondSeason","3569.51173674"
"2024-08-12T20:00:00.0000000+00:00","EqBondReversion","4295.38367624"
"2024-08-12T20:00:00.0000000+00:00","RiskPremia","3749.8962080"
"2024-08-13T13:30:00.0000000+00:00","PaydaySeason","1052.32546590"
"2024-08-13T13:30:00.0000000+00:00","BondSeason","3569.51173674"
"2024-08-13T13:30:00.0000000+00:00","EqBondReversion","4295.38367624"
"2024-08-13T13:30:00.0000000+00:00","RiskPremia","3762.8762080"
"2024-08-13T20:00:00.0000000+00:00","PaydaySeason","1060.64546590"
"2024-08-13T20:00:00.0000000+00:00","BondSeason","3569.51173674"
"2024-08-13T20:00:00.0000000+00:00","EqBondReversion","4295.38367624"
"2024-08-13T20:00:00.0000000+00:00","RiskPremia","3774.3962080"
"2024-08-14T13:30:00.0000000+00:00","PaydaySeason","1063.11546590"
"2024-08-14T13:30:00.0000000+00:00","BondSeason","3569.51173674"
"2024-08-14T13:30:00.0000000+00:00","EqBondReversion","4295.38367624"
"2024-08-14T13:30:00.0000000+00:00","RiskPremia","3775.6362080"
"2024-08-14T20:00:00.0000000+00:00","PaydaySeason","1063.11546590"
"2024-08-14T20:00:00.0000000+00:00","BondSeason","3569.51173674"
"2024-08-14T20:00:00.0000000+00:00","EqBondReversion","4295.38367624"
"2024-08-14T20:00:00.0000000+00:00","RiskPremia","3777.6762080"
"2024-08-15T13:30:00.0000000+00:00","PaydaySeason","1072.08546590"
"2024-08-15T13:30:00.0000000+00:00","BondSeason","3569.51173674"
"2024-08-15T13:30:00.0000000+00:00","EqBondReversion","4295.38367624"
"2024-08-15T13:30:00.0000000+00:00","RiskPremia","3776.8562080"
"2024-08-15T20:00:00.0000000+00:00","PaydaySeason","1077.41286590"
"2024-08-15T20:00:00.0000000+00:00","BondSeason","3569.51173674"
"2024-08-15T20:00:00.0000000+00:00","EqBondReversion","4295.38367624"
"2024-08-15T20:00:00.0000000+00:00","RiskPremia","3792.8224080"
"2024-08-16T13:30:00.0000000+00:00","PaydaySeason","1075.46546590"
"2024-08-16T13:30:00.0000000+00:00","BondSeason","3569.51173674"
"2024-08-16T13:30:00.0000000+00:00","EqBondReversion","4295.38367624"
"2024-08-16T13:30:00.0000000+00:00","RiskPremia","3804.8578980"
"2024-08-16T20:00:00.0000000+00:00","PaydaySeason","1079.19867590"
"2024-08-16T20:00:00.0000000+00:00","BondSeason","3569.51173674"
"2024-08-16T20:00:00.0000000+00:00","EqBondReversion","4295.38367624"
"2024-08-16T20:00:00.0000000+00:00","RiskPremia","3816.1578980"
"2024-08-19T13:30:00.0000000+00:00","PaydaySeason","1079.19867590"
"2024-08-19T13:30:00.0000000+00:00","BondSeason","3569.51173674"
"2024-08-19T13:30:00.0000000+00:00","EqBondReversion","4295.38367624"
"2024-08-19T13:30:00.0000000+00:00","RiskPremia","3811.2578980"
"2024-08-19T20:00:00.0000000+00:00","PaydaySeason","1079.19867590"
"2024-08-19T20:00:00.0000000+00:00","BondSeason","3569.51173674"
"2024-08-19T20:00:00.0000000+00:00","EqBondReversion","4295.38367624"
"2024-08-19T20:00:00.0000000+00:00","RiskPremia","3829.9578980"
"2024-08-20T13:30:00.0000000+00:00","PaydaySeason","1079.19867590"
"2024-08-20T13:30:00.0000000+00:00","BondSeason","3569.51173674"
"2024-08-20T13:30:00.0000000+00:00","EqBondReversion","4295.38367624"
"2024-08-20T13:30:00.0000000+00:00","RiskPremia","3841.9878980"
"2024-08-20T20:00:00.0000000+00:00","PaydaySeason","1079.19867590"
"2024-08-20T20:00:00.0000000+00:00","BondSeason","3569.51173674"
"2024-08-20T20:00:00.0000000+00:00","EqBondReversion","4295.38367624"
"2024-08-20T20:00:00.0000000+00:00","RiskPremia","3838.3678980"
"2024-08-21T13:30:00.0000000+00:00","PaydaySeason","1079.19867590"
"2024-08-21T13:30:00.0000000+00:00","BondSeason","3569.51173674"
"2024-08-21T13:30:00.0000000+00:00","EqBondReversion","4294.78806824"
"2024-08-21T13:30:00.0000000+00:00","RiskPremia","3837.5178980"
"2024-08-21T20:00:00.0000000+00:00","PaydaySeason","1079.19867590"
"2024-08-21T20:00:00.0000000+00:00","BondSeason","3568.99839274"
"2024-08-21T20:00:00.0000000+00:00","EqBondReversion","4303.52806824"
"2024-08-21T20:00:00.0000000+00:00","RiskPremia","3842.7612980"
"2024-08-22T13:30:00.0000000+00:00","PaydaySeason","1079.19867590"
"2024-08-22T13:30:00.0000000+00:00","BondSeason","3556.25839274"
"2024-08-22T13:30:00.0000000+00:00","EqBondReversion","4311.80806824"
"2024-08-22T13:30:00.0000000+00:00","RiskPremia","3834.2778980"
"2024-08-22T20:00:00.0000000+00:00","PaydaySeason","1079.04413990"
"2024-08-22T20:00:00.0000000+00:00","BondSeason","3544.29839274"
"2024-08-22T20:00:00.0000000+00:00","EqBondReversion","4278.68806824"
"2024-08-22T20:00:00.0000000+00:00","RiskPremia","3814.7578980"
"2024-08-23T13:30:00.0000000+00:00","PaydaySeason","1083.84413990"
"2024-08-23T13:30:00.0000000+00:00","BondSeason","3555.21839274"
"2024-08-23T13:30:00.0000000+00:00","EqBondReversion","4297.08806824"
"2024-08-23T13:30:00.0000000+00:00","RiskPremia","3831.4778980"
"2024-08-23T20:00:00.0000000+00:00","PaydaySeason","1088.64413990"
"2024-08-23T20:00:00.0000000+00:00","BondSeason","3560.41839274"
"2024-08-23T20:00:00.0000000+00:00","EqBondReversion","4315.48806824"
"2024-08-23T20:00:00.0000000+00:00","RiskPremia","3843.3628980"
"2024-08-26T13:30:00.0000000+00:00","PaydaySeason","1089.96413990"
"2024-08-26T13:30:00.0000000+00:00","BondSeason","3568.21839274"
"2024-08-26T13:30:00.0000000+00:00","EqBondReversion","4320.54806824"
"2024-08-26T13:30:00.0000000+00:00","RiskPremia","3853.3078980"
"2024-08-26T20:00:00.0000000+00:00","PaydaySeason","1086.72413990"
"2024-08-26T20:00:00.0000000+00:00","BondSeason","3553.65839274"
"2024-08-26T20:00:00.0000000+00:00","EqBondReversion","4308.12806824"
"2024-08-26T20:00:00.0000000+00:00","RiskPremia","3840.8378980"
"2024-08-27T13:30:00.0000000+00:00","PaydaySeason","1084.44413990"
"2024-08-27T13:30:00.0000000+00:00","BondSeason","3537.01839274"
"2024-08-27T13:30:00.0000000+00:00","EqBondReversion","4299.38806824"
"2024-08-27T13:30:00.0000000+00:00","RiskPremia","3827.4878980"
"2024-08-27T20:00:00.0000000+00:00","PaydaySeason","1087.32413990"
"2024-08-27T20:00:00.0000000+00:00","BondSeason","3549.36839274"
"2024-08-27T20:00:00.0000000+00:00","EqBondReversion","4310.42806824"
"2024-08-27T20:00:00.0000000+00:00","RiskPremia","3842.3678980"
"2024-08-28T13:30:00.0000000+00:00","PaydaySeason","1086.48413990"
"2024-08-28T13:30:00.0000000+00:00","BondSeason","3550.53839274"
"2024-08-28T13:30:00.0000000+00:00","EqBondReversion","4307.20806824"
"2024-08-28T13:30:00.0000000+00:00","RiskPremia","3836.5978980"
"2024-08-28T20:00:00.0000000+00:00","PaydaySeason","1082.88413990"
"2024-08-28T20:00:00.0000000+00:00","BondSeason","3547.02839274"
"2024-08-28T20:00:00.0000000+00:00","EqBondReversion","4293.40806824"
"2024-08-28T20:00:00.0000000+00:00","RiskPremia","3829.5128980"
"2024-08-29T13:30:00.0000000+00:00","PaydaySeason","1085.76413990"
"2024-08-29T13:30:00.0000000+00:00","BondSeason","3533.89839274"
"2024-08-29T13:30:00.0000000+00:00","EqBondReversion","4304.44806824"
"2024-08-29T13:30:00.0000000+00:00","RiskPremia","3829.0678980"
"2024-08-29T20:00:00.0000000+00:00","PaydaySeason","1083.36413990"
"2024-08-29T20:00:00.0000000+00:00","BondSeason","3537.53839274"
"2024-08-29T20:00:00.0000000+00:00","EqBondReversion","4295.24806824"
"2024-08-29T20:00:00.0000000+00:00","RiskPremia","3830.8378980"
"2024-08-30T13:30:00.0000000+00:00","PaydaySeason","1086.72413990"
"2024-08-30T13:30:00.0000000+00:00","BondSeason","3541.95839274"
"2024-08-30T13:30:00.0000000+00:00","EqBondReversion","4308.12806824"
"2024-08-30T13:30:00.0000000+00:00","RiskPremia","3835.3178980"
"2024-08-30T20:00:00.0000000+00:00","PaydaySeason","1090.28732390"
"2024-08-30T20:00:00.0000000+00:00","BondSeason","3511.31437674"
"2024-08-30T20:00:00.0000000+00:00","EqBondReversion","4321.78694024"
"2024-08-30T20:00:00.0000000+00:00","RiskPremia","3824.5428980"
"2024-09-03T13:30:00.0000000+00:00","PaydaySeason","1090.28732390"
"2024-09-03T13:30:00.0000000+00:00","BondSeason","3476.66204474"
"2024-09-03T13:30:00.0000000+00:00","EqBondReversion","4321.78694024"
"2024-09-03T13:30:00.0000000+00:00","RiskPremia","3829.1257180"
"2024-09-03T20:00:00.0000000+00:00","PaydaySeason","1090.28732390"
"2024-09-03T20:00:00.0000000+00:00","BondSeason","3470.94204474"
"2024-09-03T20:00:00.0000000+00:00","EqBondReversion","4321.78694024"
"2024-09-03T20:00:00.0000000+00:00","RiskPremia","3813.7807180"
"2024-09-04T13:30:00.0000000+00:00","PaydaySeason","1090.28732390"
"2024-09-04T13:30:00.0000000+00:00","BondSeason","3468.34204474"
"2024-09-04T13:30:00.0000000+00:00","EqBondReversion","4321.78694024"
"2024-09-04T13:30:00.0000000+00:00","RiskPremia","3809.6357180"
"2024-09-04T20:00:00.0000000+00:00","PaydaySeason","1090.28732390"
"2024-09-04T20:00:00.0000000+00:00","BondSeason","3440.00204474"
"2024-09-04T20:00:00.0000000+00:00","EqBondReversion","4321.78694024"
"2024-09-04T20:00:00.0000000+00:00","RiskPremia","3824.1957180"
"2024-09-05T13:30:00.0000000+00:00","PaydaySeason","1090.28732390"
"2024-09-05T13:30:00.0000000+00:00","BondSeason","3430.38204474"
"2024-09-05T13:30:00.0000000+00:00","EqBondReversion","4321.78694024"
"2024-09-05T13:30:00.0000000+00:00","RiskPremia","3836.0457180"
"2024-09-05T20:00:00.0000000+00:00","PaydaySeason","1090.28732390"
"2024-09-05T20:00:00.0000000+00:00","BondSeason","3425.31204474"
"2024-09-05T20:00:00.0000000+00:00","EqBondReversion","4321.78694024"
"2024-09-05T20:00:00.0000000+00:00","RiskPremia","3833.7657180"
"2024-09-06T13:30:00.0000000+00:00","PaydaySeason","1090.28732390"
"2024-09-06T13:30:00.0000000+00:00","BondSeason","3424.92204474"
"2024-09-06T13:30:00.0000000+00:00","EqBondReversion","4321.78694024"
"2024-09-06T13:30:00.0000000+00:00","RiskPremia","3833.0057180"
"2024-09-06T20:00:00.0000000+00:00","PaydaySeason","1090.28732390"
"2024-09-06T20:00:00.0000000+00:00","BondSeason","3423.88204474"
"2024-09-06T20:00:00.0000000+00:00","EqBondReversion","4321.78694024"
"2024-09-06T20:00:00.0000000+00:00","RiskPremia","3811.3107180"
"2024-09-09T13:30:00.0000000+00:00","PaydaySeason","1090.28732390"
"2024-09-09T13:30:00.0000000+00:00","BondSeason","3428.82204474"
"2024-09-09T13:30:00.0000000+00:00","EqBondReversion","4321.78694024"
"2024-09-09T13:30:00.0000000+00:00","RiskPremia","3819.3957180"
"2024-09-09T20:00:00.0000000+00:00","PaydaySeason","1090.28732390"
"2024-09-09T20:00:00.0000000+00:00","BondSeason","3413.74204474"
"2024-09-09T20:00:00.0000000+00:00","EqBondReversion","4321.78694024"
"2024-09-09T20:00:00.0000000+00:00","RiskPremia","3829.2557180"
"2024-09-10T13:30:00.0000000+00:00","PaydaySeason","1090.28732390"
"2024-09-10T13:30:00.0000000+00:00","BondSeason","3416.60204474"
"2024-09-10T13:30:00.0000000+00:00","EqBondReversion","4321.78694024"
"2024-09-10T13:30:00.0000000+00:00","RiskPremia","3834.2457180"
"2024-09-10T20:00:00.0000000+00:00","PaydaySeason","1090.28732390"
"2024-09-10T20:00:00.0000000+00:00","BondSeason","3396.06204474"
"2024-09-10T20:00:00.0000000+00:00","EqBondReversion","4321.78694024"
"2024-09-10T20:00:00.0000000+00:00","RiskPremia","3843.6357180"
"2024-09-11T13:30:00.0000000+00:00","PaydaySeason","1090.28732390"
"2024-09-11T13:30:00.0000000+00:00","BondSeason","3400.74204474"
"2024-09-11T13:30:00.0000000+00:00","EqBondReversion","4321.78694024"
"2024-09-11T13:30:00.0000000+00:00","RiskPremia","3838.4357180"
"2024-09-11T20:00:00.0000000+00:00","PaydaySeason","1090.28732390"
"2024-09-11T20:00:00.0000000+00:00","BondSeason","3397.35897674"
"2024-09-11T20:00:00.0000000+00:00","EqBondReversion","4321.78694024"
"2024-09-11T20:00:00.0000000+00:00","RiskPremia","3851.3357180"
"2024-09-12T13:30:00.0000000+00:00","PaydaySeason","1090.28732390"
"2024-09-12T13:30:00.0000000+00:00","BondSeason","3397.35897674"
"2024-09-12T13:30:00.0000000+00:00","EqBondReversion","4321.78694024"
"2024-09-12T13:30:00.0000000+00:00","RiskPremia","3859.3157180"
"2024-09-12T20:00:00.0000000+00:00","PaydaySeason","1090.13222390"
"2024-09-12T20:00:00.0000000+00:00","BondSeason","3397.35897674"
"2024-09-12T20:00:00.0000000+00:00","EqBondReversion","4321.78694024"
"2024-09-12T20:00:00.0000000+00:00","RiskPremia","3870.4757180"
"2024-09-13T13:30:00.0000000+00:00","PaydaySeason","1091.87222390"
"2024-09-13T13:30:00.0000000+00:00","BondSeason","3397.35897674"
"2024-09-13T13:30:00.0000000+00:00","EqBondReversion","4321.78694024"
"2024-09-13T13:30:00.0000000+00:00","RiskPremia","3882.8257180"
"2024-09-13T20:00:00.0000000+00:00","PaydaySeason","1095.35222390"
"2024-09-13T20:00:00.0000000+00:00","BondSeason","3397.35897674"
"2024-09-13T20:00:00.0000000+00:00","EqBondReversion","4321.78694024"
"2024-09-13T20:00:00.0000000+00:00","RiskPremia","3888.6857180"
"2024-09-16T13:30:00.0000000+00:00","PaydaySeason","1094.75222390"
"2024-09-16T13:30:00.0000000+00:00","BondSeason","3397.35897674"
"2024-09-16T13:30:00.0000000+00:00","EqBondReversion","4321.78694024"
"2024-09-16T13:30:00.0000000+00:00","RiskPremia","3890.7457180"
"2024-09-16T20:00:00.0000000+00:00","PaydaySeason","1097.03222390"
"2024-09-16T20:00:00.0000000+00:00","BondSeason","3397.35897674"
"2024-09-16T20:00:00.0000000+00:00","EqBondReversion","4321.78694024"
"2024-09-16T20:00:00.0000000+00:00","RiskPremia","3899.8557180"
"2024-09-17T13:30:00.0000000+00:00","PaydaySeason","1100.03222390"
"2024-09-17T13:30:00.0000000+00:00","BondSeason","3397.35897674"
"2024-09-17T13:30:00.0000000+00:00","EqBondReversion","4321.78694024"
"2024-09-17T13:30:00.0000000+00:00","RiskPremia","3903.8057180"
"2024-09-17T20:00:00.0000000+00:00","PaydaySeason","1097.99222390"
"2024-09-17T20:00:00.0000000+00:00","BondSeason","3397.35897674"
"2024-09-17T20:00:00.0000000+00:00","EqBondReversion","4321.78694024"
"2024-09-17T20:00:00.0000000+00:00","RiskPremia","3891.6957180"
"2024-09-18T13:30:00.0000000+00:00","PaydaySeason","1099.07222390"
"2024-09-18T13:30:00.0000000+00:00","BondSeason","3397.35897674"
"2024-09-18T13:30:00.0000000+00:00","EqBondReversion","4321.78694024"
"2024-09-18T13:30:00.0000000+00:00","RiskPremia","3890.5657180"
"2024-09-18T20:00:00.0000000+00:00","PaydaySeason","1095.67598390"
"2024-09-18T20:00:00.0000000+00:00","BondSeason","3397.35897674"
"2024-09-18T20:00:00.0000000+00:00","EqBondReversion","4321.78694024"
"2024-09-18T20:00:00.0000000+00:00","RiskPremia","3869.9857180"
"2024-09-19T13:30:00.0000000+00:00","PaydaySeason","1095.67598390"
"2024-09-19T13:30:00.0000000+00:00","BondSeason","3397.35897674"
"2024-09-19T13:30:00.0000000+00:00","EqBondReversion","4321.78694024"
"2024-09-19T13:30:00.0000000+00:00","RiskPremia","3890.9657180"
"2024-09-19T20:00:00.0000000+00:00","PaydaySeason","1095.67598390"
"2024-09-19T20:00:00.0000000+00:00","BondSeason","3396.84287674"
"2024-09-19T20:00:00.0000000+00:00","EqBondReversion","4321.78694024"
"2024-09-19T20:00:00.0000000+00:00","RiskPremia","3897.8157180"
"2024-09-20T13:30:00.0000000+00:00","PaydaySeason","1095.67598390"
"2024-09-20T13:30:00.0000000+00:00","BondSeason","3390.08287674"
"2024-09-20T13:30:00.0000000+00:00","EqBondReversion","4321.78694024"
"2024-09-20T13:30:00.0000000+00:00","RiskPremia","3900.9357180"
"2024-09-20T20:00:00.0000000+00:00","PaydaySeason","1095.67598390"
"2024-09-20T20:00:00.0000000+00:00","BondSeason","3388.13287674"
"2024-09-20T20:00:00.0000000+00:00","EqBondReversion","4321.78694024"
"2024-09-20T20:00:00.0000000+00:00","RiskPremia","3902.9657180"
"2024-09-23T13:30:00.0000000+00:00","PaydaySeason","1095.67598390"
"2024-09-23T13:30:00.0000000+00:00","BondSeason","3377.34287674"
"2024-09-23T13:30:00.0000000+00:00","EqBondReversion","4321.19594024"
"2024-09-23T13:30:00.0000000+00:00","RiskPremia","3904.5957180"
"2024-09-23T20:00:00.0000000+00:00","PaydaySeason","1095.67598390"
"2024-09-23T20:00:00.0000000+00:00","BondSeason","3382.54287674"
"2024-09-23T20:00:00.0000000+00:00","EqBondReversion","4327.19594024"
"2024-09-23T20:00:00.0000000+00:00","RiskPremia","3905.3207180"
"2024-09-24T13:30:00.0000000+00:00","PaydaySeason","1095.67598390"
"2024-09-24T13:30:00.0000000+00:00","BondSeason","3364.34287674"
"2024-09-24T13:30:00.0000000+00:00","EqBondReversion","4306.19594024"
"2024-09-24T13:30:00.0000000+00:00","RiskPremia","3903.0157180"
"2024-09-24T20:00:00.0000000+00:00","PaydaySeason","1095.51657590"
"2024-09-24T20:00:00.0000000+00:00","BondSeason","3381.76287674"
"2024-09-24T20:00:00.0000000+00:00","EqBondReversion","4326.29594024"
"2024-09-24T20:00:00.0000000+00:00","RiskPremia","3920.2257180"
"2024-09-25T13:30:00.0000000+00:00","PaydaySeason","1095.23457590"
"2024-09-25T13:30:00.0000000+00:00","BondSeason","3371.10287674"
"2024-09-25T13:30:00.0000000+00:00","EqBondReversion","4313.99594024"
"2024-09-25T13:30:00.0000000+00:00","RiskPremia","3916.4297180"
"2024-09-25T20:00:00.0000000+00:00","PaydaySeason","1092.83457590"
"2024-09-25T20:00:00.0000000+00:00","BondSeason","3359.92287674"
"2024-09-25T20:00:00.0000000+00:00","EqBondReversion","4301.09594024"
"2024-09-25T20:00:00.0000000+00:00","RiskPremia","3907.1447180"
"2024-09-26T13:30:00.0000000+00:00","PaydaySeason","1098.95457590"
"2024-09-26T13:30:00.0000000+00:00","BondSeason","3366.16287674"
"2024-09-26T13:30:00.0000000+00:00","EqBondReversion","4308.29594024"
"2024-09-26T13:30:00.0000000+00:00","RiskPremia","3920.3397180"
"2024-09-26T20:00:00.0000000+00:00","PaydaySeason","1096.31457590"
"2024-09-26T20:00:00.0000000+00:00","BondSeason","3366.42287674"
"2024-09-26T20:00:00.0000000+00:00","EqBondReversion","4308.59594024"
"2024-09-26T20:00:00.0000000+00:00","RiskPremia","3918.7897180"
"2024-09-27T13:30:00.0000000+00:00","PaydaySeason","1098.71457590"
"2024-09-27T13:30:00.0000000+00:00","BondSeason","3378.38287674"
"2024-09-27T13:30:00.0000000+00:00","EqBondReversion","4322.39594024"
"2024-09-27T13:30:00.0000000+00:00","RiskPremia","3924.3797180"
"2024-09-27T20:00:00.0000000+00:00","PaydaySeason","1095.71457590"
"2024-09-27T20:00:00.0000000+00:00","BondSeason","3378.90287674"
"2024-09-27T20:00:00.0000000+00:00","EqBondReversion","4322.99594024"
"2024-09-27T20:00:00.0000000+00:00","RiskPremia","3915.6497180"
"2024-09-30T13:30:00.0000000+00:00","PaydaySeason","1094.39457590"
"2024-09-30T13:30:00.0000000+00:00","BondSeason","3380.98287674"
"2024-09-30T13:30:00.0000000+00:00","EqBondReversion","4325.39594024"
"2024-09-30T13:30:00.0000000+00:00","RiskPremia","3911.1197180"
"2024-09-30T20:00:00.0000000+00:00","PaydaySeason","1098.79497590"
"2024-09-30T20:00:00.0000000+00:00","BondSeason","3364.88305274"
"2024-09-30T20:00:00.0000000+00:00","EqBondReversion","4307.40758024"
"2024-09-30T20:00:00.0000000+00:00","RiskPremia","3907.9147180"
"2024-10-01T13:30:00.0000000+00:00","PaydaySeason","1098.79497590"
"2024-10-01T13:30:00.0000000+00:00","BondSeason","3337.43342274"
"2024-10-01T13:30:00.0000000+00:00","EqBondReversion","4307.40758024"
"2024-10-01T13:30:00.0000000+00:00","RiskPremia","3925.4172680"
"2024-10-01T20:00:00.0000000+00:00","PaydaySeason","1098.79497590"
"2024-10-01T20:00:00.0000000+00:00","BondSeason","3345.23342274"
"2024-10-01T20:00:00.0000000+00:00","EqBondReversion","4307.40758024"
"2024-10-01T20:00:00.0000000+00:00","RiskPremia","3914.6572680"
"2024-10-02T13:30:00.0000000+00:00","PaydaySeason","1098.79497590"
"2024-10-02T13:30:00.0000000+00:00","BondSeason","3374.87342274"
"2024-10-02T13:30:00.0000000+00:00","EqBondReversion","4307.40758024"
"2024-10-02T13:30:00.0000000+00:00","RiskPremia","3901.6572680"
"2024-10-02T20:00:00.0000000+00:00","PaydaySeason","1098.79497590"
"2024-10-02T20:00:00.0000000+00:00","BondSeason","3366.55342274"
"2024-10-02T20:00:00.0000000+00:00","EqBondReversion","4307.40758024"
"2024-10-02T20:00:00.0000000+00:00","RiskPremia","3906.7772680"
"2024-10-03T13:30:00.0000000+00:00","PaydaySeason","1098.79497590"
"2024-10-03T13:30:00.0000000+00:00","BondSeason","3375.39342274"
"2024-10-03T13:30:00.0000000+00:00","EqBondReversion","4307.40758024"
"2024-10-03T13:30:00.0000000+00:00","RiskPremia","3896.7872680"
"2024-10-03T20:00:00.0000000+00:00","PaydaySeason","1098.79497590"
"2024-10-03T20:00:00.0000000+00:00","BondSeason","3390.34342274"
"2024-10-03T20:00:00.0000000+00:00","EqBondReversion","4307.40758024"
"2024-10-03T20:00:00.0000000+00:00","RiskPremia","3895.2072680"
"2024-10-04T13:30:00.0000000+00:00","PaydaySeason","1098.79497590"
"2024-10-04T13:30:00.0000000+00:00","BondSeason","3424.79342274"
"2024-10-04T13:30:00.0000000+00:00","EqBondReversion","4307.40758024"
"2024-10-04T13:30:00.0000000+00:00","RiskPremia","3888.4072680"
"2024-10-04T20:00:00.0000000+00:00","PaydaySeason","1098.79497590"
"2024-10-04T20:00:00.0000000+00:00","BondSeason","3422.97342274"
"2024-10-04T20:00:00.0000000+00:00","EqBondReversion","4307.40758024"
"2024-10-04T20:00:00.0000000+00:00","RiskPremia","3890.7822680"
"2024-10-07T13:30:00.0000000+00:00","PaydaySeason","1098.79497590"
"2024-10-07T13:30:00.0000000+00:00","BondSeason","3436.75342274"
"2024-10-07T13:30:00.0000000+00:00","EqBondReversion","4307.40758024"
"2024-10-07T13:30:00.0000000+00:00","RiskPremia","3881.4772680"
"2024-10-07T20:00:00.0000000+00:00","PaydaySeason","1098.79497590"
"2024-10-07T20:00:00.0000000+00:00","BondSeason","3439.61342274"
"2024-10-07T20:00:00.0000000+00:00","EqBondReversion","4307.40758024"
"2024-10-07T20:00:00.0000000+00:00","RiskPremia","3871.6472680"
"2024-10-08T13:30:00.0000000+00:00","PaydaySeason","1098.79497590"
"2024-10-08T13:30:00.0000000+00:00","BondSeason","3452.09342274"
"2024-10-08T13:30:00.0000000+00:00","EqBondReversion","4307.40758024"
"2024-10-08T13:30:00.0000000+00:00","RiskPremia","3869.6472680"
"2024-10-08T20:00:00.0000000+00:00","PaydaySeason","1098.79497590"
"2024-10-08T20:00:00.0000000+00:00","BondSeason","3435.45342274"
"2024-10-08T20:00:00.0000000+00:00","EqBondReversion","4307.40758024"
"2024-10-08T20:00:00.0000000+00:00","RiskPremia","3875.5672680"
"2024-10-09T13:30:00.0000000+00:00","PaydaySeason","1098.79497590"
"2024-10-09T13:30:00.0000000+00:00","BondSeason","3444.81342274"
"2024-10-09T13:30:00.0000000+00:00","EqBondReversion","4307.40758024"
"2024-10-09T13:30:00.0000000+00:00","RiskPremia","3868.5172680"
"2024-10-09T20:00:00.0000000+00:00","PaydaySeason","1098.79497590"
"2024-10-09T20:00:00.0000000+00:00","BondSeason","3449.91225674"
"2024-10-09T20:00:00.0000000+00:00","EqBondReversion","4307.40758024"
"2024-10-09T20:00:00.0000000+00:00","RiskPremia","3872.9172680"
"2024-10-10T13:30:00.0000000+00:00","PaydaySeason","1098.79497590"
"2024-10-10T13:30:00.0000000+00:00","BondSeason","3449.91225674"
"2024-10-10T13:30:00.0000000+00:00","EqBondReversion","4307.40758024"
"2024-10-10T13:30:00.0000000+00:00","RiskPremia","3866.9972680"
"2024-10-10T20:00:00.0000000+00:00","PaydaySeason","1098.63494390"
"2024-10-10T20:00:00.0000000+00:00","BondSeason","3449.91225674"
"2024-10-10T20:00:00.0000000+00:00","EqBondReversion","4307.40758024"
"2024-10-10T20:00:00.0000000+00:00","RiskPremia","3873.0172680"
"2024-10-11T13:30:00.0000000+00:00","PaydaySeason","1098.39494390"
"2024-10-11T13:30:00.0000000+00:00","BondSeason","3449.91225674"
"2024-10-11T13:30:00.0000000+00:00","EqBondReversion","4307.40758024"
"2024-10-11T13:30:00.0000000+00:00","RiskPremia","3873.3572680"
"2024-10-11T20:00:00.0000000+00:00","PaydaySeason","1104.51494390"
"2024-10-11T20:00:00.0000000+00:00","BondSeason","3449.91225674"
"2024-10-11T20:00:00.0000000+00:00","EqBondReversion","4307.40758024"
"2024-10-11T20:00:00.0000000+00:00","RiskPremia","3887.0072680"
"2024-10-14T13:30:00.0000000+00:00","PaydaySeason","1107.39494390"
"2024-10-14T13:30:00.0000000+00:00","BondSeason","3449.91225674"
"2024-10-14T13:30:00.0000000+00:00","EqBondReversion","4307.40758024"
"2024-10-14T13:30:00.0000000+00:00","RiskPremia","3882.7899120"
"2024-10-14T20:00:00.0000000+00:00","PaydaySeason","1111.23614390"
"2024-10-14T20:00:00.0000000+00:00","BondSeason","3449.91225674"
"2024-10-14T20:00:00.0000000+00:00","EqBondReversion","4307.40758024"
"2024-10-14T20:00:00.0000000+00:00","RiskPremia","3891.0101120"
"2024-10-15T13:30:00.0000000+00:00","PaydaySeason","1111.35494390"
"2024-10-15T13:30:00.0000000+00:00","BondSeason","3449.91225674"
"2024-10-15T13:30:00.0000000+00:00","EqBondReversion","4307.40758024"
"2024-10-15T13:30:00.0000000+00:00","RiskPremia","3898.3794040"
"2024-10-15T20:00:00.0000000+00:00","PaydaySeason","1105.37894390"
"2024-10-15T20:00:00.0000000+00:00","BondSeason","3449.91225674"
"2024-10-15T20:00:00.0000000+00:00","EqBondReversion","4307.40758024"
"2024-10-15T20:00:00.0000000+00:00","RiskPremia","3906.5534040"
"2024-10-16T13:30:00.0000000+00:00","PaydaySeason","1106.67494390"
"2024-10-16T13:30:00.0000000+00:00","BondSeason","3449.91225674"
"2024-10-16T13:30:00.0000000+00:00","EqBondReversion","4307.40758024"
"2024-10-16T13:30:00.0000000+00:00","RiskPremia","3918.4494040"
"2024-10-16T20:00:00.0000000+00:00","PaydaySeason","1109.57269190"
"2024-10-16T20:00:00.0000000+00:00","BondSeason","3449.91225674"
"2024-10-16T20:00:00.0000000+00:00","EqBondReversion","4307.40758024"
"2024-10-16T20:00:00.0000000+00:00","RiskPremia","3915.6094040"
"2024-10-17T13:30:00.0000000+00:00","PaydaySeason","1109.57269190"
"2024-10-17T13:30:00.0000000+00:00","BondSeason","3449.91225674"
"2024-10-17T13:30:00.0000000+00:00","EqBondReversion","4307.40758024"
"2024-10-17T13:30:00.0000000+00:00","RiskPremia","3907.8881440"
"2024-10-17T20:00:00.0000000+00:00","PaydaySeason","1109.57269190"
"2024-10-17T20:00:00.0000000+00:00","BondSeason","3449.91225674"
"2024-10-17T20:00:00.0000000+00:00","EqBondReversion","4307.40758024"
"2024-10-17T20:00:00.0000000+00:00","RiskPremia","3905.4181440"
"2024-10-18T13:30:00.0000000+00:00","PaydaySeason","1109.57269190"
"2024-10-18T13:30:00.0000000+00:00","BondSeason","3449.91225674"
"2024-10-18T13:30:00.0000000+00:00","EqBondReversion","4307.40758024"
"2024-10-18T13:30:00.0000000+00:00","RiskPremia","3914.7481440"
"2024-10-18T20:00:00.0000000+00:00","PaydaySeason","1109.57269190"
"2024-10-18T20:00:00.0000000+00:00","BondSeason","3449.91225674"
"2024-10-18T20:00:00.0000000+00:00","EqBondReversion","4307.40758024"
"2024-10-18T20:00:00.0000000+00:00","RiskPremia","3917.9381440"
"2024-10-21T13:30:00.0000000+00:00","PaydaySeason","1109.57269190"
"2024-10-21T13:30:00.0000000+00:00","BondSeason","3449.91225674"
"2024-10-21T13:30:00.0000000+00:00","EqBondReversion","4306.80668624"
"2024-10-21T13:30:00.0000000+00:00","RiskPremia","3914.9581440"
"2024-10-21T20:00:00.0000000+00:00","PaydaySeason","1109.57269190"
"2024-10-21T20:00:00.0000000+00:00","BondSeason","3449.91225674"
"2024-10-21T20:00:00.0000000+00:00","EqBondReversion","4301.48668624"
"2024-10-21T20:00:00.0000000+00:00","RiskPremia","3899.7581440"
"2024-10-22T13:30:00.0000000+00:00","PaydaySeason","1109.57269190"
"2024-10-22T13:30:00.0000000+00:00","BondSeason","3449.91225674"
"2024-10-22T13:30:00.0000000+00:00","EqBondReversion","4289.51668624"
"2024-10-22T13:30:00.0000000+00:00","RiskPremia","3911.5081440"
"2024-10-22T20:00:00.0000000+00:00","PaydaySeason","1109.41501690"
"2024-10-22T20:00:00.0000000+00:00","BondSeason","3449.39526474"
"2024-10-22T20:00:00.0000000+00:00","EqBondReversion","4298.16168624"
"2024-10-22T20:00:00.0000000+00:00","RiskPremia","3911.6681440"
"2024-10-23T13:30:00.0000000+00:00","PaydaySeason","1107.14001690"
"2024-10-23T13:30:00.0000000+00:00","BondSeason","3435.95526474"
"2024-10-23T13:30:00.0000000+00:00","EqBondReversion","4289.51668624"
"2024-10-23T13:30:00.0000000+00:00","RiskPremia","3902.3981440"
"2024-10-23T20:00:00.0000000+00:00","PaydaySeason","1102.24001690"
"2024-10-23T20:00:00.0000000+00:00","BondSeason","3443.51526474"
"2024-10-23T20:00:00.0000000+00:00","EqBondReversion","4270.89668624"
"2024-10-23T20:00:00.0000000+00:00","RiskPremia","3895.4281440"
"2024-10-24T13:30:00.0000000+00:00","PaydaySeason","1104.69001690"
"2024-10-24T13:30:00.0000000+00:00","BondSeason","3446.87526474"
"2024-10-24T13:30:00.0000000+00:00","EqBondReversion","4280.20668624"
"2024-10-24T13:30:00.0000000+00:00","RiskPremia","3907.4681440"
"2024-10-24T20:00:00.0000000+00:00","PaydaySeason","1104.16501690"
"2024-10-24T20:00:00.0000000+00:00","BondSeason","3458.77526474"
"2024-10-24T20:00:00.0000000+00:00","EqBondReversion","4278.21168624"
"2024-10-24T20:00:00.0000000+00:00","RiskPremia","3909.6531440"
"2024-10-25T13:30:00.0000000+00:00","PaydaySeason","1106.79001690"
"2024-10-25T13:30:00.0000000+00:00","BondSeason","3468.15526474"
"2024-10-25T13:30:00.0000000+00:00","EqBondReversion","4288.18668624"
"2024-10-25T13:30:00.0000000+00:00","RiskPremia","3910.7881440"
"2024-10-25T20:00:00.0000000+00:00","PaydaySeason","1103.29001690"
"2024-10-25T20:00:00.0000000+00:00","BondSeason","3444.35526474"
"2024-10-25T20:00:00.0000000+00:00","EqBondReversion","4274.88668624"
"2024-10-25T20:00:00.0000000+00:00","RiskPremia","3906.2381440"
"2024-10-28T13:30:00.0000000+00:00","PaydaySeason","1108.19001690"
"2024-10-28T13:30:00.0000000+00:00","BondSeason","3447.99526474"
"2024-10-28T13:30:00.0000000+00:00","EqBondReversion","4293.50668624"
"2024-10-28T13:30:00.0000000+00:00","RiskPremia","3907.3081440"
"2024-10-28T20:00:00.0000000+00:00","PaydaySeason","1107.14001690"
"2024-10-28T20:00:00.0000000+00:00","BondSeason","3437.63526474"
"2024-10-28T20:00:00.0000000+00:00","EqBondReversion","4289.51668624"
"2024-10-28T20:00:00.0000000+00:00","RiskPremia","3904.2581440"
"2024-10-29T13:30:00.0000000+00:00","PaydaySeason","1105.39001690"
"2024-10-29T13:30:00.0000000+00:00","BondSeason","3417.19526474"
"2024-10-29T13:30:00.0000000+00:00","EqBondReversion","4282.86668624"
"2024-10-29T13:30:00.0000000+00:00","RiskPremia","3900.9281440"
"2024-10-29T20:00:00.0000000+00:00","PaydaySeason","1107.66501690"
"2024-10-29T20:00:00.0000000+00:00","BondSeason","3441.27526474"
"2024-10-29T20:00:00.0000000+00:00","EqBondReversion","4291.51168624"
"2024-10-29T20:00:00.0000000+00:00","RiskPremia","3917.7781440"
"2024-10-30T13:30:00.0000000+00:00","PaydaySeason","1106.79001690"
"2024-10-30T13:30:00.0000000+00:00","BondSeason","3463.95526474"
"2024-10-30T13:30:00.0000000+00:00","EqBondReversion","4288.18668624"
"2024-10-30T13:30:00.0000000+00:00","RiskPremia","3929.5381440"
"2024-10-30T20:00:00.0000000+00:00","PaydaySeason","1105.91501690"
"2024-10-30T20:00:00.0000000+00:00","BondSeason","3449.39526474"
"2024-10-30T20:00:00.0000000+00:00","EqBondReversion","4284.86168624"
"2024-10-30T20:00:00.0000000+00:00","RiskPremia","3926.4681440"
"2024-10-31T13:30:00.0000000+00:00","PaydaySeason","1101.19001690"
"2024-10-31T13:30:00.0000000+00:00","BondSeason","3446.03526474"
"2024-10-31T13:30:00.0000000+00:00","EqBondReversion","4266.90668624"
"2024-10-31T13:30:00.0000000+00:00","RiskPremia","3916.3381440"
"2024-10-31T20:00:00.0000000+00:00","PaydaySeason","1090.88601690"
"2024-10-31T20:00:00.0000000+00:00","BondSeason","3451.99982474"
"2024-10-31T20:00:00.0000000+00:00","EqBondReversion","4227.75148624"
"2024-10-31T20:00:00.0000000+00:00","RiskPremia","3908.9481440"
"2024-11-01T13:30:00.0000000+00:00","PaydaySeason","1090.88601690"
"2024-11-01T13:30:00.0000000+00:00","BondSeason","3448.90467674"
"2024-11-01T13:30:00.0000000+00:00","EqBondReversion","4227.75148624"
"2024-11-01T13:30:00.0000000+00:00","RiskPremia","3914.0840950"
"2024-11-01T20:00:00.0000000+00:00","PaydaySeason","1090.88601690"
"2024-11-01T20:00:00.0000000+00:00","BondSeason","3488.10187674"
"2024-11-01T20:00:00.0000000+00:00","EqBondReversion","4227.75148624"
"2024-11-01T20:00:00.0000000+00:00","RiskPremia","3890.5651950"
"2024-11-04T14:30:00.0000000+00:00","PaydaySeason","1090.88601690"
"2024-11-04T14:30:00.0000000+00:00","BondSeason","3448.06467674"
"2024-11-04T14:30:00.0000000+00:00","EqBondReversion","4227.75148624"
"2024-11-04T14:30:00.0000000+00:00","RiskPremia","3909.6940950"
"2024-11-04T21:00:00.0000000+00:00","PaydaySeason","1090.88601690"
"2024-11-04T21:00:00.0000000+00:00","BondSeason","3449.46467674"
"2024-11-04T21:00:00.0000000+00:00","EqBondReversion","4227.75148624"
"2024-11-04T21:00:00.0000000+00:00","RiskPremia","3906.9040950"
"2024-11-05T14:30:00.0000000+00:00","PaydaySeason","1090.88601690"
"2024-11-05T14:30:00.0000000+00:00","BondSeason","3455.06467674"
"2024-11-05T14:30:00.0000000+00:00","EqBondReversion","4227.75148624"
"2024-11-05T14:30:00.0000000+00:00","RiskPremia","3909.1440950"
"2024-11-05T21:00:00.0000000+00:00","PaydaySeason","1090.88601690"
"2024-11-05T21:00:00.0000000+00:00","BondSeason","3436.16467674"
"2024-11-05T21:00:00.0000000+00:00","EqBondReversion","4227.75148624"
"2024-11-05T21:00:00.0000000+00:00","RiskPremia","3915.9490950"
"2024-11-06T14:30:00.0000000+00:00","PaydaySeason","1090.88601690"
"2024-11-06T14:30:00.0000000+00:00","BondSeason","3521.98467674"
"2024-11-06T14:30:00.0000000+00:00","EqBondReversion","4227.75148624"
"2024-11-06T14:30:00.0000000+00:00","RiskPremia","3852.1540950"
"2024-11-06T21:00:00.0000000+00:00","PaydaySeason","1090.88601690"
"2024-11-06T21:00:00.0000000+00:00","BondSeason","3505.46467674"
"2024-11-06T21:00:00.0000000+00:00","EqBondReversion","4227.75148624"
"2024-11-06T21:00:00.0000000+00:00","RiskPremia","3859.9040950"
"2024-11-07T14:30:00.0000000+00:00","PaydaySeason","1090.88601690"
"2024-11-07T14:30:00.0000000+00:00","BondSeason","3490.90467674"
"2024-11-07T14:30:00.0000000+00:00","EqBondReversion","4227.75148624"
"2024-11-07T14:30:00.0000000+00:00","RiskPremia","3877.0440950"
"2024-11-07T21:00:00.0000000+00:00","PaydaySeason","1090.88601690"
"2024-11-07T21:00:00.0000000+00:00","BondSeason","3475.92467674"
"2024-11-07T21:00:00.0000000+00:00","EqBondReversion","4227.75148624"
"2024-11-07T21:00:00.0000000+00:00","RiskPremia","3889.3290950"
"2024-11-08T14:30:00.0000000+00:00","PaydaySeason","1090.88601690"
"2024-11-08T14:30:00.0000000+00:00","BondSeason","3455.90467674"
"2024-11-08T14:30:00.0000000+00:00","EqBondReversion","4227.75148624"
"2024-11-08T14:30:00.0000000+00:00","RiskPremia","3894.9140950"
"2024-11-08T21:00:00.0000000+00:00","PaydaySeason","1090.88601690"
"2024-11-08T21:00:00.0000000+00:00","BondSeason","3442.46467674"
"2024-11-08T21:00:00.0000000+00:00","EqBondReversion","4227.75148624"
"2024-11-08T21:00:00.0000000+00:00","RiskPremia","3896.0740950"
"2024-11-11T14:30:00.0000000+00:00","PaydaySeason","1090.88601690"
"2024-11-11T14:30:00.0000000+00:00","BondSeason","3448.90467674"
"2024-11-11T14:30:00.0000000+00:00","EqBondReversion","4227.75148624"
"2024-11-11T14:30:00.0000000+00:00","RiskPremia","3871.2840950"
"2024-11-11T21:00:00.0000000+00:00","PaydaySeason","1090.88601690"
"2024-11-11T21:00:00.0000000+00:00","BondSeason","3454.26925274"
"2024-11-11T21:00:00.0000000+00:00","EqBondReversion","4227.75148624"
"2024-11-11T21:00:00.0000000+00:00","RiskPremia","3866.6140950"
"2024-11-12T14:30:00.0000000+00:00","PaydaySeason","1090.88601690"
"2024-11-12T14:30:00.0000000+00:00","BondSeason","3454.26925274"
"2024-11-12T14:30:00.0000000+00:00","EqBondReversion","4227.75148624"
"2024-11-12T14:30:00.0000000+00:00","RiskPremia","3855.4240950"
"2024-11-12T21:00:00.0000000+00:00","PaydaySeason","1090.72820658"
"2024-11-12T21:00:00.0000000+00:00","BondSeason","3454.26925274"
"2024-11-12T21:00:00.0000000+00:00","EqBondReversion","4227.75148624"
"2024-11-12T21:00:00.0000000+00:00","RiskPremia","3841.9734950"
"2024-11-13T14:30:00.0000000+00:00","PaydaySeason","1091.83660658"
"2024-11-13T14:30:00.0000000+00:00","BondSeason","3454.26925274"
"2024-11-13T14:30:00.0000000+00:00","EqBondReversion","4227.75148624"
"2024-11-13T14:30:00.0000000+00:00","RiskPremia","3857.0640950"
"2024-11-13T21:00:00.0000000+00:00","PaydaySeason","1090.47660658"
"2024-11-13T21:00:00.0000000+00:00","BondSeason","3454.26925274"
"2024-11-13T21:00:00.0000000+00:00","EqBondReversion","4227.75148624"
"2024-11-13T21:00:00.0000000+00:00","RiskPremia","3822.5640950"
"2024-11-14T14:30:00.0000000+00:00","PaydaySeason","1091.15660658"
"2024-11-14T14:30:00.0000000+00:00","BondSeason","3454.26925274"
"2024-11-14T14:30:00.0000000+00:00","EqBondReversion","4227.75148624"
"2024-11-14T14:30:00.0000000+00:00","RiskPremia","3826.2940950"
"2024-11-14T21:00:00.0000000+00:00","PaydaySeason","1085.03660658"
"2024-11-14T21:00:00.0000000+00:00","BondSeason","3454.26925274"
"2024-11-14T21:00:00.0000000+00:00","EqBondReversion","4227.75148624"
"2024-11-14T21:00:00.0000000+00:00","RiskPremia","3824.5040950"
"2024-11-15T14:30:00.0000000+00:00","PaydaySeason","1080.27660658"
"2024-11-15T14:30:00.0000000+00:00","BondSeason","3454.26925274"
"2024-11-15T14:30:00.0000000+00:00","EqBondReversion","4227.75148624"
"2024-11-15T14:30:00.0000000+00:00","RiskPremia","3821.2790950"
"2024-11-15T21:00:00.0000000+00:00","PaydaySeason","1074.53740658"
"2024-11-15T21:00:00.0000000+00:00","BondSeason","3454.26925274"
"2024-11-15T21:00:00.0000000+00:00","EqBondReversion","4227.75148624"
"2024-11-15T21:00:00.0000000+00:00","RiskPremia","3817.9012950"
"2024-11-18T14:30:00.0000000+00:00","PaydaySeason","1075.85660658"
"2024-11-18T14:30:00.0000000+00:00","BondSeason","3454.26925274"
"2024-11-18T14:30:00.0000000+00:00","EqBondReversion","4227.75148624"
"2024-11-18T14:30:00.0000000+00:00","RiskPremia","3829.8940950"
"2024-11-18T21:00:00.0000000+00:00","PaydaySeason","1078.08129458"
"2024-11-18T21:00:00.0000000+00:00","BondSeason","3454.26925274"
"2024-11-18T21:00:00.0000000+00:00","EqBondReversion","4227.75148624"
"2024-11-18T21:00:00.0000000+00:00","RiskPremia","3839.1840950"
"2024-11-19T14:30:00.0000000+00:00","PaydaySeason","1078.08129458"
"2024-11-19T14:30:00.0000000+00:00","BondSeason","3454.26925274"
"2024-11-19T14:30:00.0000000+00:00","EqBondReversion","4227.75148624"
"2024-11-19T14:30:00.0000000+00:00","RiskPremia","3852.2940950"
"2024-11-19T21:00:00.0000000+00:00","PaydaySeason","1078.08129458"
"2024-11-19T21:00:00.0000000+00:00","BondSeason","3453.76122074"
"2024-11-19T21:00:00.0000000+00:00","EqBondReversion","4227.75148624"
"2024-11-19T21:00:00.0000000+00:00","RiskPremia","3854.5236950"
"2024-11-20T14:30:00.0000000+00:00","PaydaySeason","1078.08129458"
"2024-11-20T14:30:00.0000000+00:00","BondSeason","3437.80122074"
"2024-11-20T14:30:00.0000000+00:00","EqBondReversion","4227.75148624"
"2024-11-20T14:30:00.0000000+00:00","RiskPremia","3850.7640950"
"2024-11-20T21:00:00.0000000+00:00","PaydaySeason","1078.08129458"
"2024-11-20T21:00:00.0000000+00:00","BondSeason","3445.64122074"
"2024-11-20T21:00:00.0000000+00:00","EqBondReversion","4227.75148624"
"2024-11-20T21:00:00.0000000+00:00","RiskPremia","3857.3440950"
"2024-11-21T14:30:00.0000000+00:00","PaydaySeason","1078.08129458"
"2024-11-21T14:30:00.0000000+00:00","BondSeason","3446.20122074"
"2024-11-21T14:30:00.0000000+00:00","EqBondReversion","4227.15451624"
"2024-11-21T14:30:00.0000000+00:00","RiskPremia","3865.7040950"
"2024-11-21T21:00:00.0000000+00:00","PaydaySeason","1078.08129458"
"2024-11-21T21:00:00.0000000+00:00","BondSeason","3442.00122074"
"2024-11-21T21:00:00.0000000+00:00","EqBondReversion","4222.20451624"
"2024-11-21T21:00:00.0000000+00:00","RiskPremia","3865.6740950"
"2024-11-22T14:30:00.0000000+00:00","PaydaySeason","1078.08129458"
"2024-11-22T14:30:00.0000000+00:00","BondSeason","3447.88122074"
"2024-11-22T14:30:00.0000000+00:00","EqBondReversion","4229.13451624"
"2024-11-22T14:30:00.0000000+00:00","RiskPremia","3874.7440950"
"2024-11-22T21:00:00.0000000+00:00","PaydaySeason","1077.91868458"
"2024-11-22T21:00:00.0000000+00:00","BondSeason","3444.52122074"
"2024-11-22T21:00:00.0000000+00:00","EqBondReversion","4225.17451624"
"2024-11-22T21:00:00.0000000+00:00","RiskPremia","3881.0840950"
"2024-11-25T14:30:00.0000000+00:00","PaydaySeason","1083.16868458"
"2024-11-25T14:30:00.0000000+00:00","BondSeason","3495.48122074"
"2024-11-25T14:30:00.0000000+00:00","EqBondReversion","4285.23451624"
"2024-11-25T14:30:00.0000000+00:00","RiskPremia","3878.4040950"
"2024-11-25T21:00:00.0000000+00:00","PaydaySeason","1081.41868458"
"2024-11-25T21:00:00.0000000+00:00","BondSeason","3508.92122074"
"2024-11-25T21:00:00.0000000+00:00","EqBondReversion","4301.07451624"
"2024-11-25T21:00:00.0000000+00:00","RiskPremia","3875.5840950"
"2024-11-26T14:30:00.0000000+00:00","PaydaySeason","1083.16868458"
"2024-11-26T14:30:00.0000000+00:00","BondSeason","3494.08122074"
"2024-11-26T14:30:00.0000000+00:00","EqBondReversion","4283.58451624"
"2024-11-26T14:30:00.0000000+00:00","RiskPremia","3870.8540950"
"2024-11-26T21:00:00.0000000+00:00","PaydaySeason","1084.91868458"
"2024-11-26T21:00:00.0000000+00:00","BondSeason","3501.08122074"
"2024-11-26T21:00:00.0000000+00:00","EqBondReversion","4291.83451624"
"2024-11-26T21:00:00.0000000+00:00","RiskPremia","3874.9040950"
"2024-11-27T14:30:00.0000000+00:00","PaydaySeason","1085.26868458"
"2024-11-27T14:30:00.0000000+00:00","BondSeason","3518.72122074"
"2024-11-27T14:30:00.0000000+00:00","EqBondReversion","4312.62451624"
"2024-11-27T14:30:00.0000000+00:00","RiskPremia","3890.2940950"
"2024-11-27T21:00:00.0000000+00:00","PaydaySeason","1082.29368458"
"2024-11-27T21:00:00.0000000+00:00","BondSeason","3519.28122074"
"2024-11-27T21:00:00.0000000+00:00","EqBondReversion","4313.28451624"
"2024-11-27T21:00:00.0000000+00:00","RiskPremia","3884.1040950"
"2024-11-29T14:30:00.0000000+00:00","PaydaySeason","1083.16868458"
"2024-11-29T14:30:00.0000000+00:00","BondSeason","3539.44122074"
"2024-11-29T14:30:00.0000000+00:00","EqBondReversion","4337.04451624"
"2024-11-29T14:30:00.0000000+00:00","RiskPremia","3899.6740950"
"2024-11-29T18:00:00.0000000+00:00","PaydaySeason","1086.67928958"
"2024-11-29T18:00:00.0000000+00:00","BondSeason","3542.02942874"
"2024-11-29T18:00:00.0000000+00:00","EqBondReversion","4340.71471024"
"2024-11-29T18:00:00.0000000+00:00","RiskPremia","3903.3340950"
"2024-12-02T14:30:00.0000000+00:00","PaydaySeason","1086.67928958"
"2024-12-02T14:30:00.0000000+00:00","BondSeason","3550.84884074"
"2024-12-02T14:30:00.0000000+00:00","EqBondReversion","4340.71471024"
"2024-12-02T14:30:00.0000000+00:00","RiskPremia","3895.1593260"
"2024-12-02T21:00:00.0000000+00:00","PaydaySeason","1086.67928958"
"2024-12-02T21:00:00.0000000+00:00","BondSeason","3534.32884074"
"2024-12-02T21:00:00.0000000+00:00","EqBondReversion","4340.71471024"
"2024-12-02T21:00:00.0000000+00:00","RiskPremia","3897.3693260"
"2024-12-03T14:30:00.0000000+00:00","PaydaySeason","1086.67928958"
"2024-12-03T14:30:00.0000000+00:00","BondSeason","3532.36884074"
"2024-12-03T14:30:00.0000000+00:00","EqBondReversion","4340.71471024"
"2024-12-03T14:30:00.0000000+00:00","RiskPremia","3904.2793260"
"2024-12-03T21:00:00.0000000+00:00","PaydaySeason","1086.67928958"
"2024-12-03T21:00:00.0000000+00:00","BondSeason","3557.14884074"
"2024-12-03T21:00:00.0000000+00:00","EqBondReversion","4340.71471024"
"2024-12-03T21:00:00.0000000+00:00","RiskPremia","3890.4043260"
"2024-12-04T14:30:00.0000000+00:00","PaydaySeason","1086.67928958"
"2024-12-04T14:30:00.0000000+00:00","BondSeason","3569.32884074"
"2024-12-04T14:30:00.0000000+00:00","EqBondReversion","4340.71471024"
"2024-12-04T14:30:00.0000000+00:00","RiskPremia","3890.3593260"
"2024-12-04T21:00:00.0000000+00:00","PaydaySeason","1086.67928958"
"2024-12-04T21:00:00.0000000+00:00","BondSeason","3527.88884074"
"2024-12-04T21:00:00.0000000+00:00","EqBondReversion","4340.71471024"
"2024-12-04T21:00:00.0000000+00:00","RiskPremia","3905.9193260"
"2024-12-05T14:30:00.0000000+00:00","PaydaySeason","1086.67928958"
"2024-12-05T14:30:00.0000000+00:00","BondSeason","3538.24884074"
"2024-12-05T14:30:00.0000000+00:00","EqBondReversion","4340.71471024"
"2024-12-05T14:30:00.0000000+00:00","RiskPremia","3900.1693260"
"2024-12-05T21:00:00.0000000+00:00","PaydaySeason","1086.67928958"
"2024-12-05T21:00:00.0000000+00:00","BondSeason","3523.96884074"
"2024-12-05T21:00:00.0000000+00:00","EqBondReversion","4340.71471024"
"2024-12-05T21:00:00.0000000+00:00","RiskPremia","3899.4993260"
"2024-12-06T14:30:00.0000000+00:00","PaydaySeason","1086.67928958"
"2024-12-06T14:30:00.0000000+00:00","BondSeason","3510.24884074"
"2024-12-06T14:30:00.0000000+00:00","EqBondReversion","4340.71471024"
"2024-12-06T14:30:00.0000000+00:00","RiskPremia","3904.9293260"
"2024-12-06T21:00:00.0000000+00:00","PaydaySeason","1086.67928958"
"2024-12-06T21:00:00.0000000+00:00","BondSeason","3520.32884074"
"2024-12-06T21:00:00.0000000+00:00","EqBondReversion","4340.71471024"
"2024-12-06T21:00:00.0000000+00:00","RiskPremia","3901.6893260"
"2024-12-09T14:30:00.0000000+00:00","PaydaySeason","1086.67928958"
"2024-12-09T14:30:00.0000000+00:00","BondSeason","3530.68884074"
"2024-12-09T14:30:00.0000000+00:00","EqBondReversion","4340.71471024"
"2024-12-09T14:30:00.0000000+00:00","RiskPremia","3911.9593260"
"2024-12-09T21:00:00.0000000+00:00","PaydaySeason","1086.67928958"
"2024-12-09T21:00:00.0000000+00:00","BondSeason","3542.16884074"
"2024-12-09T21:00:00.0000000+00:00","EqBondReversion","4340.71471024"
"2024-12-09T21:00:00.0000000+00:00","RiskPremia","3902.5093260"
"2024-12-10T14:30:00.0000000+00:00","PaydaySeason","1086.67928958"
"2024-12-10T14:30:00.0000000+00:00","BondSeason","3557.84884074"
"2024-12-10T14:30:00.0000000+00:00","EqBondReversion","4340.71471024"
"2024-12-10T14:30:00.0000000+00:00","RiskPremia","3907.4293260"
"2024-12-10T21:00:00.0000000+00:00","PaydaySeason","1086.67928958"
"2024-12-10T21:00:00.0000000+00:00","BondSeason","3555.50756474"
"2024-12-10T21:00:00.0000000+00:00","EqBondReversion","4340.71471024"
"2024-12-10T21:00:00.0000000+00:00","RiskPremia","3910.1243260"
"2024-12-11T14:30:00.0000000+00:00","PaydaySeason","1086.67928958"
"2024-12-11T14:30:00.0000000+00:00","BondSeason","3555.50756474"
"2024-12-11T14:30:00.0000000+00:00","EqBondReversion","4340.71471024"
"2024-12-11T14:30:00.0000000+00:00","RiskPremia","3914.3973260"
"2024-12-11T21:00:00.0000000+00:00","PaydaySeason","1086.51914958"
"2024-12-11T21:00:00.0000000+00:00","BondSeason","3555.50756474"
"2024-12-11T21:00:00.0000000+00:00","EqBondReversion","4340.71471024"
"2024-12-11T21:00:00.0000000+00:00","RiskPremia","3911.2593260"
"2024-12-12T14:30:00.0000000+00:00","PaydaySeason","1085.15914958"
"2024-12-12T14:30:00.0000000+00:00","BondSeason","3555.50756474"
"2024-12-12T14:30:00.0000000+00:00","EqBondReversion","4340.71471024"
"2024-12-12T14:30:00.0000000+00:00","RiskPremia","3892.1873260"
"2024-12-12T21:00:00.0000000+00:00","PaydaySeason","1082.10934958"
"2024-12-12T21:00:00.0000000+00:00","BondSeason","3555.50756474"
"2024-12-12T21:00:00.0000000+00:00","EqBondReversion","4340.71471024"
"2024-12-12T21:00:00.0000000+00:00","RiskPremia","3883.3991260"
"2024-12-13T14:30:00.0000000+00:00","PaydaySeason","1084.81914958"
"2024-12-13T14:30:00.0000000+00:00","BondSeason","3555.50756474"
"2024-12-13T14:30:00.0000000+00:00","EqBondReversion","4340.71471024"
"2024-12-13T14:30:00.0000000+00:00","RiskPremia","3873.6691660"
"2024-12-13T21:00:00.0000000+00:00","PaydaySeason","1081.58914958"
"2024-12-13T21:00:00.0000000+00:00","BondSeason","3555.50756474"
"2024-12-13T21:00:00.0000000+00:00","EqBondReversion","4340.71471024"
"2024-12-13T21:00:00.0000000+00:00","RiskPremia","3861.1391660"
"2024-12-16T14:30:00.0000000+00:00","PaydaySeason","1083.45914958"
"2024-12-16T14:30:00.0000000+00:00","BondSeason","3555.50756474"
"2024-12-16T14:30:00.0000000+00:00","EqBondReversion","4340.71471024"
"2024-12-16T14:30:00.0000000+00:00","RiskPremia","3869.0291660"
"2024-12-16T21:00:00.0000000+00:00","PaydaySeason","1084.81914958"
"2024-12-16T21:00:00.0000000+00:00","BondSeason","3555.50756474"
"2024-12-16T21:00:00.0000000+00:00","EqBondReversion","4340.71471024"
"2024-12-16T21:00:00.0000000+00:00","RiskPremia","3865.3091660"
"2024-12-17T14:30:00.0000000+00:00","PaydaySeason","1081.75914958"
"2024-12-17T14:30:00.0000000+00:00","BondSeason","3555.50756474"
"2024-12-17T14:30:00.0000000+00:00","EqBondReversion","4340.71471024"
"2024-12-17T14:30:00.0000000+00:00","RiskPremia","3861.9691660"
"2024-12-17T21:00:00.0000000+00:00","PaydaySeason","1080.75013158"
"2024-12-17T21:00:00.0000000+00:00","BondSeason","3555.50756474"
"2024-12-17T21:00:00.0000000+00:00","EqBondReversion","4340.71471024"
"2024-12-17T21:00:00.0000000+00:00","RiskPremia","3864.3191660"
"2024-12-18T14:30:00.0000000+00:00","PaydaySeason","1080.75013158"
"2024-12-18T14:30:00.0000000+00:00","BondSeason","3555.50756474"
"2024-12-18T14:30:00.0000000+00:00","EqBondReversion","4340.71471024"
"2024-12-18T14:30:00.0000000+00:00","RiskPremia","3858.6415500"
"2024-12-18T21:00:00.0000000+00:00","PaydaySeason","1080.75013158"
"2024-12-18T21:00:00.0000000+00:00","BondSeason","3555.50756474"
"2024-12-18T21:00:00.0000000+00:00","EqBondReversion","4340.71471024"
"2024-12-18T21:00:00.0000000+00:00","RiskPremia","3826.1215500"
"2024-12-19T14:30:00.0000000+00:00","PaydaySeason","1080.75013158"
"2024-12-19T14:30:00.0000000+00:00","BondSeason","3555.50756474"
"2024-12-19T14:30:00.0000000+00:00","EqBondReversion","4340.71471024"
"2024-12-19T14:30:00.0000000+00:00","RiskPremia","3815.3415500"
"2024-12-19T21:00:00.0000000+00:00","PaydaySeason","1080.75013158"
"2024-12-19T21:00:00.0000000+00:00","BondSeason","3554.99809274"
"2024-12-19T21:00:00.0000000+00:00","EqBondReversion","4340.71471024"
"2024-12-19T21:00:00.0000000+00:00","RiskPremia","3811.2015500"
"2024-12-20T14:30:00.0000000+00:00","PaydaySeason","1080.75013158"
"2024-12-20T14:30:00.0000000+00:00","BondSeason","3575.00809274"
"2024-12-20T14:30:00.0000000+00:00","EqBondReversion","4340.11270624"
"2024-12-20T14:30:00.0000000+00:00","RiskPremia","3826.7415500"
"2024-12-20T21:00:00.0000000+00:00","PaydaySeason","1080.75013158"
"2024-12-20T21:00:00.0000000+00:00","BondSeason","3568.91809274"
"2024-12-20T21:00:00.0000000+00:00","EqBondReversion","4332.97270624"
"2024-12-20T21:00:00.0000000+00:00","RiskPremia","3829.0615500"
"2024-12-23T14:30:00.0000000+00:00","PaydaySeason","1080.75013158"
"2024-12-23T14:30:00.0000000+00:00","BondSeason","3564.27809274"
"2024-12-23T14:30:00.0000000+00:00","EqBondReversion","4327.53270624"
"2024-12-23T14:30:00.0000000+00:00","RiskPremia","3825.0015500"
"2024-12-23T21:00:00.0000000+00:00","PaydaySeason","1080.58905808"
"2024-12-23T21:00:00.0000000+00:00","BondSeason","3545.42809274"
"2024-12-23T21:00:00.0000000+00:00","EqBondReversion","4305.43270624"
"2024-12-23T21:00:00.0000000+00:00","RiskPremia","3815.0645500"
"2024-12-24T14:30:00.0000000+00:00","PaydaySeason","1081.97155808"
"2024-12-24T14:30:00.0000000+00:00","BondSeason","3531.79809274"
"2024-12-24T14:30:00.0000000+00:00","EqBondReversion","4289.45270624"
"2024-12-24T14:30:00.0000000+00:00","RiskPremia","3812.0615500"
"2024-12-24T18:00:00.0000000+00:00","PaydaySeason","1089.49655808"
"2024-12-24T18:00:00.0000000+00:00","BondSeason","3555.57809274"
"2024-12-24T18:00:00.0000000+00:00","EqBondReversion","4317.33270624"
"2024-12-24T18:00:00.0000000+00:00","RiskPremia","3823.2915500"
"2024-12-26T14:30:00.0000000+00:00","PaydaySeason","1087.22155808"
"2024-12-26T14:30:00.0000000+00:00","BondSeason","3536.72809274"
"2024-12-26T14:30:00.0000000+00:00","EqBondReversion","4295.23270624"
"2024-12-26T14:30:00.0000000+00:00","RiskPremia","3819.0015500"
"2024-12-26T21:00:00.0000000+00:00","PaydaySeason","1090.02155808"
"2024-12-26T21:00:00.0000000+00:00","BondSeason","3553.54809274"
"2024-12-26T21:00:00.0000000+00:00","EqBondReversion","4314.95270624"
"2024-12-26T21:00:00.0000000+00:00","RiskPremia","3829.4415500"
"2024-12-27T14:30:00.0000000+00:00","PaydaySeason","1085.47155808"
"2024-12-27T14:30:00.0000000+00:00","BondSeason","3544.55809274"
"2024-12-27T14:30:00.0000000+00:00","EqBondReversion","4304.41270624"
"2024-12-27T14:30:00.0000000+00:00","RiskPremia","3817.9415500"
"2024-12-27T21:00:00.0000000+00:00","PaydaySeason","1081.09655808"
"2024-12-27T21:00:00.0000000+00:00","BondSeason","3533.53809274"
"2024-12-27T21:00:00.0000000+00:00","EqBondReversion","4291.49270624"
"2024-12-27T21:00:00.0000000+00:00","RiskPremia","3812.4295500"
"2024-12-30T14:30:00.0000000+00:00","PaydaySeason","1071.82155808"
"2024-12-30T14:30:00.0000000+00:00","BondSeason","3554.70809274"
"2024-12-30T14:30:00.0000000+00:00","EqBondReversion","4316.31270624"
"2024-12-30T14:30:00.0000000+00:00","RiskPremia","3818.6015500"
"2024-12-30T21:00:00.0000000+00:00","PaydaySeason","1072.52155808"
"2024-12-30T21:00:00.0000000+00:00","BondSeason","3554.27309274"
"2024-12-30T21:00:00.0000000+00:00","EqBondReversion","4315.80270624"
"2024-12-30T21:00:00.0000000+00:00","RiskPremia","3816.3415500"
"2024-12-31T14:30:00.0000000+00:00","PaydaySeason","1074.97155808"
"2024-12-31T14:30:00.0000000+00:00","BondSeason","3563.11809274"
"2024-12-31T14:30:00.0000000+00:00","EqBondReversion","4326.17270624"
"2024-12-31T14:30:00.0000000+00:00","RiskPremia","3822.0215500"
"2024-12-31T21:00:00.0000000+00:00","PaydaySeason","1069.56265808"
"2024-12-31T21:00:00.0000000+00:00","BondSeason","3539.77483274"
"2024-12-31T21:00:00.0000000+00:00","EqBondReversion","4299.39872624"
"2024-12-31T21:00:00.0000000+00:00","RiskPremia","3816.5815500"
"2025-01-02T14:30:00.0000000+00:00","PaydaySeason","1069.56265808"
"2025-01-02T14:30:00.0000000+00:00","BondSeason","3526.72483274"
"2025-01-02T14:30:00.0000000+00:00","EqBondReversion","4299.39872624"
"2025-01-02T14:30:00.0000000+00:00","RiskPremia","3831.6015500"
"2025-01-02T21:00:00.0000000+00:00","PaydaySeason","1069.56265808"
"2025-01-02T21:00:00.0000000+00:00","BondSeason","3533.97483274"
"2025-01-02T21:00:00.0000000+00:00","EqBondReversion","4299.39872624"
"2025-01-02T21:00:00.0000000+00:00","RiskPremia","3832.9815500"
"2025-01-03T14:30:00.0000000+00:00","PaydaySeason","1069.56265808"
"2025-01-03T14:30:00.0000000+00:00","BondSeason","3529.04483274"
"2025-01-03T14:30:00.0000000+00:00","EqBondReversion","4299.39872624"
"2025-01-03T14:30:00.0000000+00:00","RiskPremia","3831.6215500"
"2025-01-03T21:00:00.0000000+00:00","PaydaySeason","1069.56265808"
"2025-01-03T21:00:00.0000000+00:00","BondSeason","3541.94983274"
"2025-01-03T21:00:00.0000000+00:00","EqBondReversion","4299.39872624"
"2025-01-03T21:00:00.0000000+00:00","RiskPremia","3823.0815500"
"2025-01-06T14:30:00.0000000+00:00","PaydaySeason","1069.56265808"
"2025-01-06T14:30:00.0000000+00:00","BondSeason","3548.47483274"
"2025-01-06T14:30:00.0000000+00:00","EqBondReversion","4299.39872624"
"2025-01-06T14:30:00.0000000+00:00","RiskPremia","3816.2615500"
"2025-01-06T21:00:00.0000000+00:00","PaydaySeason","1069.56265808"
"2025-01-06T21:00:00.0000000+00:00","BondSeason","3552.53483274"
"2025-01-06T21:00:00.0000000+00:00","EqBondReversion","4299.39872624"
"2025-01-06T21:00:00.0000000+00:00","RiskPremia","3818.0815500"
"2025-01-07T14:30:00.0000000+00:00","PaydaySeason","1069.56265808"
"2025-01-07T14:30:00.0000000+00:00","BondSeason","3561.52483274"
"2025-01-07T14:30:00.0000000+00:00","EqBondReversion","4299.39872624"
"2025-01-07T14:30:00.0000000+00:00","RiskPremia","3825.3015500"
"2025-01-07T21:00:00.0000000+00:00","PaydaySeason","1069.56265808"
"2025-01-07T21:00:00.0000000+00:00","BondSeason","3581.53483274"
"2025-01-07T21:00:00.0000000+00:00","EqBondReversion","4299.39872624"
"2025-01-07T21:00:00.0000000+00:00","RiskPremia","3810.6515500"
"2025-01-08T14:30:00.0000000+00:00","PaydaySeason","1069.56265808"
"2025-01-08T14:30:00.0000000+00:00","BondSeason","3594.29483274"
"2025-01-08T14:30:00.0000000+00:00","EqBondReversion","4299.39872624"
"2025-01-08T14:30:00.0000000+00:00","RiskPremia","3810.5015500"
"2025-01-08T21:00:00.0000000+00:00","PaydaySeason","1069.56265808"
"2025-01-08T21:00:00.0000000+00:00","BondSeason","3577.61983274"
"2025-01-08T21:00:00.0000000+00:00","EqBondReversion","4299.39872624"
"2025-01-08T21:00:00.0000000+00:00","RiskPremia","3817.6615500"
"2025-01-10T14:30:00.0000000+00:00","PaydaySeason","1069.56265808"
"2025-01-10T14:30:00.0000000+00:00","BondSeason","3600.09483274"
"2025-01-10T14:30:00.0000000+00:00","EqBondReversion","4299.39872624"
"2025-01-10T14:30:00.0000000+00:00","RiskPremia","3817.7815500"
"2025-01-10T21:00:00.0000000+00:00","PaydaySeason","1069.56265808"
"2025-01-10T21:00:00.0000000+00:00","BondSeason","3594.29483274"
"2025-01-10T21:00:00.0000000+00:00","EqBondReversion","4299.39872624"
"2025-01-10T21:00:00.0000000+00:00","RiskPremia","3819.4615500"
"2025-01-13T14:30:00.0000000+00:00","PaydaySeason","1069.56265808"
"2025-01-13T14:30:00.0000000+00:00","BondSeason","3592.55483274"
"2025-01-13T14:30:00.0000000+00:00","EqBondReversion","4299.39872624"
"2025-01-13T14:30:00.0000000+00:00","RiskPremia","3810.3015500"
"2025-01-13T21:00:00.0000000+00:00","PaydaySeason","1069.56265808"
"2025-01-13T21:00:00.0000000+00:00","BondSeason","3595.82951274"
"2025-01-13T21:00:00.0000000+00:00","EqBondReversion","4299.39872624"
"2025-01-13T21:00:00.0000000+00:00","RiskPremia","3807.4615500"
"2025-01-14T14:30:00.0000000+00:00","PaydaySeason","1069.56265808"
"2025-01-14T14:30:00.0000000+00:00","BondSeason","3595.82951274"
"2025-01-14T14:30:00.0000000+00:00","EqBondReversion","4299.39872624"
"2025-01-14T14:30:00.0000000+00:00","RiskPremia","3805.9245040"
"2025-01-14T21:00:00.0000000+00:00","PaydaySeason","1069.40458198"
"2025-01-14T21:00:00.0000000+00:00","BondSeason","3595.82951274"
"2025-01-14T21:00:00.0000000+00:00","EqBondReversion","4299.39872624"
"2025-01-14T21:00:00.0000000+00:00","RiskPremia","3812.1033040"
"2025-01-15T14:30:00.0000000+00:00","PaydaySeason","1081.22408198"
"2025-01-15T14:30:00.0000000+00:00","BondSeason","3595.82951274"
"2025-01-15T14:30:00.0000000+00:00","EqBondReversion","4299.39872624"
"2025-01-15T14:30:00.0000000+00:00","RiskPremia","3837.9245040"
"2025-01-15T21:00:00.0000000+00:00","PaydaySeason","1084.02408198"
"2025-01-15T21:00:00.0000000+00:00","BondSeason","3595.82951274"
"2025-01-15T21:00:00.0000000+00:00","EqBondReversion","4299.39872624"
"2025-01-15T21:00:00.0000000+00:00","RiskPremia","3841.6195040"
"2025-01-16T14:30:00.0000000+00:00","PaydaySeason","1085.42408198"
"2025-01-16T14:30:00.0000000+00:00","BondSeason","3595.82951274"
"2025-01-16T14:30:00.0000000+00:00","EqBondReversion","4299.39872624"
"2025-01-16T14:30:00.0000000+00:00","RiskPremia","3847.7945040"
"2025-01-16T21:00:00.0000000+00:00","PaydaySeason","1083.14908198"
"2025-01-16T21:00:00.0000000+00:00","BondSeason","3595.82951274"
"2025-01-16T21:00:00.0000000+00:00","EqBondReversion","4299.39872624"
"2025-01-16T21:00:00.0000000+00:00","RiskPremia","3852.7995040"
"2025-01-17T14:30:00.0000000+00:00","PaydaySeason","1091.02408198"
"2025-01-17T14:30:00.0000000+00:00","BondSeason","3595.82951274"
"2025-01-17T14:30:00.0000000+00:00","EqBondReversion","4299.39872624"
"2025-01-17T14:30:00.0000000+00:00","RiskPremia","3855.9545040"
"2025-01-17T21:00:00.0000000+00:00","PaydaySeason","1091.02408198"
"2025-01-17T21:00:00.0000000+00:00","BondSeason","3595.82951274"
"2025-01-17T21:00:00.0000000+00:00","EqBondReversion","4299.39872624"
"2025-01-17T21:00:00.0000000+00:00","RiskPremia","3849.9145040"
"2025-01-21T14:30:00.0000000+00:00","PaydaySeason","1094.87408198"
"2025-01-21T14:30:00.0000000+00:00","BondSeason","3595.82951274"
"2025-01-21T14:30:00.0000000+00:00","EqBondReversion","4299.39872624"
"2025-01-21T14:30:00.0000000+00:00","RiskPremia","3871.6645040"
"2025-01-21T21:00:00.0000000+00:00","PaydaySeason","1098.38517698"
"2025-01-21T21:00:00.0000000+00:00","BondSeason","3595.82951274"
"2025-01-21T21:00:00.0000000+00:00","EqBondReversion","4299.39872624"
"2025-01-21T21:00:00.0000000+00:00","RiskPremia","3877.9395040"
"2025-01-22T14:30:00.0000000+00:00","PaydaySeason","1098.38517698"
"2025-01-22T14:30:00.0000000+00:00","BondSeason","3595.82951274"
"2025-01-22T14:30:00.0000000+00:00","EqBondReversion","4299.39872624"
"2025-01-22T14:30:00.0000000+00:00","RiskPremia","3882.9517440"
"2025-01-22T21:00:00.0000000+00:00","PaydaySeason","1098.38517698"
"2025-01-22T21:00:00.0000000+00:00","BondSeason","3595.32201274"
"2025-01-22T21:00:00.0000000+00:00","EqBondReversion","4299.39872624"
"2025-01-22T21:00:00.0000000+00:00","RiskPremia","3878.3117440"
"2025-01-23T14:30:00.0000000+00:00","PaydaySeason","1098.38517698"
"2025-01-23T14:30:00.0000000+00:00","BondSeason","3570.38201274"
"2025-01-23T14:30:00.0000000+00:00","EqBondReversion","4299.39872624"
"2025-01-23T14:30:00.0000000+00:00","RiskPremia","3862.8217440"
"2025-01-23T21:00:00.0000000+00:00","PaydaySeason","1098.38517698"
"2025-01-23T21:00:00.0000000+00:00","BondSeason","3576.18201274"
"2025-01-23T21:00:00.0000000+00:00","EqBondReversion","4299.39872624"
"2025-01-23T21:00:00.0000000+00:00","RiskPremia","3869.2617440"
"2025-01-24T14:30:00.0000000+00:00","PaydaySeason","1098.38517698"
"2025-01-24T14:30:00.0000000+00:00","BondSeason","3572.70201274"
"2025-01-24T14:30:00.0000000+00:00","EqBondReversion","4298.80903024"
"2025-01-24T14:30:00.0000000+00:00","RiskPremia","3875.1317440"
"2025-01-24T21:00:00.0000000+00:00","PaydaySeason","1098.38517698"
"2025-01-24T21:00:00.0000000+00:00","BondSeason","3586.91201274"
"2025-01-24T21:00:00.0000000+00:00","EqBondReversion","4315.46903024"
"2025-01-24T21:00:00.0000000+00:00","RiskPremia","3879.7717440"
"2025-01-27T14:30:00.0000000+00:00","PaydaySeason","1098.38517698"
"2025-01-27T14:30:00.0000000+00:00","BondSeason","3614.31701274"
"2025-01-27T14:30:00.0000000+00:00","EqBondReversion","4347.59903024"
"2025-01-27T14:30:00.0000000+00:00","RiskPremia","3882.4967440"
"2025-01-27T21:00:00.0000000+00:00","PaydaySeason","1098.22707698"
"2025-01-27T21:00:00.0000000+00:00","BondSeason","3618.81201274"
"2025-01-27T21:00:00.0000000+00:00","EqBondReversion","4352.86903024"
"2025-01-27T21:00:00.0000000+00:00","RiskPremia","3882.0017440"
"2025-01-28T14:30:00.0000000+00:00","PaydaySeason","1099.24707698"
"2025-01-28T14:30:00.0000000+00:00","BondSeason","3605.18201274"
"2025-01-28T14:30:00.0000000+00:00","EqBondReversion","4336.88903024"
"2025-01-28T14:30:00.0000000+00:00","RiskPremia","3880.3217440"
"2025-01-28T21:00:00.0000000+00:00","PaydaySeason","1105.36707698"
"2025-01-28T21:00:00.0000000+00:00","BondSeason","3614.46201274"
"2025-01-28T21:00:00.0000000+00:00","EqBondReversion","4347.76903024"
"2025-01-28T21:00:00.0000000+00:00","RiskPremia","3888.7917440"
"2025-01-29T14:30:00.0000000+00:00","PaydaySeason","1104.34707698"
"2025-01-29T14:30:00.0000000+00:00","BondSeason","3622.29201274"
"2025-01-29T14:30:00.0000000+00:00","EqBondReversion","4356.94903024"
"2025-01-29T14:30:00.0000000+00:00","RiskPremia","3890.2517440"
"2025-01-29T21:00:00.0000000+00:00","PaydaySeason","1101.96707698"
"2025-01-29T21:00:00.0000000+00:00","BondSeason","3610.11201274"
"2025-01-29T21:00:00.0000000+00:00","EqBondReversion","4342.66903024"
"2025-01-29T21:00:00.0000000+00:00","RiskPremia","3883.1817440"
"2025-01-30T14:30:00.0000000+00:00","PaydaySeason","1104.68707698"
"2025-01-30T14:30:00.0000000+00:00","BondSeason","3621.71201274"
"2025-01-30T14:30:00.0000000+00:00","EqBondReversion","4356.26903024"
"2025-01-30T14:30:00.0000000+00:00","RiskPremia","3899.4017440"
"2025-01-30T21:00:00.0000000+00:00","PaydaySeason","1106.72707698"
"2025-01-30T21:00:00.0000000+00:00","BondSeason","3619.39201274"
"2025-01-30T21:00:00.0000000+00:00","EqBondReversion","4353.54903024"
"2025-01-30T21:00:00.0000000+00:00","RiskPremia","3901.9517440"
"2025-01-31T14:30:00.0000000+00:00","PaydaySeason","1110.12707698"
"2025-01-31T14:30:00.0000000+00:00","BondSeason","3620.84201274"
"2025-01-31T14:30:00.0000000+00:00","EqBondReversion","4355.24903024"
"2025-01-31T14:30:00.0000000+00:00","RiskPremia","3907.6217440"
"2025-01-31T21:00:00.0000000+00:00","PaydaySeason","1102.31812698"
"2025-01-31T21:00:00.0000000+00:00","BondSeason","3601.55411274"
"2025-01-31T21:00:00.0000000+00:00","EqBondReversion","4333.23233024"
"2025-01-31T21:00:00.0000000+00:00","RiskPremia","3895.7017440"
"2025-02-03T14:30:00.0000000+00:00","PaydaySeason","1102.31812698"
"2025-02-03T14:30:00.0000000+00:00","BondSeason","3568.42793474"
"2025-02-03T14:30:00.0000000+00:00","EqBondReversion","4333.23233024"
"2025-02-03T14:30:00.0000000+00:00","RiskPremia","3912.7714100"
"2025-02-03T21:00:00.0000000+00:00","PaydaySeason","1102.31812698"
"2025-02-03T21:00:00.0000000+00:00","BondSeason","3580.46293474"
"2025-02-03T21:00:00.0000000+00:00","EqBondReversion","4333.23233024"
"2025-02-03T21:00:00.0000000+00:00","RiskPremia","3909.1464100"
"2025-02-04T14:30:00.0000000+00:00","PaydaySeason","1102.31812698"
"2025-02-04T14:30:00.0000000+00:00","BondSeason","3598.29793474"
"2025-02-04T14:30:00.0000000+00:00","EqBondReversion","4333.23233024"
"2025-02-04T14:30:00.0000000+00:00","RiskPremia","3908.4114100"
"2025-02-04T21:00:00.0000000+00:00","PaydaySeason","1102.31812698"
"2025-02-04T21:00:00.0000000+00:00","BondSeason","3573.35793474"
"2025-02-04T21:00:00.0000000+00:00","EqBondReversion","4333.23233024"
"2025-02-04T21:00:00.0000000+00:00","RiskPremia","3922.7864100"
"2025-02-05T14:30:00.0000000+00:00","PaydaySeason","1102.31812698"
"2025-02-05T14:30:00.0000000+00:00","BondSeason","3543.19793474"
"2025-02-05T14:30:00.0000000+00:00","EqBondReversion","4333.23233024"
"2025-02-05T14:30:00.0000000+00:00","RiskPremia","3943.2414100"
"2025-02-05T21:00:00.0000000+00:00","PaydaySeason","1102.31812698"
"2025-02-05T21:00:00.0000000+00:00","BondSeason","3530.72793474"
"2025-02-05T21:00:00.0000000+00:00","EqBondReversion","4333.23233024"
"2025-02-05T21:00:00.0000000+00:00","RiskPremia","3948.7614100"
"2025-02-06T14:30:00.0000000+00:00","PaydaySeason","1102.31812698"
"2025-02-06T14:30:00.0000000+00:00","BondSeason","3531.30793474"
"2025-02-06T14:30:00.0000000+00:00","EqBondReversion","4333.23233024"
"2025-02-06T14:30:00.0000000+00:00","RiskPremia","3947.2214100"
"2025-02-06T21:00:00.0000000+00:00","PaydaySeason","1102.31812698"
"2025-02-06T21:00:00.0000000+00:00","BondSeason","3531.45293474"
"2025-02-06T21:00:00.0000000+00:00","EqBondReversion","4333.23233024"
"2025-02-06T21:00:00.0000000+00:00","RiskPremia","3946.2764100"
"2025-02-07T14:30:00.0000000+00:00","PaydaySeason","1102.31812698"
"2025-02-07T14:30:00.0000000+00:00","BondSeason","3549.28793474"
"2025-02-07T14:30:00.0000000+00:00","EqBondReversion","4333.23233024"
"2025-02-07T14:30:00.0000000+00:00","RiskPremia","3944.6614100"
"2025-02-07T21:00:00.0000000+00:00","PaydaySeason","1102.31812698"
"2025-02-07T21:00:00.0000000+00:00","BondSeason","3548.70793474"
"2025-02-07T21:00:00.0000000+00:00","EqBondReversion","4333.23233024"
"2025-02-07T21:00:00.0000000+00:00","RiskPremia","3939.1214100"
"2025-02-10T14:30:00.0000000+00:00","PaydaySeason","1102.31812698"
"2025-02-10T14:30:00.0000000+00:00","BondSeason","3548.59193474"
"2025-02-10T14:30:00.0000000+00:00","EqBondReversion","4333.23233024"
"2025-02-10T14:30:00.0000000+00:00","RiskPremia","3954.5134100"
"2025-02-10T21:00:00.0000000+00:00","PaydaySeason","1102.31812698"
"2025-02-10T21:00:00.0000000+00:00","BondSeason","3556.53793474"
"2025-02-10T21:00:00.0000000+00:00","EqBondReversion","4333.23233024"
"2025-02-10T21:00:00.0000000+00:00","RiskPremia","3952.1514100"
"2025-02-11T14:30:00.0000000+00:00","PaydaySeason","1102.31812698"
"2025-02-11T14:30:00.0000000+00:00","BondSeason","3569.87793474"
"2025-02-11T14:30:00.0000000+00:00","EqBondReversion","4333.23233024"
"2025-02-11T14:30:00.0000000+00:00","RiskPremia","3943.8214100"
"2025-02-11T21:00:00.0000000+00:00","PaydaySeason","1102.31812698"
"2025-02-11T21:00:00.0000000+00:00","BondSeason","3571.39486674"
"2025-02-11T21:00:00.0000000+00:00","EqBondReversion","4333.23233024"
"2025-02-11T21:00:00.0000000+00:00","RiskPremia","3941.9714100"
"2025-02-12T14:30:00.0000000+00:00","PaydaySeason","1102.31812698"
"2025-02-12T14:30:00.0000000+00:00","BondSeason","3571.39486674"
"2025-02-12T14:30:00.0000000+00:00","EqBondReversion","4333.23233024"
"2025-02-12T14:30:00.0000000+00:00","RiskPremia","3924.7614100"
"2025-02-12T21:00:00.0000000+00:00","PaydaySeason","1102.15914298"
"2025-02-12T21:00:00.0000000+00:00","BondSeason","3571.39486674"
"2025-02-12T21:00:00.0000000+00:00","EqBondReversion","4333.23233024"
"2025-02-12T21:00:00.0000000+00:00","RiskPremia","3926.7564100"
"2025-02-13T14:30:00.0000000+00:00","PaydaySeason","1104.19914298"
"2025-02-13T14:30:00.0000000+00:00","BondSeason","3571.39486674"
"2025-02-13T14:30:00.0000000+00:00","EqBondReversion","4333.23233024"
"2025-02-13T14:30:00.0000000+00:00","RiskPremia","3940.6114100"
"2025-02-13T21:00:00.0000000+00:00","PaydaySeason","1110.65914298"
"2025-02-13T21:00:00.0000000+00:00","BondSeason","3571.39486674"
"2025-02-13T21:00:00.0000000+00:00","EqBondReversion","4333.23233024"
"2025-02-13T21:00:00.0000000+00:00","RiskPremia","3955.9214100"
"2025-02-14T14:30:00.0000000+00:00","PaydaySeason","1112.01914298"
"2025-02-14T14:30:00.0000000+00:00","BondSeason","3571.39486674"
"2025-02-14T14:30:00.0000000+00:00","EqBondReversion","4333.23233024"
"2025-02-14T14:30:00.0000000+00:00","RiskPremia","3965.2214100"
"2025-02-14T21:00:00.0000000+00:00","PaydaySeason","1110.84614298"
"2025-02-14T21:00:00.0000000+00:00","BondSeason","3571.39486674"
"2025-02-14T21:00:00.0000000+00:00","EqBondReversion","4333.23233024"
"2025-02-14T21:00:00.0000000+00:00","RiskPremia","3947.9594100"
"2025-02-18T14:30:00.0000000+00:00","PaydaySeason","1112.35914298"
"2025-02-18T14:30:00.0000000+00:00","BondSeason","3571.39486674"
"2025-02-18T14:30:00.0000000+00:00","EqBondReversion","4333.23233024"
"2025-02-18T14:30:00.0000000+00:00","RiskPremia","3952.7014100"
"2025-02-18T21:00:00.0000000+00:00","PaydaySeason","1113.15814298"
"2025-02-18T21:00:00.0000000+00:00","BondSeason","3571.39486674"
"2025-02-18T21:00:00.0000000+00:00","EqBondReversion","4333.23233024"
"2025-02-18T21:00:00.0000000+00:00","RiskPremia","3950.8024100"
"2025-02-19T14:30:00.0000000+00:00","PaydaySeason","1111.67914298"
"2025-02-19T14:30:00.0000000+00:00","BondSeason","3571.39486674"
"2025-02-19T14:30:00.0000000+00:00","EqBondReversion","4333.23233024"
"2025-02-19T14:30:00.0000000+00:00","RiskPremia","3948.7814100"
"2025-02-19T21:00:00.0000000+00:00","PaydaySeason","1114.57764298"
"2025-02-19T21:00:00.0000000+00:00","BondSeason","3570.88336474"
"2025-02-19T21:00:00.0000000+00:00","EqBondReversion","4333.23233024"
"2025-02-19T21:00:00.0000000+00:00","RiskPremia","3952.9514100"
"2025-02-20T14:30:00.0000000+00:00","PaydaySeason","1114.57764298"
"2025-02-20T14:30:00.0000000+00:00","BondSeason","3578.42336474"
"2025-02-20T14:30:00.0000000+00:00","EqBondReversion","4333.23233024"
"2025-02-20T14:30:00.0000000+00:00","RiskPremia","3953.6514100"
"2025-02-20T21:00:00.0000000+00:00","PaydaySeason","1114.57764298"
"2025-02-20T21:00:00.0000000+00:00","BondSeason","3581.03336474"
"2025-02-20T21:00:00.0000000+00:00","EqBondReversion","4333.23233024"
"2025-02-20T21:00:00.0000000+00:00","RiskPremia","3957.1464100"
"2025-02-21T14:30:00.0000000+00:00","PaydaySeason","1114.57764298"
"2025-02-21T14:30:00.0000000+00:00","BondSeason","3590.60336474"
"2025-02-21T14:30:00.0000000+00:00","EqBondReversion","4333.23233024"
"2025-02-21T14:30:00.0000000+00:00","RiskPremia","3960.9614100"
"2025-02-21T21:00:00.0000000+00:00","PaydaySeason","1114.57764298"
"2025-02-21T21:00:00.0000000+00:00","BondSeason","3611.77336474"
"2025-02-21T21:00:00.0000000+00:00","EqBondReversion","4333.23233024"
"2025-02-21T21:00:00.0000000+00:00","RiskPremia","3967.4614100"
"2025-02-24T14:30:00.0000000+00:00","PaydaySeason","1114.57764298"
"2025-02-24T14:30:00.0000000+00:00","BondSeason","3604.23336474"
"2025-02-24T14:30:00.0000000+00:00","EqBondReversion","4332.62783024"
"2025-02-24T14:30:00.0000000+00:00","RiskPremia","3966.9414100"
"2025-02-24T21:00:00.0000000+00:00","PaydaySeason","1114.57764298"
"2025-02-24T21:00:00.0000000+00:00","BondSeason","3619.31336474"
"2025-02-24T21:00:00.0000000+00:00","EqBondReversion","4307.92783024"
"2025-02-24T21:00:00.0000000+00:00","RiskPremia","3975.4514100"
"2025-02-25T14:30:00.0000000+00:00","PaydaySeason","1114.57764298"
"2025-02-25T14:30:00.0000000+00:00","BondSeason","3651.50336474"
"2025-02-25T14:30:00.0000000+00:00","EqBondReversion","4306.62783024"
"2025-02-25T14:30:00.0000000+00:00","RiskPremia","3987.2206220"
"2025-02-25T21:00:00.0000000+00:00","PaydaySeason","1114.41713298"
"2025-02-25T21:00:00.0000000+00:00","BondSeason","3664.55336474"
"2025-02-25T21:00:00.0000000+00:00","EqBondReversion","4291.02783024"
"2025-02-25T21:00:00.0000000+00:00","RiskPremia","3976.1106220"
"2025-02-26T14:30:00.0000000+00:00","PaydaySeason","1117.21713298"
"2025-02-26T14:30:00.0000000+00:00","BondSeason","3664.55336474"
"2025-02-26T14:30:00.0000000+00:00","EqBondReversion","4301.42783024"
"2025-02-26T14:30:00.0000000+00:00","RiskPremia","3974.3506220"
"2025-02-26T21:00:00.0000000+00:00","PaydaySeason","1115.11713298"
"2025-02-26T21:00:00.0000000+00:00","BondSeason","3679.63336474"
"2025-02-26T21:00:00.0000000+00:00","EqBondReversion","4293.62783024"
"2025-02-26T21:00:00.0000000+00:00","RiskPremia","3984.1106220"
"2025-02-27T14:30:00.0000000+00:00","PaydaySeason","1118.61713298"
"2025-02-27T14:30:00.0000000+00:00","BondSeason","3661.07336474"
"2025-02-27T14:30:00.0000000+00:00","EqBondReversion","4306.62783024"
"2025-02-27T14:30:00.0000000+00:00","RiskPremia","3972.3206220"
"2025-02-27T21:00:00.0000000+00:00","PaydaySeason","1102.34213298"
"2025-02-27T21:00:00.0000000+00:00","BondSeason","3661.65336474"
"2025-02-27T21:00:00.0000000+00:00","EqBondReversion","4246.17783024"
"2025-02-27T21:00:00.0000000+00:00","RiskPremia","3945.8806220"
"2025-02-28T14:30:00.0000000+00:00","PaydaySeason","1102.86713298"
"2025-02-28T14:30:00.0000000+00:00","BondSeason","3677.31336474"
"2025-02-28T14:30:00.0000000+00:00","EqBondReversion","4248.12783024"
"2025-02-28T14:30:00.0000000+00:00","RiskPremia","3943.8406220"
"2025-02-28T21:00:00.0000000+00:00","PaydaySeason","1114.25662298"
"2025-02-28T21:00:00.0000000+00:00","BondSeason","3692.78966274"
"2025-02-28T21:00:00.0000000+00:00","EqBondReversion","4290.43165024"
"2025-02-28T21:00:00.0000000+00:00","RiskPremia","3968.0106220"
"2025-03-03T14:30:00.0000000+00:00","PaydaySeason","1114.25662298"
"2025-03-03T14:30:00.0000000+00:00","BondSeason","3713.23478674"
"2025-03-03T14:30:00.0000000+00:00","EqBondReversion","4290.43165024"
"2025-03-03T14:30:00.0000000+00:00","RiskPremia","3971.0386090"
"2025-03-03T21:00:00.0000000+00:00","PaydaySeason","1114.25662298"
"2025-03-03T21:00:00.0000000+00:00","BondSeason","3680.47478674"
"2025-03-03T21:00:00.0000000+00:00","EqBondReversion","4290.43165024"
"2025-03-03T21:00:00.0000000+00:00","RiskPremia","3966.2886090"
"2025-03-04T14:30:00.0000000+00:00","PaydaySeason","1114.25662298"
"2025-03-04T14:30:00.0000000+00:00","BondSeason","3684.39478674"
"2025-03-04T14:30:00.0000000+00:00","EqBondReversion","4290.43165024"
"2025-03-04T14:30:00.0000000+00:00","RiskPremia","3964.1586090"
"2025-03-04T21:00:00.0000000+00:00","PaydaySeason","1114.25662298"
"2025-03-04T21:00:00.0000000+00:00","BondSeason","3712.11478674"
"2025-03-04T21:00:00.0000000+00:00","EqBondReversion","4290.43165024"
"2025-03-04T21:00:00.0000000+00:00","RiskPremia","3949.5886090"
"2025-03-05T14:30:00.0000000+00:00","PaydaySeason","1114.25662298"
"2025-03-05T14:30:00.0000000+00:00","BondSeason","3709.03478674"
"2025-03-05T14:30:00.0000000+00:00","EqBondReversion","4290.43165024"
"2025-03-05T14:30:00.0000000+00:00","RiskPremia","3947.6386090"
"2025-03-05T21:00:00.0000000+00:00","PaydaySeason","1114.25662298"
"2025-03-05T21:00:00.0000000+00:00","BondSeason","3733.39478674"
"2025-03-05T21:00:00.0000000+00:00","EqBondReversion","4290.43165024"
"2025-03-05T21:00:00.0000000+00:00","RiskPremia","3954.8886090"
"2025-03-06T14:30:00.0000000+00:00","PaydaySeason","1114.25662298"
"2025-03-06T14:30:00.0000000+00:00","BondSeason","3739.27478674"
"2025-03-06T14:30:00.0000000+00:00","EqBondReversion","4290.43165024"
"2025-03-06T14:30:00.0000000+00:00","RiskPremia","3934.0186090"
"2025-03-06T21:00:00.0000000+00:00","PaydaySeason","1114.25662298"
"2025-03-06T21:00:00.0000000+00:00","BondSeason","3740.39478674"
"2025-03-06T21:00:00.0000000+00:00","EqBondReversion","4290.43165024"
"2025-03-06T21:00:00.0000000+00:00","RiskPremia","3927.5940090"
"2025-03-07T14:30:00.0000000+00:00","PaydaySeason","1114.25662298"
"2025-03-07T14:30:00.0000000+00:00","BondSeason","3720.79478674"
"2025-03-07T14:30:00.0000000+00:00","EqBondReversion","4290.43165024"
"2025-03-07T14:30:00.0000000+00:00","RiskPremia","3935.7686090"
"2025-03-07T21:00:00.0000000+00:00","PaydaySeason","1114.25662298"
"2025-03-07T21:00:00.0000000+00:00","BondSeason","3749.21478674"
"2025-03-07T21:00:00.0000000+00:00","EqBondReversion","4290.43165024"
"2025-03-07T21:00:00.0000000+00:00","RiskPremia","3930.1036090"
"2025-03-10T13:30:00.0000000+00:00","PaydaySeason","1114.25662298"
"2025-03-10T13:30:00.0000000+00:00","BondSeason","3722.47478674"
"2025-03-10T13:30:00.0000000+00:00","EqBondReversion","4290.43165024"
"2025-03-10T13:30:00.0000000+00:00","RiskPremia","3922.4786090"
"2025-03-10T20:00:00.0000000+00:00","PaydaySeason","1114.25662298"
"2025-03-10T20:00:00.0000000+00:00","BondSeason","3722.33478674"
"2025-03-10T20:00:00.0000000+00:00","EqBondReversion","4290.43165024"
"2025-03-10T20:00:00.0000000+00:00","RiskPremia","3903.7218090"
"2025-03-11T13:30:00.0000000+00:00","PaydaySeason","1114.25662298"
"2025-03-11T13:30:00.0000000+00:00","BondSeason","3725.27478674"
"2025-03-11T13:30:00.0000000+00:00","EqBondReversion","4290.43165024"
"2025-03-11T13:30:00.0000000+00:00","RiskPremia","3909.0886090"
"2025-03-11T20:00:00.0000000+00:00","PaydaySeason","1114.25662298"
"2025-03-11T20:00:00.0000000+00:00","BondSeason","3741.00854674"
"2025-03-11T20:00:00.0000000+00:00","EqBondReversion","4290.43165024"
"2025-03-11T20:00:00.0000000+00:00","RiskPremia","3900.8886090"
"2025-03-12T13:30:00.0000000+00:00","PaydaySeason","1114.25662298"
"2025-03-12T13:30:00.0000000+00:00","BondSeason","3741.00854674"
"2025-03-12T13:30:00.0000000+00:00","EqBondReversion","4290.43165024"
"2025-03-12T13:30:00.0000000+00:00","RiskPremia","3904.9186090"
"2025-03-12T20:00:00.0000000+00:00","PaydaySeason","1114.09722698"
"2025-03-12T20:00:00.0000000+00:00","BondSeason","3741.00854674"
"2025-03-12T20:00:00.0000000+00:00","EqBondReversion","4290.43165024"
"2025-03-12T20:00:00.0000000+00:00","RiskPremia","3904.7136090"
"2025-03-13T13:30:00.0000000+00:00","PaydaySeason","1112.61722698"
"2025-03-13T13:30:00.0000000+00:00","BondSeason","3741.00854674"
"2025-03-13T13:30:00.0000000+00:00","EqBondReversion","4290.43165024"
"2025-03-13T13:30:00.0000000+00:00","RiskPremia","3904.3286090"
"2025-03-13T20:00:00.0000000+00:00","PaydaySeason","1102.62722698"
"2025-03-13T20:00:00.0000000+00:00","BondSeason","3741.00854674"
"2025-03-13T20:00:00.0000000+00:00","EqBondReversion","4290.43165024"
"2025-03-13T20:00:00.0000000+00:00","RiskPremia","3915.9786090"
"2025-03-14T13:30:00.0000000+00:00","PaydaySeason","1109.28722698"
"2025-03-14T13:30:00.0000000+00:00","BondSeason","3741.00854674"
"2025-03-14T13:30:00.0000000+00:00","EqBondReversion","4290.43165024"
"2025-03-14T13:30:00.0000000+00:00","RiskPremia","3922.0886090"
"2025-03-14T20:00:00.0000000+00:00","PaydaySeason","1119.27722698"
"2025-03-14T20:00:00.0000000+00:00","BondSeason","3741.00854674"
"2025-03-14T20:00:00.0000000+00:00","EqBondReversion","4290.43165024"
"2025-03-14T20:00:00.0000000+00:00","RiskPremia","3932.3036090"
"2025-03-17T13:30:00.0000000+00:00","PaydaySeason","1118.90722698"
"2025-03-17T13:30:00.0000000+00:00","BondSeason","3741.00854674"
"2025-03-17T13:30:00.0000000+00:00","EqBondReversion","4290.43165024"
"2025-03-17T13:30:00.0000000+00:00","RiskPremia","3939.8486090"
"2025-03-17T20:00:00.0000000+00:00","PaydaySeason","1125.75222698"
"2025-03-17T20:00:00.0000000+00:00","BondSeason","3741.00854674"
"2025-03-17T20:00:00.0000000+00:00","EqBondReversion","4290.43165024"
"2025-03-17T20:00:00.0000000+00:00","RiskPremia","3950.4636090"
"2025-03-18T13:30:00.0000000+00:00","PaydaySeason","1122.60722698"
"2025-03-18T13:30:00.0000000+00:00","BondSeason","3741.00854674"
"2025-03-18T13:30:00.0000000+00:00","EqBondReversion","4290.43165024"
"2025-03-18T13:30:00.0000000+00:00","RiskPremia","3953.3386090"
"2025-03-18T20:00:00.0000000+00:00","PaydaySeason","1117.08220198"
"2025-03-18T20:00:00.0000000+00:00","BondSeason","3741.00854674"
"2025-03-18T20:00:00.0000000+00:00","EqBondReversion","4290.43165024"
"2025-03-18T20:00:00.0000000+00:00","RiskPremia","3953.2186090"
"2025-03-19T13:30:00.0000000+00:00","PaydaySeason","1117.08220198"
"2025-03-19T13:30:00.0000000+00:00","BondSeason","3741.00854674"
"2025-03-19T13:30:00.0000000+00:00","EqBondReversion","4290.43165024"
"2025-03-19T13:30:00.0000000+00:00","RiskPremia","3955.7186090"
"2025-03-19T20:00:00.0000000+00:00","PaydaySeason","1117.08220198"
"2025-03-19T20:00:00.0000000+00:00","BondSeason","3741.00854674"
"2025-03-19T20:00:00.0000000+00:00","EqBondReversion","4290.43165024"
"2025-03-19T20:00:00.0000000+00:00","RiskPremia","3973.6526090"
"2025-03-20T13:30:00.0000000+00:00","PaydaySeason","1117.08220198"
"2025-03-20T13:30:00.0000000+00:00","BondSeason","3741.00854674"
"2025-03-20T13:30:00.0000000+00:00","EqBondReversion","4290.43165024"
"2025-03-20T13:30:00.0000000+00:00","RiskPremia","3973.0886090"
"2025-03-20T20:00:00.0000000+00:00","PaydaySeason","1117.08220198"
"2025-03-20T20:00:00.0000000+00:00","BondSeason","3740.49732274"
"2025-03-20T20:00:00.0000000+00:00","EqBondReversion","4290.43165024"
"2025-03-20T20:00:00.0000000+00:00","RiskPremia","3970.7186090"
"2025-03-21T13:30:00.0000000+00:00","PaydaySeason","1117.08220198"
"2025-03-21T13:30:00.0000000+00:00","BondSeason","3741.61732274"
"2025-03-21T13:30:00.0000000+00:00","EqBondReversion","4289.83411024"
"2025-03-21T13:30:00.0000000+00:00","RiskPremia","3958.9536090"
"2025-03-21T20:00:00.0000000+00:00","PaydaySeason","1117.08220198"
"2025-03-21T20:00:00.0000000+00:00","BondSeason","3723.69732274"
"2025-03-21T20:00:00.0000000+00:00","EqBondReversion","4316.05411024"
"2025-03-21T20:00:00.0000000+00:00","RiskPremia","3957.5086090"
"2025-03-24T13:30:00.0000000+00:00","PaydaySeason","1117.08220198"
"2025-03-24T13:30:00.0000000+00:00","BondSeason","3709.97732274"
"2025-03-24T13:30:00.0000000+00:00","EqBondReversion","4347.79411024"
"2025-03-24T13:30:00.0000000+00:00","RiskPremia","3964.2286090"
"2025-03-24T20:00:00.0000000+00:00","PaydaySeason","1116.91769998"
"2025-03-24T20:00:00.0000000+00:00","BondSeason","3697.37732274"
"2025-03-24T20:00:00.0000000+00:00","EqBondReversion","4369.87411024"
"2025-03-24T20:00:00.0000000+00:00","RiskPremia","3960.1786090"
"2025-03-25T13:30:00.0000000+00:00","PaydaySeason","1119.13769998"
"2025-03-25T13:30:00.0000000+00:00","BondSeason","3692.33732274"
"2025-03-25T13:30:00.0000000+00:00","EqBondReversion","4378.15411024"
"2025-03-25T13:30:00.0000000+00:00","RiskPremia","3967.0786090"
"2025-03-25T20:00:00.0000000+00:00","PaydaySeason","1118.39769998"
"2025-03-25T20:00:00.0000000+00:00","BondSeason","3698.49732274"
"2025-03-25T20:00:00.0000000+00:00","EqBondReversion","4375.39411024"
"2025-03-25T20:00:00.0000000+00:00","RiskPremia","3967.2186090"
"2025-03-26T13:30:00.0000000+00:00","PaydaySeason","1118.20899998"
"2025-03-26T13:30:00.0000000+00:00","BondSeason","3687.29732274"
"2025-03-26T13:30:00.0000000+00:00","EqBondReversion","4374.69031024"
"2025-03-26T13:30:00.0000000+00:00","RiskPremia","3964.4318090"
"2025-03-26T20:00:00.0000000+00:00","PaydaySeason","1108.95899998"
"2025-03-26T20:00:00.0000000+00:00","BondSeason","3681.97732274"
"2025-03-26T20:00:00.0000000+00:00","EqBondReversion","4340.19031024"
"2025-03-26T20:00:00.0000000+00:00","RiskPremia","3949.3718090"
"2025-03-27T13:30:00.0000000+00:00","PaydaySeason","1105.99899998"
"2025-03-27T13:30:00.0000000+00:00","BondSeason","3672.17732274"
"2025-03-27T13:30:00.0000000+00:00","EqBondReversion","4329.15031024"
"2025-03-27T13:30:00.0000000+00:00","RiskPremia","3951.2340390"
"2025-03-27T20:00:00.0000000+00:00","PaydaySeason","1105.44399998"
"2025-03-27T20:00:00.0000000+00:00","BondSeason","3674.27732274"
"2025-03-27T20:00:00.0000000+00:00","EqBondReversion","4327.08031024"
"2025-03-27T20:00:00.0000000+00:00","RiskPremia","3955.7690390"
"2025-03-28T13:30:00.0000000+00:00","PaydaySeason","1103.40899998"
"2025-03-28T13:30:00.0000000+00:00","BondSeason","3701.01732274"
"2025-03-28T13:30:00.0000000+00:00","EqBondReversion","4319.49031024"
"2025-03-28T13:30:00.0000000+00:00","RiskPremia","3971.9440390"
"2025-03-28T20:00:00.0000000+00:00","PaydaySeason","1089.34899998"
"2025-03-28T20:00:00.0000000+00:00","BondSeason","3709.13732274"
"2025-03-28T20:00:00.0000000+00:00","EqBondReversion","4267.05031024"
"2025-03-28T20:00:00.0000000+00:00","RiskPremia","3960.9490390"
"2025-03-31T13:30:00.0000000+00:00","PaydaySeason","1080.46899998"
"2025-03-31T13:30:00.0000000+00:00","BondSeason","3738.81732274"
"2025-03-31T13:30:00.0000000+00:00","EqBondReversion","4233.93031024"
"2025-03-31T13:30:00.0000000+00:00","RiskPremia","3976.4940390"
"2025-03-31T20:00:00.0000000+00:00","PaydaySeason","1092.51982598"
"2025-03-31T20:00:00.0000000+00:00","BondSeason","3731.07823474"
"2025-03-31T20:00:00.0000000+00:00","EqBondReversion","4278.87663424"
"2025-03-31T20:00:00.0000000+00:00","RiskPremia","3989.3540390"
"2025-04-01T13:30:00.0000000+00:00","PaydaySeason","1092.51982598"
"2025-04-01T13:30:00.0000000+00:00","BondSeason","3714.68193874"
"2025-04-01T13:30:00.0000000+00:00","EqBondReversion","4278.87663424"
"2025-04-01T13:30:00.0000000+00:00","RiskPremia","3996.8110230"
"2025-04-01T20:00:00.0000000+00:00","PaydaySeason","1092.51982598"
"2025-04-01T20:00:00.0000000+00:00","BondSeason","3708.66193874"
"2025-04-01T20:00:00.0000000+00:00","EqBondReversion","4278.87663424"
"2025-04-01T20:00:00.0000000+00:00","RiskPremia","4000.6460230"
"2025-04-02T13:30:00.0000000+00:00","PaydaySeason","1092.51982598"
"2025-04-02T13:30:00.0000000+00:00","BondSeason","3683.32193874"
"2025-04-02T13:30:00.0000000+00:00","EqBondReversion","4278.87663424"
"2025-04-02T13:30:00.0000000+00:00","RiskPremia","4004.0110230"
"2025-04-02T20:00:00.0000000+00:00","PaydaySeason","1092.51982598"
"2025-04-02T20:00:00.0000000+00:00","BondSeason","3709.92193874"
"2025-04-02T20:00:00.0000000+00:00","EqBondReversion","4278.87663424"
"2025-04-02T20:00:00.0000000+00:00","RiskPremia","4008.9110230"
"2025-04-03T13:30:00.0000000+00:00","PaydaySeason","1092.51982598"
"2025-04-03T13:30:00.0000000+00:00","BondSeason","3679.12193874"
"2025-04-03T13:30:00.0000000+00:00","EqBondReversion","4278.87663424"
"2025-04-03T13:30:00.0000000+00:00","RiskPremia","3970.3110230"
"2025-04-03T20:00:00.0000000+00:00","PaydaySeason","1092.51982598"
"2025-04-03T20:00:00.0000000+00:00","BondSeason","3697.32193874"
"2025-04-03T20:00:00.0000000+00:00","EqBondReversion","4278.87663424"
"2025-04-03T20:00:00.0000000+00:00","RiskPremia","3963.0664230"
"2025-04-04T13:30:00.0000000+00:00","PaydaySeason","1092.51982598"
"2025-04-04T13:30:00.0000000+00:00","BondSeason","3647.48193874"
"2025-04-04T13:30:00.0000000+00:00","EqBondReversion","4278.87663424"
"2025-04-04T13:30:00.0000000+00:00","RiskPremia","3950.8810230"
"2025-04-04T20:00:00.0000000+00:00","PaydaySeason","1092.51982598"
"2025-04-04T20:00:00.0000000+00:00","BondSeason","3669.32193874"
"2025-04-04T20:00:00.0000000+00:00","EqBondReversion","4278.87663424"
"2025-04-04T20:00:00.0000000+00:00","RiskPremia","3902.0910230"
"2025-04-07T13:30:00.0000000+00:00","PaydaySeason","1092.51982598"
"2025-04-07T13:30:00.0000000+00:00","BondSeason","3697.04193874"
"2025-04-07T13:30:00.0000000+00:00","EqBondReversion","4278.87663424"
"2025-04-07T13:30:00.0000000+00:00","RiskPremia","3857.8410230"
"2025-04-07T20:00:00.0000000+00:00","PaydaySeason","1092.51982598"
"2025-04-07T20:00:00.0000000+00:00","BondSeason","3748.56193874"
"2025-04-07T20:00:00.0000000+00:00","EqBondReversion","4278.87663424"
"2025-04-07T20:00:00.0000000+00:00","RiskPremia","3844.1960230"
"2025-04-08T13:30:00.0000000+00:00","PaydaySeason","1092.51982598"
"2025-04-08T13:30:00.0000000+00:00","BondSeason","3769.84193874"
"2025-04-08T13:30:00.0000000+00:00","EqBondReversion","4278.87663424"
"2025-04-08T13:30:00.0000000+00:00","RiskPremia","3874.6010230"
"2025-04-08T20:00:00.0000000+00:00","PaydaySeason","1092.51982598"
"2025-04-08T20:00:00.0000000+00:00","BondSeason","3795.32193874"
"2025-04-08T20:00:00.0000000+00:00","EqBondReversion","4278.87663424"
"2025-04-08T20:00:00.0000000+00:00","RiskPremia","3815.9210230"
"2025-04-09T13:30:00.0000000+00:00","PaydaySeason","1092.51982598"
"2025-04-09T13:30:00.0000000+00:00","BondSeason","3825.84193874"
"2025-04-09T13:30:00.0000000+00:00","EqBondReversion","4278.87663424"
"2025-04-09T13:30:00.0000000+00:00","RiskPremia","3822.1910230"
"2025-04-09T20:00:00.0000000+00:00","PaydaySeason","1092.51982598"
"2025-04-09T20:00:00.0000000+00:00","BondSeason","3781.10432274"
"2025-04-09T20:00:00.0000000+00:00","EqBondReversion","4278.87663424"
"2025-04-09T20:00:00.0000000+00:00","RiskPremia","3931.5010230"
"2025-04-10T13:30:00.0000000+00:00","PaydaySeason","1092.51982598"
"2025-04-10T13:30:00.0000000+00:00","BondSeason","3781.10432274"
"2025-04-10T13:30:00.0000000+00:00","EqBondReversion","4278.87663424"
"2025-04-10T13:30:00.0000000+00:00","RiskPremia","3913.6578270"
"2025-04-10T20:00:00.0000000+00:00","PaydaySeason","1092.36660998"
"2025-04-10T20:00:00.0000000+00:00","BondSeason","3781.10432274"
"2025-04-10T20:00:00.0000000+00:00","EqBondReversion","4278.87663424"
"2025-04-10T20:00:00.0000000+00:00","RiskPremia","3902.4578270"
"2025-04-11T13:30:00.0000000+00:00","PaydaySeason","1090.08660998"
"2025-04-11T13:30:00.0000000+00:00","BondSeason","3781.10432274"
"2025-04-11T13:30:00.0000000+00:00","EqBondReversion","4278.87663424"
"2025-04-11T13:30:00.0000000+00:00","RiskPremia","3914.3122270"
"2025-04-11T20:00:00.0000000+00:00","PaydaySeason","1105.28660998"
"2025-04-11T20:00:00.0000000+00:00","BondSeason","3781.10432274"
"2025-04-11T20:00:00.0000000+00:00","EqBondReversion","4278.87663424"
"2025-04-11T20:00:00.0000000+00:00","RiskPremia","3937.2272270"
"2025-04-14T13:30:00.0000000+00:00","PaydaySeason","1119.72660998"
"2025-04-14T13:30:00.0000000+00:00","BondSeason","3781.10432274"
"2025-04-14T13:30:00.0000000+00:00","EqBondReversion","4278.87663424"
"2025-04-14T13:30:00.0000000+00:00","RiskPremia","3947.0122270"
"2025-04-14T20:00:00.0000000+00:00","PaydaySeason","1112.50660998"
"2025-04-14T20:00:00.0000000+00:00","BondSeason","3781.10432274"
"2025-04-14T20:00:00.0000000+00:00","EqBondReversion","4278.87663424"
"2025-04-14T20:00:00.0000000+00:00","RiskPremia","3944.9622270"
"2025-04-15T13:30:00.0000000+00:00","PaydaySeason","1113.64660998"
"2025-04-15T13:30:00.0000000+00:00","BondSeason","3781.10432274"
"2025-04-15T13:30:00.0000000+00:00","EqBondReversion","4278.87663424"
"2025-04-15T13:30:00.0000000+00:00","RiskPremia","3944.1822270"
"2025-04-15T20:00:00.0000000+00:00","PaydaySeason","1111.36660998"
"2025-04-15T20:00:00.0000000+00:00","BondSeason","3781.10432274"
"2025-04-15T20:00:00.0000000+00:00","EqBondReversion","4278.87663424"
"2025-04-15T20:00:00.0000000+00:00","RiskPremia","3952.9422270"
"2025-04-16T13:30:00.0000000+00:00","PaydaySeason","1102.62660998"
"2025-04-16T13:30:00.0000000+00:00","BondSeason","3781.10432274"
"2025-04-16T13:30:00.0000000+00:00","EqBondReversion","4278.87663424"
"2025-04-16T13:30:00.0000000+00:00","RiskPremia","3968.3122270"
"2025-04-16T20:00:00.0000000+00:00","PaydaySeason","1094.49293798"
"2025-04-16T20:00:00.0000000+00:00","BondSeason","3781.10432274"
"2025-04-16T20:00:00.0000000+00:00","EqBondReversion","4278.87663424"
"2025-04-16T20:00:00.0000000+00:00","RiskPremia","3978.1372270"
"2025-04-17T13:30:00.0000000+00:00","PaydaySeason","1094.49293798"
"2025-04-17T13:30:00.0000000+00:00","BondSeason","3781.10432274"
"2025-04-17T13:30:00.0000000+00:00","EqBondReversion","4278.87663424"
"2025-04-17T13:30:00.0000000+00:00","RiskPremia","3972.2772270"
"2025-04-17T20:00:00.0000000+00:00","PaydaySeason","1094.49293798"
"2025-04-17T20:00:00.0000000+00:00","BondSeason","3781.10432274"
"2025-04-17T20:00:00.0000000+00:00","EqBondReversion","4278.87663424"
"2025-04-17T20:00:00.0000000+00:00","RiskPremia","3965.1122270"
"2025-04-21T13:30:00.0000000+00:00","PaydaySeason","1094.49293798"
"2025-04-21T13:30:00.0000000+00:00","BondSeason","3781.10432274"
"2025-04-21T13:30:00.0000000+00:00","EqBondReversion","4278.87663424"
"2025-04-21T13:30:00.0000000+00:00","RiskPremia","3977.7022270"
"2025-04-21T20:00:00.0000000+00:00","PaydaySeason","1094.49293798"
"2025-04-21T20:00:00.0000000+00:00","BondSeason","3780.60555174"
"2025-04-21T20:00:00.0000000+00:00","EqBondReversion","4278.87663424"
"2025-04-21T20:00:00.0000000+00:00","RiskPremia","3964.2822270"
"2025-04-22T13:30:00.0000000+00:00","PaydaySeason","1094.49293798"
"2025-04-22T13:30:00.0000000+00:00","BondSeason","3804.53055174"
"2025-04-22T13:30:00.0000000+00:00","EqBondReversion","4278.26863424"
"2025-04-22T13:30:00.0000000+00:00","RiskPremia","3986.3212890"
"2025-04-22T20:00:00.0000000+00:00","PaydaySeason","1094.49293798"
"2025-04-22T20:00:00.0000000+00:00","BondSeason","3794.96055174"
"2025-04-22T20:00:00.0000000+00:00","EqBondReversion","4321.58863424"
"2025-04-22T20:00:00.0000000+00:00","RiskPremia","3973.6612890"
"2025-04-23T13:30:00.0000000+00:00","PaydaySeason","1094.49293798"
"2025-04-23T13:30:00.0000000+00:00","BondSeason","3864.27055174"
"2025-04-23T13:30:00.0000000+00:00","EqBondReversion","4399.86863424"
"2025-04-23T13:30:00.0000000+00:00","RiskPremia","3998.8812890"
"2025-04-23T20:00:00.0000000+00:00","PaydaySeason","1094.33213864"
"2025-04-23T20:00:00.0000000+00:00","BondSeason","3820.19055174"
"2025-04-23T20:00:00.0000000+00:00","EqBondReversion","4371.79423424"
"2025-04-23T20:00:00.0000000+00:00","RiskPremia","3974.0296890"
"2025-04-24T13:30:00.0000000+00:00","PaydaySeason","1096.46543864"
"2025-04-24T13:30:00.0000000+00:00","BondSeason","3839.62055174"
"2025-04-24T13:30:00.0000000+00:00","EqBondReversion","4380.10863424"
"2025-04-24T13:30:00.0000000+00:00","RiskPremia","3992.3612890"
"2025-04-24T20:00:00.0000000+00:00","PaydaySeason","1111.87043864"
"2025-04-24T20:00:00.0000000+00:00","BondSeason","3845.71055174"
"2025-04-24T20:00:00.0000000+00:00","EqBondReversion","4440.14863424"
"2025-04-24T20:00:00.0000000+00:00","RiskPremia","4008.7012890"
"2025-04-25T13:30:00.0000000+00:00","PaydaySeason","1111.67543864"
"2025-04-25T13:30:00.0000000+00:00","BondSeason","3865.43055174"
"2025-04-25T13:30:00.0000000+00:00","EqBondReversion","4439.38863424"
"2025-04-25T13:30:00.0000000+00:00","RiskPremia","4000.2812890"
"2025-04-25T20:00:00.0000000+00:00","PaydaySeason","1117.33043864"
"2025-04-25T20:00:00.0000000+00:00","BondSeason","3864.41555174"
"2025-04-25T20:00:00.0000000+00:00","EqBondReversion","4461.42863424"
"2025-04-25T20:00:00.0000000+00:00","RiskPremia","4011.4812890"
"2025-04-28T13:30:00.0000000+00:00","PaydaySeason","1118.30543864"
"2025-04-28T13:30:00.0000000+00:00","BondSeason","3857.74555174"
"2025-04-28T13:30:00.0000000+00:00","EqBondReversion","4465.22863424"
"2025-04-28T13:30:00.0000000+00:00","RiskPremia","4007.2612890"
"2025-04-28T20:00:00.0000000+00:00","PaydaySeason","1118.11043864"
"2025-04-28T20:00:00.0000000+00:00","BondSeason","3880.80055174"
"2025-04-28T20:00:00.0000000+00:00","EqBondReversion","4464.46863424"
"2025-04-28T20:00:00.0000000+00:00","RiskPremia","4030.1012890"
"2025-04-29T13:30:00.0000000+00:00","PaydaySeason","1115.18543864"
"2025-04-29T13:30:00.0000000+00:00","BondSeason","3877.03055174"
"2025-04-29T13:30:00.0000000+00:00","EqBondReversion","4453.06863424"
"2025-04-29T13:30:00.0000000+00:00","RiskPremia","4018.2812890"
"2025-04-29T20:00:00.0000000+00:00","PaydaySeason","1122.59543864"
"2025-04-29T20:00:00.0000000+00:00","BondSeason","3902.55055174"
"2025-04-29T20:00:00.0000000+00:00","EqBondReversion","4481.94863424"
"2025-04-29T20:00:00.0000000+00:00","RiskPremia","4034.8212890"
"2025-04-30T13:30:00.0000000+00:00","PaydaySeason","1112.45543864"
"2025-04-30T13:30:00.0000000+00:00","BondSeason","3890.08055174"
"2025-04-30T13:30:00.0000000+00:00","EqBondReversion","4442.42863424"
"2025-04-30T13:30:00.0000000+00:00","RiskPremia","4018.4812890"
"2025-04-30T20:00:00.0000000+00:00","PaydaySeason","1122.03906464"
"2025-04-30T20:00:00.0000000+00:00","BondSeason","3880.36059374"
"2025-04-30T20:00:00.0000000+00:00","EqBondReversion","4479.78020224"
"2025-04-30T20:00:00.0000000+00:00","RiskPremia","4019.7212890"
"2025-05-01T13:30:00.0000000+00:00","PaydaySeason","1122.03906464"
"2025-05-01T13:30:00.0000000+00:00","BondSeason","3877.06745774"
"2025-05-01T13:30:00.0000000+00:00","EqBondReversion","4479.78020224"
"2025-05-01T13:30:00.0000000+00:00","RiskPremia","4011.6526330"
"2025-05-01T20:00:00.0000000+00:00","PaydaySeason","1122.03906464"
"2025-05-01T20:00:00.0000000+00:00","BondSeason","3893.30745774"
"2025-05-01T20:00:00.0000000+00:00","EqBondReversion","4479.78020224"
"2025-05-01T20:00:00.0000000+00:00","RiskPremia","4002.6326330"
"2025-05-02T13:30:00.0000000+00:00","PaydaySeason","1122.03906464"
"2025-05-02T13:30:00.0000000+00:00","BondSeason","3920.46745774"
"2025-05-02T13:30:00.0000000+00:00","EqBondReversion","4479.78020224"
"2025-05-02T13:30:00.0000000+00:00","RiskPremia","4004.5726330"
"2025-05-02T20:00:00.0000000+00:00","PaydaySeason","1122.03906464"
"2025-05-02T20:00:00.0000000+00:00","BondSeason","3920.46745774"
"2025-05-02T20:00:00.0000000+00:00","EqBondReversion","4479.78020224"
"2025-05-02T20:00:00.0000000+00:00","RiskPremia","4001.7726330"
"2025-05-05T13:30:00.0000000+00:00","PaydaySeason","1122.03906464"
"2025-05-05T13:30:00.0000000+00:00","BondSeason","3930.68745774"
"2025-05-05T13:30:00.0000000+00:00","EqBondReversion","4479.78020224"
"2025-05-05T13:30:00.0000000+00:00","RiskPremia","4013.1396370"
"2025-05-05T20:00:00.0000000+00:00","PaydaySeason","1122.03906464"
"2025-05-05T20:00:00.0000000+00:00","BondSeason","3933.90745774"
"2025-05-05T20:00:00.0000000+00:00","EqBondReversion","4479.78020224"
"2025-05-05T20:00:00.0000000+00:00","RiskPremia","4015.2896370"
"2025-05-06T13:30:00.0000000+00:00","PaydaySeason","1122.03906464"
"2025-05-06T13:30:00.0000000+00:00","BondSeason","3945.94745774"
"2025-05-06T13:30:00.0000000+00:00","EqBondReversion","4479.78020224"
"2025-05-06T13:30:00.0000000+00:00","RiskPremia","4020.8496370"
"2025-05-06T20:00:00.0000000+00:00","PaydaySeason","1122.03906464"
"2025-05-06T20:00:00.0000000+00:00","BondSeason","3925.50745774"
"2025-05-06T20:00:00.0000000+00:00","EqBondReversion","4479.78020224"
"2025-05-06T20:00:00.0000000+00:00","RiskPremia","4036.8346370"
"2025-05-07T13:30:00.0000000+00:00","PaydaySeason","1122.03906464"
"2025-05-07T13:30:00.0000000+00:00","BondSeason","3914.58745774"
"2025-05-07T13:30:00.0000000+00:00","EqBondReversion","4479.78020224"
"2025-05-07T13:30:00.0000000+00:00","RiskPremia","4034.7396370"
"2025-05-07T20:00:00.0000000+00:00","PaydaySeason","1122.03906464"
"2025-05-07T20:00:00.0000000+00:00","BondSeason","3914.86745774"
"2025-05-07T20:00:00.0000000+00:00","EqBondReversion","4479.78020224"
"2025-05-07T20:00:00.0000000+00:00","RiskPremia","4031.6496370"
"2025-05-08T13:30:00.0000000+00:00","PaydaySeason","1122.03906464"
"2025-05-08T13:30:00.0000000+00:00","BondSeason","3911.92745774"
"2025-05-08T13:30:00.0000000+00:00","EqBondReversion","4479.78020224"
"2025-05-08T13:30:00.0000000+00:00","RiskPremia","4034.1596370"
"2025-05-08T20:00:00.0000000+00:00","PaydaySeason","1122.03906464"
"2025-05-08T20:00:00.0000000+00:00","BondSeason","3942.30745774"
"2025-05-08T20:00:00.0000000+00:00","EqBondReversion","4479.78020224"
"2025-05-08T20:00:00.0000000+00:00","RiskPremia","4008.1696370"
"2025-05-09T13:30:00.0000000+00:00","PaydaySeason","1122.03906464"
"2025-05-09T13:30:00.0000000+00:00","BondSeason","3940.34745774"
"2025-05-09T13:30:00.0000000+00:00","EqBondReversion","4479.78020224"
"2025-05-09T13:30:00.0000000+00:00","RiskPremia","4019.5396370"
"2025-05-09T20:00:00.0000000+00:00","PaydaySeason","1122.03906464"
"2025-05-09T20:00:00.0000000+00:00","BondSeason","3938.17992174"
"2025-05-09T20:00:00.0000000+00:00","EqBondReversion","4479.78020224"
"2025-05-09T20:00:00.0000000+00:00","RiskPremia","4014.8096370"
"2025-05-12T13:30:00.0000000+00:00","PaydaySeason","1122.03906464"
"2025-05-12T13:30:00.0000000+00:00","BondSeason","3938.17992174"
"2025-05-12T13:30:00.0000000+00:00","EqBondReversion","4479.78020224"
"2025-05-12T13:30:00.0000000+00:00","RiskPremia","4001.6296370"
"2025-05-12T20:00:00.0000000+00:00","PaydaySeason","1121.87263864"
"2025-05-12T20:00:00.0000000+00:00","BondSeason","3938.17992174"
"2025-05-12T20:00:00.0000000+00:00","EqBondReversion","4479.78020224"
"2025-05-12T20:00:00.0000000+00:00","RiskPremia","4000.7096370"
"2025-05-13T13:30:00.0000000+00:00","PaydaySeason","1122.98263864"
"2025-05-13T13:30:00.0000000+00:00","BondSeason","3938.17992174"
"2025-05-13T13:30:00.0000000+00:00","EqBondReversion","4479.78020224"
"2025-05-13T13:30:00.0000000+00:00","RiskPremia","4002.0596370"
"2025-05-13T20:00:00.0000000+00:00","PaydaySeason","1127.97763864"
"2025-05-13T20:00:00.0000000+00:00","BondSeason","3938.17992174"
"2025-05-13T20:00:00.0000000+00:00","EqBondReversion","4479.78020224"
"2025-05-13T20:00:00.0000000+00:00","RiskPremia","4003.7546370"
"2025-05-14T13:30:00.0000000+00:00","PaydaySeason","1129.64263864"
"2025-05-14T13:30:00.0000000+00:00","BondSeason","3938.17992174"
"2025-05-14T13:30:00.0000000+00:00","EqBondReversion","4479.78020224"
"2025-05-14T13:30:00.0000000+00:00","RiskPremia","3988.5596370"
"2025-05-14T20:00:00.0000000+00:00","PaydaySeason","1128.53263864"
"2025-05-14T20:00:00.0000000+00:00","BondSeason","3938.17992174"
"2025-05-14T20:00:00.0000000+00:00","EqBondReversion","4479.78020224"
"2025-05-14T20:00:00.0000000+00:00","RiskPremia","3981.2696370"
"2025-05-15T13:30:00.0000000+00:00","PaydaySeason","1126.31263864"
"2025-05-15T13:30:00.0000000+00:00","BondSeason","3938.17992174"
"2025-05-15T13:30:00.0000000+00:00","EqBondReversion","4479.78020224"
"2025-05-15T13:30:00.0000000+00:00","RiskPremia","3985.7096370"
"2025-05-15T20:00:00.0000000+00:00","PaydaySeason","1132.23263864"
"2025-05-15T20:00:00.0000000+00:00","BondSeason","3938.17992174"
"2025-05-15T20:00:00.0000000+00:00","EqBondReversion","4479.78020224"
"2025-05-15T20:00:00.0000000+00:00","RiskPremia","4004.8296370"
"2025-05-16T13:30:00.0000000+00:00","PaydaySeason","1133.71263864"
"2025-05-16T13:30:00.0000000+00:00","BondSeason","3938.17992174"
"2025-05-16T13:30:00.0000000+00:00","EqBondReversion","4479.78020224"
"2025-05-16T13:30:00.0000000+00:00","RiskPremia","4001.8696370"
"2025-05-16T20:00:00.0000000+00:00","PaydaySeason","1138.16791964"
"2025-05-16T20:00:00.0000000+00:00","BondSeason","3938.17992174"
"2025-05-16T20:00:00.0000000+00:00","EqBondReversion","4479.78020224"
"2025-05-16T20:00:00.0000000+00:00","RiskPremia","4002.2346370"
"2025-05-19T13:30:00.0000000+00:00","PaydaySeason","1138.16791964"
"2025-05-19T13:30:00.0000000+00:00","BondSeason","3938.17992174"
"2025-05-19T13:30:00.0000000+00:00","EqBondReversion","4479.78020224"
"2025-05-19T13:30:00.0000000+00:00","RiskPremia","3988.7896370"
"2025-05-19T20:00:00.0000000+00:00","PaydaySeason","1138.16791964"
"2025-05-19T20:00:00.0000000+00:00","BondSeason","3938.17992174"
"2025-05-19T20:00:00.0000000+00:00","EqBondReversion","4479.78020224"
"2025-05-19T20:00:00.0000000+00:00","RiskPremia","4009.0896370"
"2025-05-20T13:30:00.0000000+00:00","PaydaySeason","1138.16791964"
"2025-05-20T13:30:00.0000000+00:00","BondSeason","3938.17992174"
"2025-05-20T13:30:00.0000000+00:00","EqBondReversion","4479.78020224"
"2025-05-20T13:30:00.0000000+00:00","RiskPremia","4001.0396370"
"2025-05-20T20:00:00.0000000+00:00","PaydaySeason","1138.16791964"
"2025-05-20T20:00:00.0000000+00:00","BondSeason","3937.66734174"
"2025-05-20T20:00:00.0000000+00:00","EqBondReversion","4479.78020224"
"2025-05-20T20:00:00.0000000+00:00","RiskPremia","4014.1896370"
"2025-05-21T13:30:00.0000000+00:00","PaydaySeason","1138.16791964"
"2025-05-21T13:30:00.0000000+00:00","BondSeason","3915.16734174"
"2025-05-21T13:30:00.0000000+00:00","EqBondReversion","4479.18744224"
"2025-05-21T13:30:00.0000000+00:00","RiskPremia","4004.0596370"
"2025-05-21T20:00:00.0000000+00:00","PaydaySeason","1138.16791964"
"2025-05-21T20:00:00.0000000+00:00","BondSeason","3892.96734174"
"2025-05-21T20:00:00.0000000+00:00","EqBondReversion","4453.28744224"
"2025-05-21T20:00:00.0000000+00:00","RiskPremia","3991.9796370"
"2025-05-22T13:30:00.0000000+00:00","PaydaySeason","1138.16791964"
"2025-05-22T13:30:00.0000000+00:00","BondSeason","3880.36734174"
"2025-05-22T13:30:00.0000000+00:00","EqBondReversion","4438.58744224"
"2025-05-22T13:30:00.0000000+00:00","RiskPremia","3984.5796370"
"2025-05-22T20:00:00.0000000+00:00","PaydaySeason","1138.00620764"
"2025-05-22T20:00:00.0000000+00:00","BondSeason","3906.76734174"
"2025-05-22T20:00:00.0000000+00:00","EqBondReversion","4469.38744224"
"2025-05-22T20:00:00.0000000+00:00","RiskPremia","3990.5996370"
"2025-05-23T13:30:00.0000000+00:00","PaydaySeason","1128.28620764"
"2025-05-23T13:30:00.0000000+00:00","BondSeason","3917.56734174"
"2025-05-23T13:30:00.0000000+00:00","EqBondReversion","4481.98744224"
"2025-05-23T13:30:00.0000000+00:00","RiskPremia","4003.0496370"
"2025-05-23T20:00:00.0000000+00:00","PaydaySeason","1132.78620764"
"2025-05-23T20:00:00.0000000+00:00","BondSeason","3911.56734174"
"2025-05-23T20:00:00.0000000+00:00","EqBondReversion","4474.98744224"
"2025-05-23T20:00:00.0000000+00:00","RiskPremia","4005.8146370"
"2025-05-27T13:30:00.0000000+00:00","PaydaySeason","1142.68620764"
"2025-05-27T13:30:00.0000000+00:00","BondSeason","3935.26734174"
"2025-05-27T13:30:00.0000000+00:00","EqBondReversion","4502.63744224"
"2025-05-27T13:30:00.0000000+00:00","RiskPremia","4006.9035250"
"2025-05-27T20:00:00.0000000+00:00","PaydaySeason","1149.52620764"
"2025-05-27T20:00:00.0000000+00:00","BondSeason","3948.16734174"
"2025-05-27T20:00:00.0000000+00:00","EqBondReversion","4517.68744224"
"2025-05-27T20:00:00.0000000+00:00","RiskPremia","4018.3135250"
"2025-05-28T13:30:00.0000000+00:00","PaydaySeason","1149.88620764"
"2025-05-28T13:30:00.0000000+00:00","BondSeason","3937.06734174"
"2025-05-28T13:30:00.0000000+00:00","EqBondReversion","4504.73744224"
"2025-05-28T13:30:00.0000000+00:00","RiskPremia","4014.4235250"
"2025-05-28T20:00:00.0000000+00:00","PaydaySeason","1145.20620764"
"2025-05-28T20:00:00.0000000+00:00","BondSeason","3935.56734174"
"2025-05-28T20:00:00.0000000+00:00","EqBondReversion","4502.98744224"
"2025-05-28T20:00:00.0000000+00:00","RiskPremia","4008.9235250"
"2025-05-29T13:30:00.0000000+00:00","PaydaySeason","1153.12620764"
"2025-05-29T13:30:00.0000000+00:00","BondSeason","3947.86734174"
"2025-05-29T13:30:00.0000000+00:00","EqBondReversion","4517.33744224"
"2025-05-29T13:30:00.0000000+00:00","RiskPremia","4023.3935250"
"2025-05-29T20:00:00.0000000+00:00","PaydaySeason","1147.72620764"
"2025-05-29T20:00:00.0000000+00:00","BondSeason","3959.26734174"
"2025-05-29T20:00:00.0000000+00:00","EqBondReversion","4530.63744224"
"2025-05-29T20:00:00.0000000+00:00","RiskPremia","4023.8535250"
"2025-05-30T13:30:00.0000000+00:00","PaydaySeason","1146.28620764"
"2025-05-30T13:30:00.0000000+00:00","BondSeason","3957.46734174"
"2025-05-30T13:30:00.0000000+00:00","EqBondReversion","4528.53744224"
"2025-05-30T13:30:00.0000000+00:00","RiskPremia","4018.0835250"
"2025-05-30T20:00:00.0000000+00:00","PaydaySeason","1146.84269564"
"2025-05-30T20:00:00.0000000+00:00","BondSeason","3961.83210174"
"2025-05-30T20:00:00.0000000+00:00","EqBondReversion","4534.23355224"
"2025-05-30T20:00:00.0000000+00:00","RiskPremia","4020.6435250"
"2025-06-02T13:30:00.0000000+00:00","PaydaySeason","1146.84269564"
"2025-06-02T13:30:00.0000000+00:00","BondSeason","3981.64614174"
"2025-06-02T13:30:00.0000000+00:00","EqBondReversion","4534.23355224"
"2025-06-02T13:30:00.0000000+00:00","RiskPremia","4023.9179090"
"2025-06-02T20:00:00.0000000+00:00","PaydaySeason","1146.84269564"
"2025-06-02T20:00:00.0000000+00:00","BondSeason","3985.99614174"
"2025-06-02T20:00:00.0000000+00:00","EqBondReversion","4534.23355224"
"2025-06-02T20:00:00.0000000+00:00","RiskPremia","4031.1779090"
"2025-06-03T13:30:00.0000000+00:00","PaydaySeason","1146.84269564"
"2025-06-03T13:30:00.0000000+00:00","BondSeason","3977.14614174"
"2025-06-03T13:30:00.0000000+00:00","EqBondReversion","4534.23355224"
"2025-06-03T13:30:00.0000000+00:00","RiskPremia","4030.5679090"
"2025-06-03T20:00:00.0000000+00:00","PaydaySeason","1146.84269564"
"2025-06-03T20:00:00.0000000+00:00","BondSeason","3989.74614174"
"2025-06-03T20:00:00.0000000+00:00","EqBondReversion","4534.23355224"
"2025-06-03T20:00:00.0000000+00:00","RiskPremia","4027.8029090"
"2025-06-04T13:30:00.0000000+00:00","PaydaySeason","1146.84269564"
"2025-06-04T13:30:00.0000000+00:00","BondSeason","3966.64614174"
"2025-06-04T13:30:00.0000000+00:00","EqBondReversion","4534.23355224"
"2025-06-04T13:30:00.0000000+00:00","RiskPremia","4038.8179090"
"2025-06-04T20:00:00.0000000+00:00","PaydaySeason","1146.84269564"
"2025-06-04T20:00:00.0000000+00:00","BondSeason","3948.49614174"
"2025-06-04T20:00:00.0000000+00:00","EqBondReversion","4534.23355224"
"2025-06-04T20:00:00.0000000+00:00","RiskPremia","4048.5779090"
"2025-06-05T13:30:00.0000000+00:00","PaydaySeason","1146.84269564"
"2025-06-05T13:30:00.0000000+00:00","BondSeason","3939.94614174"
"2025-06-05T13:30:00.0000000+00:00","EqBondReversion","4534.23355224"
"2025-06-05T13:30:00.0000000+00:00","RiskPremia","4054.6479090"
"2025-06-05T20:00:00.0000000+00:00","PaydaySeason","1146.84269564"
"2025-06-05T20:00:00.0000000+00:00","BondSeason","3946.54614174"
"2025-06-05T20:00:00.0000000+00:00","EqBondReversion","4534.23355224"
"2025-06-05T20:00:00.0000000+00:00","RiskPremia","4043.2079090"
"2025-06-06T13:30:00.0000000+00:00","PaydaySeason","1146.84269564"
"2025-06-06T13:30:00.0000000+00:00","BondSeason","3966.64614174"
"2025-06-06T13:30:00.0000000+00:00","EqBondReversion","4534.23355224"
"2025-06-06T13:30:00.0000000+00:00","RiskPremia","4040.0179090"
"2025-06-06T20:00:00.0000000+00:00","PaydaySeason","1146.84269564"
"2025-06-06T20:00:00.0000000+00:00","BondSeason","3979.69614174"
"2025-06-06T20:00:00.0000000+00:00","EqBondReversion","4534.23355224"
"2025-06-06T20:00:00.0000000+00:00","RiskPremia","4027.1229090"
"2025-06-09T13:30:00.0000000+00:00","PaydaySeason","1146.84269564"
"2025-06-09T13:30:00.0000000+00:00","BondSeason","3988.84614174"
"2025-06-09T13:30:00.0000000+00:00","EqBondReversion","4534.23355224"
"2025-06-09T13:30:00.0000000+00:00","RiskPremia","4024.9879090"
"2025-06-09T20:00:00.0000000+00:00","PaydaySeason","1146.84269564"
"2025-06-09T20:00:00.0000000+00:00","BondSeason","3976.54614174"
"2025-06-09T20:00:00.0000000+00:00","EqBondReversion","4534.23355224"
"2025-06-09T20:00:00.0000000+00:00","RiskPremia","4032.0829090"
"2025-06-10T13:30:00.0000000+00:00","PaydaySeason","1146.84269564"
"2025-06-10T13:30:00.0000000+00:00","BondSeason","3957.34614174"
"2025-06-10T13:30:00.0000000+00:00","EqBondReversion","4534.23355224"
"2025-06-10T13:30:00.0000000+00:00","RiskPremia","4044.2879090"
"2025-06-10T20:00:00.0000000+00:00","PaydaySeason","1146.84269564"
"2025-06-10T20:00:00.0000000+00:00","BondSeason","3963.73092174"
"2025-06-10T20:00:00.0000000+00:00","EqBondReversion","4534.23355224"
"2025-06-10T20:00:00.0000000+00:00","RiskPremia","4040.2779090"
"2025-06-11T13:30:00.0000000+00:00","PaydaySeason","1146.84269564"
"2025-06-11T13:30:00.0000000+00:00","BondSeason","3963.73092174"
"2025-06-11T13:30:00.0000000+00:00","EqBondReversion","4534.23355224"
"2025-06-11T13:30:00.0000000+00:00","RiskPremia","4042.6779090"
"2025-06-11T20:00:00.0000000+00:00","PaydaySeason","1146.68493564"
"2025-06-11T20:00:00.0000000+00:00","BondSeason","3963.73092174"
"2025-06-11T20:00:00.0000000+00:00","EqBondReversion","4534.23355224"
"2025-06-11T20:00:00.0000000+00:00","RiskPremia","4045.4679090"
"2025-06-12T13:30:00.0000000+00:00","PaydaySeason","1144.64493564"
"2025-06-12T13:30:00.0000000+00:00","BondSeason","3963.73092174"
"2025-06-12T13:30:00.0000000+00:00","EqBondReversion","4534.23355224"
"2025-06-12T13:30:00.0000000+00:00","RiskPremia","4059.9679090"
"2025-06-12T20:00:00.0000000+00:00","PaydaySeason","1149.06493564"
"2025-06-12T20:00:00.0000000+00:00","BondSeason","3963.73092174"
"2025-06-12T20:00:00.0000000+00:00","EqBondReversion","4534.23355224"
"2025-06-12T20:00:00.0000000+00:00","RiskPremia","4067.7979090"
"2025-06-13T13:30:00.0000000+00:00","PaydaySeason","1142.26493564"
"2025-06-13T13:30:00.0000000+00:00","BondSeason","3963.73092174"
"2025-06-13T13:30:00.0000000+00:00","EqBondReversion","4534.23355224"
"2025-06-13T13:30:00.0000000+00:00","RiskPremia","4068.4479090"
"2025-06-13T20:00:00.0000000+00:00","PaydaySeason","1139.88493564"
"2025-06-13T20:00:00.0000000+00:00","BondSeason","3963.73092174"
"2025-06-13T20:00:00.0000000+00:00","EqBondReversion","4534.23355224"
"2025-06-13T20:00:00.0000000+00:00","RiskPremia","4059.3279090"
"2025-06-16T13:30:00.0000000+00:00","PaydaySeason","1144.30493564"
"2025-06-16T13:30:00.0000000+00:00","BondSeason","3963.73092174"
"2025-06-16T13:30:00.0000000+00:00","EqBondReversion","4534.23355224"
"2025-06-16T13:30:00.0000000+00:00","RiskPremia","4056.7779090"
"2025-06-16T20:00:00.0000000+00:00","PaydaySeason","1147.70493564"
"2025-06-16T20:00:00.0000000+00:00","BondSeason","3963.73092174"
"2025-06-16T20:00:00.0000000+00:00","EqBondReversion","4534.23355224"
"2025-06-16T20:00:00.0000000+00:00","RiskPremia","4045.7079090"
"2025-06-17T13:30:00.0000000+00:00","PaydaySeason","1144.64493564"
"2025-06-17T13:30:00.0000000+00:00","BondSeason","3963.73092174"
"2025-06-17T13:30:00.0000000+00:00","EqBondReversion","4534.23355224"
"2025-06-17T13:30:00.0000000+00:00","RiskPremia","4051.5879090"
"2025-06-17T20:00:00.0000000+00:00","PaydaySeason","1140.91829764"
"2025-06-17T20:00:00.0000000+00:00","BondSeason","3963.73092174"
"2025-06-17T20:00:00.0000000+00:00","EqBondReversion","4534.23355224"
"2025-06-17T20:00:00.0000000+00:00","RiskPremia","4053.5029090"
"2025-06-18T13:30:00.0000000+00:00","PaydaySeason","1140.91829764"
"2025-06-18T13:30:00.0000000+00:00","BondSeason","3963.73092174"
"2025-06-18T13:30:00.0000000+00:00","EqBondReversion","4534.23355224"
"2025-06-18T13:30:00.0000000+00:00","RiskPremia","4060.1979090"
"2025-06-18T20:00:00.0000000+00:00","PaydaySeason","1140.91829764"
"2025-06-18T20:00:00.0000000+00:00","BondSeason","3963.21102174"
"2025-06-18T20:00:00.0000000+00:00","EqBondReversion","4534.23355224"
"2025-06-18T20:00:00.0000000+00:00","RiskPremia","4051.5289090"
"2025-06-20T13:30:00.0000000+00:00","PaydaySeason","1140.91829764"
"2025-06-20T13:30:00.0000000+00:00","BondSeason","3947.91102174"
"2025-06-20T13:30:00.0000000+00:00","EqBondReversion","4534.23355224"
"2025-06-20T13:30:00.0000000+00:00","RiskPremia","4046.2679090"
"2025-06-20T20:00:00.0000000+00:00","PaydaySeason","1140.91829764"
"2025-06-20T20:00:00.0000000+00:00","BondSeason","3958.26102174"
"2025-06-20T20:00:00.0000000+00:00","EqBondReversion","4534.23355224"
"2025-06-20T20:00:00.0000000+00:00","RiskPremia","4048.0579090"
"2025-06-23T13:30:00.0000000+00:00","PaydaySeason","1140.91829764"
"2025-06-23T13:30:00.0000000+00:00","BondSeason","3971.91102174"
"2025-06-23T13:30:00.0000000+00:00","EqBondReversion","4533.64236024"
"2025-06-23T13:30:00.0000000+00:00","RiskPremia","4054.4679090"
"2025-06-23T20:00:00.0000000+00:00","PaydaySeason","1140.91829764"
"2025-06-23T20:00:00.0000000+00:00","BondSeason","3967.41102174"
"2025-06-23T20:00:00.0000000+00:00","EqBondReversion","4528.54236024"
"2025-06-23T20:00:00.0000000+00:00","RiskPremia","4059.3679090"
"2025-06-24T13:30:00.0000000+00:00","PaydaySeason","1140.91829764"
"2025-06-24T13:30:00.0000000+00:00","BondSeason","3958.11102174"
"2025-06-24T13:30:00.0000000+00:00","EqBondReversion","4518.00236024"
"2025-06-24T13:30:00.0000000+00:00","RiskPremia","4046.7979090"
"2025-06-24T20:00:00.0000000+00:00","PaydaySeason","1140.75858808"
"2025-06-24T20:00:00.0000000+00:00","BondSeason","3986.01102174"
"2025-06-24T20:00:00.0000000+00:00","EqBondReversion","4549.62236024"
"2025-06-24T20:00:00.0000000+00:00","RiskPremia","4063.2754090"
"2025-06-25T13:30:00.0000000+00:00","PaydaySeason","1142.58098808"
"2025-06-25T13:30:00.0000000+00:00","BondSeason","3977.01102174"
"2025-06-25T13:30:00.0000000+00:00","EqBondReversion","4539.42236024"
"2025-06-25T13:30:00.0000000+00:00","RiskPremia","4059.0154090"
"2025-06-25T20:00:00.0000000+00:00","PaydaySeason","1139.86098808"
"2025-06-25T20:00:00.0000000+00:00","BondSeason","3988.86102174"
"2025-06-25T20:00:00.0000000+00:00","EqBondReversion","4552.85236024"
"2025-06-25T20:00:00.0000000+00:00","RiskPremia","4065.7554090"
"2025-06-26T13:30:00.0000000+00:00","PaydaySeason","1142.92098808"
"2025-06-26T13:30:00.0000000+00:00","BondSeason","3991.41102174"
"2025-06-26T13:30:00.0000000+00:00","EqBondReversion","4555.74236024"
"2025-06-26T13:30:00.0000000+00:00","RiskPremia","4066.0254090"
"2025-06-26T20:00:00.0000000+00:00","PaydaySeason","1146.66098808"
"2025-06-26T20:00:00.0000000+00:00","BondSeason","4001.91102174"
"2025-06-26T20:00:00.0000000+00:00","EqBondReversion","4567.64236024"
"2025-06-26T20:00:00.0000000+00:00","RiskPremia","4075.2754090"
"2025-06-27T13:30:00.0000000+00:00","PaydaySeason","1149.04098808"
"2025-06-27T13:30:00.0000000+00:00","BondSeason","3990.81102174"
"2025-06-27T13:30:00.0000000+00:00","EqBondReversion","4555.06236024"
"2025-06-27T13:30:00.0000000+00:00","RiskPremia","4057.9854090"
"2025-06-27T20:00:00.0000000+00:00","PaydaySeason","1150.40098808"
"2025-06-27T20:00:00.0000000+00:00","BondSeason","3984.88602174"
"2025-06-27T20:00:00.0000000+00:00","EqBondReversion","4548.34736024"
"2025-06-27T20:00:00.0000000+00:00","RiskPremia","4059.3654090"
"2025-06-30T13:30:00.0000000+00:00","PaydaySeason","1153.80098808"
"2025-06-30T13:30:00.0000000+00:00","BondSeason","3999.21102174"
"2025-06-30T13:30:00.0000000+00:00","EqBondReversion","4564.58236024"
"2025-06-30T13:30:00.0000000+00:00","RiskPremia","4070.0454090"
"2025-06-30T20:00:00.0000000+00:00","PaydaySeason","1154.31901208"
"2025-06-30T20:00:00.0000000+00:00","BondSeason","4011.96896374"
"2025-06-30T20:00:00.0000000+00:00","EqBondReversion","4579.62185224"
"2025-06-30T20:00:00.0000000+00:00","RiskPremia","4081.0654090"
"2025-07-01T13:30:00.0000000+00:00","PaydaySeason","1154.31901208"
"2025-07-01T13:30:00.0000000+00:00","BondSeason","4007.66823474"
"2025-07-01T13:30:00.0000000+00:00","EqBondReversion","4579.62185224"
"2025-07-01T13:30:00.0000000+00:00","RiskPremia","4089.6950210"
"2025-07-01T20:00:00.0000000+00:00","PaydaySeason","1154.31901208"
"2025-07-01T20:00:00.0000000+00:00","BondSeason","4007.72623474"
"2025-07-01T20:00:00.0000000+00:00","EqBondReversion","4579.62185224"
"2025-07-01T20:00:00.0000000+00:00","RiskPremia","4088.4710210"
"2025-07-02T13:30:00.0000000+00:00","PaydaySeason","1154.31901208"
"2025-07-02T13:30:00.0000000+00:00","BondSeason","4034.63823474"
"2025-07-02T13:30:00.0000000+00:00","EqBondReversion","4579.62185224"
"2025-07-02T13:30:00.0000000+00:00","RiskPremia","4078.7850210"
"2025-07-02T20:00:00.0000000+00:00","PaydaySeason","1154.31901208"
"2025-07-02T20:00:00.0000000+00:00","BondSeason","4023.32823474"
"2025-07-02T20:00:00.0000000+00:00","EqBondReversion","4579.62185224"
"2025-07-02T20:00:00.0000000+00:00","RiskPremia","4089.1900210"
"2025-07-03T13:30:00.0000000+00:00","PaydaySeason","1154.31901208"
"2025-07-03T13:30:00.0000000+00:00","BondSeason","4035.50823474"
"2025-07-03T13:30:00.0000000+00:00","EqBondReversion","4579.62185224"
"2025-07-03T13:30:00.0000000+00:00","RiskPremia","4081.2250210"
"2025-07-03T17:00:00.0000000+00:00","PaydaySeason","1154.31901208"
"2025-07-03T17:00:00.0000000+00:00","BondSeason","4040.43823474"
"2025-07-03T17:00:00.0000000+00:00","EqBondReversion","4579.62185224"
"2025-07-03T17:00:00.0000000+00:00","RiskPremia","4082.4850210"
"2025-07-07T13:30:00.0000000+00:00","PaydaySeason","1154.31901208"
"2025-07-07T13:30:00.0000000+00:00","BondSeason","4053.77823474"
"2025-07-07T13:30:00.0000000+00:00","EqBondReversion","4579.62185224"
"2025-07-07T13:30:00.0000000+00:00","RiskPremia","4070.5505850"
"2025-07-07T20:00:00.0000000+00:00","PaydaySeason","1154.31901208"
"2025-07-07T20:00:00.0000000+00:00","BondSeason","4065.37823474"
"2025-07-07T20:00:00.0000000+00:00","EqBondReversion","4579.62185224"
"2025-07-07T20:00:00.0000000+00:00","RiskPremia","4068.5005850"
"2025-07-08T13:30:00.0000000+00:00","PaydaySeason","1154.31901208"
"2025-07-08T13:30:00.0000000+00:00","BondSeason","4081.90823474"
"2025-07-08T13:30:00.0000000+00:00","EqBondReversion","4579.62185224"
"2025-07-08T13:30:00.0000000+00:00","RiskPremia","4059.9705850"
"2025-07-08T20:00:00.0000000+00:00","PaydaySeason","1154.31901208"
"2025-07-08T20:00:00.0000000+00:00","BondSeason","4068.27823474"
"2025-07-08T20:00:00.0000000+00:00","EqBondReversion","4579.62185224"
"2025-07-08T20:00:00.0000000+00:00","RiskPremia","4060.2305850"
"2025-07-09T13:30:00.0000000+00:00","PaydaySeason","1154.31901208"
"2025-07-09T13:30:00.0000000+00:00","BondSeason","4063.92823474"
"2025-07-09T13:30:00.0000000+00:00","EqBondReversion","4579.62185224"
"2025-07-09T13:30:00.0000000+00:00","RiskPremia","4062.3905850"
"2025-07-09T20:00:00.0000000+00:00","PaydaySeason","1154.31901208"
"2025-07-09T20:00:00.0000000+00:00","BondSeason","4042.75823474"
"2025-07-09T20:00:00.0000000+00:00","EqBondReversion","4579.62185224"
"2025-07-09T20:00:00.0000000+00:00","RiskPremia","4076.5481850"
"2025-07-10T13:30:00.0000000+00:00","PaydaySeason","1154.31901208"
"2025-07-10T13:30:00.0000000+00:00","BondSeason","4045.36823474"
"2025-07-10T13:30:00.0000000+00:00","EqBondReversion","4579.62185224"
"2025-07-10T13:30:00.0000000+00:00","RiskPremia","4077.6505850"
"2025-07-10T20:00:00.0000000+00:00","PaydaySeason","1154.31901208"
"2025-07-10T20:00:00.0000000+00:00","BondSeason","4040.22369274"
"2025-07-10T20:00:00.0000000+00:00","EqBondReversion","4579.62185224"
"2025-07-10T20:00:00.0000000+00:00","RiskPremia","4080.7705850"
"2025-07-11T13:30:00.0000000+00:00","PaydaySeason","1154.31901208"
"2025-07-11T13:30:00.0000000+00:00","BondSeason","4040.22369274"
"2025-07-11T13:30:00.0000000+00:00","EqBondReversion","4579.62185224"
"2025-07-11T13:30:00.0000000+00:00","RiskPremia","4074.6105850"
"2025-07-11T20:00:00.0000000+00:00","PaydaySeason","1154.16018308"
"2025-07-11T20:00:00.0000000+00:00","BondSeason","4040.22369274"
"2025-07-11T20:00:00.0000000+00:00","EqBondReversion","4579.62185224"
"2025-07-11T20:00:00.0000000+00:00","RiskPremia","4070.1205850"
"2025-07-14T13:30:00.0000000+00:00","PaydaySeason","1153.00518308"
"2025-07-14T13:30:00.0000000+00:00","BondSeason","4040.22369274"
"2025-07-14T13:30:00.0000000+00:00","EqBondReversion","4579.62185224"
"2025-07-14T13:30:00.0000000+00:00","RiskPremia","4066.5905850"
"2025-07-14T20:00:00.0000000+00:00","PaydaySeason","1155.97518308"
"2025-07-14T20:00:00.0000000+00:00","BondSeason","4040.22369274"
"2025-07-14T20:00:00.0000000+00:00","EqBondReversion","4579.62185224"
"2025-07-14T20:00:00.0000000+00:00","RiskPremia","4067.0605850"
"2025-07-15T13:30:00.0000000+00:00","PaydaySeason","1159.27518308"
"2025-07-15T13:30:00.0000000+00:00","BondSeason","4040.22369274"
"2025-07-15T13:30:00.0000000+00:00","EqBondReversion","4579.62185224"
"2025-07-15T13:30:00.0000000+00:00","RiskPremia","4072.0705850"
"2025-07-15T20:00:00.0000000+00:00","PaydaySeason","1151.68518308"
"2025-07-15T20:00:00.0000000+00:00","BondSeason","4040.22369274"
"2025-07-15T20:00:00.0000000+00:00","EqBondReversion","4579.62185224"
"2025-07-15T20:00:00.0000000+00:00","RiskPremia","4054.1405850"
"2025-07-16T13:30:00.0000000+00:00","PaydaySeason","1154.32518308"
"2025-07-16T13:30:00.0000000+00:00","BondSeason","4040.22369274"
"2025-07-16T13:30:00.0000000+00:00","EqBondReversion","4579.62185224"
"2025-07-16T13:30:00.0000000+00:00","RiskPremia","4059.7905850"
"2025-07-16T20:00:00.0000000+00:00","PaydaySeason","1154.82018308"
"2025-07-16T20:00:00.0000000+00:00","BondSeason","4040.22369274"
"2025-07-16T20:00:00.0000000+00:00","EqBondReversion","4579.62185224"
"2025-07-16T20:00:00.0000000+00:00","RiskPremia","4061.1605850"
"2025-07-17T13:30:00.0000000+00:00","PaydaySeason","1154.65518308"
"2025-07-17T13:30:00.0000000+00:00","BondSeason","4040.22369274"
"2025-07-17T13:30:00.0000000+00:00","EqBondReversion","4579.62185224"
"2025-07-17T13:30:00.0000000+00:00","RiskPremia","4056.0505850"
"2025-07-17T20:00:00.0000000+00:00","PaydaySeason","1159.77519908"
"2025-07-17T20:00:00.0000000+00:00","BondSeason","4040.22369274"
"2025-07-17T20:00:00.0000000+00:00","EqBondReversion","4579.62185224"
"2025-07-17T20:00:00.0000000+00:00","RiskPremia","4062.6305850"
"2025-07-18T13:30:00.0000000+00:00","PaydaySeason","1159.77519908"
"2025-07-18T13:30:00.0000000+00:00","BondSeason","4040.22369274"
"2025-07-18T13:30:00.0000000+00:00","EqBondReversion","4579.62185224"
"2025-07-18T13:30:00.0000000+00:00","RiskPremia","4072.1505850"
"2025-07-18T20:00:00.0000000+00:00","PaydaySeason","1159.77519908"
"2025-07-18T20:00:00.0000000+00:00","BondSeason","4040.22369274"
"2025-07-18T20:00:00.0000000+00:00","EqBondReversion","4579.62185224"
"2025-07-18T20:00:00.0000000+00:00","RiskPremia","4066.0305850"
"2025-07-21T13:30:00.0000000+00:00","PaydaySeason","1159.77519908"
"2025-07-21T13:30:00.0000000+00:00","BondSeason","4040.22369274"
"2025-07-21T13:30:00.0000000+00:00","EqBondReversion","4579.62185224"
"2025-07-21T13:30:00.0000000+00:00","RiskPremia","4086.2905850"
"2025-07-21T20:00:00.0000000+00:00","PaydaySeason","1159.77519908"
"2025-07-21T20:00:00.0000000+00:00","BondSeason","4040.22369274"
"2025-07-21T20:00:00.0000000+00:00","EqBondReversion","4579.62185224"
"2025-07-21T20:00:00.0000000+00:00","RiskPremia","4085.5205850"
"2025-07-22T13:30:00.0000000+00:00","PaydaySeason","1159.77519908"
"2025-07-22T13:30:00.0000000+00:00","BondSeason","4040.22369274"
"2025-07-22T13:30:00.0000000+00:00","EqBondReversion","4579.01866224"
"2025-07-22T13:30:00.0000000+00:00","RiskPremia","4091.0105850"
"2025-07-22T20:00:00.0000000+00:00","PaydaySeason","1159.77519908"
"2025-07-22T20:00:00.0000000+00:00","BondSeason","4039.70463274"
"2025-07-22T20:00:00.0000000+00:00","EqBondReversion","4590.91866224"
"2025-07-22T20:00:00.0000000+00:00","RiskPremia","4098.5305850"
"2025-07-23T13:30:00.0000000+00:00","PaydaySeason","1159.77519908"
"2025-07-23T13:30:00.0000000+00:00","BondSeason","4025.90463274"
"2025-07-23T13:30:00.0000000+00:00","EqBondReversion","4574.81866224"
"2025-07-23T13:30:00.0000000+00:00","RiskPremia","4090.7905850"
"2025-07-23T20:00:00.0000000+00:00","PaydaySeason","1159.61359808"
"2025-07-23T20:00:00.0000000+00:00","BondSeason","4025.15463274"
"2025-07-23T20:00:00.0000000+00:00","EqBondReversion","4573.94366224"
"2025-07-23T20:00:00.0000000+00:00","RiskPremia","4089.0205850"
"2025-07-24T13:30:00.0000000+00:00","PaydaySeason","1159.77859808"
"2025-07-24T13:30:00.0000000+00:00","BondSeason","4010.60463274"
"2025-07-24T13:30:00.0000000+00:00","EqBondReversion","4556.96866224"
"2025-07-24T13:30:00.0000000+00:00","RiskPremia","4077.1105850"
"2025-07-24T20:00:00.0000000+00:00","PaydaySeason","1159.28359808"
"2025-07-24T20:00:00.0000000+00:00","BondSeason","4021.70463274"
"2025-07-24T20:00:00.0000000+00:00","EqBondReversion","4569.91866224"
"2025-07-24T20:00:00.0000000+00:00","RiskPremia","4083.4205850"
"2025-07-25T13:30:00.0000000+00:00","PaydaySeason","1160.76859808"
"2025-07-25T13:30:00.0000000+00:00","BondSeason","4018.40463274"
"2025-07-25T13:30:00.0000000+00:00","EqBondReversion","4566.06866224"
"2025-07-25T13:30:00.0000000+00:00","RiskPremia","4077.6905850"
"2025-07-25T20:00:00.0000000+00:00","PaydaySeason","1162.74859808"
"2025-07-25T20:00:00.0000000+00:00","BondSeason","4036.70463274"
"2025-07-25T20:00:00.0000000+00:00","EqBondReversion","4587.41866224"
"2025-07-25T20:00:00.0000000+00:00","RiskPremia","4085.3305850"
"2025-07-28T13:30:00.0000000+00:00","PaydaySeason","1164.06859808"
"2025-07-28T13:30:00.0000000+00:00","BondSeason","4024.10463274"
"2025-07-28T13:30:00.0000000+00:00","EqBondReversion","4572.71866224"
"2025-07-28T13:30:00.0000000+00:00","RiskPremia","4079.4705850"
"2025-07-28T20:00:00.0000000+00:00","PaydaySeason","1162.74859808"
"2025-07-28T20:00:00.0000000+00:00","BondSeason","4020.80463274"
"2025-07-28T20:00:00.0000000+00:00","EqBondReversion","4568.86866224"
"2025-07-28T20:00:00.0000000+00:00","RiskPremia","4075.0705850"
"2025-07-29T13:30:00.0000000+00:00","PaydaySeason","1164.72859808"
"2025-07-29T13:30:00.0000000+00:00","BondSeason","4031.30463274"
"2025-07-29T13:30:00.0000000+00:00","EqBondReversion","4581.11866224"
"2025-07-29T13:30:00.0000000+00:00","RiskPremia","4081.3905850"
"2025-07-29T20:00:00.0000000+00:00","PaydaySeason","1160.43859808"
"2025-07-29T20:00:00.0000000+00:00","BondSeason","4064.30463274"
"2025-07-29T20:00:00.0000000+00:00","EqBondReversion","4619.61866224"
"2025-07-29T20:00:00.0000000+00:00","RiskPremia","4092.4305850"
"2025-07-30T13:30:00.0000000+00:00","PaydaySeason","1161.42859808"
"2025-07-30T13:30:00.0000000+00:00","BondSeason","4047.50463274"
"2025-07-30T13:30:00.0000000+00:00","EqBondReversion","4600.01866224"
"2025-07-30T13:30:00.0000000+00:00","RiskPremia","4082.5705850"
"2025-07-30T20:00:00.0000000+00:00","PaydaySeason","1159.11859808"
"2025-07-30T20:00:00.0000000+00:00","BondSeason","4049.60463274"
"2025-07-30T20:00:00.0000000+00:00","EqBondReversion","4602.46866224"
"2025-07-30T20:00:00.0000000+00:00","RiskPremia","4074.5705850"
"2025-07-31T13:30:00.0000000+00:00","PaydaySeason","1165.38859808"
"2025-07-31T13:30:00.0000000+00:00","BondSeason","4058.30463274"
"2025-07-31T13:30:00.0000000+00:00","EqBondReversion","4612.61866224"
"2025-07-31T13:30:00.0000000+00:00","RiskPremia","4089.9305850"
"2025-07-31T20:00:00.0000000+00:00","PaydaySeason","1155.98769008"
"2025-07-31T20:00:00.0000000+00:00","BondSeason","4051.26147274"
"2025-07-31T20:00:00.0000000+00:00","EqBondReversion","4605.01015224"
"2025-07-31T20:00:00.0000000+00:00","RiskPremia","4077.8705850"
"2025-08-01T13:30:00.0000000+00:00","PaydaySeason","1155.98769008"
"2025-08-01T13:30:00.0000000+00:00","BondSeason","4022.43741274"
"2025-08-01T13:30:00.0000000+00:00","EqBondReversion","4605.01015224"
"2025-08-01T13:30:00.0000000+00:00","RiskPremia","4096.3402090"
"2025-08-01T20:00:00.0000000+00:00","PaydaySeason","1155.98769008"
"2025-08-01T20:00:00.0000000+00:00","BondSeason","4014.78741274"
"2025-08-01T20:00:00.0000000+00:00","EqBondReversion","4605.01015224"
"2025-08-01T20:00:00.0000000+00:00","RiskPremia","4096.5176090"
"2025-08-04T13:30:00.0000000+00:00","PaydaySeason","1155.98769008"
"2025-08-04T13:30:00.0000000+00:00","BondSeason","4010.73741274"
"2025-08-04T13:30:00.0000000+00:00","EqBondReversion","4605.01015224"
"2025-08-04T13:30:00.0000000+00:00","RiskPremia","4105.3802090"
"2025-08-04T20:00:00.0000000+00:00","PaydaySeason","1155.98769008"
"2025-08-04T20:00:00.0000000+00:00","BondSeason","4008.03741274"
"2025-08-04T20:00:00.0000000+00:00","EqBondReversion","4605.01015224"
"2025-08-04T20:00:00.0000000+00:00","RiskPremia","4111.2802090"
"2025-08-05T13:30:00.0000000+00:00","PaydaySeason","1155.98769008"
"2025-08-05T13:30:00.0000000+00:00","BondSeason","4014.03741274"
"2025-08-05T13:30:00.0000000+00:00","EqBondReversion","4605.01015224"
"2025-08-05T13:30:00.0000000+00:00","RiskPremia","4108.3402090"
"2025-08-05T20:00:00.0000000+00:00","PaydaySeason","1155.98769008"
"2025-08-05T20:00:00.0000000+00:00","BondSeason","3999.33741274"
"2025-08-05T20:00:00.0000000+00:00","EqBondReversion","4605.01015224"
"2025-08-05T20:00:00.0000000+00:00","RiskPremia","4112.8902090"
"2025-08-06T13:30:00.0000000+00:00","PaydaySeason","1155.98769008"
"2025-08-06T13:30:00.0000000+00:00","BondSeason","4014.03741274"
"2025-08-06T13:30:00.0000000+00:00","EqBondReversion","4605.01015224"
"2025-08-06T13:30:00.0000000+00:00","RiskPremia","4105.6002090"
"2025-08-06T20:00:00.0000000+00:00","PaydaySeason","1155.98769008"
"2025-08-06T20:00:00.0000000+00:00","BondSeason","4015.08741274"
"2025-08-06T20:00:00.0000000+00:00","EqBondReversion","4605.01015224"
"2025-08-06T20:00:00.0000000+00:00","RiskPremia","4108.6902090"
"2025-08-07T13:30:00.0000000+00:00","PaydaySeason","1155.98769008"
"2025-08-07T13:30:00.0000000+00:00","BondSeason","4011.78741274"
"2025-08-07T13:30:00.0000000+00:00","EqBondReversion","4605.01015224"
"2025-08-07T13:30:00.0000000+00:00","RiskPremia","4116.4002090"
"2025-08-07T20:00:00.0000000+00:00","PaydaySeason","1155.98769008"
"2025-08-07T20:00:00.0000000+00:00","BondSeason","4018.83741274"
"2025-08-07T20:00:00.0000000+00:00","EqBondReversion","4605.01015224"
"2025-08-07T20:00:00.0000000+00:00","RiskPremia","4112.2202090"
"2025-08-08T13:30:00.0000000+00:00","PaydaySeason","1155.98769008"
"2025-08-08T13:30:00.0000000+00:00","BondSeason","4028.43741274"
"2025-08-08T13:30:00.0000000+00:00","EqBondReversion","4605.01015224"
"2025-08-08T13:30:00.0000000+00:00","RiskPremia","4108.5202090"
"2025-08-08T20:00:00.0000000+00:00","PaydaySeason","1155.98769008"
"2025-08-08T20:00:00.0000000+00:00","BondSeason","4030.53741274"
"2025-08-08T20:00:00.0000000+00:00","EqBondReversion","4605.01015224"
"2025-08-08T20:00:00.0000000+00:00","RiskPremia","4111.0482090"
"2025-08-11T13:30:00.0000000+00:00","PaydaySeason","1155.98769008"
"2025-08-11T13:30:00.0000000+00:00","BondSeason","4023.03741274"
"2025-08-11T13:30:00.0000000+00:00","EqBondReversion","4605.01015224"
"2025-08-11T13:30:00.0000000+00:00","RiskPremia","4104.9202090"
"2025-08-11T20:00:00.0000000+00:00","PaydaySeason","1155.98769008"
"2025-08-11T20:00:00.0000000+00:00","BondSeason","4026.41295274"
"2025-08-11T20:00:00.0000000+00:00","EqBondReversion","4605.01015224"
"2025-08-11T20:00:00.0000000+00:00","RiskPremia","4101.9002090"
"2025-08-12T13:30:00.0000000+00:00","PaydaySeason","1155.98769008"
"2025-08-12T13:30:00.0000000+00:00","BondSeason","4026.41295274"
"2025-08-12T13:30:00.0000000+00:00","EqBondReversion","4605.01015224"
"2025-08-12T13:30:00.0000000+00:00","RiskPremia","4097.5002090"
"2025-08-12T20:00:00.0000000+00:00","PaydaySeason","1155.82414208"
"2025-08-12T20:00:00.0000000+00:00","BondSeason","4026.41295274"
"2025-08-12T20:00:00.0000000+00:00","EqBondReversion","4605.01015224"
"2025-08-12T20:00:00.0000000+00:00","RiskPremia","4101.9902090"
"2025-08-13T13:30:00.0000000+00:00","PaydaySeason","1158.79414208"
"2025-08-13T13:30:00.0000000+00:00","BondSeason","4026.41295274"
"2025-08-13T13:30:00.0000000+00:00","EqBondReversion","4605.01015224"
"2025-08-13T13:30:00.0000000+00:00","RiskPremia","4112.1402090"
"2025-08-13T20:00:00.0000000+00:00","PaydaySeason","1159.78414208"
"2025-08-13T20:00:00.0000000+00:00","BondSeason","4026.41295274"
"2025-08-13T20:00:00.0000000+00:00","EqBondReversion","4605.01015224"
"2025-08-13T20:00:00.0000000+00:00","RiskPremia","4115.7302090"
"2025-08-14T13:30:00.0000000+00:00","PaydaySeason","1156.48414208"
"2025-08-14T13:30:00.0000000+00:00","BondSeason","4026.41295274"
"2025-08-14T13:30:00.0000000+00:00","EqBondReversion","4605.01015224"
"2025-08-14T13:30:00.0000000+00:00","RiskPremia","4108.7253290"
"2025-08-14T20:00:00.0000000+00:00","PaydaySeason","1158.79414208"
"2025-08-14T20:00:00.0000000+00:00","BondSeason","4026.41295274"
"2025-08-14T20:00:00.0000000+00:00","EqBondReversion","4605.01015224"
"2025-08-14T20:00:00.0000000+00:00","RiskPremia","4103.0753290"
"2025-08-15T13:30:00.0000000+00:00","PaydaySeason","1160.11414208"
"2025-08-15T13:30:00.0000000+00:00","BondSeason","4026.41295274"
"2025-08-15T13:30:00.0000000+00:00","EqBondReversion","4605.01015224"
"2025-08-15T13:30:00.0000000+00:00","RiskPremia","4100.1753290"
"2025-08-15T20:00:00.0000000+00:00","PaydaySeason","1156.81084208"
"2025-08-15T20:00:00.0000000+00:00","BondSeason","4026.41295274"
"2025-08-15T20:00:00.0000000+00:00","EqBondReversion","4605.01015224"
"2025-08-15T20:00:00.0000000+00:00","RiskPremia","4094.7928290"
"2025-08-18T13:30:00.0000000+00:00","PaydaySeason","1155.82414208"
"2025-08-18T13:30:00.0000000+00:00","BondSeason","4026.41295274"
"2025-08-18T13:30:00.0000000+00:00","EqBondReversion","4605.01015224"
"2025-08-18T13:30:00.0000000+00:00","RiskPremia","4095.8954170"
"2025-08-18T20:00:00.0000000+00:00","PaydaySeason","1156.65039608"
"2025-08-18T20:00:00.0000000+00:00","BondSeason","4026.41295274"
"2025-08-18T20:00:00.0000000+00:00","EqBondReversion","4605.01015224"
"2025-08-18T20:00:00.0000000+00:00","RiskPremia","4090.7354170"
"2025-08-19T13:30:00.0000000+00:00","PaydaySeason","1156.65039608"
"2025-08-19T13:30:00.0000000+00:00","BondSeason","4026.41295274"
"2025-08-19T13:30:00.0000000+00:00","EqBondReversion","4605.01015224"
"2025-08-19T13:30:00.0000000+00:00","RiskPremia","4093.9081250"
"2025-08-19T20:00:00.0000000+00:00","PaydaySeason","1156.65039608"
"2025-08-19T20:00:00.0000000+00:00","BondSeason","4026.41295274"
"2025-08-19T20:00:00.0000000+00:00","EqBondReversion","4605.01015224"
"2025-08-19T20:00:00.0000000+00:00","RiskPremia","4089.5031250"
"2025-08-20T13:30:00.0000000+00:00","PaydaySeason","1156.65039608"
"2025-08-20T13:30:00.0000000+00:00","BondSeason","4026.41295274"
"2025-08-20T13:30:00.0000000+00:00","EqBondReversion","4605.01015224"
"2025-08-20T13:30:00.0000000+00:00","RiskPremia","4093.0057350"
"2025-08-20T20:00:00.0000000+00:00","PaydaySeason","1156.65039608"
"2025-08-20T20:00:00.0000000+00:00","BondSeason","4025.89191274"
"2025-08-20T20:00:00.0000000+00:00","EqBondReversion","4605.01015224"
"2025-08-20T20:00:00.0000000+00:00","RiskPremia","4096.0657350"
"2025-08-21T13:30:00.0000000+00:00","PaydaySeason","1156.65039608"
"2025-08-21T13:30:00.0000000+00:00","BondSeason","4017.49191274"
"2025-08-21T13:30:00.0000000+00:00","EqBondReversion","4604.42154424"
"2025-08-21T13:30:00.0000000+00:00","RiskPremia","4087.7057350"
"2025-08-21T20:00:00.0000000+00:00","PaydaySeason","1156.65039608"
"2025-08-21T20:00:00.0000000+00:00","BondSeason","4012.69191274"
"2025-08-21T20:00:00.0000000+00:00","EqBondReversion","4598.98154424"
"2025-08-21T20:00:00.0000000+00:00","RiskPremia","4084.3607350"
"2025-08-22T13:30:00.0000000+00:00","PaydaySeason","1156.65039608"
"2025-08-22T13:30:00.0000000+00:00","BondSeason","4025.29191274"
"2025-08-22T13:30:00.0000000+00:00","EqBondReversion","4613.26154424"
"2025-08-22T13:30:00.0000000+00:00","RiskPremia","4091.1257350"
"2025-08-22T20:00:00.0000000+00:00","PaydaySeason","1156.48585808"
"2025-08-22T20:00:00.0000000+00:00","BondSeason","4032.04191274"
"2025-08-22T20:00:00.0000000+00:00","EqBondReversion","4620.91154424"
"2025-08-22T20:00:00.0000000+00:00","RiskPremia","4116.7707350"
"2025-08-25T13:30:00.0000000+00:00","PaydaySeason","1154.83585808"
"2025-08-25T13:30:00.0000000+00:00","BondSeason","4022.44191274"
"2025-08-25T13:30:00.0000000+00:00","EqBondReversion","4610.03154424"
"2025-08-25T13:30:00.0000000+00:00","RiskPremia","4108.9007350"
"2025-08-25T20:00:00.0000000+00:00","PaydaySeason","1152.85585808"
"2025-08-25T20:00:00.0000000+00:00","BondSeason","4024.84191274"
"2025-08-25T20:00:00.0000000+00:00","EqBondReversion","4612.75154424"
"2025-08-25T20:00:00.0000000+00:00","RiskPremia","4107.7107350"
"2025-08-26T13:30:00.0000000+00:00","PaydaySeason","1152.85585808"
"2025-08-26T13:30:00.0000000+00:00","BondSeason","4015.99191274"
"2025-08-26T13:30:00.0000000+00:00","EqBondReversion","4602.72154424"
"2025-08-26T13:30:00.0000000+00:00","RiskPremia","4105.8557350"
"2025-08-26T20:00:00.0000000+00:00","PaydaySeason","1156.15915808"
"2025-08-26T20:00:00.0000000+00:00","BondSeason","4022.89191274"
"2025-08-26T20:00:00.0000000+00:00","EqBondReversion","4610.54154424"
"2025-08-26T20:00:00.0000000+00:00","RiskPremia","4116.1046350"
"2025-08-27T13:30:00.0000000+00:00","PaydaySeason","1156.15585808"
"2025-08-27T13:30:00.0000000+00:00","BondSeason","4003.84191274"
"2025-08-27T13:30:00.0000000+00:00","EqBondReversion","4588.95154424"
"2025-08-27T13:30:00.0000000+00:00","RiskPremia","4106.2507350"
"2025-08-27T20:00:00.0000000+00:00","PaydaySeason","1158.63085808"
"2025-08-27T20:00:00.0000000+00:00","BondSeason","4019.44191274"
"2025-08-27T20:00:00.0000000+00:00","EqBondReversion","4606.63154424"
"2025-08-27T20:00:00.0000000+00:00","RiskPremia","4118.9607350"
"2025-08-28T13:30:00.0000000+00:00","PaydaySeason","1159.78585808"
"2025-08-28T13:30:00.0000000+00:00","BondSeason","4024.09191274"
"2025-08-28T13:30:00.0000000+00:00","EqBondReversion","4611.90154424"
"2025-08-28T13:30:00.0000000+00:00","RiskPremia","4123.8257350"
"2025-08-28T20:00:00.0000000+00:00","PaydaySeason","1161.60085808"
"2025-08-28T20:00:00.0000000+00:00","BondSeason","4037.29191274"
"2025-08-28T20:00:00.0000000+00:00","EqBondReversion","4626.86154424"
"2025-08-28T20:00:00.0000000+00:00","RiskPremia","4135.6507350"
"2025-08-29T13:30:00.0000000+00:00","PaydaySeason","1160.44585808"
"2025-08-29T13:30:00.0000000+00:00","BondSeason","4024.09191274"
"2025-08-29T13:30:00.0000000+00:00","EqBondReversion","4611.90154424"
"2025-08-29T13:30:00.0000000+00:00","RiskPremia","4127.6307350"
"2025-08-29T20:00:00.0000000+00:00","PaydaySeason","1156.32132008"
"2025-08-29T20:00:00.0000000+00:00","BondSeason","4017.37015074"
"2025-08-29T20:00:00.0000000+00:00","EqBondReversion","4604.85273224"
"2025-08-29T20:00:00.0000000+00:00","RiskPremia","4128.4557350"
"2025-09-02T13:30:00.0000000+00:00","PaydaySeason","1156.32132008"
"2025-09-02T13:30:00.0000000+00:00","BondSeason","4035.69574374"
"2025-09-02T13:30:00.0000000+00:00","EqBondReversion","4604.85273224"
"2025-09-02T13:30:00.0000000+00:00","RiskPremia","4115.3961100"
"2025-09-02T20:00:00.0000000+00:00","PaydaySeason","1156.32132008"
"2025-09-02T20:00:00.0000000+00:00","BondSeason","4035.40574374"
"2025-09-02T20:00:00.0000000+00:00","EqBondReversion","4604.85273224"
"2025-09-02T20:00:00.0000000+00:00","RiskPremia","4132.3911100"
"2025-09-03T13:30:00.0000000+00:00","PaydaySeason","1156.32132008"
"2025-09-03T13:30:00.0000000+00:00","BondSeason","4026.99574374"
"2025-09-03T13:30:00.0000000+00:00","EqBondReversion","4604.85273224"
"2025-09-03T13:30:00.0000000+00:00","RiskPremia","4144.7711100"
"2025-09-03T20:00:00.0000000+00:00","PaydaySeason","1156.32132008"
"2025-09-03T20:00:00.0000000+00:00","BondSeason","4008.14574374"
"2025-09-03T20:00:00.0000000+00:00","EqBondReversion","4604.85273224"
"2025-09-03T20:00:00.0000000+00:00","RiskPremia","4154.8511100"
"2025-09-04T13:30:00.0000000+00:00","PaydaySeason","1156.32132008"
"2025-09-04T13:30:00.0000000+00:00","BondSeason","3995.38574374"
"2025-09-04T13:30:00.0000000+00:00","EqBondReversion","4604.85273224"
"2025-09-04T13:30:00.0000000+00:00","RiskPremia","4159.3311100"
"2025-09-04T20:00:00.0000000+00:00","PaydaySeason","1156.32132008"
"2025-09-04T20:00:00.0000000+00:00","BondSeason","3989.58574374"
"2025-09-04T20:00:00.0000000+00:00","EqBondReversion","4604.85273224"
"2025-09-04T20:00:00.0000000+00:00","RiskPremia","4169.5461100"
"2025-09-05T13:30:00.0000000+00:00","PaydaySeason","1156.32132008"
"2025-09-05T13:30:00.0000000+00:00","BondSeason","3960.58574374"
"2025-09-05T13:30:00.0000000+00:00","EqBondReversion","4604.85273224"
"2025-09-05T13:30:00.0000000+00:00","RiskPremia","4193.7711100"
"2025-09-05T20:00:00.0000000+00:00","PaydaySeason","1156.32132008"
"2025-09-05T20:00:00.0000000+00:00","BondSeason","3950.72574374"
"2025-09-05T20:00:00.0000000+00:00","EqBondReversion","4604.85273224"
"2025-09-05T20:00:00.0000000+00:00","RiskPremia","4194.5561100"
"2025-09-08T13:30:00.0000000+00:00","PaydaySeason","1156.32132008"
"2025-09-08T13:30:00.0000000+00:00","BondSeason","3933.03574374"
"2025-09-08T13:30:00.0000000+00:00","EqBondReversion","4604.85273224"
"2025-09-08T13:30:00.0000000+00:00","RiskPremia","4211.9311100"
"2025-09-08T20:00:00.0000000+00:00","PaydaySeason","1156.32132008"
"2025-09-08T20:00:00.0000000+00:00","BondSeason","3917.08574374"
"2025-09-08T20:00:00.0000000+00:00","EqBondReversion","4604.85273224"
"2025-09-08T20:00:00.0000000+00:00","RiskPremia","4221.9361100"
"2025-09-09T13:30:00.0000000+00:00","PaydaySeason","1156.32132008"
"2025-09-09T13:30:00.0000000+00:00","BondSeason","3926.07574374"
"2025-09-09T13:30:00.0000000+00:00","EqBondReversion","4604.85273224"
"2025-09-09T13:30:00.0000000+00:00","RiskPremia","4222.9711100"
"2025-09-09T20:00:00.0000000+00:00","PaydaySeason","1156.32132008"
"2025-09-09T20:00:00.0000000+00:00","BondSeason","3931.15074374"
"2025-09-09T20:00:00.0000000+00:00","EqBondReversion","4604.85273224"
"2025-09-09T20:00:00.0000000+00:00","RiskPremia","4216.0261100"
"2025-09-10T13:30:00.0000000+00:00","PaydaySeason","1156.32132008"
"2025-09-10T13:30:00.0000000+00:00","BondSeason","3926.36574374"
"2025-09-10T13:30:00.0000000+00:00","EqBondReversion","4604.85273224"
"2025-09-10T13:30:00.0000000+00:00","RiskPremia","4227.7211100"
"2025-09-10T20:00:00.0000000+00:00","PaydaySeason","1156.32132008"
"2025-09-10T20:00:00.0000000+00:00","BondSeason","3916.27530974"
"2025-09-10T20:00:00.0000000+00:00","EqBondReversion","4604.85273224"
"2025-09-10T20:00:00.0000000+00:00","RiskPremia","4227.7911100"
"2025-09-11T13:30:00.0000000+00:00","PaydaySeason","1156.32132008"
"2025-09-11T13:30:00.0000000+00:00","BondSeason","3916.27530974"
"2025-09-11T13:30:00.0000000+00:00","EqBondReversion","4604.85273224"
"2025-09-11T13:30:00.0000000+00:00","RiskPremia","4228.5011100"
"2025-09-11T20:00:00.0000000+00:00","PaydaySeason","1156.15853608"
"2025-09-11T20:00:00.0000000+00:00","BondSeason","3916.27530974"
"2025-09-11T20:00:00.0000000+00:00","EqBondReversion","4604.85273224"
"2025-09-11T20:00:00.0000000+00:00","RiskPremia","4243.7411100"
"2025-09-12T13:30:00.0000000+00:00","PaydaySeason","1156.31853608"
"2025-09-12T13:30:00.0000000+00:00","BondSeason","3916.27530974"
"2025-09-12T13:30:00.0000000+00:00","EqBondReversion","4604.85273224"
"2025-09-12T13:30:00.0000000+00:00","RiskPremia","4240.5211100"
"2025-09-12T20:00:00.0000000+00:00","PaydaySeason","1155.03853608"
"2025-09-12T20:00:00.0000000+00:00","BondSeason","3916.27530974"
"2025-09-12T20:00:00.0000000+00:00","EqBondReversion","4604.85273224"
"2025-09-12T20:00:00.0000000+00:00","RiskPremia","4239.1961100"
"2025-09-15T13:30:00.0000000+00:00","PaydaySeason","1157.59853608"
"2025-09-15T13:30:00.0000000+00:00","BondSeason","3916.27530974"
"2025-09-15T13:30:00.0000000+00:00","EqBondReversion","4604.85273224"
"2025-09-15T13:30:00.0000000+00:00","RiskPremia","4247.5011100"
"2025-09-15T20:00:00.0000000+00:00","PaydaySeason","1159.03853608"
"2025-09-15T20:00:00.0000000+00:00","BondSeason","3916.27530974"
"2025-09-15T20:00:00.0000000+00:00","EqBondReversion","4604.85273224"
"2025-09-15T20:00:00.0000000+00:00","RiskPremia","4255.5911100"
"2025-09-16T13:30:00.0000000+00:00","PaydaySeason","1159.83853608"
"2025-09-16T13:30:00.0000000+00:00","BondSeason","3916.27530974"
"2025-09-16T13:30:00.0000000+00:00","EqBondReversion","4604.85273224"
"2025-09-16T13:30:00.0000000+00:00","RiskPremia","4258.5311100"
"2025-09-16T20:00:00.0000000+00:00","PaydaySeason","1158.07853608"
"2025-09-16T20:00:00.0000000+00:00","BondSeason","3916.27530974"
"2025-09-16T20:00:00.0000000+00:00","EqBondReversion","4604.85273224"
"2025-09-16T20:00:00.0000000+00:00","RiskPremia","4258.3061100"
"2025-09-17T13:30:00.0000000+00:00","PaydaySeason","1158.55853608"
"2025-09-17T13:30:00.0000000+00:00","BondSeason","3916.27530974"
"2025-09-17T13:30:00.0000000+00:00","EqBondReversion","4604.85273224"
"2025-09-17T13:30:00.0000000+00:00","RiskPremia","4261.2411100"
"2025-09-17T20:00:00.0000000+00:00","PaydaySeason","1157.11552808"
"2025-09-17T20:00:00.0000000+00:00","BondSeason","3916.27530974"
"2025-09-17T20:00:00.0000000+00:00","EqBondReversion","4604.85273224"
"2025-09-17T20:00:00.0000000+00:00","RiskPremia","4248.2761100"
"2025-09-18T13:30:00.0000000+00:00","PaydaySeason","1157.11552808"
"2025-09-18T13:30:00.0000000+00:00","BondSeason","3916.27530974"
"2025-09-18T13:30:00.0000000+00:00","EqBondReversion","4604.85273224"
"2025-09-18T13:30:00.0000000+00:00","RiskPremia","4240.9811100"
"2025-09-18T20:00:00.0000000+00:00","PaydaySeason","1157.11552808"
"2025-09-18T20:00:00.0000000+00:00","BondSeason","3916.27530974"
"2025-09-18T20:00:00.0000000+00:00","EqBondReversion","4604.85273224"
"2025-09-18T20:00:00.0000000+00:00","RiskPremia","4239.7111100"
"2025-09-19T13:30:00.0000000+00:00","PaydaySeason","1157.11552808"
"2025-09-19T13:30:00.0000000+00:00","BondSeason","3916.27530974"
"2025-09-19T13:30:00.0000000+00:00","EqBondReversion","4604.85273224"
"2025-09-19T13:30:00.0000000+00:00","RiskPremia","4243.6811100"
"2025-09-19T20:00:00.0000000+00:00","PaydaySeason","1157.11552808"
"2025-09-19T20:00:00.0000000+00:00","BondSeason","3915.75899374"
"2025-09-19T20:00:00.0000000+00:00","EqBondReversion","4604.85273224"
"2025-09-19T20:00:00.0000000+00:00","RiskPremia","4250.1611100"
"2025-09-22T13:30:00.0000000+00:00","PaydaySeason","1157.11552808"
"2025-09-22T13:30:00.0000000+00:00","BondSeason","3909.95899374"
"2025-09-22T13:30:00.0000000+00:00","EqBondReversion","4604.30204824"
"2025-09-22T13:30:00.0000000+00:00","RiskPremia","4253.4511100"
"2025-09-22T20:00:00.0000000+00:00","PaydaySeason","1157.11552808"
"2025-09-22T20:00:00.0000000+00:00","BondSeason","3906.47899374"
"2025-09-22T20:00:00.0000000+00:00","EqBondReversion","4600.34204824"
"2025-09-22T20:00:00.0000000+00:00","RiskPremia","4264.7211100"
"2025-09-23T13:30:00.0000000+00:00","PaydaySeason","1157.11552808"
"2025-09-23T13:30:00.0000000+00:00","BondSeason","3914.01899374"
"2025-09-23T13:30:00.0000000+00:00","EqBondReversion","4608.92204824"
"2025-09-23T13:30:00.0000000+00:00","RiskPremia","4274.9611100"
"2025-09-23T20:00:00.0000000+00:00","PaydaySeason","1156.95615708"
"2025-09-23T20:00:00.0000000+00:00","BondSeason","3925.03899374"
"2025-09-23T20:00:00.0000000+00:00","EqBondReversion","4621.46204824"
"2025-09-23T20:00:00.0000000+00:00","RiskPremia","4269.5311100"
"2025-09-24T13:30:00.0000000+00:00","PaydaySeason","1158.79445708"
"2025-09-24T13:30:00.0000000+00:00","BondSeason","3917.49899374"
"2025-09-24T13:30:00.0000000+00:00","EqBondReversion","4612.88204824"
"2025-09-24T13:30:00.0000000+00:00","RiskPremia","4269.9360100"
"2025-09-24T20:00:00.0000000+00:00","PaydaySeason","1153.67945708"
"2025-09-24T20:00:00.0000000+00:00","BondSeason","3914.45399374"
"2025-09-24T20:00:00.0000000+00:00","EqBondReversion","4609.41704824"
"2025-09-24T20:00:00.0000000+00:00","RiskPremia","4253.5460100"
"2025-09-25T13:30:00.0000000+00:00","PaydaySeason","1149.18445708"
"2025-09-25T13:30:00.0000000+00:00","BondSeason","3910.68399374"
"2025-09-25T13:30:00.0000000+00:00","EqBondReversion","4605.12704824"
"2025-09-25T13:30:00.0000000+00:00","RiskPremia","4248.3010100"
"2025-09-25T20:00:00.0000000+00:00","PaydaySeason","1149.49445708"
"2025-09-25T20:00:00.0000000+00:00","BondSeason","3914.59899374"
"2025-09-25T20:00:00.0000000+00:00","EqBondReversion","4609.58204824"
"2025-09-25T20:00:00.0000000+00:00","RiskPremia","4251.2060100"
"2025-09-26T13:30:00.0000000+00:00","PaydaySeason","1151.66445708"
"2025-09-26T13:30:00.0000000+00:00","BondSeason","3914.88899374"
"2025-09-26T13:30:00.0000000+00:00","EqBondReversion","4609.91204824"
"2025-09-26T13:30:00.0000000+00:00","RiskPremia","4256.9660100"
"2025-09-26T20:00:00.0000000+00:00","PaydaySeason","1154.45445708"
"2025-09-26T20:00:00.0000000+00:00","BondSeason","3912.42399374"
"2025-09-26T20:00:00.0000000+00:00","EqBondReversion","4607.10704824"
"2025-09-26T20:00:00.0000000+00:00","RiskPremia","4261.7710100"
"2025-09-29T13:30:00.0000000+00:00","PaydaySeason","1158.17445708"
"2025-09-29T13:30:00.0000000+00:00","BondSeason","3923.58899374"
"2025-09-29T13:30:00.0000000+00:00","EqBondReversion","4619.81204824"
"2025-09-29T13:30:00.0000000+00:00","RiskPremia","4283.2660100"
"2025-09-29T20:00:00.0000000+00:00","PaydaySeason","1156.62445708"
"2025-09-29T20:00:00.0000000+00:00","BondSeason","3933.44899374"
"2025-09-29T20:00:00.0000000+00:00","EqBondReversion","4631.03204824"
"2025-09-29T20:00:00.0000000+00:00","RiskPremia","4286.3410100"
"2025-09-30T13:30:00.0000000+00:00","PaydaySeason","1155.69445708"
"2025-09-30T13:30:00.0000000+00:00","BondSeason","3934.31899374"
"2025-09-30T13:30:00.0000000+00:00","EqBondReversion","4632.02204824"
"2025-09-30T13:30:00.0000000+00:00","RiskPremia","4282.6860100"
"2025-09-30T20:00:00.0000000+00:00","PaydaySeason","1158.94511708"
"2025-09-30T20:00:00.0000000+00:00","BondSeason","3925.16218574"
"2025-09-30T20:00:00.0000000+00:00","EqBondReversion","4622.19214024"
"2025-09-30T20:00:00.0000000+00:00","RiskPremia","4293.9610100"
"2025-10-01T13:30:00.0000000+00:00","PaydaySeason","1158.94511708"
"2025-10-01T13:30:00.0000000+00:00","BondSeason","3914.12922274"
"2025-10-01T13:30:00.0000000+00:00","EqBondReversion","4622.19214024"
"2025-10-01T13:30:00.0000000+00:00","RiskPremia","4295.5609270"
"2025-10-01T20:00:00.0000000+00:00","PaydaySeason","1158.94511708"
"2025-10-01T20:00:00.0000000+00:00","BondSeason","3919.20422274"
"2025-10-01T20:00:00.0000000+00:00","EqBondReversion","4622.19214024"
"2025-10-01T20:00:00.0000000+00:00","RiskPremia","4301.6309270"
"2025-10-02T13:30:00.0000000+00:00","PaydaySeason","1158.94511708"
"2025-10-02T13:30:00.0000000+00:00","BondSeason","3918.18922274"
"2025-10-02T13:30:00.0000000+00:00","EqBondReversion","4622.19214024"
"2025-10-02T13:30:00.0000000+00:00","RiskPremia","4310.9009270"
"2025-10-02T20:00:00.0000000+00:00","PaydaySeason","1158.94511708"
"2025-10-02T20:00:00.0000000+00:00","BondSeason","3911.80922274"
"2025-10-02T20:00:00.0000000+00:00","EqBondReversion","4622.19214024"
"2025-10-02T20:00:00.0000000+00:00","RiskPremia","4303.5659270"
"2025-10-03T13:30:00.0000000+00:00","PaydaySeason","1158.94511708"
"2025-10-03T13:30:00.0000000+00:00","BondSeason","3908.90922274"
"2025-10-03T13:30:00.0000000+00:00","EqBondReversion","4622.19214024"
"2025-10-03T13:30:00.0000000+00:00","RiskPremia","4312.0009270"
"2025-10-03T20:00:00.0000000+00:00","PaydaySeason","1158.94511708"
"2025-10-03T20:00:00.0000000+00:00","BondSeason","3917.60922274"
"2025-10-03T20:00:00.0000000+00:00","EqBondReversion","4622.19214024"
"2025-10-03T20:00:00.0000000+00:00","RiskPremia","4308.2909270"
"2025-10-06T13:30:00.0000000+00:00","PaydaySeason","1158.94511708"
"2025-10-06T13:30:00.0000000+00:00","BondSeason","3935.58922274"
"2025-10-06T13:30:00.0000000+00:00","EqBondReversion","4622.19214024"
"2025-10-06T13:30:00.0000000+00:00","RiskPremia","4316.9709270"
"2025-10-06T20:00:00.0000000+00:00","PaydaySeason","1158.94511708"
"2025-10-06T20:00:00.0000000+00:00","BondSeason","3936.60422274"
"2025-10-06T20:00:00.0000000+00:00","EqBondReversion","4622.19214024"
"2025-10-06T20:00:00.0000000+00:00","RiskPremia","4321.2309270"
"2025-10-07T13:30:00.0000000+00:00","PaydaySeason","1158.94511708"
"2025-10-07T13:30:00.0000000+00:00","BondSeason","3928.04922274"
"2025-10-07T13:30:00.0000000+00:00","EqBondReversion","4622.19214024"
"2025-10-07T13:30:00.0000000+00:00","RiskPremia","4331.4393870"
"2025-10-07T20:00:00.0000000+00:00","PaydaySeason","1158.94511708"
"2025-10-07T20:00:00.0000000+00:00","BondSeason","3921.95922274"
"2025-10-07T20:00:00.0000000+00:00","EqBondReversion","4622.19214024"
"2025-10-07T20:00:00.0000000+00:00","RiskPremia","4326.0793870"
"2025-10-08T13:30:00.0000000+00:00","PaydaySeason","1158.94511708"
"2025-10-08T13:30:00.0000000+00:00","BondSeason","3909.77922274"
"2025-10-08T13:30:00.0000000+00:00","EqBondReversion","4622.19214024"
"2025-10-08T13:30:00.0000000+00:00","RiskPremia","4343.3593870"
"2025-10-08T20:00:00.0000000+00:00","PaydaySeason","1158.94511708"
"2025-10-08T20:00:00.0000000+00:00","BondSeason","3920.21922274"
"2025-10-08T20:00:00.0000000+00:00","EqBondReversion","4622.19214024"
"2025-10-08T20:00:00.0000000+00:00","RiskPremia","4345.9993870"
"2025-10-09T13:30:00.0000000+00:00","PaydaySeason","1158.94511708"
"2025-10-09T13:30:00.0000000+00:00","BondSeason","3922.24922274"
"2025-10-09T13:30:00.0000000+00:00","EqBondReversion","4622.19214024"
"2025-10-09T13:30:00.0000000+00:00","RiskPremia","4347.2793870"
"2025-10-09T20:00:00.0000000+00:00","PaydaySeason","1158.94511708"
"2025-10-09T20:00:00.0000000+00:00","BondSeason","3920.86186274"
"2025-10-09T20:00:00.0000000+00:00","EqBondReversion","4622.19214024"
"2025-10-09T20:00:00.0000000+00:00","RiskPremia","4328.4593870"
"2025-10-10T13:30:00.0000000+00:00","PaydaySeason","1158.94511708"
"2025-10-10T13:30:00.0000000+00:00","BondSeason","3920.86186274"
"2025-10-10T13:30:00.0000000+00:00","EqBondReversion","4622.19214024"
"2025-10-10T13:30:00.0000000+00:00","RiskPremia","4342.8093870"
"2025-10-10T20:00:00.0000000+00:00","PaydaySeason","1158.78890808"
"2025-10-10T20:00:00.0000000+00:00","BondSeason","3920.86186274"
"2025-10-10T20:00:00.0000000+00:00","EqBondReversion","4622.19214024"
"2025-10-10T20:00:00.0000000+00:00","RiskPremia","4320.7443870"
"2025-10-13T13:30:00.0000000+00:00","PaydaySeason","1168.24390808"
"2025-10-13T13:30:00.0000000+00:00","BondSeason","3920.86186274"
"2025-10-13T13:30:00.0000000+00:00","EqBondReversion","4622.19214024"
"2025-10-13T13:30:00.0000000+00:00","RiskPremia","4344.6331850"
"2025-10-13T20:00:00.0000000+00:00","PaydaySeason","1171.34390808"
"2025-10-13T20:00:00.0000000+00:00","BondSeason","3920.86186274"
"2025-10-13T20:00:00.0000000+00:00","EqBondReversion","4622.19214024"
"2025-10-13T20:00:00.0000000+00:00","RiskPremia","4355.4761850"
"2025-10-14T13:30:00.0000000+00:00","PaydaySeason","1163.59390808"
"2025-10-14T13:30:00.0000000+00:00","BondSeason","3920.86186274"
"2025-10-14T13:30:00.0000000+00:00","EqBondReversion","4622.19214024"
"2025-10-14T13:30:00.0000000+00:00","RiskPremia","4345.7531850"
"2025-10-14T20:00:00.0000000+00:00","PaydaySeason","1171.03390808"
"2025-10-14T20:00:00.0000000+00:00","BondSeason","3920.86186274"
"2025-10-14T20:00:00.0000000+00:00","EqBondReversion","4622.19214024"
"2025-10-14T20:00:00.0000000+00:00","RiskPremia","4364.6831850"
"2025-10-15T13:30:00.0000000+00:00","PaydaySeason","1177.23390808"
"2025-10-15T13:30:00.0000000+00:00","BondSeason","3920.86186274"
"2025-10-15T13:30:00.0000000+00:00","EqBondReversion","4622.19214024"
"2025-10-15T13:30:00.0000000+00:00","RiskPremia","4384.8281850"
"2025-10-15T20:00:00.0000000+00:00","PaydaySeason","1174.75390808"
"2025-10-15T20:00:00.0000000+00:00","BondSeason","3920.86186274"
"2025-10-15T20:00:00.0000000+00:00","EqBondReversion","4622.19214024"
"2025-10-15T20:00:00.0000000+00:00","RiskPremia","4381.2381850"
"2025-10-16T13:30:00.0000000+00:00","PaydaySeason","1177.54390808"
"2025-10-16T13:30:00.0000000+00:00","BondSeason","3920.86186274"
"2025-10-16T13:30:00.0000000+00:00","EqBondReversion","4622.19214024"
"2025-10-16T13:30:00.0000000+00:00","RiskPremia","4391.6731850"
"2025-10-16T20:00:00.0000000+00:00","PaydaySeason","1168.39574608"
"2025-10-16T20:00:00.0000000+00:00","BondSeason","3920.86186274"
"2025-10-16T20:00:00.0000000+00:00","EqBondReversion","4622.19214024"
"2025-10-16T20:00:00.0000000+00:00","RiskPremia","4399.3331850"
"2025-10-17T13:30:00.0000000+00:00","PaydaySeason","1168.39574608"
"2025-10-17T13:30:00.0000000+00:00","BondSeason","3920.86186274"
"2025-10-17T13:30:00.0000000+00:00","EqBondReversion","4622.19214024"
"2025-10-17T13:30:00.0000000+00:00","RiskPremia","4397.8831850"
"2025-10-17T20:00:00.0000000+00:00","PaydaySeason","1168.39574608"
"2025-10-17T20:00:00.0000000+00:00","BondSeason","3920.86186274"
"2025-10-17T20:00:00.0000000+00:00","EqBondReversion","4622.19214024"
"2025-10-17T20:00:00.0000000+00:00","RiskPremia","4386.4231850"
"2025-10-20T13:30:00.0000000+00:00","PaydaySeason","1168.39574608"
"2025-10-20T13:30:00.0000000+00:00","BondSeason","3920.86186274"
"2025-10-20T13:30:00.0000000+00:00","EqBondReversion","4622.19214024"
"2025-10-20T13:30:00.0000000+00:00","RiskPremia","4412.9148930"
"2025-10-20T20:00:00.0000000+00:00","PaydaySeason","1168.39574608"
"2025-10-20T20:00:00.0000000+00:00","BondSeason","3920.86186274"
"2025-10-20T20:00:00.0000000+00:00","EqBondReversion","4622.19214024"
"2025-10-20T20:00:00.0000000+00:00","RiskPremia","4432.8242930"
"2025-10-21T13:30:00.0000000+00:00","PaydaySeason","1168.39574608"
"2025-10-21T13:30:00.0000000+00:00","BondSeason","3920.86186274"
"2025-10-21T13:30:00.0000000+00:00","EqBondReversion","4621.59079624"
"2025-10-21T13:30:00.0000000+00:00","RiskPremia","4403.6816210"
"2025-10-21T20:00:00.0000000+00:00","PaydaySeason","1168.39574608"
"2025-10-21T20:00:00.0000000+00:00","BondSeason","3920.86186274"
"2025-10-21T20:00:00.0000000+00:00","EqBondReversion","4620.43079624"
"2025-10-21T20:00:00.0000000+00:00","RiskPremia","4388.6116210"
"2025-10-22T13:30:00.0000000+00:00","PaydaySeason","1168.39574608"
"2025-10-22T13:30:00.0000000+00:00","BondSeason","3920.86186274"
"2025-10-22T13:30:00.0000000+00:00","EqBondReversion","4622.75079624"
"2025-10-22T13:30:00.0000000+00:00","RiskPremia","4380.3636210"
"2025-10-22T20:00:00.0000000+00:00","PaydaySeason","1168.23612708"
"2025-10-22T20:00:00.0000000+00:00","BondSeason","3920.34624274"
"2025-10-22T20:00:00.0000000+00:00","EqBondReversion","4601.29079624"
"2025-10-22T20:00:00.0000000+00:00","RiskPremia","4381.2566210"
"2025-10-23T13:30:00.0000000+00:00","PaydaySeason","1169.32112708"
"2025-10-23T13:30:00.0000000+00:00","BondSeason","3907.60624274"
"2025-10-23T13:30:00.0000000+00:00","EqBondReversion","4605.35079624"
"2025-10-23T13:30:00.0000000+00:00","RiskPremia","4384.4216210"
"2025-10-23T20:00:00.0000000+00:00","PaydaySeason","1173.97112708"
"2025-10-23T20:00:00.0000000+00:00","BondSeason","3902.98624274"
"2025-10-23T20:00:00.0000000+00:00","EqBondReversion","4622.75079624"
"2025-10-23T20:00:00.0000000+00:00","RiskPremia","4384.3316210"
"2025-10-24T13:30:00.0000000+00:00","PaydaySeason","1179.55112708"
"2025-10-24T13:30:00.0000000+00:00","BondSeason","3906.76624274"
"2025-10-24T13:30:00.0000000+00:00","EqBondReversion","4643.63079624"
"2025-10-24T13:30:00.0000000+00:00","RiskPremia","4393.2116210"
"2025-10-24T20:00:00.0000000+00:00","PaydaySeason","1180.32612708"
"2025-10-24T20:00:00.0000000+00:00","BondSeason","3902.70624274"
"2025-10-24T20:00:00.0000000+00:00","EqBondReversion","4646.53079624"
"2025-10-24T20:00:00.0000000+00:00","RiskPremia","4390.8666210"
"2025-10-27T13:30:00.0000000+00:00","PaydaySeason","1187.30112708"
"2025-10-27T13:30:00.0000000+00:00","BondSeason","3899.20624274"
"2025-10-27T13:30:00.0000000+00:00","EqBondReversion","4672.63079624"
"2025-10-27T13:30:00.0000000+00:00","RiskPremia","4387.7616210"
"2025-10-27T20:00:00.0000000+00:00","PaydaySeason","1189.62612708"
"2025-10-27T20:00:00.0000000+00:00","BondSeason","3911.80624274"
"2025-10-27T20:00:00.0000000+00:00","EqBondReversion","4681.33079624"
"2025-10-27T20:00:00.0000000+00:00","RiskPremia","4389.5866210"
"2025-10-28T13:30:00.0000000+00:00","PaydaySeason","1191.64112708"
"2025-10-28T13:30:00.0000000+00:00","BondSeason","3914.04624274"
"2025-10-28T13:30:00.0000000+00:00","EqBondReversion","4688.87079624"
"2025-10-28T13:30:00.0000000+00:00","RiskPremia","4384.2032510"
"2025-10-28T20:00:00.0000000+00:00","PaydaySeason","1190.71112708"
"2025-10-28T20:00:00.0000000+00:00","BondSeason","3918.52624274"
"2025-10-28T20:00:00.0000000+00:00","EqBondReversion","4685.39079624"
"2025-10-28T20:00:00.0000000+00:00","RiskPremia","4389.3932510"
"2025-10-29T13:30:00.0000000+00:00","PaydaySeason","1192.26112708"
"2025-10-29T13:30:00.0000000+00:00","BondSeason","3914.88624274"
"2025-10-29T13:30:00.0000000+00:00","EqBondReversion","4691.19079624"
"2025-10-29T13:30:00.0000000+00:00","RiskPremia","4399.1332510"
"2025-10-29T20:00:00.0000000+00:00","PaydaySeason","1189.78112708"
"2025-10-29T20:00:00.0000000+00:00","BondSeason","3892.06624274"
"2025-10-29T20:00:00.0000000+00:00","EqBondReversion","4681.91079624"
"2025-10-29T20:00:00.0000000+00:00","RiskPremia","4373.5782510"
"2025-10-30T13:30:00.0000000+00:00","PaydaySeason","1185.75112708"
"2025-10-30T13:30:00.0000000+00:00","BondSeason","3873.16624274"
"2025-10-30T13:30:00.0000000+00:00","EqBondReversion","4666.83079624"
"2025-10-30T13:30:00.0000000+00:00","RiskPremia","4362.8932510"
"2025-10-30T20:00:00.0000000+00:00","PaydaySeason","1181.72112708"
"2025-10-30T20:00:00.0000000+00:00","BondSeason","3878.20624274"
"2025-10-30T20:00:00.0000000+00:00","EqBondReversion","4651.75079624"
"2025-10-30T20:00:00.0000000+00:00","RiskPremia","4368.1232510"
"2025-10-31T13:30:00.0000000+00:00","PaydaySeason","1187.30112708"
"2025-10-31T13:30:00.0000000+00:00","BondSeason","3877.36624274"
"2025-10-31T13:30:00.0000000+00:00","EqBondReversion","4672.63079624"
"2025-10-31T13:30:00.0000000+00:00","RiskPremia","4376.0732510"
"2025-10-31T20:00:00.0000000+00:00","PaydaySeason","1184.65819108"
"2025-10-31T20:00:00.0000000+00:00","BondSeason","3869.63488274"
"2025-10-31T20:00:00.0000000+00:00","EqBondReversion","4662.74110024"
"2025-10-31T20:00:00.0000000+00:00","RiskPremia","4365.5132510"
"2025-11-03T14:30:00.0000000+00:00","PaydaySeason","1184.65819108"
"2025-11-03T14:30:00.0000000+00:00","BondSeason","3879.57138274"
"2025-11-03T14:30:00.0000000+00:00","EqBondReversion","4662.74110024"
"2025-11-03T14:30:00.0000000+00:00","RiskPremia","4367.6198760"
"2025-11-03T21:00:00.0000000+00:00","PaydaySeason","1184.65819108"
"2025-11-03T21:00:00.0000000+00:00","BondSeason","3876.77138274"
"2025-11-03T21:00:00.0000000+00:00","EqBondReversion","4662.74110024"
"2025-11-03T21:00:00.0000000+00:00","RiskPremia","4364.4598760"
"2025-11-04T14:30:00.0000000+00:00","PaydaySeason","1184.65819108"
"2025-11-04T14:30:00.0000000+00:00","BondSeason","3875.09138274"
"2025-11-04T14:30:00.0000000+00:00","EqBondReversion","4662.74110024"
"2025-11-04T14:30:00.0000000+00:00","RiskPremia","4343.9198760"
"2025-11-04T21:00:00.0000000+00:00","PaydaySeason","1184.65819108"
"2025-11-04T21:00:00.0000000+00:00","BondSeason","3870.61138274"
"2025-11-04T21:00:00.0000000+00:00","EqBondReversion","4662.74110024"
"2025-11-04T21:00:00.0000000+00:00","RiskPremia","4342.2798760"
"2025-11-05T14:30:00.0000000+00:00","PaydaySeason","1184.65819108"
"2025-11-05T14:30:00.0000000+00:00","BondSeason","3882.65138274"
"2025-11-05T14:30:00.0000000+00:00","EqBondReversion","4662.74110024"
"2025-11-05T14:30:00.0000000+00:00","RiskPremia","4343.6498760"
"2025-11-05T21:00:00.0000000+00:00","PaydaySeason","1184.65819108"
"2025-11-05T21:00:00.0000000+00:00","BondSeason","3898.47138274"
"2025-11-05T21:00:00.0000000+00:00","EqBondReversion","4662.74110024"
"2025-11-05T21:00:00.0000000+00:00","RiskPremia","4341.3148760"
"2025-11-06T14:30:00.0000000+00:00","PaydaySeason","1184.65819108"
"2025-11-06T14:30:00.0000000+00:00","BondSeason","3881.25138274"
"2025-11-06T14:30:00.0000000+00:00","EqBondReversion","4662.74110024"
"2025-11-06T14:30:00.0000000+00:00","RiskPremia","4349.0998760"
"2025-11-06T21:00:00.0000000+00:00","PaydaySeason","1184.65819108"
"2025-11-06T21:00:00.0000000+00:00","BondSeason","3875.09138274"
"2025-11-06T21:00:00.0000000+00:00","EqBondReversion","4662.74110024"
"2025-11-06T21:00:00.0000000+00:00","RiskPremia","4338.0798760"
"2025-11-07T14:30:00.0000000+00:00","PaydaySeason","1184.65819108"
"2025-11-07T14:30:00.0000000+00:00","BondSeason","3886.85138274"
"2025-11-07T14:30:00.0000000+00:00","EqBondReversion","4662.74110024"
"2025-11-07T14:30:00.0000000+00:00","RiskPremia","4331.0098760"
"2025-11-07T21:00:00.0000000+00:00","PaydaySeason","1184.65819108"
"2025-11-07T21:00:00.0000000+00:00","BondSeason","3880.83138274"
"2025-11-07T21:00:00.0000000+00:00","EqBondReversion","4662.74110024"
"2025-11-07T21:00:00.0000000+00:00","RiskPremia","4341.7548760"
"2025-11-10T14:30:00.0000000+00:00","PaydaySeason","1184.65819108"
"2025-11-10T14:30:00.0000000+00:00","BondSeason","3883.21138274"
"2025-11-10T14:30:00.0000000+00:00","EqBondReversion","4662.74110024"
"2025-11-10T14:30:00.0000000+00:00","RiskPremia","4364.1698760"
"2025-11-10T21:00:00.0000000+00:00","PaydaySeason","1184.65819108"
"2025-11-10T21:00:00.0000000+00:00","BondSeason","3881.81138274"
"2025-11-10T21:00:00.0000000+00:00","EqBondReversion","4662.74110024"
"2025-11-10T21:00:00.0000000+00:00","RiskPremia","4374.8798760"
"2025-11-11T14:30:00.0000000+00:00","PaydaySeason","1184.65819108"
"2025-11-11T14:30:00.0000000+00:00","BondSeason","3870.33138274"
"2025-11-11T14:30:00.0000000+00:00","EqBondReversion","4662.74110024"
"2025-11-11T14:30:00.0000000+00:00","RiskPremia","4381.4898760"
"2025-11-11T21:00:00.0000000+00:00","PaydaySeason","1184.65819108"
"2025-11-11T21:00:00.0000000+00:00","BondSeason","3869.82766274"
"2025-11-11T21:00:00.0000000+00:00","EqBondReversion","4662.74110024"
"2025-11-11T21:00:00.0000000+00:00","RiskPremia","4385.5498760"
"2025-11-12T14:30:00.0000000+00:00","PaydaySeason","1184.65819108"
"2025-11-12T14:30:00.0000000+00:00","BondSeason","3869.82766274"
"2025-11-12T14:30:00.0000000+00:00","EqBondReversion","4662.74110024"
"2025-11-12T14:30:00.0000000+00:00","RiskPremia","4389.2298760"
"2025-11-12T21:00:00.0000000+00:00","PaydaySeason","1184.50045108"
"2025-11-12T21:00:00.0000000+00:00","BondSeason","3869.82766274"
"2025-11-12T21:00:00.0000000+00:00","EqBondReversion","4662.74110024"
"2025-11-12T21:00:00.0000000+00:00","RiskPremia","4398.6198760"
"2025-11-13T14:30:00.0000000+00:00","PaydaySeason","1180.90045108"
"2025-11-13T14:30:00.0000000+00:00","BondSeason","3869.82766274"
"2025-11-13T14:30:00.0000000+00:00","EqBondReversion","4662.74110024"
"2025-11-13T14:30:00.0000000+00:00","RiskPremia","4391.7498760"
"2025-11-13T21:00:00.0000000+00:00","PaydaySeason","1170.40045108"
"2025-11-13T21:00:00.0000000+00:00","BondSeason","3869.82766274"
"2025-11-13T21:00:00.0000000+00:00","EqBondReversion","4662.74110024"
"2025-11-13T21:00:00.0000000+00:00","RiskPremia","4363.7048760"
"2025-11-14T14:30:00.0000000+00:00","PaydaySeason","1162.90045108"
"2025-11-14T14:30:00.0000000+00:00","BondSeason","3869.82766274"
"2025-11-14T14:30:00.0000000+00:00","EqBondReversion","4662.74110024"
"2025-11-14T14:30:00.0000000+00:00","RiskPremia","4340.6998760"
"2025-11-14T21:00:00.0000000+00:00","PaydaySeason","1170.40045108"
"2025-11-14T21:00:00.0000000+00:00","BondSeason","3869.82766274"
"2025-11-14T21:00:00.0000000+00:00","EqBondReversion","4662.74110024"
"2025-11-14T21:00:00.0000000+00:00","RiskPremia","4345.0348760"
"2025-11-17T14:30:00.0000000+00:00","PaydaySeason","1168.30045108"
"2025-11-17T14:30:00.0000000+00:00","BondSeason","3869.82766274"
"2025-11-17T14:30:00.0000000+00:00","EqBondReversion","4662.74110024"
"2025-11-17T14:30:00.0000000+00:00","RiskPremia","4341.2898760"
"2025-11-17T21:00:00.0000000+00:00","PaydaySeason","1162.45045108"
"2025-11-17T21:00:00.0000000+00:00","BondSeason","3869.82766274"
"2025-11-17T21:00:00.0000000+00:00","EqBondReversion","4662.74110024"
"2025-11-17T21:00:00.0000000+00:00","RiskPremia","4329.2698760"
"2025-11-18T14:30:00.0000000+00:00","PaydaySeason","1157.80045108"
"2025-11-18T14:30:00.0000000+00:00","BondSeason","3869.82766274"
"2025-11-18T14:30:00.0000000+00:00","EqBondReversion","4662.74110024"
"2025-11-18T14:30:00.0000000+00:00","RiskPremia","4330.9620080"
"2025-11-18T21:00:00.0000000+00:00","PaydaySeason","1157.04817108"
"2025-11-18T21:00:00.0000000+00:00","BondSeason","3869.31117274"
"2025-11-18T21:00:00.0000000+00:00","EqBondReversion","4662.74110024"
"2025-11-18T21:00:00.0000000+00:00","RiskPremia","4325.3220080"
"2025-11-19T14:30:00.0000000+00:00","PaydaySeason","1157.04817108"
"2025-11-19T14:30:00.0000000+00:00","BondSeason","3874.38617274"
"2025-11-19T14:30:00.0000000+00:00","EqBondReversion","4662.74110024"
"2025-11-19T14:30:00.0000000+00:00","RiskPremia","4334.1220080"
"2025-11-19T21:00:00.0000000+00:00","PaydaySeason","1157.04817108"
"2025-11-19T21:00:00.0000000+00:00","BondSeason","3865.10617274"
"2025-11-19T21:00:00.0000000+00:00","EqBondReversion","4662.74110024"
"2025-11-19T21:00:00.0000000+00:00","RiskPremia","4327.3820080"
"2025-11-20T14:30:00.0000000+00:00","PaydaySeason","1157.04817108"
"2025-11-20T14:30:00.0000000+00:00","BondSeason","3867.57117274"
"2025-11-20T14:30:00.0000000+00:00","EqBondReversion","4662.74110024"
"2025-11-20T14:30:00.0000000+00:00","RiskPremia","4345.9420080"
"2025-11-20T21:00:00.0000000+00:00","PaydaySeason","1157.04817108"
"2025-11-20T21:00:00.0000000+00:00","BondSeason","3874.82117274"
"2025-11-20T21:00:00.0000000+00:00","EqBondReversion","4662.74110024"
"2025-11-20T21:00:00.0000000+00:00","RiskPremia","4314.8320080"
"2025-11-21T14:30:00.0000000+00:00","PaydaySeason","1157.04817108"
"2025-11-21T14:30:00.0000000+00:00","BondSeason","3886.71117274"
"2025-11-21T14:30:00.0000000+00:00","EqBondReversion","4662.13750024"
"2025-11-21T14:30:00.0000000+00:00","RiskPremia","4323.4320080"
"2025-11-21T21:00:00.0000000+00:00","PaydaySeason","1157.04817108"
"2025-11-21T21:00:00.0000000+00:00","BondSeason","3882.07117274"
"2025-11-21T21:00:00.0000000+00:00","EqBondReversion","4682.53750024"
"2025-11-21T21:00:00.0000000+00:00","RiskPremia","4328.5820080"
"2025-11-24T14:30:00.0000000+00:00","PaydaySeason","1157.04817108"
"2025-11-24T14:30:00.0000000+00:00","BondSeason","3895.41117274"
"2025-11-24T14:30:00.0000000+00:00","EqBondReversion","4699.33750024"
"2025-11-24T14:30:00.0000000+00:00","RiskPremia","4342.2420080"
"2025-11-24T21:00:00.0000000+00:00","PaydaySeason","1156.88876908"
"2025-11-24T21:00:00.0000000+00:00","BondSeason","3896.42617274"
"2025-11-24T21:00:00.0000000+00:00","EqBondReversion","4729.33750024"
"2025-11-24T21:00:00.0000000+00:00","RiskPremia","4362.6820080"
"2025-11-25T14:30:00.0000000+00:00","PaydaySeason","1156.88876908"
"2025-11-25T14:30:00.0000000+00:00","BondSeason","3905.85117274"
"2025-11-25T14:30:00.0000000+00:00","EqBondReversion","4729.33750024"
"2025-11-25T14:30:00.0000000+00:00","RiskPremia","4367.3920080"
"2025-11-25T21:00:00.0000000+00:00","PaydaySeason","1165.41376908"
"2025-11-25T21:00:00.0000000+00:00","BondSeason","3903.53117274"
"2025-11-25T21:00:00.0000000+00:00","EqBondReversion","4762.33750024"
"2025-11-25T21:00:00.0000000+00:00","RiskPremia","4377.6970080"
"2025-11-26T14:30:00.0000000+00:00","PaydaySeason","1168.35876908"
"2025-11-26T14:30:00.0000000+00:00","BondSeason","3901.21117274"
"2025-11-26T14:30:00.0000000+00:00","EqBondReversion","4773.73750024"
"2025-11-26T14:30:00.0000000+00:00","RiskPremia","4382.4220080"
"2025-11-26T21:00:00.0000000+00:00","PaydaySeason","1170.83876908"
"2025-11-26T21:00:00.0000000+00:00","BondSeason","3915.13117274"
"2025-11-26T21:00:00.0000000+00:00","EqBondReversion","4783.33750024"
"2025-11-26T21:00:00.0000000+00:00","RiskPremia","4396.0220080"
"2025-11-28T14:30:00.0000000+00:00","PaydaySeason","1172.38876908"
"2025-11-28T14:30:00.0000000+00:00","BondSeason","3910.20117274"
"2025-11-28T14:30:00.0000000+00:00","EqBondReversion","4789.33750024"
"2025-11-28T14:30:00.0000000+00:00","RiskPremia","4400.9920080"
"2025-11-28T18:00:00.0000000+00:00","PaydaySeason","1175.48061608"
"2025-11-28T18:00:00.0000000+00:00","BondSeason","3901.34300674"
"2025-11-28T18:00:00.0000000+00:00","EqBondReversion","4801.30594024"
"2025-11-28T18:00:00.0000000+00:00","RiskPremia","4404.8470080"
"2025-12-01T14:30:00.0000000+00:00","PaydaySeason","1175.48061608"
"2025-12-01T14:30:00.0000000+00:00","BondSeason","3930.02486274"
"2025-12-01T14:30:00.0000000+00:00","EqBondReversion","4801.30594024"
"2025-12-01T14:30:00.0000000+00:00","RiskPremia","4386.4910800"
"2025-12-01T21:00:00.0000000+00:00","PaydaySeason","1175.48061608"
"2025-12-01T21:00:00.0000000+00:00","BondSeason","3932.12486274"
"2025-12-01T21:00:00.0000000+00:00","EqBondReversion","4801.30594024"
"2025-12-01T21:00:00.0000000+00:00","RiskPremia","4387.0660800"
"2025-12-02T14:30:00.0000000+00:00","PaydaySeason","1175.48061608"
"2025-12-02T14:30:00.0000000+00:00","BondSeason","3937.58486274"
"2025-12-02T14:30:00.0000000+00:00","EqBondReversion","4801.30594024"
"2025-12-02T14:30:00.0000000+00:00","RiskPremia","4386.1210800"
"2025-12-02T21:00:00.0000000+00:00","PaydaySeason","1175.48061608"
"2025-12-02T21:00:00.0000000+00:00","BondSeason","3930.86486274"
"2025-12-02T21:00:00.0000000+00:00","EqBondReversion","4801.30594024"
"2025-12-02T21:00:00.0000000+00:00","RiskPremia","4385.2310800"
"2025-12-03T14:30:00.0000000+00:00","PaydaySeason","1175.48061608"
"2025-12-03T14:30:00.0000000+00:00","BondSeason","3927.92486274"
"2025-12-03T14:30:00.0000000+00:00","EqBondReversion","4801.30594024"
"2025-12-03T14:30:00.0000000+00:00","RiskPremia","4387.1410800"
"2025-12-03T21:00:00.0000000+00:00","PaydaySeason","1175.48061608"
"2025-12-03T21:00:00.0000000+00:00","BondSeason","3924.42486274"
"2025-12-03T21:00:00.0000000+00:00","EqBondReversion","4801.30594024"
"2025-12-03T21:00:00.0000000+00:00","RiskPremia","4392.8824800"
"2025-12-04T14:30:00.0000000+00:00","PaydaySeason","1175.48061608"
"2025-12-04T14:30:00.0000000+00:00","BondSeason","3927.92486274"
"2025-12-04T14:30:00.0000000+00:00","EqBondReversion","4801.30594024"
"2025-12-04T14:30:00.0000000+00:00","RiskPremia","4393.6910800"
"2025-12-04T21:00:00.0000000+00:00","PaydaySeason","1175.48061608"
"2025-12-04T21:00:00.0000000+00:00","BondSeason","3937.02486274"
"2025-12-04T21:00:00.0000000+00:00","EqBondReversion","4801.30594024"
"2025-12-04T21:00:00.0000000+00:00","RiskPremia","4388.9910800"
"2025-12-05T14:30:00.0000000+00:00","PaydaySeason","1175.48061608"
"2025-12-05T14:30:00.0000000+00:00","BondSeason","3938.28486274"
"2025-12-05T14:30:00.0000000+00:00","EqBondReversion","4801.30594024"
"2025-12-05T14:30:00.0000000+00:00","RiskPremia","4392.7010800"
"2025-12-05T21:00:00.0000000+00:00","PaydaySeason","1175.48061608"
"2025-12-05T21:00:00.0000000+00:00","BondSeason","3949.20486274"
"2025-12-05T21:00:00.0000000+00:00","EqBondReversion","4801.30594024"
"2025-12-05T21:00:00.0000000+00:00","RiskPremia","4383.0310800"
"2025-12-08T14:30:00.0000000+00:00","PaydaySeason","1175.48061608"
"2025-12-08T14:30:00.0000000+00:00","BondSeason","3948.50486274"
"2025-12-08T14:30:00.0000000+00:00","EqBondReversion","4801.30594024"
"2025-12-08T14:30:00.0000000+00:00","RiskPremia","4386.4110800"
"2025-12-08T21:00:00.0000000+00:00","PaydaySeason","1175.48061608"
"2025-12-08T21:00:00.0000000+00:00","BondSeason","3957.04486274"
"2025-12-08T21:00:00.0000000+00:00","EqBondReversion","4801.30594024"
"2025-12-08T21:00:00.0000000+00:00","RiskPremia","4374.1974800"
"2025-12-09T14:30:00.0000000+00:00","PaydaySeason","1175.48061608"
"2025-12-09T14:30:00.0000000+00:00","BondSeason","3943.88486274"
"2025-12-09T14:30:00.0000000+00:00","EqBondReversion","4801.30594024"
"2025-12-09T14:30:00.0000000+00:00","RiskPremia","4379.6010800"
"2025-12-09T21:00:00.0000000+00:00","PaydaySeason","1175.48061608"
"2025-12-09T21:00:00.0000000+00:00","BondSeason","3954.45231474"
"2025-12-09T21:00:00.0000000+00:00","EqBondReversion","4801.30594024"
"2025-12-09T21:00:00.0000000+00:00","RiskPremia","4377.3810800"
"2025-12-10T14:30:00.0000000+00:00","PaydaySeason","1175.48061608"
"2025-12-10T14:30:00.0000000+00:00","BondSeason","3954.45231474"
"2025-12-10T14:30:00.0000000+00:00","EqBondReversion","4801.30594024"
"2025-12-10T14:30:00.0000000+00:00","RiskPremia","4374.5713800"
"2025-12-10T21:00:00.0000000+00:00","PaydaySeason","1175.32203608"
"2025-12-10T21:00:00.0000000+00:00","BondSeason","3954.45231474"
"2025-12-10T21:00:00.0000000+00:00","EqBondReversion","4801.30594024"
"2025-12-10T21:00:00.0000000+00:00","RiskPremia","4392.9313800"
"2025-12-11T14:30:00.0000000+00:00","PaydaySeason","1172.92203608"
"2025-12-11T14:30:00.0000000+00:00","BondSeason","3954.45231474"
"2025-12-11T14:30:00.0000000+00:00","EqBondReversion","4801.30594024"
"2025-12-11T14:30:00.0000000+00:00","RiskPremia","4395.5913800"
"2025-12-11T21:00:00.0000000+00:00","PaydaySeason","1177.72203608"
"2025-12-11T21:00:00.0000000+00:00","BondSeason","3954.45231474"
"2025-12-11T21:00:00.0000000+00:00","EqBondReversion","4801.30594024"
"2025-12-11T21:00:00.0000000+00:00","RiskPremia","4402.5213800"
"2025-12-12T14:30:00.0000000+00:00","PaydaySeason","1177.42203608"
"2025-12-12T14:30:00.0000000+00:00","BondSeason","3954.45231474"
"2025-12-12T14:30:00.0000000+00:00","EqBondReversion","4801.30594024"
"2025-12-12T14:30:00.0000000+00:00","RiskPremia","4400.9941940"
"2025-12-12T21:00:00.0000000+00:00","PaydaySeason","1168.87203608"
"2025-12-12T21:00:00.0000000+00:00","BondSeason","3954.45231474"
"2025-12-12T21:00:00.0000000+00:00","EqBondReversion","4801.30594024"
"2025-12-12T21:00:00.0000000+00:00","RiskPremia","4382.6141940"
"2025-12-15T14:30:00.0000000+00:00","PaydaySeason","1172.92203608"
"2025-12-15T14:30:00.0000000+00:00","BondSeason","3954.45231474"
"2025-12-15T14:30:00.0000000+00:00","EqBondReversion","4801.30594024"
"2025-12-15T14:30:00.0000000+00:00","RiskPremia","4397.2041940"
"2025-12-15T21:00:00.0000000+00:00","PaydaySeason","1167.37203608"
"2025-12-15T21:00:00.0000000+00:00","BondSeason","3954.45231474"
"2025-12-15T21:00:00.0000000+00:00","EqBondReversion","4801.30594024"
"2025-12-15T21:00:00.0000000+00:00","RiskPremia","4382.0741940"
"2025-12-16T14:30:00.0000000+00:00","PaydaySeason","1165.42203608"
"2025-12-16T14:30:00.0000000+00:00","BondSeason","3954.45231474"
"2025-12-16T14:30:00.0000000+00:00","EqBondReversion","4801.30594024"
"2025-12-16T14:30:00.0000000+00:00","RiskPremia","4379.0341940"
"2025-12-16T21:00:00.0000000+00:00","PaydaySeason","1164.81552608"
"2025-12-16T21:00:00.0000000+00:00","BondSeason","3954.45231474"
"2025-12-16T21:00:00.0000000+00:00","EqBondReversion","4801.30594024"
"2025-12-16T21:00:00.0000000+00:00","RiskPremia","4385.5291940"
"2025-12-17T14:30:00.0000000+00:00","PaydaySeason","1164.81552608"
"2025-12-17T14:30:00.0000000+00:00","BondSeason","3954.45231474"
"2025-12-17T14:30:00.0000000+00:00","EqBondReversion","4801.30594024"
"2025-12-17T14:30:00.0000000+00:00","RiskPremia","4386.3341940"
"2025-12-17T21:00:00.0000000+00:00","PaydaySeason","1164.81552608"
"2025-12-17T21:00:00.0000000+00:00","BondSeason","3954.45231474"
"2025-12-17T21:00:00.0000000+00:00","EqBondReversion","4801.30594024"
"2025-12-17T21:00:00.0000000+00:00","RiskPremia","4377.2291940"
"2025-12-18T14:30:00.0000000+00:00","PaydaySeason","1164.81552608"
"2025-12-18T14:30:00.0000000+00:00","BondSeason","3954.45231474"
"2025-12-18T14:30:00.0000000+00:00","EqBondReversion","4801.30594024"
"2025-12-18T14:30:00.0000000+00:00","RiskPremia","4390.0941940"
"2025-12-18T21:00:00.0000000+00:00","PaydaySeason","1164.81552608"
"2025-12-18T21:00:00.0000000+00:00","BondSeason","3954.45231474"
"2025-12-18T21:00:00.0000000+00:00","EqBondReversion","4801.30594024"
"2025-12-18T21:00:00.0000000+00:00","RiskPremia","4390.0641940"
"2025-12-19T14:30:00.0000000+00:00","PaydaySeason","1164.81552608"
"2025-12-19T14:30:00.0000000+00:00","BondSeason","3954.45231474"
"2025-12-19T14:30:00.0000000+00:00","EqBondReversion","4800.71019224"
"2025-12-19T14:30:00.0000000+00:00","RiskPremia","4389.1983120"
"2025-12-19T21:00:00.0000000+00:00","PaydaySeason","1164.81552608"
"2025-12-19T21:00:00.0000000+00:00","BondSeason","3953.94493074"
"2025-12-19T21:00:00.0000000+00:00","EqBondReversion","4796.29019224"
"2025-12-19T21:00:00.0000000+00:00","RiskPremia","4395.4383120"
"2025-12-22T14:30:00.0000000+00:00","PaydaySeason","1164.81552608"
"2025-12-22T14:30:00.0000000+00:00","BondSeason","3951.91493074"
"2025-12-22T14:30:00.0000000+00:00","EqBondReversion","4793.91019224"
"2025-12-22T14:30:00.0000000+00:00","RiskPremia","4412.1583120"
"2025-12-22T21:00:00.0000000+00:00","PaydaySeason","1164.65706608"
"2025-12-22T21:00:00.0000000+00:00","BondSeason","3950.02993074"
"2025-12-22T21:00:00.0000000+00:00","EqBondReversion","4791.70019224"
"2025-12-22T21:00:00.0000000+00:00","RiskPremia","4415.0083120"
"2025-12-23T14:30:00.0000000+00:00","PaydaySeason","1163.45706608"
"2025-12-23T14:30:00.0000000+00:00","BondSeason","3942.63493074"
"2025-12-23T14:30:00.0000000+00:00","EqBondReversion","4783.03019224"
"2025-12-23T14:30:00.0000000+00:00","RiskPremia","4413.0783120"
"2025-12-23T21:00:00.0000000+00:00","PaydaySeason","1167.50706608"
"2025-12-23T21:00:00.0000000+00:00","BondSeason","3954.66993074"
"2025-12-23T21:00:00.0000000+00:00","EqBondReversion","4797.14019224"
"2025-12-23T21:00:00.0000000+00:00","RiskPremia","4429.3133120"
"2025-12-24T14:30:00.0000000+00:00","PaydaySeason","1167.65706608"
"2025-12-24T14:30:00.0000000+00:00","BondSeason","3962.06493074"
"2025-12-24T14:30:00.0000000+00:00","EqBondReversion","4805.81019224"
"2025-12-24T14:30:00.0000000+00:00","RiskPremia","4431.4183120"
"2025-12-24T18:00:00.0000000+00:00","PaydaySeason","1170.05706608"
"2025-12-24T18:00:00.0000000+00:00","BondSeason","3969.60493074"
"2025-12-24T18:00:00.0000000+00:00","EqBondReversion","4814.65019224"
"2025-12-24T18:00:00.0000000+00:00","RiskPremia","4437.9383120"
"2025-12-26T14:30:00.0000000+00:00","PaydaySeason","1170.65706608"
"2025-12-26T14:30:00.0000000+00:00","BondSeason","3971.92493074"
"2025-12-26T14:30:00.0000000+00:00","EqBondReversion","4817.37019224"
"2025-12-26T14:30:00.0000000+00:00","RiskPremia","4447.7583120"
"2025-12-26T21:00:00.0000000+00:00","PaydaySeason","1169.45706608"
"2025-12-26T21:00:00.0000000+00:00","BondSeason","3961.48493074"
"2025-12-26T21:00:00.0000000+00:00","EqBondReversion","4805.13019224"
"2025-12-26T21:00:00.0000000+00:00","RiskPremia","4440.2983120"
"2025-12-29T14:30:00.0000000+00:00","PaydaySeason","1166.45706608"
"2025-12-29T14:30:00.0000000+00:00","BondSeason","3967.57493074"
"2025-12-29T14:30:00.0000000+00:00","EqBondReversion","4812.27019224"
"2025-12-29T14:30:00.0000000+00:00","RiskPremia","4419.3383120"
"2025-12-29T21:00:00.0000000+00:00","PaydaySeason","1167.05706608"
"2025-12-29T21:00:00.0000000+00:00","BondSeason","3970.18493074"
"2025-12-29T21:00:00.0000000+00:00","EqBondReversion","4815.33019224"
"2025-12-29T21:00:00.0000000+00:00","RiskPremia","4413.7583120"
"2025-12-30T14:30:00.0000000+00:00","PaydaySeason","1166.45706608"
"2025-12-30T14:30:00.0000000+00:00","BondSeason","3961.48493074"
"2025-12-30T14:30:00.0000000+00:00","EqBondReversion","4805.13019224"
"2025-12-30T14:30:00.0000000+00:00","RiskPremia","4416.3283120"
"2025-12-30T21:00:00.0000000+00:00","PaydaySeason","1165.55706608"
"2025-12-30T21:00:00.0000000+00:00","BondSeason","3965.54493074"
"2025-12-30T21:00:00.0000000+00:00","EqBondReversion","4809.89019224"
"2025-12-30T21:00:00.0000000+00:00","RiskPremia","4410.0683120"
"2025-12-31T14:30:00.0000000+00:00","PaydaySeason","1165.85706608"
"2025-12-31T14:30:00.0000000+00:00","BondSeason","3959.74493074"
"2025-12-31T14:30:00.0000000+00:00","EqBondReversion","4803.09019224"
"2025-12-31T14:30:00.0000000+00:00","RiskPremia","4407.2083120"
"2025-12-31T21:00:00.0000000+00:00","PaydaySeason","1159.09968608"
"2025-12-31T21:00:00.0000000+00:00","BondSeason","3943.94375874"
"2025-12-31T21:00:00.0000000+00:00","EqBondReversion","4785.15743624"
"2025-12-31T21:00:00.0000000+00:00","RiskPremia","4387.2483120"
"2026-01-02T14:30:00.0000000+00:00","PaydaySeason","1159.09968608"
"2026-01-02T14:30:00.0000000+00:00","BondSeason","3937.27375874"
"2026-01-02T14:30:00.0000000+00:00","EqBondReversion","4785.15743624"
"2026-01-02T14:30:00.0000000+00:00","RiskPremia","4404.2583120"
"2026-01-02T21:00:00.0000000+00:00","PaydaySeason","1159.09968608"
"2026-01-02T21:00:00.0000000+00:00","BondSeason","3947.13375874"
"2026-01-02T21:00:00.0000000+00:00","EqBondReversion","4785.15743624"
"2026-01-02T21:00:00.0000000+00:00","RiskPremia","4392.3083120"
"2026-01-05T14:30:00.0000000+00:00","PaydaySeason","1159.09968608"
"2026-01-05T14:30:00.0000000+00:00","BondSeason","3943.65375874"
"2026-01-05T14:30:00.0000000+00:00","EqBondReversion","4785.15743624"
"2026-01-05T14:30:00.0000000+00:00","RiskPremia","4411.5383120"
"2026-01-05T21:00:00.0000000+00:00","PaydaySeason","1159.09968608"
"2026-01-05T21:00:00.0000000+00:00","BondSeason","3935.82375874"
"2026-01-05T21:00:00.0000000+00:00","EqBondReversion","4785.15743624"
"2026-01-05T21:00:00.0000000+00:00","RiskPremia","4421.6183120"
"2026-01-06T14:30:00.0000000+00:00","PaydaySeason","1159.09968608"
"2026-01-06T14:30:00.0000000+00:00","BondSeason","3944.52375874"
"2026-01-06T14:30:00.0000000+00:00","EqBondReversion","4785.15743624"
"2026-01-06T14:30:00.0000000+00:00","RiskPremia","4420.9983120"
"2026-01-06T21:00:00.0000000+00:00","PaydaySeason","1159.09968608"
"2026-01-06T21:00:00.0000000+00:00","BondSeason","3940.31875874"
"2026-01-06T21:00:00.0000000+00:00","EqBondReversion","4785.15743624"
"2026-01-06T21:00:00.0000000+00:00","RiskPremia","4434.2633120"
"2026-01-07T14:30:00.0000000+00:00","PaydaySeason","1159.09968608"
"2026-01-07T14:30:00.0000000+00:00","BondSeason","3924.51375874"
"2026-01-07T14:30:00.0000000+00:00","EqBondReversion","4785.15743624"
"2026-01-07T14:30:00.0000000+00:00","RiskPremia","4435.6083120"
"2026-01-07T21:00:00.0000000+00:00","PaydaySeason","1159.09968608"
"2026-01-07T21:00:00.0000000+00:00","BondSeason","3926.10875874"
"2026-01-07T21:00:00.0000000+00:00","EqBondReversion","4785.15743624"
"2026-01-07T21:00:00.0000000+00:00","RiskPremia","4431.0883120"
"2026-01-08T14:30:00.0000000+00:00","PaydaySeason","1159.09968608"
"2026-01-08T14:30:00.0000000+00:00","BondSeason","3939.30375874"
"2026-01-08T14:30:00.0000000+00:00","EqBondReversion","4785.15743624"
"2026-01-08T14:30:00.0000000+00:00","RiskPremia","4420.2183120"
"2026-01-08T21:00:00.0000000+00:00","PaydaySeason","1159.09968608"
"2026-01-08T21:00:00.0000000+00:00","BondSeason","3939.01375874"
"2026-01-08T21:00:00.0000000+00:00","EqBondReversion","4785.15743624"
"2026-01-08T21:00:00.0000000+00:00","RiskPremia","4428.7933120"
"2026-01-09T14:30:00.0000000+00:00","PaydaySeason","1159.09968608"
"2026-01-09T14:30:00.0000000+00:00","BondSeason","3940.17375874"
"2026-01-09T14:30:00.0000000+00:00","EqBondReversion","4785.15743624"
"2026-01-09T14:30:00.0000000+00:00","RiskPremia","4433.5483120"
"2026-01-09T21:00:00.0000000+00:00","PaydaySeason","1159.09968608"
"2026-01-09T21:00:00.0000000+00:00","BondSeason","3922.19375874"
"2026-01-09T21:00:00.0000000+00:00","EqBondReversion","4785.15743624"
"2026-01-09T21:00:00.0000000+00:00","RiskPremia","4448.6333120"
"2026-01-12T14:30:00.0000000+00:00","PaydaySeason","1159.09968608"
"2026-01-12T14:30:00.0000000+00:00","BondSeason","3934.37375874"
"2026-01-12T14:30:00.0000000+00:00","EqBondReversion","4785.15743624"
"2026-01-12T14:30:00.0000000+00:00","RiskPremia","4448.2983120"
"2026-01-12T21:00:00.0000000+00:00","PaydaySeason","1159.09968608"
"2026-01-12T21:00:00.0000000+00:00","BondSeason","3929.22533074"
"2026-01-12T21:00:00.0000000+00:00","EqBondReversion","4785.15743624"
"2026-01-12T21:00:00.0000000+00:00","RiskPremia","4458.8283120"
"2026-01-13T14:30:00.0000000+00:00","PaydaySeason","1159.09968608"
"2026-01-13T14:30:00.0000000+00:00","BondSeason","3929.22533074"
"2026-01-13T14:30:00.0000000+00:00","EqBondReversion","4785.15743624"
"2026-01-13T14:30:00.0000000+00:00","RiskPremia","4466.8024500"
"2026-01-13T21:00:00.0000000+00:00","PaydaySeason","1158.93897608"
"2026-01-13T21:00:00.0000000+00:00","BondSeason","3929.22533074"
"2026-01-13T21:00:00.0000000+00:00","EqBondReversion","4785.15743624"
"2026-01-13T21:00:00.0000000+00:00","RiskPremia","4458.3424500"
"2026-01-14T14:30:00.0000000+00:00","PaydaySeason","1155.78897608"
"2026-01-14T14:30:00.0000000+00:00","BondSeason","3929.22533074"
"2026-01-14T14:30:00.0000000+00:00","EqBondReversion","4785.15743624"
"2026-01-14T14:30:00.0000000+00:00","RiskPremia","4461.5224500"
"2026-01-14T21:00:00.0000000+00:00","PaydaySeason","1155.48897608"
"2026-01-14T21:00:00.0000000+00:00","BondSeason","3929.22533074"
"2026-01-14T21:00:00.0000000+00:00","EqBondReversion","4785.15743624"
"2026-01-14T21:00:00.0000000+00:00","RiskPremia","4466.9274500"
"2026-01-15T14:30:00.0000000+00:00","PaydaySeason","1160.28897608"
"2026-01-15T14:30:00.0000000+00:00","BondSeason","3929.22533074"
"2026-01-15T14:30:00.0000000+00:00","EqBondReversion","4785.15743624"
"2026-01-15T14:30:00.0000000+00:00","RiskPremia","4474.7974500"
"2026-01-15T21:00:00.0000000+00:00","PaydaySeason","1157.73897608"
"2026-01-15T21:00:00.0000000+00:00","BondSeason","3929.22533074"
"2026-01-15T21:00:00.0000000+00:00","EqBondReversion","4785.15743624"
"2026-01-15T21:00:00.0000000+00:00","RiskPremia","4466.7324500"
"2026-01-16T14:30:00.0000000+00:00","PaydaySeason","1159.68897608"
"2026-01-16T14:30:00.0000000+00:00","BondSeason","3929.22533074"
"2026-01-16T14:30:00.0000000+00:00","EqBondReversion","4785.15743624"
"2026-01-16T14:30:00.0000000+00:00","RiskPremia","4465.9756400"
"2026-01-16T21:00:00.0000000+00:00","PaydaySeason","1157.58897608"
"2026-01-16T21:00:00.0000000+00:00","BondSeason","3929.22533074"
"2026-01-16T21:00:00.0000000+00:00","EqBondReversion","4785.15743624"
"2026-01-16T21:00:00.0000000+00:00","RiskPremia","4456.4006400"
"2026-01-20T14:30:00.0000000+00:00","PaydaySeason","1146.18897608"
"2026-01-20T14:30:00.0000000+00:00","BondSeason","3929.22533074"
"2026-01-20T14:30:00.0000000+00:00","EqBondReversion","4785.15743624"
"2026-01-20T14:30:00.0000000+00:00","RiskPremia","4444.3756400"
"2026-01-20T21:00:00.0000000+00:00","PaydaySeason","1141.38174608"
"2026-01-20T21:00:00.0000000+00:00","BondSeason","3929.22533074"
"2026-01-20T21:00:00.0000000+00:00","EqBondReversion","4785.15743624"
"2026-01-20T21:00:00.0000000+00:00","RiskPremia","4439.7456400"
"2026-01-21T14:30:00.0000000+00:00","PaydaySeason","1141.38174608"
"2026-01-21T14:30:00.0000000+00:00","BondSeason","3929.22533074"
"2026-01-21T14:30:00.0000000+00:00","EqBondReversion","4785.15743624"
"2026-01-21T14:30:00.0000000+00:00","RiskPremia","4457.6056400"
"2026-01-21T21:00:00.0000000+00:00","PaydaySeason","1141.38174608"
"2026-01-21T21:00:00.0000000+00:00","BondSeason","3928.70132074"
"2026-01-21T21:00:00.0000000+00:00","EqBondReversion","4785.15743624"
"2026-01-21T21:00:00.0000000+00:00","RiskPremia","4470.1506400"
"2026-01-22T14:30:00.0000000+00:00","PaydaySeason","1141.38174608"
"2026-01-22T14:30:00.0000000+00:00","BondSeason","3926.75132074"
"2026-01-22T14:30:00.0000000+00:00","EqBondReversion","4785.15743624"
"2026-01-22T14:30:00.0000000+00:00","RiskPremia","4475.8156400"
"2026-01-22T21:00:00.0000000+00:00","PaydaySeason","1141.38174608"
"2026-01-22T21:00:00.0000000+00:00","BondSeason","3939.65132074"
"2026-01-22T21:00:00.0000000+00:00","EqBondReversion","4785.15743624"
"2026-01-22T21:00:00.0000000+00:00","RiskPremia","4491.1656400"
"2026-01-23T14:30:00.0000000+00:00","PaydaySeason","1141.38174608"
"2026-01-23T14:30:00.0000000+00:00","BondSeason","3943.55132074"
"2026-01-23T14:30:00.0000000+00:00","EqBondReversion","4784.56019224"
"2026-01-23T14:30:00.0000000+00:00","RiskPremia","4495.0156400"
"2026-01-23T21:00:00.0000000+00:00","PaydaySeason","1141.38174608"
"2026-01-23T21:00:00.0000000+00:00","BondSeason","3946.10132074"
"2026-01-23T21:00:00.0000000+00:00","EqBondReversion","4787.45019224"
"2026-01-23T21:00:00.0000000+00:00","RiskPremia","4501.3306400"
"2026-01-26T14:30:00.0000000+00:00","PaydaySeason","1141.38174608"
"2026-01-26T14:30:00.0000000+00:00","BondSeason","3960.50132074"
"2026-01-26T14:30:00.0000000+00:00","EqBondReversion","4803.77019224"
"2026-01-26T14:30:00.0000000+00:00","RiskPremia","4521.0505400"
"2026-01-26T21:00:00.0000000+00:00","PaydaySeason","1141.22124608"
"2026-01-26T21:00:00.0000000+00:00","BondSeason","3958.70132074"
"2026-01-26T21:00:00.0000000+00:00","EqBondReversion","4801.73019224"
"2026-01-26T21:00:00.0000000+00:00","RiskPremia","4521.3705400"
"2026-01-27T14:30:00.0000000+00:00","PaydaySeason","1142.72124608"
"2026-01-27T14:30:00.0000000+00:00","BondSeason","3951.95132074"
"2026-01-27T14:30:00.0000000+00:00","EqBondReversion","4794.08019224"
"2026-01-27T14:30:00.0000000+00:00","RiskPremia","4520.3455400"
"2026-01-27T21:00:00.0000000+00:00","PaydaySeason","1144.22124608"
"2026-01-27T21:00:00.0000000+00:00","BondSeason","3942.65132074"
"2026-01-27T21:00:00.0000000+00:00","EqBondReversion","4783.54019224"
"2026-01-27T21:00:00.0000000+00:00","RiskPremia","4529.1955400"
"2026-01-28T14:30:00.0000000+00:00","PaydaySeason","1146.32124608"
"2026-01-28T14:30:00.0000000+00:00","BondSeason","3933.65132074"
"2026-01-28T14:30:00.0000000+00:00","EqBondReversion","4773.34019224"
"2026-01-28T14:30:00.0000000+00:00","RiskPremia","4535.5555400"
"2026-01-28T21:00:00.0000000+00:00","PaydaySeason","1143.47124608"
"2026-01-28T21:00:00.0000000+00:00","BondSeason","3936.65132074"
"2026-01-28T21:00:00.0000000+00:00","EqBondReversion","4776.74019224"
"2026-01-28T21:00:00.0000000+00:00","RiskPremia","4545.0205400"
"2026-01-29T14:30:00.0000000+00:00","PaydaySeason","1144.82124608"
"2026-01-29T14:30:00.0000000+00:00","BondSeason","3923.15132074"
"2026-01-29T14:30:00.0000000+00:00","EqBondReversion","4761.44019224"
"2026-01-29T14:30:00.0000000+00:00","RiskPremia","4556.3381100"
"2026-01-29T21:00:00.0000000+00:00","PaydaySeason","1141.82124608"
"2026-01-29T21:00:00.0000000+00:00","BondSeason","3937.70132074"
"2026-01-29T21:00:00.0000000+00:00","EqBondReversion","4777.93019224"
"2026-01-29T21:00:00.0000000+00:00","RiskPremia","4545.6481100"
"2026-01-30T14:30:00.0000000+00:00","PaydaySeason","1138.52124608"
"2026-01-30T14:30:00.0000000+00:00","BondSeason","3929.90132074"
"2026-01-30T14:30:00.0000000+00:00","EqBondReversion","4769.09019224"
"2026-01-30T14:30:00.0000000+00:00","RiskPremia","4505.4581100"
"2026-01-30T21:00:00.0000000+00:00","PaydaySeason","1137.76140608"
"2026-01-30T21:00:00.0000000+00:00","BondSeason","3922.42283274"
"2026-01-30T21:00:00.0000000+00:00","EqBondReversion","4761.18750424"
"2026-01-30T21:00:00.0000000+00:00","RiskPremia","4479.7831100"
"2026-02-02T14:30:00.0000000+00:00","PaydaySeason","1137.76140608"
"2026-02-02T14:30:00.0000000+00:00","BondSeason","3916.85816774"
"2026-02-02T14:30:00.0000000+00:00","EqBondReversion","4761.18750424"
"2026-02-02T14:30:00.0000000+00:00","RiskPremia","4466.54457900"
"2026-02-02T21:00:00.0000000+00:00","PaydaySeason","1137.76140608"
"2026-02-02T21:00:00.0000000+00:00","BondSeason","3930.05316774"
"2026-02-02T21:00:00.0000000+00:00","EqBondReversion","4761.18750424"
"2026-02-02T21:00:00.0000000+00:00","RiskPremia","4461.96457900"
"2026-02-03T14:30:00.0000000+00:00","PaydaySeason","1137.76140608"
"2026-02-03T14:30:00.0000000+00:00","BondSeason","3932.37316774"
"2026-02-03T14:30:00.0000000+00:00","EqBondReversion","4761.18750424"
"2026-02-03T14:30:00.0000000+00:00","RiskPremia","4483.88457900"
"2026-02-03T21:00:00.0000000+00:00","PaydaySeason","1137.76140608"
"2026-02-03T21:00:00.0000000+00:00","BondSeason","3924.25316774"
"2026-02-03T21:00:00.0000000+00:00","EqBondReversion","4761.18750424"
"2026-02-03T21:00:00.0000000+00:00","RiskPremia","4480.53457900"
"2026-02-04T14:30:00.0000000+00:00","PaydaySeason","1137.76140608"
"2026-02-04T14:30:00.0000000+00:00","BondSeason","3928.16816774"
"2026-02-04T14:30:00.0000000+00:00","EqBondReversion","4761.18750424"
"2026-02-04T14:30:00.0000000+00:00","RiskPremia","4487.50457900"
"2026-02-04T21:00:00.0000000+00:00","PaydaySeason","1137.76140608"
"2026-02-04T21:00:00.0000000+00:00","BondSeason","3930.77816774"
"2026-02-04T21:00:00.0000000+00:00","EqBondReversion","4761.18750424"
"2026-02-04T21:00:00.0000000+00:00","RiskPremia","4471.47457900"
"2026-02-05T14:30:00.0000000+00:00","PaydaySeason","1137.76140608"
"2026-02-05T14:30:00.0000000+00:00","BondSeason","3919.46816774"
"2026-02-05T14:30:00.0000000+00:00","EqBondReversion","4761.18750424"
"2026-02-05T14:30:00.0000000+00:00","RiskPremia","4462.14457900"
"2026-02-05T21:00:00.0000000+00:00","PaydaySeason","1137.76140608"
"2026-02-05T21:00:00.0000000+00:00","BondSeason","3904.38816774"
"2026-02-05T21:00:00.0000000+00:00","EqBondReversion","4761.18750424"
"2026-02-05T21:00:00.0000000+00:00","RiskPremia","4463.61457900"
"2026-02-06T14:30:00.0000000+00:00","PaydaySeason","1137.76140608"
"2026-02-06T14:30:00.0000000+00:00","BondSeason","3904.09816774"
"2026-02-06T14:30:00.0000000+00:00","EqBondReversion","4761.18750424"
"2026-02-06T14:30:00.0000000+00:00","RiskPremia","4477.52457900"
"2026-02-06T21:00:00.0000000+00:00","PaydaySeason","1137.76140608"
"2026-02-06T21:00:00.0000000+00:00","BondSeason","3902.79316774"
"2026-02-06T21:00:00.0000000+00:00","EqBondReversion","4761.18750424"
"2026-02-06T21:00:00.0000000+00:00","RiskPremia","4496.82457900"
"2026-02-09T14:30:00.0000000+00:00","PaydaySeason","1137.76140608"
"2026-02-09T14:30:00.0000000+00:00","BondSeason","3911.63816774"
"2026-02-09T14:30:00.0000000+00:00","EqBondReversion","4761.18750424"
"2026-02-09T14:30:00.0000000+00:00","RiskPremia","4494.70457900"
"2026-02-09T21:00:00.0000000+00:00","PaydaySeason","1137.76140608"
"2026-02-09T21:00:00.0000000+00:00","BondSeason","3902.50316774"
"2026-02-09T21:00:00.0000000+00:00","EqBondReversion","4761.18750424"
"2026-02-09T21:00:00.0000000+00:00","RiskPremia","4512.00457900"
"2026-02-10T14:30:00.0000000+00:00","PaydaySeason","1137.76140608"
"2026-02-10T14:30:00.0000000+00:00","BondSeason","3881.47816774"
"2026-02-10T14:30:00.0000000+00:00","EqBondReversion","4761.18750424"
"2026-02-10T14:30:00.0000000+00:00","RiskPremia","4524.32457900"
"2026-02-10T21:00:00.0000000+00:00","PaydaySeason","1137.76140608"
"2026-02-10T21:00:00.0000000+00:00","BondSeason","3872.98978074"
"2026-02-10T21:00:00.0000000+00:00","EqBondReversion","4761.18750424"
"2026-02-10T21:00:00.0000000+00:00","RiskPremia","4521.42457900"
"2026-02-11T14:30:00.0000000+00:00","PaydaySeason","1137.76140608"
"2026-02-11T14:30:00.0000000+00:00","BondSeason","3872.98978074"
"2026-02-11T14:30:00.0000000+00:00","EqBondReversion","4761.18750424"
"2026-02-11T14:30:00.0000000+00:00","RiskPremia","4523.32457900"
"2026-02-11T21:00:00.0000000+00:00","PaydaySeason","1137.60114608"
"2026-02-11T21:00:00.0000000+00:00","BondSeason","3872.98978074"
"2026-02-11T21:00:00.0000000+00:00","EqBondReversion","4761.18750424"
"2026-02-11T21:00:00.0000000+00:00","RiskPremia","4517.22457900"
"2026-02-12T14:30:00.0000000+00:00","PaydaySeason","1140.90114608"
"2026-02-12T14:30:00.0000000+00:00","BondSeason","3872.98978074"
"2026-02-12T14:30:00.0000000+00:00","EqBondReversion","4761.18750424"
"2026-02-12T14:30:00.0000000+00:00","RiskPremia","4524.44457900"
"2026-02-12T21:00:00.0000000+00:00","PaydaySeason","1124.85114608"
"2026-02-12T21:00:00.0000000+00:00","BondSeason","3872.98978074"
"2026-02-12T21:00:00.0000000+00:00","EqBondReversion","4761.18750424"
"2026-02-12T21:00:00.0000000+00:00","RiskPremia","4506.39457900"
"2026-02-13T14:30:00.0000000+00:00","PaydaySeason","1125.60114608"
"2026-02-13T14:30:00.0000000+00:00","BondSeason","3872.98978074"
"2026-02-13T14:30:00.0000000+00:00","EqBondReversion","4761.18750424"
"2026-02-13T14:30:00.0000000+00:00","RiskPremia","4520.82457900"
"2026-02-13T21:00:00.0000000+00:00","PaydaySeason","1126.20114608"
"2026-02-13T21:00:00.0000000+00:00","BondSeason","3872.98978074"
"2026-02-13T21:00:00.0000000+00:00","EqBondReversion","4761.18750424"
"2026-02-13T21:00:00.0000000+00:00","RiskPremia","4525.30457900"
"2026-02-17T14:30:00.0000000+00:00","PaydaySeason","1124.70114608"
"2026-02-17T14:30:00.0000000+00:00","BondSeason","3872.98978074"
"2026-02-17T14:30:00.0000000+00:00","EqBondReversion","4761.18750424"
"2026-02-17T14:30:00.0000000+00:00","RiskPremia","4516.30457900"
"2026-02-17T21:00:00.0000000+00:00","PaydaySeason","1127.10114608"
"2026-02-17T21:00:00.0000000+00:00","BondSeason","3872.98978074"
"2026-02-17T21:00:00.0000000+00:00","EqBondReversion","4761.18750424"
"2026-02-17T21:00:00.0000000+00:00","RiskPremia","4517.00457900"
"2026-02-18T14:30:00.0000000+00:00","PaydaySeason","1129.20114608"
"2026-02-18T14:30:00.0000000+00:00","BondSeason","3872.98978074"
"2026-02-18T14:30:00.0000000+00:00","EqBondReversion","4761.18750424"
"2026-02-18T14:30:00.0000000+00:00","RiskPremia","4523.02457900"
"2026-02-18T21:00:00.0000000+00:00","PaydaySeason","1131.29211608"
"2026-02-18T21:00:00.0000000+00:00","BondSeason","3872.47059374"
"2026-02-18T21:00:00.0000000+00:00","EqBondReversion","4761.18750424"
"2026-02-18T21:00:00.0000000+00:00","RiskPremia","4525.15457900"
"2026-02-19T14:30:00.0000000+00:00","PaydaySeason","1131.29211608"
"2026-02-19T14:30:00.0000000+00:00","BondSeason","3868.84559374"
"2026-02-19T14:30:00.0000000+00:00","EqBondReversion","4761.18750424"
"2026-02-19T14:30:00.0000000+00:00","RiskPremia","4518.64457900"
"2026-02-19T21:00:00.0000000+00:00","PaydaySeason","1131.29211608"
"2026-02-19T21:00:00.0000000+00:00","BondSeason","3875.66059374"
"2026-02-19T21:00:00.0000000+00:00","EqBondReversion","4761.18750424"
"2026-02-19T21:00:00.0000000+00:00","RiskPremia","4526.29457900"
"2026-02-20T14:30:00.0000000+00:00","PaydaySeason","1131.29211608"
"2026-02-20T14:30:00.0000000+00:00","BondSeason","3877.83559374"
"2026-02-20T14:30:00.0000000+00:00","EqBondReversion","4761.18750424"
"2026-02-20T14:30:00.0000000+00:00","RiskPremia","4527.84457900"
"2026-02-20T21:00:00.0000000+00:00","PaydaySeason","1131.29211608"
"2026-02-20T21:00:00.0000000+00:00","BondSeason","3869.42559374"
"2026-02-20T21:00:00.0000000+00:00","EqBondReversion","4761.18750424"
"2026-02-20T21:00:00.0000000+00:00","RiskPremia","4536.38457900"
"2026-02-23T14:30:00.0000000+00:00","PaydaySeason","1131.29211608"
"2026-02-23T14:30:00.0000000+00:00","BondSeason","3873.77559374"
"2026-02-23T14:30:00.0000000+00:00","EqBondReversion","4760.58770024"
"2026-02-23T14:30:00.0000000+00:00","RiskPremia","4541.48457900"
"2026-02-23T21:00:00.0000000+00:00","PaydaySeason","1131.29211608"
"2026-02-23T21:00:00.0000000+00:00","BondSeason","3878.99559374"
"2026-02-23T21:00:00.0000000+00:00","EqBondReversion","4735.16270024"
"2026-02-23T21:00:00.0000000+00:00","RiskPremia","4541.47457900"
"2026-02-24T14:30:00.0000000+00:00","PaydaySeason","1131.29211608"
"2026-02-24T14:30:00.0000000+00:00","BondSeason","3884.94059374"
"2026-02-24T14:30:00.0000000+00:00","EqBondReversion","4734.59770024"
"2026-02-24T14:30:00.0000000+00:00","RiskPremia","4534.94457900"
"2026-02-24T21:00:00.0000000+00:00","PaydaySeason","1131.13296608"
"2026-02-24T21:00:00.0000000+00:00","BondSeason","3883.34559374"
"2026-02-24T21:00:00.0000000+00:00","EqBondReversion","4758.89270024"
"2026-02-24T21:00:00.0000000+00:00","RiskPremia","4546.11457900"
"2026-02-25T14:30:00.0000000+00:00","PaydaySeason","1134.88296608"
"2026-02-25T14:30:00.0000000+00:00","BondSeason","3878.12559374"
"2026-02-25T14:30:00.0000000+00:00","EqBondReversion","4773.01770024"
"2026-02-25T14:30:00.0000000+00:00","RiskPremia","4549.06457900"
"2026-02-25T21:00:00.0000000+00:00","PaydaySeason","1137.57996608"
"2026-02-25T21:00:00.0000000+00:00","BondSeason","3883.49059374"
"2026-02-25T21:00:00.0000000+00:00","EqBondReversion","4783.17640024"
"2026-02-25T21:00:00.0000000+00:00","RiskPremia","4553.40077900"
"2026-02-26T14:30:00.0000000+00:00","PaydaySeason","1138.48296608"
"2026-02-26T14:30:00.0000000+00:00","BondSeason","3888.27559374"
"2026-02-26T14:30:00.0000000+00:00","EqBondReversion","4786.57770024"
"2026-02-26T14:30:00.0000000+00:00","RiskPremia","4558.50457900"
"2026-02-26T21:00:00.0000000+00:00","PaydaySeason","1134.13296608"
"2026-02-26T21:00:00.0000000+00:00","BondSeason","3894.36559374"
"2026-02-26T21:00:00.0000000+00:00","EqBondReversion","4770.19270024"
"2026-02-26T21:00:00.0000000+00:00","RiskPremia","4558.53457900"
"2026-02-27T14:30:00.0000000+00:00","PaydaySeason","1126.48296608"
"2026-02-27T14:30:00.0000000+00:00","BondSeason","3906.25559374"
"2026-02-27T14:30:00.0000000+00:00","EqBondReversion","4741.37770024"
"2026-02-27T14:30:00.0000000+00:00","RiskPremia","4558.14457900"
"2026-02-27T21:00:00.0000000+00:00","PaydaySeason","1129.92402608"
"2026-02-27T21:00:00.0000000+00:00","BondSeason","3908.12070174"
"2026-02-27T21:00:00.0000000+00:00","EqBondReversion","4754.33902624"
"2026-02-27T21:00:00.0000000+00:00","RiskPremia","4566.90457900"
"2026-03-02T14:30:00.0000000+00:00","PaydaySeason","1129.92402608"
"2026-03-02T14:30:00.0000000+00:00","BondSeason","3922.24297774"
"2026-03-02T14:30:00.0000000+00:00","EqBondReversion","4754.33902624"
"2026-03-02T14:30:00.0000000+00:00","RiskPremia","4552.95470700"
"2026-03-02T21:00:00.0000000+00:00","PaydaySeason","1129.92402608"
"2026-03-02T21:00:00.0000000+00:00","BondSeason","3932.18297774"
"2026-03-02T21:00:00.0000000+00:00","EqBondReversion","4754.33902624"
"2026-03-02T21:00:00.0000000+00:00","RiskPremia","4559.75270700"
"2026-03-03T14:30:00.0000000+00:00","PaydaySeason","1129.92402608"
"2026-03-03T14:30:00.0000000+00:00","BondSeason","3950.24297774"
"2026-03-03T14:30:00.0000000+00:00","EqBondReversion","4754.33902624"
"2026-03-03T14:30:00.0000000+00:00","RiskPremia","4517.25470700"
"2026-03-03T21:00:00.0000000+00:00","PaydaySeason","1129.92402608"
"2026-03-03T21:00:00.0000000+00:00","BondSeason","3937.50297774"
"2026-03-03T21:00:00.0000000+00:00","EqBondReversion","4754.33902624"
"2026-03-03T21:00:00.0000000+00:00","RiskPremia","4527.98470700"
"2026-03-04T14:30:00.0000000+00:00","PaydaySeason","1129.92402608"
"2026-03-04T14:30:00.0000000+00:00","BondSeason","3941.98297774"
"2026-03-04T14:30:00.0000000+00:00","EqBondReversion","4754.33902624"
"2026-03-04T14:30:00.0000000+00:00","RiskPremia","4533.33470700"
"2026-03-04T21:00:00.0000000+00:00","PaydaySeason","1129.92402608"
"2026-03-04T21:00:00.0000000+00:00","BondSeason","3945.20297774"
"2026-03-04T21:00:00.0000000+00:00","EqBondReversion","4754.33902624"
"2026-03-04T21:00:00.0000000+00:00","RiskPremia","4533.97470700"
"2026-03-05T14:30:00.0000000+00:00","PaydaySeason","1129.92402608"
"2026-03-05T14:30:00.0000000+00:00","BondSeason","3959.90297774"
"2026-03-05T14:30:00.0000000+00:00","EqBondReversion","4754.33902624"
"2026-03-05T14:30:00.0000000+00:00","RiskPremia","4519.41470700"
"2026-03-05T21:00:00.0000000+00:00","PaydaySeason","1129.92402608"
"2026-03-05T21:00:00.0000000+00:00","BondSeason","3954.86297774"
"2026-03-05T21:00:00.0000000+00:00","EqBondReversion","4754.33902624"
"2026-03-05T21:00:00.0000000+00:00","RiskPremia","4517.17470700"
"2026-03-06T14:30:00.0000000+00:00","PaydaySeason","1129.92402608"
"2026-03-06T14:30:00.0000000+00:00","BondSeason","3968.58297774"
"2026-03-06T14:30:00.0000000+00:00","EqBondReversion","4754.33902624"
"2026-03-06T14:30:00.0000000+00:00","RiskPremia","4499.21470700"
"2026-03-06T21:00:00.0000000+00:00","PaydaySeason","1129.92402608"
"2026-03-06T21:00:00.0000000+00:00","BondSeason","3964.52297774"
"2026-03-06T21:00:00.0000000+00:00","EqBondReversion","4754.33902624"
"2026-03-06T21:00:00.0000000+00:00","RiskPremia","4503.88790700"
"2026-03-09T13:30:00.0000000+00:00","PaydaySeason","1129.92402608"
"2026-03-09T13:30:00.0000000+00:00","BondSeason","3969.28297774"
"2026-03-09T13:30:00.0000000+00:00","EqBondReversion","4754.33902624"
"2026-03-09T13:30:00.0000000+00:00","RiskPremia","4487.31470700"
"2026-03-09T20:00:00.0000000+00:00","PaydaySeason","1129.92402608"
"2026-03-09T20:00:00.0000000+00:00","BondSeason","3943.52297774"
"2026-03-09T20:00:00.0000000+00:00","EqBondReversion","4754.33902624"
"2026-03-09T20:00:00.0000000+00:00","RiskPremia","4523.88470700"
"2026-03-10T13:30:00.0000000+00:00","PaydaySeason","1129.92402608"
"2026-03-10T13:30:00.0000000+00:00","BondSeason","3955.14297774"
"2026-03-10T13:30:00.0000000+00:00","EqBondReversion","4754.33902624"
"2026-03-10T13:30:00.0000000+00:00","RiskPremia","4522.57470700"
"2026-03-10T20:00:00.0000000+00:00","PaydaySeason","1129.92402608"
"2026-03-10T20:00:00.0000000+00:00","BondSeason","3968.92855374"
"2026-03-10T20:00:00.0000000+00:00","EqBondReversion","4754.33902624"
"2026-03-10T20:00:00.0000000+00:00","RiskPremia","4511.59470700"
"2026-03-11T13:30:00.0000000+00:00","PaydaySeason","1129.92402608"
"2026-03-11T13:30:00.0000000+00:00","BondSeason","3968.92855374"
"2026-03-11T13:30:00.0000000+00:00","EqBondReversion","4754.33902624"
"2026-03-11T13:30:00.0000000+00:00","RiskPremia","4501.97470700"
"2026-03-11T20:00:00.0000000+00:00","PaydaySeason","1129.76245470"
"2026-03-11T20:00:00.0000000+00:00","BondSeason","3968.92855374"
"2026-03-11T20:00:00.0000000+00:00","EqBondReversion","4754.33902624"
"2026-03-11T20:00:00.0000000+00:00","RiskPremia","4490.81090700"
"2026-03-12T13:30:00.0000000+00:00","PaydaySeason","1123.25555470"
"2026-03-12T13:30:00.0000000+00:00","BondSeason","3968.92855374"
"2026-03-12T13:30:00.0000000+00:00","EqBondReversion","4754.33902624"
"2026-03-12T13:30:00.0000000+00:00","RiskPremia","4477.93402700"
"2026-03-12T20:00:00.0000000+00:00","PaydaySeason","1116.74555470"
"2026-03-12T20:00:00.0000000+00:00","BondSeason","3968.92855374"
"2026-03-12T20:00:00.0000000+00:00","EqBondReversion","4754.33902624"
"2026-03-12T20:00:00.0000000+00:00","RiskPremia","4463.26122700"
"2026-03-13T13:30:00.0000000+00:00","PaydaySeason","1120.46555470"
"2026-03-13T13:30:00.0000000+00:00","BondSeason","3968.92855374"
"2026-03-13T13:30:00.0000000+00:00","EqBondReversion","4754.33902624"
"2026-03-13T13:30:00.0000000+00:00","RiskPremia","4469.67402700"
"2026-03-13T20:00:00.0000000+00:00","PaydaySeason","1112.40555470"
"2026-03-13T20:00:00.0000000+00:00","BondSeason","3968.92855374"
"2026-03-13T20:00:00.0000000+00:00","EqBondReversion","4754.33902624"
"2026-03-13T20:00:00.0000000+00:00","RiskPremia","4445.35402700"
"2026-03-16T13:30:00.0000000+00:00","PaydaySeason","1119.53555470"
"2026-03-16T13:30:00.0000000+00:00","BondSeason","3968.92855374"
"2026-03-16T13:30:00.0000000+00:00","EqBondReversion","4754.33902624"
"2026-03-16T13:30:00.0000000+00:00","RiskPremia","4465.37402700"
"2026-03-16T20:00:00.0000000+00:00","PaydaySeason","1120.77555470"
"2026-03-16T20:00:00.0000000+00:00","BondSeason","3968.92855374"
"2026-03-16T20:00:00.0000000+00:00","EqBondReversion","4754.33902624"
"2026-03-16T20:00:00.0000000+00:00","RiskPremia","4467.05402700"
"2026-03-17T13:30:00.0000000+00:00","PaydaySeason","1124.49555470"
"2026-03-17T13:30:00.0000000+00:00","BondSeason","3968.92855374"
"2026-03-17T13:30:00.0000000+00:00","EqBondReversion","4754.33902624"
"2026-03-17T13:30:00.0000000+00:00","RiskPremia","4474.45402700"
"2026-03-17T20:00:00.0000000+00:00","PaydaySeason","1123.09528470"
"2026-03-17T20:00:00.0000000+00:00","BondSeason","3968.92855374"
"2026-03-17T20:00:00.0000000+00:00","EqBondReversion","4754.33902624"
"2026-03-17T20:00:00.0000000+00:00","RiskPremia","4473.45402700"
"2026-03-18T13:30:00.0000000+00:00","PaydaySeason","1123.09528470"
"2026-03-18T13:30:00.0000000+00:00","BondSeason","3968.92855374"
"2026-03-18T13:30:00.0000000+00:00","EqBondReversion","4754.33902624"
"2026-03-18T13:30:00.0000000+00:00","RiskPremia","4456.61402700"
"2026-03-18T20:00:00.0000000+00:00","PaydaySeason","1123.09528470"
"2026-03-18T20:00:00.0000000+00:00","BondSeason","3968.92855374"
"2026-03-18T20:00:00.0000000+00:00","EqBondReversion","4754.33902624"
"2026-03-18T20:00:00.0000000+00:00","RiskPremia","4437.71822700"
"2026-03-19T13:30:00.0000000+00:00","PaydaySeason","1123.09528470"
"2026-03-19T13:30:00.0000000+00:00","BondSeason","3968.92855374"
"2026-03-19T13:30:00.0000000+00:00","EqBondReversion","4754.33902624"
"2026-03-19T13:30:00.0000000+00:00","RiskPremia","4410.27402700"
"2026-03-19T20:00:00.0000000+00:00","PaydaySeason","1123.09528470"
"2026-03-19T20:00:00.0000000+00:00","BondSeason","3968.92855374"
"2026-03-19T20:00:00.0000000+00:00","EqBondReversion","4754.33902624"
"2026-03-19T20:00:00.0000000+00:00","RiskPremia","4428.58402700"
"2026-03-20T13:30:00.0000000+00:00","PaydaySeason","1123.09528470"
"2026-03-20T13:30:00.0000000+00:00","BondSeason","3968.92855374"
"2026-03-20T13:30:00.0000000+00:00","EqBondReversion","4753.73982224"
"2026-03-20T13:30:00.0000000+00:00","RiskPremia","4416.65402700"
"2026-03-20T20:00:00.0000000+00:00","PaydaySeason","1123.09528470"
"2026-03-20T20:00:00.0000000+00:00","BondSeason","3968.43056574"
"2026-03-20T20:00:00.0000000+00:00","EqBondReversion","4713.61982224"
"2026-03-20T20:00:00.0000000+00:00","RiskPremia","4374.73402700"
"2026-03-23T13:30:00.0000000+00:00","PaydaySeason","1123.09528470"
"2026-03-23T13:30:00.0000000+00:00","BondSeason","3977.71056574"
"2026-03-23T13:30:00.0000000+00:00","EqBondReversion","4758.45982224"
"2026-03-23T13:30:00.0000000+00:00","RiskPremia","4388.45402700"
"2026-03-23T20:00:00.0000000+00:00","PaydaySeason","1122.93298070"
"2026-03-23T20:00:00.0000000+00:00","BondSeason","3983.51056574"
"2026-03-23T20:00:00.0000000+00:00","EqBondReversion","4750.19982224"
"2026-03-23T20:00:00.0000000+00:00","RiskPremia","4387.87402700"
"2026-03-24T13:30:00.0000000+00:00","PaydaySeason","1117.81298070"
"2026-03-24T13:30:00.0000000+00:00","BondSeason","3964.37056574"
"2026-03-24T13:30:00.0000000+00:00","EqBondReversion","4731.31982224"
"2026-03-24T13:30:00.0000000+00:00","RiskPremia","4367.25402700"
"2026-03-24T20:00:00.0000000+00:00","PaydaySeason","1120.37298070"
"2026-03-24T20:00:00.0000000+00:00","BondSeason","3972.92556574"
"2026-03-24T20:00:00.0000000+00:00","EqBondReversion","4740.75982224"
"2026-03-24T20:00:00.0000000+00:00","RiskPremia","4378.83402700"
"2026-03-25T13:30:00.0000000+00:00","PaydaySeason","1127.38738070"
"2026-03-25T13:30:00.0000000+00:00","BondSeason","3994.24056574"
"2026-03-25T13:30:00.0000000+00:00","EqBondReversion","4766.62542224"
"2026-03-25T13:30:00.0000000+00:00","RiskPremia","4413.16042700"
"2026-03-25T20:00:00.0000000+00:00","PaydaySeason","1125.14738070"
"2026-03-25T20:00:00.0000000+00:00","BondSeason","3996.56056574"
"2026-03-25T20:00:00.0000000+00:00","EqBondReversion","4758.36542224"
"2026-03-25T20:00:00.0000000+00:00","RiskPremia","4408.48042700"
"2026-03-26T13:30:00.0000000+00:00","PaydaySeason","1119.38738070"
"2026-03-26T13:30:00.0000000+00:00","BondSeason","3982.35056574"
"2026-03-26T13:30:00.0000000+00:00","EqBondReversion","4737.12542224"
"2026-03-26T13:30:00.0000000+00:00","RiskPremia","4386.50042700"
"2026-03-26T20:00:00.0000000+00:00","PaydaySeason","1111.38738070"
"2026-03-26T20:00:00.0000000+00:00","BondSeason","3975.97056574"
"2026-03-26T20:00:00.0000000+00:00","EqBondReversion","4707.62542224"
"2026-03-26T20:00:00.0000000+00:00","RiskPremia","4365.76042700"
"2026-03-27T13:30:00.0000000+00:00","PaydaySeason","1107.86738070"
"2026-03-27T13:30:00.0000000+00:00","BondSeason","3957.99056574"
"2026-03-27T13:30:00.0000000+00:00","EqBondReversion","4694.64542224"
"2026-03-27T13:30:00.0000000+00:00","RiskPremia","4356.02042700"
"2026-03-27T20:00:00.0000000+00:00","PaydaySeason","1097.30738070"
"2026-03-27T20:00:00.0000000+00:00","BondSeason","3962.48556574"
"2026-03-27T20:00:00.0000000+00:00","EqBondReversion","4655.70542224"
"2026-03-27T20:00:00.0000000+00:00","RiskPremia","4351.82042700"
"2026-03-30T13:30:00.0000000+00:00","PaydaySeason","1104.66738070"
"2026-03-30T13:30:00.0000000+00:00","BondSeason","3990.76056574"
"2026-03-30T13:30:00.0000000+00:00","EqBondReversion","4682.84542224"
"2026-03-30T13:30:00.0000000+00:00","RiskPremia","4381.34042700"
"2026-03-30T20:00:00.0000000+00:00","PaydaySeason","1094.10738070"
"2026-03-30T20:00:00.0000000+00:00","BondSeason","3995.11056574"
"2026-03-30T20:00:00.0000000+00:00","EqBondReversion","4643.90542224"
"2026-03-30T20:00:00.0000000+00:00","RiskPremia","4365.52042700"
"2026-03-31T13:30:00.0000000+00:00","PaydaySeason","1103.06738070"
"2026-03-31T13:30:00.0000000+00:00","BondSeason","3999.46056574"
"2026-03-31T13:30:00.0000000+00:00","EqBondReversion","4676.94542224"
"2026-03-31T13:30:00.0000000+00:00","RiskPremia","4384.48042700"
"2026-03-31T20:00:00.0000000+00:00","PaydaySeason","1117.30661270"
"2026-03-31T20:00:00.0000000+00:00","BondSeason","3991.18774174"
"2026-03-31T20:00:00.0000000+00:00","EqBondReversion","4729.45259024"
"2026-03-31T20:00:00.0000000+00:00","RiskPremia","4407.98042700"
"2026-04-01T13:30:00.0000000+00:00","PaydaySeason","1117.30661270"
"2026-04-01T13:30:00.0000000+00:00","BondSeason","3992.84437174"
"2026-04-01T13:30:00.0000000+00:00","EqBondReversion","4729.45259024"
"2026-04-01T13:30:00.0000000+00:00","RiskPremia","4416.71689100"
"2026-04-01T20:00:00.0000000+00:00","PaydaySeason","1117.30661270"
"2026-04-01T20:00:00.0000000+00:00","BondSeason","3992.84437174"
"2026-04-01T20:00:00.0000000+00:00","EqBondReversion","4729.45259024"
"2026-04-01T20:00:00.0000000+00:00","RiskPremia","4420.75689100"
"2026-04-02T13:30:00.0000000+00:00","PaydaySeason","1117.30661270"
"2026-04-02T13:30:00.0000000+00:00","BondSeason","3995.09437174"
"2026-04-02T13:30:00.0000000+00:00","EqBondReversion","4729.45259024"
"2026-04-02T13:30:00.0000000+00:00","RiskPremia","4392.53689100"
"2026-04-02T20:00:00.0000000+00:00","PaydaySeason","1117.30661270"
"2026-04-02T20:00:00.0000000+00:00","BondSeason","3978.29437174"
"2026-04-02T20:00:00.0000000+00:00","EqBondReversion","4729.45259024"
"2026-04-02T20:00:00.0000000+00:00","RiskPremia","4422.87689100"
"2026-04-06T13:30:00.0000000+00:00","PaydaySeason","1117.30661270"
"2026-04-06T13:30:00.0000000+00:00","BondSeason","3986.24437174"
"2026-04-06T13:30:00.0000000+00:00","EqBondReversion","4729.45259024"
"2026-04-06T13:30:00.0000000+00:00","RiskPremia","4418.35689100"
"2026-04-06T20:00:00.0000000+00:00","PaydaySeason","1117.30661270"
"2026-04-06T20:00:00.0000000+00:00","BondSeason","3981.74437174"
"2026-04-06T20:00:00.0000000+00:00","EqBondReversion","4729.45259024"
"2026-04-06T20:00:00.0000000+00:00","RiskPremia","4424.71689100"
"2026-04-07T13:30:00.0000000+00:00","PaydaySeason","1117.30661270"
"2026-04-07T13:30:00.0000000+00:00","BondSeason","3985.64437174"
"2026-04-07T13:30:00.0000000+00:00","EqBondReversion","4729.45259024"
"2026-04-07T13:30:00.0000000+00:00","RiskPremia","4419.59689100"
"2026-04-07T20:00:00.0000000+00:00","PaydaySeason","1117.30661270"
"2026-04-07T20:00:00.0000000+00:00","BondSeason","3982.04437174"
"2026-04-07T20:00:00.0000000+00:00","EqBondReversion","4729.45259024"
"2026-04-07T20:00:00.0000000+00:00","RiskPremia","4429.03689100"
"2026-04-08T13:30:00.0000000+00:00","PaydaySeason","1117.30661270"
"2026-04-08T13:30:00.0000000+00:00","BondSeason","3960.44437174"
"2026-04-08T13:30:00.0000000+00:00","EqBondReversion","4729.45259024"
"2026-04-08T13:30:00.0000000+00:00","RiskPremia","4476.61689100"
"2026-04-08T20:00:00.0000000+00:00","PaydaySeason","1117.30661270"
"2026-04-08T20:00:00.0000000+00:00","BondSeason","3973.94437174"
"2026-04-08T20:00:00.0000000+00:00","EqBondReversion","4729.45259024"
"2026-04-08T20:00:00.0000000+00:00","RiskPremia","4462.59689100"
"2026-04-09T13:30:00.0000000+00:00","PaydaySeason","1117.30661270"
"2026-04-09T13:30:00.0000000+00:00","BondSeason","3980.54437174"
"2026-04-09T13:30:00.0000000+00:00","EqBondReversion","4729.45259024"
"2026-04-09T13:30:00.0000000+00:00","RiskPremia","4458.61689100"
"2026-04-09T20:00:00.0000000+00:00","PaydaySeason","1117.30661270"
"2026-04-09T20:00:00.0000000+00:00","BondSeason","3979.64437174"
"2026-04-09T20:00:00.0000000+00:00","EqBondReversion","4729.45259024"
"2026-04-09T20:00:00.0000000+00:00","RiskPremia","4468.14689100"
"2026-04-10T13:30:00.0000000+00:00","PaydaySeason","1117.30661270"
"2026-04-10T13:30:00.0000000+00:00","BondSeason","3983.24437174"
"2026-04-10T13:30:00.0000000+00:00","EqBondReversion","4729.45259024"
"2026-04-10T13:30:00.0000000+00:00","RiskPremia","4469.09689100"
"2026-04-10T20:00:00.0000000+00:00","PaydaySeason","1117.30661270"
"2026-04-10T20:00:00.0000000+00:00","BondSeason","3985.72537174"
"2026-04-10T20:00:00.0000000+00:00","EqBondReversion","4729.45259024"
"2026-04-10T20:00:00.0000000+00:00","RiskPremia","4462.97689100"
"2026-04-13T13:30:00.0000000+00:00","PaydaySeason","1117.30661270"
"2026-04-13T13:30:00.0000000+00:00","BondSeason","3985.72537174"
"2026-04-13T13:30:00.0000000+00:00","EqBondReversion","4729.45259024"
"2026-04-13T13:30:00.0000000+00:00","RiskPremia","4456.99689100"
"2026-04-13T20:00:00.0000000+00:00","PaydaySeason","1117.14761270"
"2026-04-13T20:00:00.0000000+00:00","BondSeason","3985.72537174"
"2026-04-13T20:00:00.0000000+00:00","EqBondReversion","4729.45259024"
"2026-04-13T20:00:00.0000000+00:00","RiskPremia","4477.05689100"
"2026-04-14T13:30:00.0000000+00:00","PaydaySeason","1119.84761270"
"2026-04-14T13:30:00.0000000+00:00","BondSeason","3985.72537174"
"2026-04-14T13:30:00.0000000+00:00","EqBondReversion","4729.45259024"
"2026-04-14T13:30:00.0000000+00:00","RiskPremia","4483.55689100"
"2026-04-14T20:00:00.0000000+00:00","PaydaySeason","1126.74761270"
"2026-04-14T20:00:00.0000000+00:00","BondSeason","3985.72537174"
"2026-04-14T20:00:00.0000000+00:00","EqBondReversion","4729.45259024"
"2026-04-14T20:00:00.0000000+00:00","RiskPremia","4506.09689100"
"2026-04-15T13:30:00.0000000+00:00","PaydaySeason","1127.94761270"
"2026-04-15T13:30:00.0000000+00:00","BondSeason","3985.72537174"
"2026-04-15T13:30:00.0000000+00:00","EqBondReversion","4729.45259024"
"2026-04-15T13:30:00.0000000+00:00","RiskPremia","4503.01689100"
"2026-04-15T20:00:00.0000000+00:00","PaydaySeason","1132.74761270"
"2026-04-15T20:00:00.0000000+00:00","BondSeason","3985.72537174"
"2026-04-15T20:00:00.0000000+00:00","EqBondReversion","4729.45259024"
"2026-04-15T20:00:00.0000000+00:00","RiskPremia","4504.45689100"
"2026-04-16T13:30:00.0000000+00:00","PaydaySeason","1134.39761270"
"2026-04-16T13:30:00.0000000+00:00","BondSeason","3985.72537174"
"2026-04-16T13:30:00.0000000+00:00","EqBondReversion","4729.45259024"
"2026-04-16T13:30:00.0000000+00:00","RiskPremia","4509.84689100"
"2026-04-16T20:00:00.0000000+00:00","PaydaySeason","1134.54761270"
"2026-04-16T20:00:00.0000000+00:00","BondSeason","3985.72537174"
"2026-04-16T20:00:00.0000000+00:00","EqBondReversion","4729.45259024"
"2026-04-16T20:00:00.0000000+00:00","RiskPremia","4498.45689100"
"2026-04-17T13:30:00.0000000+00:00","PaydaySeason","1140.84761270"
"2026-04-17T13:30:00.0000000+00:00","BondSeason","3985.72537174"
"2026-04-17T13:30:00.0000000+00:00","EqBondReversion","4729.45259024"
"2026-04-17T13:30:00.0000000+00:00","RiskPremia","4524.01948100"
"2026-04-17T20:00:00.0000000+00:00","PaydaySeason","1145.18297270"
"2026-04-17T20:00:00.0000000+00:00","BondSeason","3985.72537174"
"2026-04-17T20:00:00.0000000+00:00","EqBondReversion","4729.45259024"
"2026-04-17T20:00:00.0000000+00:00","RiskPremia","4530.39948100"
"2026-04-20T13:30:00.0000000+00:00","PaydaySeason","1145.18297270"
"2026-04-20T13:30:00.0000000+00:00","BondSeason","3985.72537174"
"2026-04-20T13:30:00.0000000+00:00","EqBondReversion","4729.45259024"
"2026-04-20T13:30:00.0000000+00:00","RiskPremia","4527.03948100"
"2026-04-20T20:00:00.0000000+00:00","PaydaySeason","1145.18297270"
"2026-04-20T20:00:00.0000000+00:00","BondSeason","3985.72537174"
"2026-04-20T20:00:00.0000000+00:00","EqBondReversion","4729.45259024"
"2026-04-20T20:00:00.0000000+00:00","RiskPremia","4525.63948100"
"2026-04-21T13:30:00.0000000+00:00","PaydaySeason","1145.18297270"
"2026-04-21T13:30:00.0000000+00:00","BondSeason","3985.72537174"
"2026-04-21T13:30:00.0000000+00:00","EqBondReversion","4729.45259024"
"2026-04-21T13:30:00.0000000+00:00","RiskPremia","4524.09948100"
"2026-04-21T20:00:00.0000000+00:00","PaydaySeason","1145.18297270"
"2026-04-21T20:00:00.0000000+00:00","BondSeason","3985.22338174"
"2026-04-21T20:00:00.0000000+00:00","EqBondReversion","4729.45259024"
"2026-04-21T20:00:00.0000000+00:00","RiskPremia","4499.23948100"
"2026-04-22T13:30:00.0000000+00:00","PaydaySeason","1145.18297270"
"2026-04-22T13:30:00.0000000+00:00","BondSeason","3999.72338174"
"2026-04-22T13:30:00.0000000+00:00","EqBondReversion","4728.86065024"
"2026-04-22T13:30:00.0000000+00:00","RiskPremia","4521.35948100"
"2026-04-22T20:00:00.0000000+00:00","PaydaySeason","1145.18297270"
"2026-04-22T20:00:00.0000000+00:00","BondSeason","3991.16838174"
"2026-04-22T20:00:00.0000000+00:00","EqBondReversion","4718.83065024"
"2026-04-22T20:00:00.0000000+00:00","RiskPremia","4518.44448100"
"2026-04-23T13:30:00.0000000+00:00","PaydaySeason","1145.18297270"
"2026-04-23T13:30:00.0000000+00:00","BondSeason","3993.19838174"
"2026-04-23T13:30:00.0000000+00:00","EqBondReversion","4721.21065024"
"2026-04-23T13:30:00.0000000+00:00","RiskPremia","4516.59252900"
"2026-04-23T20:00:00.0000000+00:00","PaydaySeason","1145.02419770"
"2026-04-23T20:00:00.0000000+00:00","BondSeason","3985.80338174"
"2026-04-23T20:00:00.0000000+00:00","EqBondReversion","4712.54065024"
"2026-04-23T20:00:00.0000000+00:00","RiskPremia","4507.14752900"
"2026-04-24T13:30:00.0000000+00:00","PaydaySeason","1147.77919770"
"2026-04-24T13:30:00.0000000+00:00","BondSeason","3982.61338174"
"2026-04-24T13:30:00.0000000+00:00","EqBondReversion","4708.80065024"
"2026-04-24T13:30:00.0000000+00:00","RiskPremia","4509.00752900"
"2026-04-24T20:00:00.0000000+00:00","PaydaySeason","1150.38919770"
"2026-04-24T20:00:00.0000000+00:00","BondSeason","3989.57338174"
"2026-04-24T20:00:00.0000000+00:00","EqBondReversion","4716.96065024"
"2026-04-24T20:00:00.0000000+00:00","RiskPremia","4517.94752900"
"2026-04-27T13:30:00.0000000+00:00","PaydaySeason","1149.51919770"
"2026-04-27T13:30:00.0000000+00:00","BondSeason","3983.19338174"
"2026-04-27T13:30:00.0000000+00:00","EqBondReversion","4709.48065024"
"2026-04-27T13:30:00.0000000+00:00","RiskPremia","4512.01152900"
"2026-04-27T20:00:00.0000000+00:00","PaydaySeason","1151.83919770"
"2026-04-27T20:00:00.0000000+00:00","BondSeason","3977.82838174"
"2026-04-27T20:00:00.0000000+00:00","EqBondReversion","4703.19065024"
"2026-04-27T20:00:00.0000000+00:00","RiskPremia","4510.32252900"
"2026-04-28T13:30:00.0000000+00:00","PaydaySeason","1147.77919770"
"2026-04-28T13:30:00.0000000+00:00","BondSeason","3972.75338174"
"2026-04-28T13:30:00.0000000+00:00","EqBondReversion","4697.24065024"
"2026-04-28T13:30:00.0000000+00:00","RiskPremia","4494.18752900"
"2026-04-28T20:00:00.0000000+00:00","PaydaySeason","1147.19919770"
"2026-04-28T20:00:00.0000000+00:00","BondSeason","3979.71338174"
"2026-04-28T20:00:00.0000000+00:00","EqBondReversion","4705.40065024"
"2026-04-28T20:00:00.0000000+00:00","RiskPremia","4498.52752900"
"2026-04-29T13:30:00.0000000+00:00","PaydaySeason","1146.61919770"
"2026-04-29T13:30:00.0000000+00:00","BondSeason","3968.83838174"
"2026-04-29T13:30:00.0000000+00:00","EqBondReversion","4692.65065024"
"2026-04-29T13:30:00.0000000+00:00","RiskPremia","4486.81252900"
"2026-04-29T20:00:00.0000000+00:00","PaydaySeason","1146.61919770"
"2026-04-29T20:00:00.0000000+00:00","BondSeason","3960.28338174"
"2026-04-29T20:00:00.0000000+00:00","EqBondReversion","4682.62065024"
"2026-04-29T20:00:00.0000000+00:00","RiskPremia","4482.59752900"
"2026-04-30T13:30:00.0000000+00:00","PaydaySeason","1149.51919770"
"2026-04-30T13:30:00.0000000+00:00","BondSeason","3965.93838174"
"2026-04-30T13:30:00.0000000+00:00","EqBondReversion","4689.25065024"
"2026-04-30T13:30:00.0000000+00:00","RiskPremia","4496.41252900"
"2026-04-30T20:00:00.0000000+00:00","PaydaySeason","1155.15836370"
"2026-04-30T20:00:00.0000000+00:00","BondSeason","3956.88071324"
"2026-04-30T20:00:00.0000000+00:00","EqBondReversion","4679.23351924"
"2026-04-30T20:00:00.0000000+00:00","RiskPremia","4498.03502900"
"2026-05-01T13:30:00.0000000+00:00","PaydaySeason","1155.15836370"
"2026-05-01T13:30:00.0000000+00:00","BondSeason","3950.64533324"
"2026-05-01T13:30:00.0000000+00:00","EqBondReversion","4679.23351924"
"2026-05-01T13:30:00.0000000+00:00","RiskPremia","4503.62841100"
"2026-05-01T20:00:00.0000000+00:00","PaydaySeason","1155.15836370"
"2026-05-01T20:00:00.0000000+00:00","BondSeason","3947.64533324"
"2026-05-01T20:00:00.0000000+00:00","EqBondReversion","4679.23351924"
"2026-05-01T20:00:00.0000000+00:00","RiskPremia","4506.16841100"
"2026-05-04T13:30:00.0000000+00:00","PaydaySeason","1155.15836370"
"2026-05-04T13:30:00.0000000+00:00","BondSeason","3955.14533324"
"2026-05-04T13:30:00.0000000+00:00","EqBondReversion","4679.23351924"
"2026-05-04T13:30:00.0000000+00:00","RiskPremia","4497.01841100"
"2026-05-04T20:00:00.0000000+00:00","PaydaySeason","1155.15836370"
"2026-05-04T20:00:00.0000000+00:00","BondSeason","3966.54533324"
"2026-05-04T20:00:00.0000000+00:00","EqBondReversion","4679.23351924"
"2026-05-04T20:00:00.0000000+00:00","RiskPremia","4484.14841100"
"2026-05-05T13:30:00.0000000+00:00","PaydaySeason","1155.15836370"
"2026-05-05T13:30:00.0000000+00:00","BondSeason","3961.29533324"
"2026-05-05T13:30:00.0000000+00:00","EqBondReversion","4679.23351924"
"2026-05-05T13:30:00.0000000+00:00","RiskPremia","4496.89341100"
"2026-05-05T20:00:00.0000000+00:00","PaydaySeason","1155.15836370"
"2026-05-05T20:00:00.0000000+00:00","BondSeason","3952.74533324"
"2026-05-05T20:00:00.0000000+00:00","EqBondReversion","4679.23351924"
"2026-05-05T20:00:00.0000000+00:00","RiskPremia","4503.64841100"
"2026-05-06T13:30:00.0000000+00:00","PaydaySeason","1155.15836370"
"2026-05-06T13:30:00.0000000+00:00","BondSeason","3934.17533324"
"2026-05-06T13:30:00.0000000+00:00","EqBondReversion","4679.23351924"
"2026-05-06T13:30:00.0000000+00:00","RiskPremia","4531.04141100"
"2026-05-06T20:00:00.0000000+00:00","PaydaySeason","1155.15836370"
"2026-05-06T20:00:00.0000000+00:00","BondSeason","3933.54533324"
"2026-05-06T20:00:00.0000000+00:00","EqBondReversion","4679.23351924"
"2026-05-06T20:00:00.0000000+00:00","RiskPremia","4540.47841100"
"2026-05-07T13:30:00.0000000+00:00","PaydaySeason","1155.15836370"
"2026-05-07T13:30:00.0000000+00:00","BondSeason","3927.24533324"
"2026-05-07T13:30:00.0000000+00:00","EqBondReversion","4679.23351924"
"2026-05-07T13:30:00.0000000+00:00","RiskPremia","4549.34841100"
"2026-05-07T20:00:00.0000000+00:00","PaydaySeason","1155.15836370"
"2026-05-07T20:00:00.0000000+00:00","BondSeason","3946.14533324"
"2026-05-07T20:00:00.0000000+00:00","EqBondReversion","4679.23351924"
"2026-05-07T20:00:00.0000000+00:00","RiskPremia","4529.19841100"
"2026-05-08T13:30:00.0000000+00:00","PaydaySeason","1155.15836370"
"2026-05-08T13:30:00.0000000+00:00","BondSeason","3933.84533324"
"2026-05-08T13:30:00.0000000+00:00","EqBondReversion","4679.23351924"
"2026-05-08T13:30:00.0000000+00:00","RiskPremia","4542.30841100"
"2026-05-08T20:00:00.0000000+00:00","PaydaySeason","1155.15836370"
"2026-05-08T20:00:00.0000000+00:00","BondSeason","3933.99533324"
"2026-05-08T20:00:00.0000000+00:00","EqBondReversion","4679.23351924"
"2026-05-08T20:00:00.0000000+00:00","RiskPremia","4545.97341100"
"2026-05-11T13:30:00.0000000+00:00","PaydaySeason","1155.15836370"
"2026-05-11T13:30:00.0000000+00:00","BondSeason","3939.24533324"
"2026-05-11T13:30:00.0000000+00:00","EqBondReversion","4679.23351924"
"2026-05-11T13:30:00.0000000+00:00","RiskPremia","4541.60841100"
"2026-05-11T20:00:00.0000000+00:00","PaydaySeason","1155.15836370"
"2026-05-11T20:00:00.0000000+00:00","BondSeason","3948.48200324"
"2026-05-11T20:00:00.0000000+00:00","EqBondReversion","4679.23351924"
"2026-05-11T20:00:00.0000000+00:00","RiskPremia","4540.36341100"
"2026-05-12T13:30:00.0000000+00:00","PaydaySeason","1155.15836370"
"2026-05-12T13:30:00.0000000+00:00","BondSeason","3948.48200324"
"2026-05-12T13:30:00.0000000+00:00","EqBondReversion","4679.23351924"
"2026-05-12T13:30:00.0000000+00:00","RiskPremia","4526.91841100"
"2026-05-12T20:00:00.0000000+00:00","PaydaySeason","1154.99921170"
"2026-05-12T20:00:00.0000000+00:00","BondSeason","3948.48200324"
"2026-05-12T20:00:00.0000000+00:00","EqBondReversion","4679.23351924"
"2026-05-12T20:00:00.0000000+00:00","RiskPremia","4526.82841100"
"2026-05-13T13:30:00.0000000+00:00","PaydaySeason","1154.99921170"
"2026-05-13T13:30:00.0000000+00:00","BondSeason","3948.48200324"
"2026-05-13T13:30:00.0000000+00:00","EqBondReversion","4679.23351924"
"2026-05-13T13:30:00.0000000+00:00","RiskPremia","4523.94841100"
"2026-05-13T20:00:00.0000000+00:00","PaydaySeason","1158.91921170"
"2026-05-13T20:00:00.0000000+00:00","BondSeason","3948.48200324"
"2026-05-13T20:00:00.0000000+00:00","EqBondReversion","4679.23351924"
"2026-05-13T20:00:00.0000000+00:00","RiskPremia","4526.92841100"
"2026-05-14T13:30:00.0000000+00:00","PaydaySeason","1160.59921170"
"2026-05-14T13:30:00.0000000+00:00","BondSeason","3948.48200324"
"2026-05-14T13:30:00.0000000+00:00","EqBondReversion","4679.23351924"
"2026-05-14T13:30:00.0000000+00:00","RiskPremia","4537.02841100"
"2026-05-14T20:00:00.0000000+00:00","PaydaySeason","1165.07921170"
"2026-05-14T20:00:00.0000000+00:00","BondSeason","3948.48200324"
"2026-05-14T20:00:00.0000000+00:00","EqBondReversion","4679.23351924"
"2026-05-14T20:00:00.0000000+00:00","RiskPremia","4534.73841100"
"2026-05-15T13:30:00.0000000+00:00","PaydaySeason","1157.79921170"
"2026-05-15T13:30:00.0000000+00:00","BondSeason","3948.48200324"
"2026-05-15T13:30:00.0000000+00:00","EqBondReversion","4679.23351924"
"2026-05-15T13:30:00.0000000+00:00","RiskPremia","4498.55841100"
"2026-05-15T20:00:00.0000000+00:00","PaydaySeason","1154.71921170"
"2026-05-15T20:00:00.0000000+00:00","BondSeason","3948.48200324"
"2026-05-15T20:00:00.0000000+00:00","EqBondReversion","4679.23351924"
"2026-05-15T20:00:00.0000000+00:00","RiskPremia","4491.16341100"
"2026-05-18T13:30:00.0000000+00:00","PaydaySeason","1156.11921170"
"2026-05-18T13:30:00.0000000+00:00","BondSeason","3948.48200324"
"2026-05-18T13:30:00.0000000+00:00","EqBondReversion","4679.23351924"
"2026-05-18T13:30:00.0000000+00:00","RiskPremia","4495.22841100"
"2026-05-18T20:00:00.0000000+00:00","PaydaySeason","1154.00022770"
"2026-05-18T20:00:00.0000000+00:00","BondSeason","3948.48200324"
"2026-05-18T20:00:00.0000000+00:00","EqBondReversion","4679.23351924"
"2026-05-18T20:00:00.0000000+00:00","RiskPremia","4488.89841100"
"2026-05-19T13:30:00.0000000+00:00","PaydaySeason","1154.00022770"
"2026-05-19T13:30:00.0000000+00:00","BondSeason","3948.48200324"
"2026-05-19T13:30:00.0000000+00:00","EqBondReversion","4679.23351924"
"2026-05-19T13:30:00.0000000+00:00","RiskPremia","4467.24841100"
"2026-05-19T20:00:00.0000000+00:00","PaydaySeason","1154.00022770"
"2026-05-19T20:00:00.0000000+00:00","BondSeason","3947.96731024"
"2026-05-19T20:00:00.0000000+00:00","EqBondReversion","4679.23351924"
"2026-05-19T20:00:00.0000000+00:00","RiskPremia","4466.66341100"
"2026-05-20T13:30:00.0000000+00:00","PaydaySeason","1154.00022770"
"2026-05-20T13:30:00.0000000+00:00","BondSeason","3949.36231024"
"2026-05-20T13:30:00.0000000+00:00","EqBondReversion","4679.23351924"
"2026-05-20T13:30:00.0000000+00:00","RiskPremia","4471.32841100"
"2026-05-20T20:00:00.0000000+00:00","PaydaySeason","1154.00022770"
"2026-05-20T20:00:00.0000000+00:00","BondSeason","3975.40231024"
"2026-05-20T20:00:00.0000000+00:00","EqBondReversion","4679.23351924"
"2026-05-20T20:00:00.0000000+00:00","RiskPremia","4498.82841100"
"2026-05-21T13:30:00.0000000+00:00","PaydaySeason","1154.00022770"
"2026-05-21T13:30:00.0000000+00:00","BondSeason","3966.72231024"
"2026-05-21T13:30:00.0000000+00:00","EqBondReversion","4678.64817924"
"2026-05-21T13:30:00.0000000+00:00","RiskPremia","4486.62841100"
"2026-05-21T20:00:00.0000000+00:00","PaydaySeason","1154.00022770"
"2026-05-21T20:00:00.0000000+00:00","BondSeason","3985.63231024"
"2026-05-21T20:00:00.0000000+00:00","EqBondReversion","4699.99817924"
"2026-05-21T20:00:00.0000000+00:00","RiskPremia","4506.77841100"
"2026-05-22T13:30:00.0000000+00:00","PaydaySeason","1154.00022770"
"2026-05-22T13:30:00.0000000+00:00","BondSeason","3997.25731024"
"2026-05-22T13:30:00.0000000+00:00","EqBondReversion","4713.12317924"
"2026-05-22T13:30:00.0000000+00:00","RiskPremia","4517.29341100"
"2026-05-22T20:00:00.0000000+00:00","PaydaySeason","1153.83939570"
"2026-05-22T20:00:00.0000000+00:00","BondSeason","3999.58231024"
"2026-05-22T20:00:00.0000000+00:00","EqBondReversion","4715.74817924"
"2026-05-22T20:00:00.0000000+00:00","RiskPremia","4516.68841100"
"2026-05-26T13:30:00.0000000+00:00","PaydaySeason","1158.87939570"
"2026-05-26T13:30:00.0000000+00:00","BondSeason","4019.88731024"
"2026-05-26T13:30:00.0000000+00:00","EqBondReversion","4738.67317924"
"2026-05-26T13:30:00.0000000+00:00","RiskPremia","4535.78341100"
"2026-05-26T20:00:00.0000000+00:00","PaydaySeason","1159.85939570"
"2026-05-26T20:00:00.0000000+00:00","BondSeason","4012.13731024"
"2026-05-26T20:00:00.0000000+00:00","EqBondReversion","4729.92317924"
"2026-05-26T20:00:00.0000000+00:00","RiskPremia","4531.78341100"
"2026-05-27T13:30:00.0000000+00:00","PaydaySeason","1161.11939570"
"2026-05-27T13:30:00.0000000+00:00","BondSeason","4017.25231024"
"2026-05-27T13:30:00.0000000+00:00","EqBondReversion","4735.69817924"
"2026-05-27T13:30:00.0000000+00:00","RiskPremia","4528.01841100"
"2026-05-27T20:00:00.0000000+00:00","PaydaySeason","1159.85939570"
"2026-05-27T20:00:00.0000000+00:00","BondSeason","4018.49231024"
"2026-05-27T20:00:00.0000000+00:00","EqBondReversion","4737.09817924"
"2026-05-27T20:00:00.0000000+00:00","RiskPremia","4530.62841100"
"2026-05-28T13:30:00.0000000+00:00","PaydaySeason","1159.43939570"
"2026-05-28T13:30:00.0000000+00:00","BondSeason","4021.74731024"
"2026-05-28T13:30:00.0000000+00:00","EqBondReversion","4740.77317924"
"2026-05-28T13:30:00.0000000+00:00","RiskPremia","4530.08341100"
"2026-05-28T20:00:00.0000000+00:00","PaydaySeason","1164.75939570"
"2026-05-28T20:00:00.0000000+00:00","BondSeason","4031.82231024"
"2026-05-28T20:00:00.0000000+00:00","EqBondReversion","4752.14817924"
"2026-05-28T20:00:00.0000000+00:00","RiskPremia","4548.26841100"
"2026-05-29T13:30:00.0000000+00:00","PaydaySeason","1165.59939570"
"2026-05-29T13:30:00.0000000+00:00","BondSeason","4034.61231024"
"2026-05-29T13:30:00.0000000+00:00","EqBondReversion","4755.29817924"
"2026-05-29T13:30:00.0000000+00:00","RiskPremia","4553.29841100"
"2026-05-29T20:00:00.0000000+00:00","PaydaySeason","1166.55598770"
"2026-05-29T20:00:00.0000000+00:00","BondSeason","4031.39628224"
"2026-05-29T20:00:00.0000000+00:00","EqBondReversion","4752.24799924"
"2026-05-29T20:00:00.0000000+00:00","RiskPremia","4555.14841100"
"2026-06-01T13:30:00.0000000+00:00","PaydaySeason","1166.55598770"
"2026-06-01T13:30:00.0000000+00:00","BondSeason","4045.62297224"
"2026-06-01T13:30:00.0000000+00:00","EqBondReversion","4752.24799924"
"2026-06-01T13:30:00.0000000+00:00","RiskPremia","4538.86662000"
"2026-06-01T20:00:00.0000000+00:00","PaydaySeason","1166.55598770"
"2026-06-01T20:00:00.0000000+00:00","BondSeason","4029.72297224"
"2026-06-01T20:00:00.0000000+00:00","EqBondReversion","4752.24799924"
"2026-06-01T20:00:00.0000000+00:00","RiskPremia","4553.59662000"
"2026-06-02T13:30:00.0000000+00:00","PaydaySeason","1166.55598770"
"2026-06-02T13:30:00.0000000+00:00","BondSeason","4019.52297224"
"2026-06-02T13:30:00.0000000+00:00","EqBondReversion","4752.24799924"
"2026-06-02T13:30:00.0000000+00:00","RiskPremia","4560.25662000"
"2026-06-02T20:00:00.0000000+00:00","PaydaySeason","1166.55598770"
"2026-06-02T20:00:00.0000000+00:00","BondSeason","4024.32297224"
"2026-06-02T20:00:00.0000000+00:00","EqBondReversion","4752.24799924"
"2026-06-02T20:00:00.0000000+00:00","RiskPremia","4559.87662000"
"2026-06-03T13:30:00.0000000+00:00","PaydaySeason","1166.55598770"
"2026-06-03T13:30:00.0000000+00:00","BondSeason","4034.97297224"
"2026-06-03T13:30:00.0000000+00:00","EqBondReversion","4752.24799924"
"2026-06-03T13:30:00.0000000+00:00","RiskPremia","4549.64162000"
"2026-06-03T20:00:00.0000000+00:00","PaydaySeason","1166.55598770"
"2026-06-03T20:00:00.0000000+00:00","BondSeason","4033.62297224"
"2026-06-03T20:00:00.0000000+00:00","EqBondReversion","4752.24799924"
"2026-06-03T20:00:00.0000000+00:00","RiskPremia","4542.99662000"
"2026-06-04T13:30:00.0000000+00:00","PaydaySeason","1166.55598770"
"2026-06-04T13:30:00.0000000+00:00","BondSeason","4025.37297224"
"2026-06-04T13:30:00.0000000+00:00","EqBondReversion","4752.24799924"
"2026-06-04T13:30:00.0000000+00:00","RiskPremia","4548.70162000"
"2026-06-04T20:00:00.0000000+00:00","PaydaySeason","1166.55598770"
"2026-06-04T20:00:00.0000000+00:00","BondSeason","4028.52297224"
"2026-06-04T20:00:00.0000000+00:00","EqBondReversion","4752.24799924"
"2026-06-04T20:00:00.0000000+00:00","RiskPremia","4554.04662000"
"2026-06-05T13:30:00.0000000+00:00","PaydaySeason","1166.55598770"
"2026-06-05T13:30:00.0000000+00:00","BondSeason","4043.82297224"
"2026-06-05T13:30:00.0000000+00:00","EqBondReversion","4752.24799924"
"2026-06-05T13:30:00.0000000+00:00","RiskPremia","4532.00662000"
"2026-06-05T20:00:00.0000000+00:00","PaydaySeason","1166.55598770"
"2026-06-05T20:00:00.0000000+00:00","BondSeason","4041.42297224"
"2026-06-05T20:00:00.0000000+00:00","EqBondReversion","4752.24799924"
"2026-06-05T20:00:00.0000000+00:00","RiskPremia","4504.04662000"
"2026-06-08T13:30:00.0000000+00:00","PaydaySeason","1166.55598770"
"2026-06-08T13:30:00.0000000+00:00","BondSeason","4036.62297224"
"2026-06-08T13:30:00.0000000+00:00","EqBondReversion","4752.24799924"
"2026-06-08T13:30:00.0000000+00:00","RiskPremia","4516.60662000"
"2026-06-08T20:00:00.0000000+00:00","PaydaySeason","1166.55598770"
"2026-06-08T20:00:00.0000000+00:00","BondSeason","4054.32297224"
"2026-06-08T20:00:00.0000000+00:00","EqBondReversion","4752.24799924"
"2026-06-08T20:00:00.0000000+00:00","RiskPremia","4500.51662000"
"2026-06-09T13:30:00.0000000+00:00","PaydaySeason","1166.55598770"
"2026-06-09T13:30:00.0000000+00:00","BondSeason","4044.42297224"
"2026-06-09T13:30:00.0000000+00:00","EqBondReversion","4752.24799924"
"2026-06-09T13:30:00.0000000+00:00","RiskPremia","4512.88948200"
"2026-06-09T20:00:00.0000000+00:00","PaydaySeason","1166.55598770"
"2026-06-09T20:00:00.0000000+00:00","BondSeason","4038.81213224"
"2026-06-09T20:00:00.0000000+00:00","EqBondReversion","4752.24799924"
"2026-06-09T20:00:00.0000000+00:00","RiskPremia","4499.83948200"
"2026-06-10T13:30:00.0000000+00:00","PaydaySeason","1166.55598770"
"2026-06-10T13:30:00.0000000+00:00","BondSeason","4038.81213224"
"2026-06-10T13:30:00.0000000+00:00","EqBondReversion","4752.24799924"
"2026-06-10T13:30:00.0000000+00:00","RiskPremia","4483.27948200"
"2026-06-10T20:00:00.0000000+00:00","PaydaySeason","1166.39907570"
"2026-06-10T20:00:00.0000000+00:00","BondSeason","4038.81213224"
"2026-06-10T20:00:00.0000000+00:00","EqBondReversion","4752.24799924"
"2026-06-10T20:00:00.0000000+00:00","RiskPremia","4460.31948200"
"2026-06-11T13:30:00.0000000+00:00","PaydaySeason","1170.31907570"
"2026-06-11T13:30:00.0000000+00:00","BondSeason","4038.81213224"
"2026-06-11T13:30:00.0000000+00:00","EqBondReversion","4752.24799924"
"2026-06-11T13:30:00.0000000+00:00","RiskPremia","4469.88948200"
"2026-06-11T20:00:00.0000000+00:00","PaydaySeason","1180.95907570"
"2026-06-11T20:00:00.0000000+00:00","BondSeason","4038.81213224"
"2026-06-11T20:00:00.0000000+00:00","EqBondReversion","4752.24799924"
"2026-06-11T20:00:00.0000000+00:00","RiskPremia","4510.97448200"
"2026-06-12T13:30:00.0000000+00:00","PaydaySeason","1184.03907570"
"2026-06-12T13:30:00.0000000+00:00","BondSeason","4038.81213224"
"2026-06-12T13:30:00.0000000+00:00","EqBondReversion","4752.24799924"
"2026-06-12T13:30:00.0000000+00:00","RiskPremia","4509.34948200"
"2026-06-12T20:00:00.0000000+00:00","PaydaySeason","1185.43907570"
"2026-06-12T20:00:00.0000000+00:00","BondSeason","4038.81213224"
"2026-06-12T20:00:00.0000000+00:00","EqBondReversion","4752.24799924"
"2026-06-12T20:00:00.0000000+00:00","RiskPremia","4513.74948200"
"2026-06-15T13:30:00.0000000+00:00","PaydaySeason","1196.63907570"
"2026-06-15T13:30:00.0000000+00:00","BondSeason","4038.81213224"
"2026-06-15T13:30:00.0000000+00:00","EqBondReversion","4752.24799924"
"2026-06-15T13:30:00.0000000+00:00","RiskPremia","4546.74897400"
"2026-06-15T20:00:00.0000000+00:00","PaydaySeason","1198.87907570"
"2026-06-15T20:00:00.0000000+00:00","BondSeason","4038.81213224"
"2026-06-15T20:00:00.0000000+00:00","EqBondReversion","4752.24799924"
"2026-06-15T20:00:00.0000000+00:00","RiskPremia","4541.25897400"
"2026-06-16T13:30:00.0000000+00:00","PaydaySeason","1199.15907570"
"2026-06-16T13:30:00.0000000+00:00","BondSeason","4038.81213224"
"2026-06-16T13:30:00.0000000+00:00","EqBondReversion","4752.24799924"
"2026-06-16T13:30:00.0000000+00:00","RiskPremia","4547.64897400"
"2026-06-16T20:00:00.0000000+00:00","PaydaySeason","1193.39673170"
"2026-06-16T20:00:00.0000000+00:00","BondSeason","4038.81213224"
"2026-06-16T20:00:00.0000000+00:00","EqBondReversion","4752.24799924"
"2026-06-16T20:00:00.0000000+00:00","RiskPremia","4544.63897400"
"2026-06-17T13:30:00.0000000+00:00","PaydaySeason","1193.39673170"
"2026-06-17T13:30:00.0000000+00:00","BondSeason","4038.81213224"
"2026-06-17T13:30:00.0000000+00:00","EqBondReversion","4752.24799924"
"2026-06-17T13:30:00.0000000+00:00","RiskPremia","4548.54897400"
"2026-06-17T20:00:00.0000000+00:00","PaydaySeason","1193.39673170"
"2026-06-17T20:00:00.0000000+00:00","BondSeason","4038.81213224"
"2026-06-17T20:00:00.0000000+00:00","EqBondReversion","4752.24799924"
"2026-06-17T20:00:00.0000000+00:00","RiskPremia","4523.51897400"
"2026-06-18T13:30:00.0000000+00:00","PaydaySeason","1193.39673170"
"2026-06-18T13:30:00.0000000+00:00","BondSeason","4038.81213224"
"2026-06-18T13:30:00.0000000+00:00","EqBondReversion","4752.24799924"
"2026-06-18T13:30:00.0000000+00:00","RiskPremia","4551.13897400"
"2026-06-18T20:00:00.0000000+00:00","PaydaySeason","1193.39673170"
"2026-06-18T20:00:00.0000000+00:00","BondSeason","4038.29175224"
"2026-06-18T20:00:00.0000000+00:00","EqBondReversion","4752.24799924"
"2026-06-18T20:00:00.0000000+00:00","RiskPremia","4539.21897400"
"2026-06-22T13:30:00.0000000+00:00","PaydaySeason","1193.39673170"
"2026-06-22T13:30:00.0000000+00:00","BondSeason","4025.39175224"
"2026-06-22T13:30:00.0000000+00:00","EqBondReversion","4751.64438324"
"2026-06-22T13:30:00.0000000+00:00","RiskPremia","4529.94897400"
"2026-06-22T20:00:00.0000000+00:00","PaydaySeason","1193.39673170"
"2026-06-22T20:00:00.0000000+00:00","BondSeason","4019.09175224"
"2026-06-22T20:00:00.0000000+00:00","EqBondReversion","4737.08438324"
"2026-06-22T20:00:00.0000000+00:00","RiskPremia","4522.09897400"
"2026-06-23T13:30:00.0000000+00:00","PaydaySeason","1193.39673170"
"2026-06-23T13:30:00.0000000+00:00","BondSeason","4019.99175224"
"2026-06-23T13:30:00.0000000+00:00","EqBondReversion","4691.32438324"
"2026-06-23T13:30:00.0000000+00:00","RiskPremia","4498.76897400"
"2026-06-23T20:00:00.0000000+00:00","PaydaySeason","1193.23724370"
"2026-06-23T20:00:00.0000000+00:00","BondSeason","4022.99175224"
"2026-06-23T20:00:00.0000000+00:00","EqBondReversion","4695.48438324"
"2026-06-23T20:00:00.0000000+00:00","RiskPremia","4501.28897400"
"2026-06-24T13:30:00.0000000+00:00","PaydaySeason","1194.78564370"
"2026-06-24T13:30:00.0000000+00:00","BondSeason","4050.89175224"
"2026-06-24T13:30:00.0000000+00:00","EqBondReversion","4701.23558324"
"2026-06-24T13:30:00.0000000+00:00","RiskPremia","4502.77917400"
"2026-06-24T20:00:00.0000000+00:00","PaydaySeason","1193.29604370"
"2026-06-24T20:00:00.0000000+00:00","BondSeason","4058.09175224"
"2026-06-24T20:00:00.0000000+00:00","EqBondReversion","4695.70278324"
"2026-06-24T20:00:00.0000000+00:00","RiskPremia","4506.55037400"
"2026-06-25T13:30:00.0000000+00:00","PaydaySeason","1199.26564370"
"2026-06-25T13:30:00.0000000+00:00","BondSeason","4063.79175224"
"2026-06-25T13:30:00.0000000+00:00","EqBondReversion","4717.87558324"
"2026-06-25T13:30:00.0000000+00:00","RiskPremia","4521.10917400"
"2026-06-25T20:00:00.0000000+00:00","PaydaySeason","1193.66564370"
"2026-06-25T20:00:00.0000000+00:00","BondSeason","4056.29175224"
"2026-06-25T20:00:00.0000000+00:00","EqBondReversion","4697.07558324"
"2026-06-25T20:00:00.0000000+00:00","RiskPremia","4510.50917400"
"2026-06-26T13:30:00.0000000+00:00","PaydaySeason","1188.90564370"
"2026-06-26T13:30:00.0000000+00:00","BondSeason","4046.69175224"
"2026-06-26T13:30:00.0000000+00:00","EqBondReversion","4679.39558324"
"2026-06-26T13:30:00.0000000+00:00","RiskPremia","4503.03917400"
"2026-06-26T20:00:00.0000000+00:00","PaydaySeason","1191.14564370"
"2026-06-26T20:00:00.0000000+00:00","BondSeason","4056.14175224"
"2026-06-26T20:00:00.0000000+00:00","EqBondReversion","4687.71558324"
"2026-06-26T20:00:00.0000000+00:00","RiskPremia","4512.91417400"
"2026-06-29T13:30:00.0000000+00:00","PaydaySeason","1197.58564370"
"2026-06-29T13:30:00.0000000+00:00","BondSeason","4057.04175224"
"2026-06-29T13:30:00.0000000+00:00","EqBondReversion","4711.63558324"
"2026-06-29T13:30:00.0000000+00:00","RiskPremia","4517.22417400"
"2026-06-29T20:00:00.0000000+00:00","PaydaySeason","1202.34564370"
"2026-06-29T20:00:00.0000000+00:00","BondSeason","4058.84175224"
"2026-06-29T20:00:00.0000000+00:00","EqBondReversion","4729.31558324"
"2026-06-29T20:00:00.0000000+00:00","RiskPremia","4521.35417400"
"2026-06-30T13:30:00.0000000+00:00","PaydaySeason","1202.90564370"
"2026-06-30T13:30:00.0000000+00:00","BondSeason","4050.89175224"
"2026-06-30T13:30:00.0000000+00:00","EqBondReversion","4731.39558324"
"2026-06-30T13:30:00.0000000+00:00","RiskPremia","4518.15917400"
"2026-06-30T20:00:00.0000000+00:00","PaydaySeason","1208.34352370"
"2026-06-30T20:00:00.0000000+00:00","BondSeason","4028.87164224"
"2026-06-30T20:00:00.0000000+00:00","EqBondReversion","4751.59342324"
"2026-06-30T20:00:00.0000000+00:00","RiskPremia","4512.27917400"
"2026-07-01T13:30:00.0000000+00:00","PaydaySeason","1208.34352370"
"2026-07-01T13:30:00.0000000+00:00","BondSeason","4047.77877224"
"2026-07-01T13:30:00.0000000+00:00","EqBondReversion","4751.59342324"
"2026-07-01T13:30:00.0000000+00:00","RiskPremia","4503.87568400"
"2026-07-01T20:00:00.0000000+00:00","PaydaySeason","1208.34352370"
"2026-07-01T20:00:00.0000000+00:00","BondSeason","4046.61877224"
"2026-07-01T20:00:00.0000000+00:00","EqBondReversion","4751.59342324"
"2026-07-01T20:00:00.0000000+00:00","RiskPremia","4503.39568400"
"2026-07-02T13:30:00.0000000+00:00","PaydaySeason","1208.34352370"
"2026-07-02T13:30:00.0000000+00:00","BondSeason","4050.67877224"
"2026-07-02T13:30:00.0000000+00:00","EqBondReversion","4751.59342324"
"2026-07-02T13:30:00.0000000+00:00","RiskPremia","4512.89568400"
"2026-07-02T20:00:00.0000000+00:00","PaydaySeason","1208.34352370"
"2026-07-02T20:00:00.0000000+00:00","BondSeason","4046.32877224"
"2026-07-02T20:00:00.0000000+00:00","EqBondReversion","4751.59342324"
"2026-07-02T20:00:00.0000000+00:00","RiskPremia","4511.98568400"
"2026-07-06T13:30:00.0000000+00:00","PaydaySeason","1208.34352370"
"2026-07-06T13:30:00.0000000+00:00","BondSeason","4049.22877224"
"2026-07-06T13:30:00.0000000+00:00","EqBondReversion","4751.59342324"
"2026-07-06T13:30:00.0000000+00:00","RiskPremia","4516.82568400"
"2026-07-06T20:00:00.0000000+00:00","PaydaySeason","1208.34352370"
"2026-07-06T20:00:00.0000000+00:00","BondSeason","4048.21377224"
"2026-07-06T20:00:00.0000000+00:00","EqBondReversion","4751.59342324"
"2026-07-06T20:00:00.0000000+00:00","RiskPremia","4523.80068400"
"2026-07-07T13:30:00.0000000+00:00","PaydaySeason","1208.34352370"
"2026-07-07T13:30:00.0000000+00:00","BondSeason","4058.36377224"
"2026-07-07T13:30:00.0000000+00:00","EqBondReversion","4751.59342324"
"2026-07-07T13:30:00.0000000+00:00","RiskPremia","4516.73068400"
"2026-07-07T20:00:00.0000000+00:00","PaydaySeason","1208.34352370"
"2026-07-07T20:00:00.0000000+00:00","BondSeason","4074.74877224"
"2026-07-07T20:00:00.0000000+00:00","EqBondReversion","4751.59342324"
"2026-07-07T20:00:00.0000000+00:00","RiskPremia","4496.86568400"
"2026-07-08T13:30:00.0000000+00:00","PaydaySeason","1208.34352370"
"2026-07-08T13:30:00.0000000+00:00","BondSeason","4081.70877224"
"2026-07-08T13:30:00.0000000+00:00","EqBondReversion","4751.59342324"
"2026-07-08T13:30:00.0000000+00:00","RiskPremia","4481.70568400"
"2026-07-08T20:00:00.0000000+00:00","PaydaySeason","1208.34352370"
"2026-07-08T20:00:00.0000000+00:00","BondSeason","4080.40377224"
"2026-07-08T20:00:00.0000000+00:00","EqBondReversion","4751.59342324"
"2026-07-08T20:00:00.0000000+00:00","RiskPremia","4485.67068400"
"2026-07-09T13:30:00.0000000+00:00","PaydaySeason","1208.34352370"
"2026-07-09T13:30:00.0000000+00:00","BondSeason","4082.57877224"
"2026-07-09T13:30:00.0000000+00:00","EqBondReversion","4751.59342324"
"2026-07-09T13:30:00.0000000+00:00","RiskPremia","4492.91568400"
"2026-07-09T20:00:00.0000000+00:00","PaydaySeason","1208.34352370"
"2026-07-09T20:00:00.0000000+00:00","BondSeason","4076.77877224"
"2026-07-09T20:00:00.0000000+00:00","EqBondReversion","4751.59342324"
"2026-07-09T20:00:00.0000000+00:00","RiskPremia","4501.27568400"
"2026-07-10T13:30:00.0000000+00:00","PaydaySeason","1208.34352370"
"2026-07-10T13:30:00.0000000+00:00","BondSeason","4075.90877224"
"2026-07-10T13:30:00.0000000+00:00","EqBondReversion","4751.59342324"
"2026-07-10T13:30:00.0000000+00:00","RiskPremia","4499.06568400"
"2026-07-10T20:00:00.0000000+00:00","PaydaySeason","1208.34352370"
"2026-07-10T20:00:00.0000000+00:00","BondSeason","4075.85370124"
"2026-07-10T20:00:00.0000000+00:00","EqBondReversion","4751.59342324"
"2026-07-10T20:00:00.0000000+00:00","RiskPremia","4503.37068400"
"2026-07-13T13:30:00.0000000+00:00","PaydaySeason","1208.34352370"
"2026-07-13T13:30:00.0000000+00:00","BondSeason","4075.85370124"
"2026-07-13T13:30:00.0000000+00:00","EqBondReversion","4751.59342324"
"2026-07-13T13:30:00.0000000+00:00","RiskPremia","4489.80068400"
"2026-07-13T20:00:00.0000000+00:00","PaydaySeason","1208.18713970"
"2026-07-13T20:00:00.0000000+00:00","BondSeason","4075.85370124"
"2026-07-13T20:00:00.0000000+00:00","EqBondReversion","4751.59342324"
"2026-07-13T20:00:00.0000000+00:00","RiskPremia","4474.47568400"
"2026-07-14T13:30:00.0000000+00:00","PaydaySeason","1210.61713970"
"2026-07-14T13:30:00.0000000+00:00","BondSeason","4075.85370124"
"2026-07-14T13:30:00.0000000+00:00","EqBondReversion","4751.59342324"
"2026-07-14T13:30:00.0000000+00:00","RiskPremia","4490.53568400"
"2026-07-14T20:00:00.0000000+00:00","PaydaySeason","1211.02213970"
"2026-07-14T20:00:00.0000000+00:00","BondSeason","4075.85370124"
"2026-07-14T20:00:00.0000000+00:00","EqBondReversion","4751.59342324"
"2026-07-14T20:00:00.0000000+00:00","RiskPremia","4486.10568400"
"2026-07-15T13:30:00.0000000+00:00","PaydaySeason","1213.85713970"
"2026-07-15T13:30:00.0000000+00:00","BondSeason","4075.85370124"
"2026-07-15T13:30:00.0000000+00:00","EqBondReversion","4751.59342324"
"2026-07-15T13:30:00.0000000+00:00","RiskPremia","4489.73568400"
"2026-07-15T20:00:00.0000000+00:00","PaydaySeason","1213.72213970"
"2026-07-15T20:00:00.0000000+00:00","BondSeason","4075.85370124"
"2026-07-15T20:00:00.0000000+00:00","EqBondReversion","4751.59342324"
"2026-07-15T20:00:00.0000000+00:00","RiskPremia","4492.20568400"
"2026-07-16T13:30:00.0000000+00:00","PaydaySeason","1211.96713970"
"2026-07-16T13:30:00.0000000+00:00","BondSeason","4075.85370124"
"2026-07-16T13:30:00.0000000+00:00","EqBondReversion","4751.59342324"
"2026-07-16T13:30:00.0000000+00:00","RiskPremia","4477.21568400"
"2026-07-16T20:00:00.0000000+00:00","PaydaySeason","1209.94213970"
"2026-07-16T20:00:00.0000000+00:00","BondSeason","4075.85370124"
"2026-07-16T20:00:00.0000000+00:00","EqBondReversion","4751.59342324"
"2026-07-16T20:00:00.0000000+00:00","RiskPremia","4477.89568400"
"2026-07-17T13:30:00.0000000+00:00","PaydaySeason","1200.08713970"
"2026-07-17T13:30:00.0000000+00:00","BondSeason","4075.85370124"
"2026-07-17T13:30:00.0000000+00:00","EqBondReversion","4751.59342324"
"2026-07-17T13:30:00.0000000+00:00","RiskPremia","4471.25568400"
"2026-07-17T20:00:00.0000000+00:00","PaydaySeason","1202.09194370"
"2026-07-17T20:00:00.0000000+00:00","BondSeason","4075.85370124"
"2026-07-17T20:00:00.0000000+00:00","EqBondReversion","4751.59342324"
"2026-07-17T20:00:00.0000000+00:00","RiskPremia","4477.88068400"
"2026-07-20T13:30:00.0000000+00:00","PaydaySeason","1202.09194370"
"2026-07-20T13:30:00.0000000+00:00","BondSeason","4075.85370124"
"2026-07-20T13:30:00.0000000+00:00","EqBondReversion","4751.59342324"
"2026-07-20T13:30:00.0000000+00:00","RiskPremia","4478.26568400"
"2026-07-20T20:00:00.0000000+00:00","PaydaySeason","1202.09194370"
"2026-07-20T20:00:00.0000000+00:00","BondSeason","4075.85370124"
"2026-07-20T20:00:00.0000000+00:00","EqBondReversion","4751.59342324"
"2026-07-20T20:00:00.0000000+00:00","RiskPremia","4464.39568400"
"2026-07-21T13:30:00.0000000+00:00","PaydaySeason","1202.09194370"
"2026-07-21T13:30:00.0000000+00:00","BondSeason","4075.85370124"
"2026-07-21T13:30:00.0000000+00:00","EqBondReversion","4751.59342324"
"2026-07-21T13:30:00.0000000+00:00","RiskPremia","4471.83068400"
"2026-07-21T20:00:00.0000000+00:00","PaydaySeason","1202.09194370"
"2026-07-21T20:00:00.0000000+00:00","BondSeason","4075.85370124"
"2026-07-21T20:00:00.0000000+00:00","EqBondReversion","4751.59342324"
"2026-07-21T20:00:00.0000000+00:00","RiskPremia","4477.85568400"
"2026-07-22T13:30:00.0000000+00:00","PaydaySeason","1202.09194370"
"2026-07-22T13:30:00.0000000+00:00","BondSeason","4075.85370124"
"2026-07-22T13:30:00.0000000+00:00","EqBondReversion","4750.99146724"
"2026-07-22T13:30:00.0000000+00:00","RiskPremia","4480.86068400"
"2026-07-22T20:00:00.0000000+00:00","PaydaySeason","1202.09194370"
"2026-07-22T20:00:00.0000000+00:00","BondSeason","4075.33649724"
"2026-07-22T20:00:00.0000000+00:00","EqBondReversion","4744.33146724"
"2026-07-22T20:00:00.0000000+00:00","RiskPremia","4477.76568400"
"2026-07-23T13:30:00.0000000+00:00","PaydaySeason","1202.09194370"
"2026-07-23T13:30:00.0000000+00:00","BondSeason","4062.00649724"
"2026-07-23T13:30:00.0000000+00:00","EqBondReversion","4728.85146724"
"2026-07-23T13:30:00.0000000+00:00","RiskPremia","4451.20568400"
"2026-07-23T20:00:00.0000000+00:00","PaydaySeason","1201.93206370"
"2026-07-23T20:00:00.0000000+00:00","BondSeason","4067.58649724"
"2026-07-23T20:00:00.0000000+00:00","EqBondReversion","4735.33146724"
"2026-07-23T20:00:00.0000000+00:00","RiskPremia","4452.40568400"
"2026-07-24T13:30:00.0000000+00:00","PaydaySeason","1202.77206370"
"2026-07-24T13:30:00.0000000+00:00","BondSeason","4071.92649724"
"2026-07-24T13:30:00.0000000+00:00","EqBondReversion","4740.37146724"
"2026-07-24T13:30:00.0000000+00:00","RiskPremia","4455.44568400"
"2026-07-24T20:00:00.0000000+00:00","PaydaySeason","1202.35206370"
"2026-07-24T20:00:00.0000000+00:00","BondSeason","4070.06649724"
"2026-07-24T20:00:00.0000000+00:00","EqBondReversion","4738.21146724"
"2026-07-24T20:00:00.0000000+00:00","RiskPremia","4454.75568400"
"2026-07-27T13:30:00.0000000+00:00","PaydaySeason","1208.37206370"
"2026-07-27T13:30:00.0000000+00:00","BondSeason","4084.94649724"
"2026-07-27T13:30:00.0000000+00:00","EqBondReversion","4755.49146724"
"2026-07-27T13:30:00.0000000+00:00","RiskPremia","4472.86568400"
"2026-07-27T20:00:00.0000000+00:00","PaydaySeason","1202.77206370"
"2026-07-27T20:00:00.0000000+00:00","BondSeason","4085.87649724"
"2026-07-27T20:00:00.0000000+00:00","EqBondReversion","4756.57146724"
"2026-07-27T20:00:00.0000000+00:00","RiskPremia","4467.47568400"
"2026-07-28T13:30:00.0000000+00:00","PaydaySeason","1202.21206370"
"2026-07-28T13:30:00.0000000+00:00","BondSeason","4088.97649724"
"2026-07-28T13:30:00.0000000+00:00","EqBondReversion","4760.17146724"
"2026-07-28T13:30:00.0000000+00:00","RiskPremia","4462.07568400"
"2026-07-28T20:00:00.0000000+00:00","PaydaySeason","1204.45206370"
"2026-07-28T20:00:00.0000000+00:00","BondSeason","4100.60149724"
"2026-07-28T20:00:00.0000000+00:00","EqBondReversion","4773.67146724"
"2026-07-28T20:00:00.0000000+00:00","RiskPremia","4470.81068400"
"2026-07-29T13:30:00.0000000+00:00","PaydaySeason","1203.33206370"
"2026-07-29T13:30:00.0000000+00:00","BondSeason","4096.41649724"
"2026-07-29T13:30:00.0000000+00:00","EqBondReversion","4768.81146724"
"2026-07-29T13:30:00.0000000+00:00","RiskPremia","4465.77568400"
"2026-07-29T20:00:00.0000000+00:00","PaydaySeason","1192.69206370"
"2026-07-29T20:00:00.0000000+00:00","BondSeason","4057.66649724"
"2026-07-29T20:00:00.0000000+00:00","EqBondReversion","4723.81146724"
"2026-07-29T20:00:00.0000000+00:00","RiskPremia","4435.08568400"
"2026-07-30T13:30:00.0000000+00:00","PaydaySeason","1199.69206370"
"2026-07-30T13:30:00.0000000+00:00","BondSeason","4056.42649724"
"2026-07-30T13:30:00.0000000+00:00","EqBondReversion","4722.37146724"
"2026-07-30T13:30:00.0000000+00:00","RiskPremia","4447.16568400"
"2026-07-30T20:00:00.0000000+00:00","PaydaySeason","1205.29206370"
"2026-07-30T20:00:00.0000000+00:00","BondSeason","4055.65149724"
"2026-07-30T20:00:00.0000000+00:00","EqBondReversion","4721.47146724"
"2026-07-30T20:00:00.0000000+00:00","RiskPremia","4457.20068400"
"2026-07-31T13:30:00.0000000+00:00","PaydaySeason","1208.93206370"
"2026-07-31T13:30:00.0000000+00:00","BondSeason","4045.26649724"
"2026-07-31T13:30:00.0000000+00:00","EqBondReversion","4709.41146724"
"2026-07-31T13:30:00.0000000+00:00","RiskPremia","4447.82568400"
"2026-07-31T20:00:00.0000000+00:00","PaydaySeason","1209.61061570"
"2026-07-31T20:00:00.0000000+00:00","BondSeason","4037.58178324"
"2026-07-31T20:00:00.0000000+00:00","EqBondReversion","4701.07937524"
"2026-07-31T20:00:00.0000000+00:00","RiskPremia","4446.27068400"
"2026-08-03T13:30:00.0000000+00:00","PaydaySeason","1209.61061570"
"2026-08-03T13:30:00.0000000+00:00","BondSeason","4027.18270924"
"2026-08-03T13:30:00.0000000+00:00","EqBondReversion","4701.07937524"
"2026-08-03T13:30:00.0000000+00:00","RiskPremia","4452.99340200"
"2026-08-03T20:00:00.0000000+00:00","PaydaySeason","1209.61061570"
"2026-08-03T20:00:00.0000000+00:00","BondSeason","4028.42270924"
"2026-08-03T20:00:00.0000000+00:00","EqBondReversion","4701.07937524"
"2026-08-03T20:00:00.0000000+00:00","RiskPremia","4466.19340200"
"2026-08-04T13:30:00.0000000+00:00","PaydaySeason","1209.61061570"
"2026-08-04T13:30:00.0000000+00:00","BondSeason","4014.47270924"
"2026-08-04T13:30:00.0000000+00:00","EqBondReversion","4701.07937524"
"2026-08-04T13:30:00.0000000+00:00","RiskPremia","4481.44340200"
"2026-08-04T20:00:00.0000000+00:00","PaydaySeason","1209.61061570"
"2026-08-04T20:00:00.0000000+00:00","BondSeason","4008.89270924"
"2026-08-04T20:00:00.0000000+00:00","EqBondReversion","4701.07937524"
"2026-08-04T20:00:00.0000000+00:00","RiskPremia","4498.43760200"
"2026-08-05T13:30:00.0000000+00:00","PaydaySeason","1209.61061570"
"2026-08-05T13:30:00.0000000+00:00","BondSeason","4005.32770924"
"2026-08-05T13:30:00.0000000+00:00","EqBondReversion","4701.07937524"
"2026-08-05T13:30:00.0000000+00:00","RiskPremia","4519.57443400"
"2026-08-05T20:00:00.0000000+00:00","PaydaySeason","1209.61061570"
"2026-08-05T20:00:00.0000000+00:00","BondSeason","4003.31270924"
"2026-08-05T20:00:00.0000000+00:00","EqBondReversion","4701.07937524"
"2026-08-05T20:00:00.0000000+00:00","RiskPremia","4519.77943400"
"2026-08-06T13:30:00.0000000+00:00","PaydaySeason","1209.61061570"
"2026-08-06T13:30:00.0000000+00:00","BondSeason","4010.75270924"
"2026-08-06T13:30:00.0000000+00:00","EqBondReversion","4701.07937524"
"2026-08-06T13:30:00.0000000+00:00","RiskPremia","4515.87943400"
"2026-08-06T20:00:00.0000000+00:00","PaydaySeason","1209.61061570"
"2026-08-06T20:00:00.0000000+00:00","BondSeason","4018.81270924"
"2026-08-06T20:00:00.0000000+00:00","EqBondReversion","4701.07937524"
"2026-08-06T20:00:00.0000000+00:00","RiskPremia","4509.83943400"
"2026-08-07T13:30:00.0000000+00:00","PaydaySeason","1209.61061570"
"2026-08-07T13:30:00.0000000+00:00","BondSeason","4009.97770924"
"2026-08-07T13:30:00.0000000+00:00","EqBondReversion","4701.07937524"
"2026-08-07T13:30:00.0000000+00:00","RiskPremia","4531.48443400"
"2026-08-07T20:00:00.0000000+00:00","PaydaySeason","1209.61061570"
"2026-08-07T20:00:00.0000000+00:00","BondSeason","4011.52770924"
"2026-08-07T20:00:00.0000000+00:00","EqBondReversion","4701.07937524"
"2026-08-07T20:00:00.0000000+00:00","RiskPremia","4531.86443400"
"2026-08-10T13:30:00.0000000+00:00","PaydaySeason","1209.61061570"
"2026-08-10T13:30:00.0000000+00:00","BondSeason","4022.22270924"
"2026-08-10T13:30:00.0000000+00:00","EqBondReversion","4701.07937524"
"2026-08-10T13:30:00.0000000+00:00","RiskPremia","4524.40943400"
"2026-08-10T20:00:00.0000000+00:00","PaydaySeason","1209.61061570"
"2026-08-10T20:00:00.0000000+00:00","BondSeason","4033.22770924"
"2026-08-10T20:00:00.0000000+00:00","EqBondReversion","4701.07937524"
"2026-08-10T20:00:00.0000000+00:00","RiskPremia","4524.59643400"
"2026-08-11T13:30:00.0000000+00:00","PaydaySeason","1209.61061570"
"2026-08-11T13:30:00.0000000+00:00","BondSeason","4026.25270924"
"2026-08-11T13:30:00.0000000+00:00","EqBondReversion","4701.07937524"
"2026-08-11T13:30:00.0000000+00:00","RiskPremia","4531.37943400"
"2026-08-11T20:00:00.0000000+00:00","PaydaySeason","1209.61061570"
"2026-08-11T20:00:00.0000000+00:00","BondSeason","4028.22313124"
"2026-08-11T20:00:00.0000000+00:00","EqBondReversion","4701.07937524"
"2026-08-11T20:00:00.0000000+00:00","RiskPremia","4522.51943400"
"2026-08-12T13:30:00.0000000+00:00","PaydaySeason","1209.61061570"
"2026-08-12T13:30:00.0000000+00:00","BondSeason","4028.22313124"
"2026-08-12T13:30:00.0000000+00:00","EqBondReversion","4701.07937524"
"2026-08-12T13:30:00.0000000+00:00","RiskPremia","4537.67943400"
"2026-08-12T20:00:00.0000000+00:00","PaydaySeason","1209.44915570"
"2026-08-12T20:00:00.0000000+00:00","BondSeason","4028.22313124"
"2026-08-12T20:00:00.0000000+00:00","EqBondReversion","4701.07937524"
"2026-08-12T20:00:00.0000000+00:00","RiskPremia","4529.29443400"
"2026-08-13T13:30:00.0000000+00:00","PaydaySeason","1211.60915570"
"2026-08-13T13:30:00.0000000+00:00","BondSeason","4028.22313124"
"2026-08-13T13:30:00.0000000+00:00","EqBondReversion","4701.07937524"
"2026-08-13T13:30:00.0000000+00:00","RiskPremia","4536.27943400"
"2026-08-13T20:00:00.0000000+00:00","PaydaySeason","1214.57915570"
"2026-08-13T20:00:00.0000000+00:00","BondSeason","4028.22313124"
"2026-08-13T20:00:00.0000000+00:00","EqBondReversion","4701.07937524"
"2026-08-13T20:00:00.0000000+00:00","RiskPremia","4535.44943400"
"2026-08-14T13:30:00.0000000+00:00","PaydaySeason","1215.65915570"
"2026-08-14T13:30:00.0000000+00:00","BondSeason","4028.22313124"
"2026-08-14T13:30:00.0000000+00:00","EqBondReversion","4701.07937524"
"2026-08-14T13:30:00.0000000+00:00","RiskPremia","4534.65943400"
"2026-08-14T20:00:00.0000000+00:00","PaydaySeason","1213.49915570"
"2026-08-14T20:00:00.0000000+00:00","BondSeason","4028.22313124"
"2026-08-14T20:00:00.0000000+00:00","EqBondReversion","4701.07937524"
"2026-08-14T20:00:00.0000000+00:00","RiskPremia","4528.19943400"
"2026-08-17T13:30:00.0000000+00:00","PaydaySeason","1213.22915570"
"2026-08-17T13:30:00.0000000+00:00","BondSeason","4028.22313124"
"2026-08-17T13:30:00.0000000+00:00","EqBondReversion","4701.07937524"
"2026-08-17T13:30:00.0000000+00:00","RiskPremia","4524.61943400"
"2026-08-17T20:00:00.0000000+00:00","PaydaySeason","1209.98915570"
"2026-08-17T20:00:00.0000000+00:00","BondSeason","4028.22313124"
"2026-08-17T20:00:00.0000000+00:00","EqBondReversion","4701.07937524"
"2026-08-17T20:00:00.0000000+00:00","RiskPremia","4518.11943400"
"2026-08-18T13:30:00.0000000+00:00","PaydaySeason","1205.39915570"
"2026-08-18T13:30:00.0000000+00:00","BondSeason","4028.22313124"
"2026-08-18T13:30:00.0000000+00:00","EqBondReversion","4701.07937524"
"2026-08-18T13:30:00.0000000+00:00","RiskPremia","4507.41158400"
"2026-08-18T20:00:00.0000000+00:00","PaydaySeason","1203.21391070"
"2026-08-18T20:00:00.0000000+00:00","BondSeason","4028.22313124"
"2026-08-18T20:00:00.0000000+00:00","EqBondReversion","4701.07937524"
"2026-08-18T20:00:00.0000000+00:00","RiskPremia","4506.23658400"
"2026-08-19T13:30:00.0000000+00:00","PaydaySeason","1203.21391070"
"2026-08-19T13:30:00.0000000+00:00","BondSeason","4028.22313124"
"2026-08-19T13:30:00.0000000+00:00","EqBondReversion","4701.07937524"
"2026-08-19T13:30:00.0000000+00:00","RiskPremia","4544.11658400"
"2026-08-19T20:00:00.0000000+00:00","PaydaySeason","1203.21391070"
"2026-08-19T20:00:00.0000000+00:00","BondSeason","4028.22313124"
"2026-08-19T20:00:00.0000000+00:00","EqBondReversion","4701.07937524"
"2026-08-19T20:00:00.0000000+00:00","RiskPremia","4551.31158400"
"2026-08-20T13:30:00.0000000+00:00","PaydaySeason","1203.21391070"
"2026-08-20T13:30:00.0000000+00:00","BondSeason","4028.22313124"
"2026-08-20T13:30:00.0000000+00:00","EqBondReversion","4701.07937524"
"2026-08-20T13:30:00.0000000+00:00","RiskPremia","4531.82158400"
"2026-08-20T20:00:00.0000000+00:00","PaydaySeason","1203.21391070"
"2026-08-20T20:00:00.0000000+00:00","BondSeason","4027.71256744"
"2026-08-20T20:00:00.0000000+00:00","EqBondReversion","4701.07937524"
"2026-08-20T20:00:00.0000000+00:00","RiskPremia","4533.21458400"
"2026-08-21T13:30:00.0000000+00:00","PaydaySeason","1203.21391070"
"2026-08-21T13:30:00.0000000+00:00","BondSeason","4022.16356744"
"2026-08-21T13:30:00.0000000+00:00","EqBondReversion","4700.48775124"
"2026-08-21T13:30:00.0000000+00:00","RiskPremia","4541.63158400"
"2026-08-21T20:00:00.0000000+00:00","PaydaySeason","1203.21391070"
"2026-08-21T20:00:00.0000000+00:00","BondSeason","4018.28856744"
"2026-08-21T20:00:00.0000000+00:00","EqBondReversion","4695.98775124"
"2026-08-21T20:00:00.0000000+00:00","RiskPremia","4543.19328400"
"2026-08-24T13:30:00.0000000+00:00","PaydaySeason","1203.21391070"
"2026-08-24T13:30:00.0000000+00:00","BondSeason","4032.08356744"
"2026-08-24T13:30:00.0000000+00:00","EqBondReversion","4712.00775124"
"2026-08-24T13:30:00.0000000+00:00","RiskPremia","4556.43158400"
"2026-08-24T20:00:00.0000000+00:00","PaydaySeason","1203.05452970"
"2026-08-24T20:00:00.0000000+00:00","BondSeason","4034.40856744"
"2026-08-24T20:00:00.0000000+00:00","EqBondReversion","4714.70775124"
"2026-08-24T20:00:00.0000000+00:00","RiskPremia","4553.07158400"
"2026-08-25T13:30:00.0000000+00:00","PaydaySeason","1206.15952970"
"2026-08-25T13:30:00.0000000+00:00","BondSeason","4051.14856744"
"2026-08-25T13:30:00.0000000+00:00","EqBondReversion","4734.14775124"
"2026-08-25T13:30:00.0000000+00:00","RiskPremia","4560.91658400"
"2026-08-25T20:00:00.0000000+00:00","PaydaySeason","1205.34952970"
"2026-08-25T20:00:00.0000000+00:00","BondSeason","4062.15356744"
"2026-08-25T20:00:00.0000000+00:00","EqBondReversion","4746.92775124"
"2026-08-25T20:00:00.0000000+00:00","RiskPremia","4572.92158400"
"2026-08-26T13:30:00.0000000+00:00","PaydaySeason","1203.99952970"
"2026-08-26T13:30:00.0000000+00:00","BondSeason","4056.26356744"
"2026-08-26T13:30:00.0000000+00:00","EqBondReversion","4740.08775124"
"2026-08-26T13:30:00.0000000+00:00","RiskPremia","4561.38158400"
"2026-08-26T20:00:00.0000000+00:00","PaydaySeason","1205.48452970"
"2026-08-26T20:00:00.0000000+00:00","BondSeason","4056.88356744"
"2026-08-26T20:00:00.0000000+00:00","EqBondReversion","4740.80775124"
"2026-08-26T20:00:00.0000000+00:00","RiskPremia","4561.49658400"
"2026-08-27T13:30:00.0000000+00:00","PaydaySeason","1208.31952970"
"2026-08-27T13:30:00.0000000+00:00","BondSeason","4054.09356744"
"2026-08-27T13:30:00.0000000+00:00","EqBondReversion","4737.56775124"
"2026-08-27T13:30:00.0000000+00:00","RiskPremia","4562.74158400"
"2026-08-27T20:00:00.0000000+00:00","PaydaySeason","1210.74952970"
"2026-08-27T20:00:00.0000000+00:00","BondSeason","4051.92356744"
"2026-08-27T20:00:00.0000000+00:00","EqBondReversion","4735.04775124"
"2026-08-27T20:00:00.0000000+00:00","RiskPremia","4566.89158400"
"2026-08-28T13:30:00.0000000+00:00","PaydaySeason","1211.82952970"
"2026-08-28T13:30:00.0000000+00:00","BondSeason","4049.13356744"
"2026-08-28T13:30:00.0000000+00:00","EqBondReversion","4731.80775124"
"2026-08-28T13:30:00.0000000+00:00","RiskPremia","4566.08158400"
"2026-08-28T20:00:00.0000000+00:00","PaydaySeason","1208.04952970"
"2026-08-28T20:00:00.0000000+00:00","BondSeason","4044.01856744"
"2026-08-28T20:00:00.0000000+00:00","EqBondReversion","4725.86775124"
"2026-08-28T20:00:00.0000000+00:00","RiskPremia","4541.46658400"
"2026-08-31T13:30:00.0000000+00:00","PaydaySeason","1205.61952970"
"2026-08-31T13:30:00.0000000+00:00","BondSeason","4031.46356744"
"2026-08-31T13:30:00.0000000+00:00","EqBondReversion","4711.28775124"
"2026-08-31T13:30:00.0000000+00:00","RiskPremia","4530.32158400"
"2026-08-31T20:00:00.0000000+00:00","PaydaySeason","1205.45963570"
"2026-08-31T20:00:00.0000000+00:00","BondSeason","4032.30019544"
"2026-08-31T20:00:00.0000000+00:00","EqBondReversion","4712.85353524"
"2026-08-31T20:00:00.0000000+00:00","RiskPremia","4532.06158400"
"2026-09-01T13:30:00.0000000+00:00","PaydaySeason","1205.45963570"
"2026-09-01T13:30:00.0000000+00:00","BondSeason","4042.38492944"
"2026-09-01T13:30:00.0000000+00:00","EqBondReversion","4712.85353524"
"2026-09-01T13:30:00.0000000+00:00","RiskPremia","4506.46124600"
"2026-09-01T20:00:00.0000000+00:00","PaydaySeason","1205.45963570"
"2026-09-01T20:00:00.0000000+00:00","BondSeason","4042.49733544"
"2026-09-01T20:00:00.0000000+00:00","EqBondReversion","4712.85353524"
"2026-09-01T20:00:00.0000000+00:00","RiskPremia","4503.51124600"
"2026-09-02T13:30:00.0000000+00:00","PaydaySeason","1205.45963570"
"2026-09-02T13:30:00.0000000+00:00","BondSeason","4042.49733544"
"2026-09-02T13:30:00.0000000+00:00","EqBondReversion","4712.85353524"
"2026-09-02T13:30:00.0000000+00:00","RiskPremia","4510.07124600"
"2026-09-02T20:00:00.0000000+00:00","PaydaySeason","1205.45963570"
"2026-09-02T20:00:00.0000000+00:00","BondSeason","4042.49733544"
"2026-09-02T20:00:00.0000000+00:00","EqBondReversion","4712.85353524"
"2026-09-02T20:00:00.0000000+00:00","RiskPremia","4516.99124600"
"2026-09-03T13:30:00.0000000+00:00","PaydaySeason","1205.45963570"
"2026-09-03T13:30:00.0000000+00:00","BondSeason","4042.49733544"
"2026-09-03T13:30:00.0000000+00:00","EqBondReversion","4712.85353524"
"2026-09-03T13:30:00.0000000+00:00","RiskPremia","4538.90124600"
"2026-09-03T20:00:00.0000000+00:00","PaydaySeason","1205.45963570"
"2026-09-03T20:00:00.0000000+00:00","BondSeason","4042.49733544"
"2026-09-03T20:00:00.0000000+00:00","EqBondReversion","4712.85353524"
"2026-09-03T20:00:00.0000000+00:00","RiskPremia","4539.06644600"
"2026-09-04T13:30:00.0000000+00:00","PaydaySeason","1205.45963570"
"2026-09-04T13:30:00.0000000+00:00","BondSeason","4042.49733544"
"2026-09-04T13:30:00.0000000+00:00","EqBondReversion","4712.85353524"
"2026-09-04T13:30:00.0000000+00:00","RiskPremia","4534.47124600"
"2026-09-04T20:00:00.0000000+00:00","PaydaySeason","1205.45963570"
"2026-09-04T20:00:00.0000000+00:00","BondSeason","4042.49733544"
"2026-09-04T20:00:00.0000000+00:00","EqBondReversion","4712.85353524"
"2026-09-04T20:00:00.0000000+00:00","RiskPremia","4533.91124600"
"2026-09-08T13:30:00.0000000+00:00","PaydaySeason","1205.45963570"
"2026-09-08T13:30:00.0000000+00:00","BondSeason","4042.49733544"
"2026-09-08T13:30:00.0000000+00:00","EqBondReversion","4712.85353524"
"2026-09-08T13:30:00.0000000+00:00","RiskPremia","4532.61124600"
"2026-09-08T20:00:00.0000000+00:00","PaydaySeason","1205.45963570"
"2026-09-08T20:00:00.0000000+00:00","BondSeason","4042.49733544"
"2026-09-08T20:00:00.0000000+00:00","EqBondReversion","4712.85353524"
"2026-09-08T20:00:00.0000000+00:00","RiskPremia","4519.11624600"
"2026-09-09T13:30:00.0000000+00:00","PaydaySeason","1205.45963570"
"2026-09-09T13:30:00.0000000+00:00","BondSeason","4042.49733544"
"2026-09-09T13:30:00.0000000+00:00","EqBondReversion","4712.85353524"
"2026-09-09T13:30:00.0000000+00:00","RiskPremia","4525.45124600"
"2026-09-09T20:00:00.0000000+00:00","PaydaySeason","1205.45963570"
"2026-09-09T20:00:00.0000000+00:00","BondSeason","4042.49733544"
"2026-09-09T20:00:00.0000000+00:00","EqBondReversion","4712.85353524"
"2026-09-09T20:00:00.0000000+00:00","RiskPremia","4510.96124600"
"2026-09-10T13:30:00.0000000+00:00","PaydaySeason","1205.45963570"
"2026-09-10T13:30:00.0000000+00:00","BondSeason","4042.49733544"
"2026-09-10T13:30:00.0000000+00:00","EqBondReversion","4712.85353524"
"2026-09-10T13:30:00.0000000+00:00","RiskPremia","4487.58624600"
"2026-09-10T20:00:00.0000000+00:00","PaydaySeason","1205.45963570"
"2026-09-10T20:00:00.0000000+00:00","BondSeason","4042.49733544"
"2026-09-10T20:00:00.0000000+00:00","EqBondReversion","4712.85353524"
"2026-09-10T20:00:00.0000000+00:00","RiskPremia","4479.75624600"
"2026-09-11T13:30:00.0000000+00:00","PaydaySeason","1205.45963570"
"2026-09-11T13:30:00.0000000+00:00","BondSeason","4042.49733544"
"2026-09-11T13:30:00.0000000+00:00","EqBondReversion","4712.85353524"
"2026-09-11T13:30:00.0000000+00:00","RiskPremia","4504.92124600"
"2026-09-11T20:00:00.0000000+00:00","PaydaySeason","1205.45963570"
"2026-09-11T20:00:00.0000000+00:00","BondSeason","4041.97979944"
"2026-09-11T20:00:00.0000000+00:00","EqBondReversion","4712.85353524"
"2026-09-11T20:00:00.0000000+00:00","RiskPremia","4491.61624600"
