"time","substrategy","instrument","kind","amount"
"2020-11-11T21:00:00.0000000+00:00","PaydaySeason","US:Equity:SCHB","ExecutionCost","-0.153774"
"2020-11-17T21:00:00.0000000+00:00","PaydaySeason","US:Equity:SCHB","ExecutionCost","-0.155898"
"2020-11-18T21:00:00.0000000+00:00","BondSeason","US:Equity:TLT","ExecutionCost","-0.509696"
"2020-11-20T14:30:00.0000000+00:00","EqBondReversion","US:Equity:TLT","ExecutionCost","-0.5778900"
"2020-11-23T21:00:00.0000000+00:00","PaydaySeason","US:Equity:SCHB","ExecutionCost","-0.155556"
"2020-11-30T21:00:00.0000000+00:00","PaydaySeason","US:Equity:SCHB","ExecutionCost","-0.157626"
"2020-11-30T21:00:00.0000000+00:00","BondSeason","US:Equity:TLT","ExecutionCost","-0.512064"
"2020-11-30T21:00:00.0000000+00:00","BondSeason","US:Equity:TLT","ExecutionCost","-0.512064"
"2020-11-30T21:00:00.0000000+00:00","EqBondReversion","US:Equity:TLT","ExecutionCost","-0.576072"
"2020-12-01T14:30:00.0000000+00:00","BondSeason","US:Equity:TLT","Borrow","0.00"
"2020-12-01T14:30:00.0000000+00:00","BondSeason","US:Equity:TLT","Dividend","-2.6080464"
"2020-12-01T14:30:00.0000000+00:00","EqBondReversion","US:Equity:TLT","Dividend","0.0000000"
"2020-12-01T21:00:00.0000000+00:00","BondSeason","US:Equity:TLT","Borrow","0.00"
"2020-12-02T14:30:00.0000000+00:00","BondSeason","US:Equity:TLT","Borrow","0.00"
"2020-12-02T21:00:00.0000000+00:00","BondSeason","US:Equity:TLT","Borrow","0.00"
"2020-12-03T14:30:00.0000000+00:00","BondSeason","US:Equity:TLT","Borrow","0.00"
"2020-12-03T21:00:00.0000000+00:00","BondSeason","US:Equity:TLT","Borrow","0.00"
"2020-12-04T14:30:00.0000000+00:00","BondSeason","US:Equity:TLT","Borrow","0.00"
"2020-12-04T21:00:00.0000000+00:00","BondSeason","US:Equity:TLT","Borrow","0.00"
"2020-12-07T14:30:00.0000000+00:00","BondSeason","US:Equity:TLT","Borrow","0.00"
"2020-12-07T21:00:00.0000000+00:00","BondSeason","US:Equity:TLT","Borrow","0.00"
"2020-12-08T14:30:00.0000000+00:00","BondSeason","US:Equity:TLT","Borrow","0.00"
"2020-12-08T21:00:00.0000000+00:00","BondSeason","US:Equity:TLT","Borrow","0.00"
"2020-12-09T14:30:00.0000000+00:00","BondSeason","US:Equity:TLT","Borrow","0.00"
"2020-12-09T21:00:00.0000000+00:00","BondSeason","US:Equity:TLT","Borrow","0.00"
"2020-12-09T21:00:00.0000000+00:00","BondSeason","US:Equity:TLT","ExecutionCost","-0.50176"
"2020-12-10T14:30:00.0000000+00:00","PaydaySeason","US:Equity:SCHB","Dividend","0.0000"
"2020-12-10T21:00:00.0000000+00:00","PaydaySeason","US:Equity:SCHB","ExecutionCost","-0.159822"
"2020-12-16T21:00:00.0000000+00:00","PaydaySeason","US:Equity:SCHB","ExecutionCost","-0.16146"
"2020-12-17T14:30:00.0000000+00:00","BondSeason","US:Equity:TLT","Dividend","0.000000"
"2020-12-17T14:30:00.0000000+00:00","EqBondReversion","US:Equity:TLT","Dividend","0.000000"
"2020-12-21T14:30:00.0000000+00:00","EqBondReversion","US:Equity:TLT","ExecutionCost","-0.59736"
"2020-12-21T21:00:00.0000000+00:00","BondSeason","US:Equity:TLT","ExecutionCost","-0.502304"
"2020-12-22T21:00:00.0000000+00:00","PaydaySeason","US:Equity:SCHB","ExecutionCost","-0.161856"
"2020-12-31T21:00:00.0000000+00:00","PaydaySeason","US:Equity:SCHB","ExecutionCost","-0.163818"
"2020-12-31T21:00:00.0000000+00:00","BondSeason","US:Equity:TLT","ExecutionCost","-0.50464"
"2020-12-31T21:00:00.0000000+00:00","BondSeason","US:Equity:TLT","ExecutionCost","-0.50464"
"2020-12-31T21:00:00.0000000+00:00","EqBondReversion","US:Equity:TLT","ExecutionCost","-0.59926"
"2021-01-04T14:30:00.0000000+00:00","BondSeason","US:Equity:TLT","Borrow","0.0"
"2021-01-04T21:00:00.0000000+00:00","BondSeason","US:Equity:TLT","Borrow","0.00"
"2021-01-05T14:30:00.0000000+00:00","BondSeason","US:Equity:TLT","Borrow","0.000"
"2021-01-05T21:00:00.0000000+00:00","BondSeason","US:Equity:TLT","Borrow","0.00"
"2021-01-06T14:30:00.0000000+00:00","BondSeason","US:Equity:TLT","Borrow","0.00"
"2021-01-06T21:00:00.0000000+00:00","BondSeason","US:Equity:TLT","Borrow","0.00"
"2021-01-07T14:30:00.0000000+00:00","BondSeason","US:Equity:TLT","Borrow","0.00"
"2021-01-07T21:00:00.0000000+00:00","BondSeason","US:Equity:TLT","Borrow","0.00"
"2021-01-08T14:30:00.0000000+00:00","BondSeason","US:Equity:TLT","Borrow","0.00"
"2021-01-08T21:00:00.0000000+00:00","BondSeason","US:Equity:TLT","Borrow","0.00"
"2021-01-11T14:30:00.0000000+00:00","BondSeason","US:Equity:TLT","Borrow","0.00"
"2021-01-11T21:00:00.0000000+00:00","BondSeason","US:Equity:TLT","Borrow","0"
"2021-01-12T14:30:00.0000000+00:00","BondSeason","US:Equity:TLT","Borrow","0.00"
"2021-01-12T21:00:00.0000000+00:00","BondSeason","US:Equity:TLT","Borrow","0.00"
"2021-01-12T21:00:00.0000000+00:00","BondSeason","US:Equity:TLT","ExecutionCost","-0.483104"
"2021-01-13T21:00:00.0000000+00:00","PaydaySeason","US:Equity:SCHB","ExecutionCost","-0.148896"
"2021-01-20T21:00:00.0000000+00:00","PaydaySeason","US:Equity:SCHB","ExecutionCost","-0.150640"
"2021-01-20T21:00:00.0000000+00:00","BondSeason","US:Equity:TLT","ExecutionCost","-0.518364"
"2021-01-25T14:30:00.0000000+00:00","EqBondReversion","US:Equity:TLT","ExecutionCost","-0.580488"
"2021-01-26T21:00:00.0000000+00:00","PaydaySeason","US:Equity:SCHB","ExecutionCost","-0.150192"
"2021-01-29T21:00:00.0000000+00:00","PaydaySeason","US:Equity:SCHB","ExecutionCost","-0.145008"
"2021-01-29T21:00:00.0000000+00:00","BondSeason","US:Equity:TLT","ExecutionCost","-0.516970"
"2021-01-29T21:00:00.0000000+00:00","BondSeason","US:Equity:TLT","ExecutionCost","-0.516970"
"2021-01-29T21:00:00.0000000+00:00","EqBondReversion","US:Equity:TLT","ExecutionCost","-0.577790"
"2021-02-01T14:30:00.0000000+00:00","BondSeason","US:Equity:TLT","Borrow","0.00"
"2021-02-01T14:30:00.0000000+00:00","BondSeason","US:Equity:TLT","Dividend","-2.988158"
"2021-02-01T14:30:00.0000000+00:00","EqBondReversion","US:Equity:TLT","Dividend","0.000000"
"2021-02-01T21:00:00.0000000+00:00","BondSeason","US:Equity:TLT","Borrow","0.00"
"2021-02-02T14:30:00.0000000+00:00","BondSeason","US:Equity:TLT","Borrow","0.00"
"2021-02-02T21:00:00.0000000+00:00","BondSeason","US:Equity:TLT","Borrow","0.00"
"2021-02-03T14:30:00.0000000+00:00","BondSeason","US:Equity:TLT","Borrow","0.00"
"2021-02-03T21:00:00.0000000+00:00","BondSeason","US:Equity:TLT","Borrow","0.00"
"2021-02-04T14:30:00.0000000+00:00","BondSeason","US:Equity:TLT","Borrow","0.00"
"2021-02-04T21:00:00.0000000+00:00","BondSeason","US:Equity:TLT","Borrow","0.00"
"2021-02-05T14:30:00.0000000+00:00","BondSeason","US:Equity:TLT","Borrow","0.00"
"2021-02-05T21:00:00.0000000+00:00","BondSeason","US:Equity:TLT","Borrow","0.0"
"2021-02-08T14:30:00.0000000+00:00","BondSeason","US:Equity:TLT","Borrow","0.00"
"2021-02-08T21:00:00.0000000+00:00","BondSeason","US:Equity:TLT","Borrow","0.0"
"2021-02-09T14:30:00.0000000+00:00","BondSeason","US:Equity:TLT","Borrow","0.00"
"2021-02-09T21:00:00.0000000+00:00","BondSeason","US:Equity:TLT","Borrow","0.00"
"2021-02-09T21:00:00.0000000+00:00","BondSeason","US:Equity:TLT","ExecutionCost","-0.5058350"
"2021-02-10T21:00:00.0000000+00:00","PaydaySeason","US:Equity:SCHB","ExecutionCost","-0.153952"
"2021-02-17T21:00:00.0000000+00:00","PaydaySeason","US:Equity:SCHB","ExecutionCost","-0.15456464"
"2021-02-17T21:00:00.0000000+00:00","BondSeason","US:Equity:TLT","ExecutionCost","-0.495788"
"2021-02-22T14:30:00.0000000+00:00","EqBondReversion","US:Equity:TLT","ExecutionCost","-0.600726"
"2021-02-23T21:00:00.0000000+00:00","PaydaySeason","US:Equity:SCHB","ExecutionCost","-0.15248"
"2021-02-26T21:00:00.0000000+00:00","PaydaySeason","US:Equity:SCHB","ExecutionCost","-0.149664"
"2021-02-26T21:00:00.0000000+00:00","BondSeason","US:Equity:TLT","ExecutionCost","-0.487050"
"2021-02-26T21:00:00.0000000+00:00","BondSeason","US:Equity:TLT","ExecutionCost","-0.515700"
"2021-02-26T21:00:00.0000000+00:00","EqBondReversion","US:Equity:TLT","ExecutionCost","-0.601650"
"2021-03-01T14:30:00.0000000+00:00","BondSeason","US:Equity:TLT","Borrow","0.00"
"2021-03-01T14:30:00.0000000+00:00","BondSeason","US:Equity:TLT","Dividend","-3.091068"
"2021-03-01T14:30:00.0000000+00:00","EqBondReversion","US:Equity:TLT","Dividend","0.000000"
"2021-03-01T21:00:00.0000000+00:00","BondSeason","US:Equity:TLT","Borrow","0.00"
"2021-03-02T14:30:00.0000000+00:00","BondSeason","US:Equity:TLT","Borrow","0.00"
"2021-03-02T21:00:00.0000000+00:00","BondSeason","US:Equity:TLT","Borrow","0.0"
"2021-03-03T14:30:00.0000000+00:00","BondSeason","US:Equity:TLT","Borrow","0.00"
"2021-03-03T21:00:00.0000000+00:00","BondSeason","US:Equity:TLT","Borrow","0.00"
"2021-03-04T14:30:00.0000000+00:00","BondSeason","US:Equity:TLT","Borrow","0.00"
"2021-03-04T21:00:00.0000000+00:00","BondSeason","US:Equity:TLT","Borrow","0.00"
"2021-03-05T14:30:00.0000000+00:00","BondSeason","US:Equity:TLT","Borrow","0.00"
"2021-03-05T21:00:00.0000000+00:00","BondSeason","US:Equity:TLT","Borrow","0.0000"
"2021-03-08T14:30:00.0000000+00:00","BondSeason","US:Equity:TLT","Borrow","0.00"
"2021-03-08T21:00:00.0000000+00:00","BondSeason","US:Equity:TLT","Borrow","0.00"
"2021-03-09T14:30:00.0000000+00:00","BondSeason","US:Equity:TLT","Borrow","0.00"
"2021-03-09T21:00:00.0000000+00:00","BondSeason","US:Equity:TLT","Borrow","0.00"
"2021-03-09T21:00:00.0000000+00:00","BondSeason","US:Equity:TLT","ExecutionCost","-0.502956"
"2021-03-10T21:00:00.0000000+00:00","PaydaySeason","US:Equity:SCHB","ExecutionCost","-0.152752"
"2021-03-16T13:30:00.0000000+00:00","RiskPremia","US:Equity:GLDM","ExecutionCost","-0.169050"
"2021-03-16T13:30:00.0000000+00:00","RiskPremia","US:Equity:SCHB","ExecutionCost","-0.175914"
"2021-03-16T13:30:00.0000000+00:00","RiskPremia","US:Equity:TLT","ExecutionCost","-0.191828"
"2021-03-16T20:00:00.0000000+00:00","PaydaySeason","US:Equity:SCHB","ExecutionCost","-0.155616"
"2021-03-17T13:30:00.0000000+00:00","RiskPremia","US:Equity:SCHB","ExecutionCost","-0.019378"
"2021-03-18T13:30:00.0000000+00:00","RiskPremia","US:Equity:TLT","ExecutionCost","-0.026662"
"2021-03-19T13:30:00.0000000+00:00","EqBondReversion","US:Equity:TLT","ExecutionCost","-0.589952"
"2021-03-22T20:00:00.0000000+00:00","PaydaySeason","US:Equity:SCHB","ExecutionCost","-0.154384"
"2021-03-22T20:00:00.0000000+00:00","BondSeason","US:Equity:TLT","ExecutionCost","-0.5177690"
"2021-03-24T13:30:00.0000000+00:00","PaydaySeason","US:Equity:SCHB","Dividend","2.2440"
"2021-03-24T13:30:00.0000000+00:00","RiskPremia","US:Equity:SCHB","Dividend","2.8050"
"2021-03-31T13:30:00.0000000+00:00","RiskPremia","US:Equity:GLDM","ExecutionCost","-0.01680"
"2021-03-31T20:00:00.0000000+00:00","PaydaySeason","US:Equity:SCHB","ExecutionCost","-0.154656"
"2021-03-31T20:00:00.0000000+00:00","BondSeason","US:Equity:TLT","ExecutionCost","-0.515470"
"2021-03-31T20:00:00.0000000+00:00","BondSeason","US:Equity:TLT","ExecutionCost","-0.515470"
"2021-03-31T20:00:00.0000000+00:00","EqBondReversion","US:Equity:TLT","ExecutionCost","-0.596860"
"2021-04-01T13:30:00.0000000+00:00","BondSeason","US:Equity:TLT","Borrow","0.00"
"2021-04-01T13:30:00.0000000+00:00","BondSeason","US:Equity:TLT","Dividend","-3.516216"
"2021-04-01T13:30:00.0000000+00:00","EqBondReversion","US:Equity:TLT","Dividend","0.000000"
"2021-04-01T13:30:00.0000000+00:00","RiskPremia","US:Equity:TLT","Dividend","1.480512"
"2021-04-01T20:00:00.0000000+00:00","BondSeason","US:Equity:TLT","Borrow","0.00"
"2021-04-05T13:30:00.0000000+00:00","BondSeason","US:Equity:TLT","Borrow","0.0"
"2021-04-05T20:00:00.0000000+00:00","BondSeason","US:Equity:TLT","Borrow","0.00"
"2021-04-06T13:30:00.0000000+00:00","BondSeason","US:Equity:TLT","Borrow","0.00"
"2021-04-06T20:00:00.0000000+00:00","BondSeason","US:Equity:TLT","Borrow","0.00"
"2021-04-07T13:30:00.0000000+00:00","BondSeason","US:Equity:TLT","Borrow","0.00"
"2021-04-07T20:00:00.0000000+00:00","BondSeason","US:Equity:TLT","Borrow","0.00"
"2021-04-08T13:30:00.0000000+00:00","BondSeason","US:Equity:TLT","Borrow","0.000"
"2021-04-08T20:00:00.0000000+00:00","BondSeason","US:Equity:TLT","Borrow","0.00"
"2021-04-09T13:30:00.0000000+00:00","BondSeason","US:Equity:TLT","Borrow","0.00"
"2021-04-09T20:00:00.0000000+00:00","BondSeason","US:Equity:TLT","Borrow","0.0"
"2021-04-12T13:30:00.0000000+00:00","BondSeason","US:Equity:TLT","Borrow","0.00"
"2021-04-12T20:00:00.0000000+00:00","BondSeason","US:Equity:TLT","Borrow","0.00"
"2021-04-12T20:00:00.0000000+00:00","BondSeason","US:Equity:TLT","ExecutionCost","-0.522386"
"2021-04-13T20:00:00.0000000+00:00","PaydaySeason","US:Equity:SCHB","ExecutionCost","-0.160880"
"2021-04-19T20:00:00.0000000+00:00","PaydaySeason","US:Equity:SCHB","ExecutionCost","-0.161472"
"2021-04-21T20:00:00.0000000+00:00","BondSeason","US:Equity:TLT","ExecutionCost","-0.503136"
"2021-04-22T13:30:00.0000000+00:00","EqBondReversion","US:Equity:TLT","ExecutionCost","-0.5880"
"2021-04-23T20:00:00.0000000+00:00","PaydaySeason","US:Equity:SCHB","ExecutionCost","-0.162576"
"2021-04-30T20:00:00.0000000+00:00","PaydaySeason","US:Equity:SCHB","ExecutionCost","-0.162576"
"2021-04-30T20:00:00.0000000+00:00","BondSeason","US:Equity:TLT","ExecutionCost","-0.49932"
"2021-04-30T20:00:00.0000000+00:00","BondSeason","US:Equity:TLT","ExecutionCost","-0.49932"
"2021-04-30T20:00:00.0000000+00:00","EqBondReversion","US:Equity:TLT","ExecutionCost","-0.58254"
"2021-05-03T13:30:00.0000000+00:00","BondSeason","US:Equity:TLT","Borrow","0.0"
"2021-05-03T13:30:00.0000000+00:00","BondSeason","US:Equity:TLT","Dividend","-3.655278"
"2021-05-03T13:30:00.0000000+00:00","EqBondReversion","US:Equity:TLT","Dividend","0.000000"
"2021-05-03T13:30:00.0000000+00:00","RiskPremia","US:Equity:TLT","Dividend","1.624568"
"2021-05-03T20:00:00.0000000+00:00","BondSeason","US:Equity:TLT","Borrow","0.0"
"2021-05-04T13:30:00.0000000+00:00","BondSeason","US:Equity:TLT","Borrow","0.00"
"2021-05-04T20:00:00.0000000+00:00","BondSeason","US:Equity:TLT","Borrow","0.00"
"2021-05-05T13:30:00.0000000+00:00","BondSeason","US:Equity:TLT","Borrow","0.00"
"2021-05-05T20:00:00.0000000+00:00","BondSeason","US:Equity:TLT","Borrow","0.00"
"2021-05-06T13:30:00.0000000+00:00","BondSeason","US:Equity:TLT","Borrow","0.00"
"2021-05-06T20:00:00.0000000+00:00","BondSeason","US:Equity:TLT","Borrow","0.00"
"2021-05-07T13:30:00.0000000+00:00","BondSeason","US:Equity:TLT","Borrow","0.00"
"2021-05-07T20:00:00.0000000+00:00","BondSeason","US:Equity:TLT","Borrow","0.0"
"2021-05-10T13:30:00.0000000+00:00","BondSeason","US:Equity:TLT","Borrow","0.00"
"2021-05-10T20:00:00.0000000+00:00","BondSeason","US:Equity:TLT","Borrow","0.00"
"2021-05-11T13:30:00.0000000+00:00","BondSeason","US:Equity:TLT","Borrow","0.00"
"2021-05-11T20:00:00.0000000+00:00","BondSeason","US:Equity:TLT","Borrow","0.00"
"2021-05-11T20:00:00.0000000+00:00","BondSeason","US:Equity:TLT","ExecutionCost","-0.493452"
"2021-05-12T20:00:00.0000000+00:00","PaydaySeason","US:Equity:SCHB","ExecutionCost","-0.156912"
"2021-05-18T20:00:00.0000000+00:00","PaydaySeason","US:Equity:SCHB","ExecutionCost","-0.159744"
"2021-05-19T20:00:00.0000000+00:00","BondSeason","US:Equity:TLT","ExecutionCost","-0.517294"
"2021-05-20T13:30:00.0000000+00:00","RiskPremia","US:Equity:SCHB","ExecutionCost","-0.019956"
"2021-05-21T13:30:00.0000000+00:00","EqBondReversion","US:Equity:SCHB","ExecutionCost","-0.586728"
"2021-05-24T20:00:00.0000000+00:00","PaydaySeason","US:Equity:SCHB","ExecutionCost","-0.162528"
"2021-05-28T20:00:00.0000000+00:00","PaydaySeason","US:Equity:SCHB","ExecutionCost","-0.163232"
"2021-05-28T20:00:00.0000000+00:00","EqBondReversion","US:Equity:SCHB","ExecutionCost","-0.591716"
"2021-05-28T20:00:00.0000000+00:00","BondSeason","US:Equity:TLT","ExecutionCost","-0.525692"
"2021-05-28T20:00:00.0000000+00:00","BondSeason","US:Equity:TLT","ExecutionCost","-0.498024"
"2021-06-01T13:30:00.0000000+00:00","BondSeason","US:Equity:TLT","Borrow","0.00"
"2021-06-01T13:30:00.0000000+00:00","BondSeason","US:Equity:TLT","Dividend","-3.586896"
"2021-06-01T13:30:00.0000000+00:00","EqBondReversion","US:Equity:TLT","Dividend","0.000000"
"2021-06-01T13:30:00.0000000+00:00","RiskPremia","US:Equity:TLT","Dividend","1.594176"
"2021-06-01T20:00:00.0000000+00:00","BondSeason","US:Equity:TLT","Borrow","0.00"
"2021-06-02T13:30:00.0000000+00:00","BondSeason","US:Equity:TLT","Borrow","0.00"
"2021-06-02T20:00:00.0000000+00:00","BondSeason","US:Equity:TLT","Borrow","0.00"
"2021-06-03T13:30:00.0000000+00:00","BondSeason","US:Equity:TLT","Borrow","0.00"
"2021-06-03T20:00:00.0000000+00:00","BondSeason","US:Equity:TLT","Borrow","0.00"
"2021-06-04T13:30:00.0000000+00:00","BondSeason","US:Equity:TLT","Borrow","0.00"
"2021-06-04T20:00:00.0000000+00:00","BondSeason","US:Equity:TLT","Borrow","0.00"
"2021-06-07T13:30:00.0000000+00:00","BondSeason","US:Equity:TLT","Borrow","0.000"
"2021-06-07T20:00:00.0000000+00:00","BondSeason","US:Equity:TLT","Borrow","0.00"
"2021-06-08T13:30:00.0000000+00:00","BondSeason","US:Equity:TLT","Borrow","0.00"
"2021-06-08T20:00:00.0000000+00:00","BondSeason","US:Equity:TLT","Borrow","0.000"
"2021-06-09T13:30:00.0000000+00:00","BondSeason","US:Equity:TLT","Borrow","0.000"
"2021-06-09T20:00:00.0000000+00:00","BondSeason","US:Equity:TLT","Borrow","0.000"
"2021-06-09T20:00:00.0000000+00:00","BondSeason","US:Equity:TLT","ExecutionCost","-0.509976"
"2021-06-10T20:00:00.0000000+00:00","PaydaySeason","US:Equity:SCHB","ExecutionCost","-0.144312"
"2021-06-16T20:00:00.0000000+00:00","PaydaySeason","US:Equity:SCHB","ExecutionCost","-0.143850"
"2021-06-21T13:30:00.0000000+00:00","EqBondReversion","US:Equity:SCHB","ExecutionCost","-0.590556"
"2021-06-21T13:30:00.0000000+00:00","RiskPremia","US:Equity:TLT","ExecutionCost","-0.028878"
"2021-06-21T20:00:00.0000000+00:00","BondSeason","US:Equity:TLT","ExecutionCost","-0.487356"
"2021-06-22T20:00:00.0000000+00:00","PaydaySeason","US:Equity:SCHB","ExecutionCost","-0.144648"
"2021-06-23T13:30:00.0000000+00:00","PaydaySeason","US:Equity:SCHB","Dividend","2.212"
"2021-06-23T13:30:00.0000000+00:00","EqBondReversion","US:Equity:SCHB","Dividend","9.164"
"2021-06-23T13:30:00.0000000+00:00","RiskPremia","US:Equity:SCHB","Dividend","2.844"
"2021-06-30T20:00:00.0000000+00:00","PaydaySeason","US:Equity:SCHB","ExecutionCost","-0.145964"
"2021-06-30T20:00:00.0000000+00:00","EqBondReversion","US:Equity:SCHB","ExecutionCost","-0.604708"
"2021-06-30T20:00:00.0000000+00:00","BondSeason","US:Equity:TLT","ExecutionCost","-0.490688"
"2021-06-30T20:00:00.0000000+00:00","BondSeason","US:Equity:TLT","ExecutionCost","-0.519552"
"2021-07-01T13:30:00.0000000+00:00","BondSeason","US:Equity:TLT","Borrow","0.00"
"2021-07-01T13:30:00.0000000+00:00","BondSeason","US:Equity:TLT","Dividend","-3.375036"
"2021-07-01T13:30:00.0000000+00:00","EqBondReversion","US:Equity:TLT","Dividend","0.000000"
"2021-07-01T13:30:00.0000000+00:00","RiskPremia","US:Equity:TLT","Dividend","1.312514"
"2021-07-01T20:00:00.0000000+00:00","BondSeason","US:Equity:TLT","Borrow","0.00"
"2021-07-02T13:30:00.0000000+00:00","BondSeason","US:Equity:TLT","Borrow","0.00"
"2021-07-02T20:00:00.0000000+00:00","BondSeason","US:Equity:TLT","Borrow","0.00"
"2021-07-06T13:30:00.0000000+00:00","BondSeason","US:Equity:TLT","Borrow","0.00"
"2021-07-06T20:00:00.0000000+00:00","BondSeason","US:Equity:TLT","Borrow","0.00"
"2021-07-07T13:30:00.0000000+00:00","BondSeason","US:Equity:TLT","Borrow","0.00"
"2021-07-07T20:00:00.0000000+00:00","BondSeason","US:Equity:TLT","Borrow","0.00"
"2021-07-08T13:30:00.0000000+00:00","BondSeason","US:Equity:TLT","Borrow","0.0000"
"2021-07-08T20:00:00.0000000+00:00","BondSeason","US:Equity:TLT","Borrow","0.00"
"2021-07-09T13:30:00.0000000+00:00","BondSeason","US:Equity:TLT","Borrow","0.00"
"2021-07-09T20:00:00.0000000+00:00","BondSeason","US:Equity:TLT","Borrow","0.00"
"2021-07-12T13:30:00.0000000+00:00","BondSeason","US:Equity:TLT","Borrow","0.00"
"2021-07-12T20:00:00.0000000+00:00","BondSeason","US:Equity:TLT","Borrow","0.00"
"2021-07-12T20:00:00.0000000+00:00","BondSeason","US:Equity:TLT","ExecutionCost","-0.526824"
"2021-07-13T20:00:00.0000000+00:00","PaydaySeason","US:Equity:SCHB","ExecutionCost","-0.147574"
"2021-07-19T20:00:00.0000000+00:00","PaydaySeason","US:Equity:SCHB","ExecutionCost","-0.143682"
"2021-07-20T13:30:00.0000000+00:00","RiskPremia","US:Equity:SCHB","ExecutionCost","-0.020586"
"2021-07-21T20:00:00.0000000+00:00","BondSeason","US:Equity:TLT","ExecutionCost","-0.50354"
"2021-07-22T13:30:00.0000000+00:00","EqBondReversion","US:Equity:SCHB","ExecutionCost","-0.589512"
"2021-07-23T20:00:00.0000000+00:00","PaydaySeason","US:Equity:SCHB","ExecutionCost","-0.148974"
"2021-07-30T20:00:00.0000000+00:00","PaydaySeason","US:Equity:SCHB","ExecutionCost","-0.148582"
"2021-07-30T20:00:00.0000000+00:00","EqBondReversion","US:Equity:SCHB","ExecutionCost","-0.594328"
"2021-07-30T20:00:00.0000000+00:00","BondSeason","US:Equity:TLT","ExecutionCost","-0.508538"
"2021-07-30T20:00:00.0000000+00:00","BondSeason","US:Equity:TLT","ExecutionCost","-0.508538"
"2021-08-02T13:30:00.0000000+00:00","BondSeason","US:Equity:TLT","Borrow","0.00"
"2021-08-02T13:30:00.0000000+00:00","BondSeason","US:Equity:TLT","Dividend","-3.089291"
"2021-08-02T13:30:00.0000000+00:00","EqBondReversion","US:Equity:TLT","Dividend","0.000000"
"2021-08-02T13:30:00.0000000+00:00","RiskPremia","US:Equity:TLT","Dividend","1.272061"
"2021-08-02T20:00:00.0000000+00:00","BondSeason","US:Equity:TLT","Borrow","0.00"
"2021-08-03T13:30:00.0000000+00:00","BondSeason","US:Equity:TLT","Borrow","0.00"
"2021-08-03T20:00:00.0000000+00:00","BondSeason","US:Equity:TLT","Borrow","0.00"
"2021-08-04T13:30:00.0000000+00:00","BondSeason","US:Equity:TLT","Borrow","0.00"
"2021-08-04T20:00:00.0000000+00:00","BondSeason","US:Equity:TLT","Borrow","0.0"
"2021-08-05T13:30:00.0000000+00:00","BondSeason","US:Equity:TLT","Borrow","0.00"
"2021-08-05T20:00:00.0000000+00:00","BondSeason","US:Equity:TLT","Borrow","0.00"
"2021-08-06T13:30:00.0000000+00:00","BondSeason","US:Equity:TLT","Borrow","0.00"
"2021-08-06T20:00:00.0000000+00:00","BondSeason","US:Equity:TLT","Borrow","0.000"
"2021-08-09T13:30:00.0000000+00:00","BondSeason","US:Equity:TLT","Borrow","0.0"
"2021-08-09T20:00:00.0000000+00:00","BondSeason","US:Equity:TLT","Borrow","0.00"
"2021-08-10T13:30:00.0000000+00:00","BondSeason","US:Equity:TLT","Borrow","0.00"
"2021-08-10T20:00:00.0000000+00:00","BondSeason","US:Equity:TLT","Borrow","0.00"
"2021-08-10T20:00:00.0000000+00:00","BondSeason","US:Equity:TLT","ExecutionCost","-0.498372"
"2021-08-11T20:00:00.0000000+00:00","PaydaySeason","US:Equity:SCHB","ExecutionCost","-0.15022"
"2021-08-17T20:00:00.0000000+00:00","PaydaySeason","US:Equity:SCHB","ExecutionCost","-0.149744"
"2021-08-20T13:30:00.0000000+00:00","EqBondReversion","US:Equity:SCHB","ExecutionCost","-0.593488"
"2021-08-20T20:00:00.0000000+00:00","BondSeason","US:Equity:TLT","ExecutionCost","-0.511734"
"2021-08-23T20:00:00.0000000+00:00","PaydaySeason","US:Equity:SCHB","ExecutionCost","-0.15092252"
"2021-08-31T20:00:00.0000000+00:00","PaydaySeason","US:Equity:SCHB","ExecutionCost","-0.152810"
"2021-08-31T20:00:00.0000000+00:00","EqBondReversion","US:Equity:SCHB","ExecutionCost","-0.611240"
"2021-08-31T20:00:00.0000000+00:00","BondSeason","US:Equity:TLT","ExecutionCost","-0.506396"
"2021-08-31T20:00:00.0000000+00:00","BondSeason","US:Equity:TLT","ExecutionCost","-0.506396"
"2021-09-01T13:30:00.0000000+00:00","BondSeason","US:Equity:TLT","Borrow","0.00"
"2021-09-01T13:30:00.0000000+00:00","BondSeason","US:Equity:TLT","Dividend","-3.218916"
"2021-09-01T13:30:00.0000000+00:00","EqBondReversion","US:Equity:TLT","Dividend","0.000000"
"2021-09-01T13:30:00.0000000+00:00","RiskPremia","US:Equity:TLT","Dividend","1.325436"
"2021-09-01T20:00:00.0000000+00:00","BondSeason","US:Equity:TLT","Borrow","0.00"
"2021-09-02T13:30:00.0000000+00:00","BondSeason","US:Equity:TLT","Borrow","0.00"
"2021-09-02T20:00:00.0000000+00:00","BondSeason","US:Equity:TLT","Borrow","0.00"
"2021-09-03T13:30:00.0000000+00:00","BondSeason","US:Equity:TLT","Borrow","0.00"
"2021-09-03T20:00:00.0000000+00:00","BondSeason","US:Equity:TLT","Borrow","0.00"
"2021-09-07T13:30:00.0000000+00:00","BondSeason","US:Equity:TLT","Borrow","0.000"
"2021-09-07T20:00:00.0000000+00:00","BondSeason","US:Equity:TLT","Borrow","0.000"
"2021-09-08T13:30:00.0000000+00:00","BondSeason","US:Equity:TLT","Borrow","0.00"
"2021-09-08T20:00:00.0000000+00:00","BondSeason","US:Equity:TLT","Borrow","0.00"
"2021-09-09T13:30:00.0000000+00:00","BondSeason","US:Equity:TLT","Borrow","0.00"
"2021-09-09T20:00:00.0000000+00:00","BondSeason","US:Equity:TLT","Borrow","0.00"
"2021-09-10T13:30:00.0000000+00:00","BondSeason","US:Equity:TLT","Borrow","0.00"
"2021-09-10T20:00:00.0000000+00:00","BondSeason","US:Equity:TLT","Borrow","0.0"
"2021-09-10T20:00:00.0000000+00:00","BondSeason","US:Equity:TLT","ExecutionCost","-0.504696"
"2021-09-13T20:00:00.0000000+00:00","PaydaySeason","US:Equity:SCHB","ExecutionCost","-0.151032"
"2021-09-17T20:00:00.0000000+00:00","PaydaySeason","US:Equity:SCHB","ExecutionCost","-0.150010"
"2021-09-21T20:00:00.0000000+00:00","BondSeason","US:Equity:TLT","ExecutionCost","-0.513026"
"2021-09-22T13:30:00.0000000+00:00","PaydaySeason","US:Equity:SCHB","Dividend","0.0000"
"2021-09-22T13:30:00.0000000+00:00","EqBondReversion","US:Equity:SCHB","Dividend","0.0000"
"2021-09-22T13:30:00.0000000+00:00","RiskPremia","US:Equity:SCHB","Dividend","3.3520"
"2021-09-22T13:30:00.0000000+00:00","EqBondReversion","US:Equity:SCHB","ExecutionCost","-0.590632"
"2021-09-23T13:30:00.0000000+00:00","RiskPremia","US:Equity:TLT","ExecutionCost","-0.030082"
"2021-09-23T20:00:00.0000000+00:00","PaydaySeason","US:Equity:SCHB","ExecutionCost","-0.150276"
"2021-09-30T20:00:00.0000000+00:00","PaydaySeason","US:Equity:SCHB","ExecutionCost","-0.14538594"
"2021-09-30T20:00:00.0000000+00:00","EqBondReversion","US:Equity:SCHB","ExecutionCost","-0.58154376"
"2021-09-30T20:00:00.0000000+00:00","BondSeason","US:Equity:TLT","ExecutionCost","-0.490756"
"2021-09-30T20:00:00.0000000+00:00","BondSeason","US:Equity:TLT","ExecutionCost","-0.519624"
"2021-10-01T13:30:00.0000000+00:00","BondSeason","US:Equity:TLT","Borrow","0.00"
"2021-10-01T13:30:00.0000000+00:00","BondSeason","US:Equity:TLT","Dividend","-3.295530"
"2021-10-01T13:30:00.0000000+00:00","EqBondReversion","US:Equity:TLT","Dividend","0.000000"
"2021-10-01T13:30:00.0000000+00:00","RiskPremia","US:Equity:TLT","Dividend","1.098510"
"2021-10-01T13:30:00.0000000+00:00","RiskPremia","US:Equity:SCHB","ExecutionCost","-0.020868"
"2021-10-01T20:00:00.0000000+00:00","BondSeason","US:Equity:TLT","Borrow","0.00"
"2021-10-04T13:30:00.0000000+00:00","BondSeason","US:Equity:TLT","Borrow","0.00"
"2021-10-04T20:00:00.0000000+00:00","BondSeason","US:Equity:TLT","Borrow","0.00"
"2021-10-05T13:30:00.0000000+00:00","BondSeason","US:Equity:TLT","Borrow","0"
"2021-10-05T20:00:00.0000000+00:00","BondSeason","US:Equity:TLT","Borrow","0.0"
"2021-10-06T13:30:00.0000000+00:00","BondSeason","US:Equity:TLT","Borrow","0.00"
"2021-10-06T20:00:00.0000000+00:00","BondSeason","US:Equity:TLT","Borrow","0.00"
"2021-10-07T13:30:00.0000000+00:00","BondSeason","US:Equity:TLT","Borrow","0.00"
"2021-10-07T20:00:00.0000000+00:00","BondSeason","US:Equity:TLT","Borrow","0.000"
"2021-10-08T13:30:00.0000000+00:00","BondSeason","US:Equity:TLT","Borrow","0.00"
"2021-10-08T20:00:00.0000000+00:00","BondSeason","US:Equity:TLT","Borrow","0.000"
"2021-10-11T13:30:00.0000000+00:00","BondSeason","US:Equity:TLT","Borrow","0.0"
"2021-10-11T20:00:00.0000000+00:00","BondSeason","US:Equity:TLT","Borrow","0.0"
"2021-10-11T20:00:00.0000000+00:00","BondSeason","US:Equity:TLT","ExecutionCost","-0.50940"
"2021-10-12T20:00:00.0000000+00:00","PaydaySeason","US:Equity:SCHB","ExecutionCost","-0.147084"
"2021-10-18T20:00:00.0000000+00:00","PaydaySeason","US:Equity:SCHB","ExecutionCost","-0.15162"
"2021-10-20T20:00:00.0000000+00:00","BondSeason","US:Equity:TLT","ExecutionCost","-0.513900"
"2021-10-21T13:30:00.0000000+00:00","EqBondReversion","US:Equity:TLT","ExecutionCost","-0.6006"
"2021-10-22T20:00:00.0000000+00:00","PaydaySeason","US:Equity:SCHB","ExecutionCost","-0.153524"
"2021-10-26T13:30:00.0000000+00:00","RiskPremia","US:Equity:SCHB","ExecutionCost","-0.044264"
"2021-10-29T20:00:00.0000000+00:00","PaydaySeason","US:Equity:SCHB","ExecutionCost","-0.155190"
"2021-10-29T20:00:00.0000000+00:00","BondSeason","US:Equity:TLT","ExecutionCost","-0.531900"
"2021-10-29T20:00:00.0000000+00:00","BondSeason","US:Equity:TLT","ExecutionCost","-0.502350"
"2021-10-29T20:00:00.0000000+00:00","EqBondReversion","US:Equity:TLT","ExecutionCost","-0.620550"
"2021-11-01T13:30:00.0000000+00:00","BondSeason","US:Equity:TLT","Borrow","0.00"
"2021-11-01T13:30:00.0000000+00:00","BondSeason","US:Equity:TLT","Dividend","-3.199655"
"2021-11-01T13:30:00.0000000+00:00","EqBondReversion","US:Equity:TLT","Dividend","0.000000"
"2021-11-01T13:30:00.0000000+00:00","RiskPremia","US:Equity:TLT","Dividend","1.129290"
"2021-11-01T20:00:00.0000000+00:00","BondSeason","US:Equity:TLT","Borrow","0.0"
"2021-11-02T13:30:00.0000000+00:00","BondSeason","US:Equity:TLT","Borrow","0.00"
"2021-11-02T20:00:00.0000000+00:00","BondSeason","US:Equity:TLT","Borrow","0.0"
"2021-11-03T13:30:00.0000000+00:00","BondSeason","US:Equity:TLT","Borrow","0.00"
"2021-11-03T20:00:00.0000000+00:00","BondSeason","US:Equity:TLT","Borrow","0.00"
"2021-11-04T13:30:00.0000000+00:00","BondSeason","US:Equity:TLT","Borrow","0.00"
"2021-11-04T20:00:00.0000000+00:00","BondSeason","US:Equity:TLT","Borrow","0.00"
"2021-11-05T13:30:00.0000000+00:00","BondSeason","US:Equity:TLT","Borrow","0.0"
"2021-11-05T20:00:00.0000000+00:00","BondSeason","US:Equity:TLT","Borrow","0.00"
"2021-11-08T14:30:00.0000000+00:00","BondSeason","US:Equity:TLT","Borrow","0.00"
"2021-11-08T21:00:00.0000000+00:00","BondSeason","US:Equity:TLT","Borrow","0.00"
"2021-11-09T14:30:00.0000000+00:00","BondSeason","US:Equity:TLT","Borrow","0.0000"
"2021-11-09T21:00:00.0000000+00:00","BondSeason","US:Equity:TLT","Borrow","0.0"
"2021-11-09T21:00:00.0000000+00:00","BondSeason","US:Equity:TLT","ExecutionCost","-0.513196"
"2021-11-10T21:00:00.0000000+00:00","PaydaySeason","US:Equity:SCHB","ExecutionCost","-0.156954"
"2021-11-16T21:00:00.0000000+00:00","PaydaySeason","US:Equity:SCHB","ExecutionCost","-0.158970"
"2021-11-18T21:00:00.0000000+00:00","BondSeason","US:Equity:TLT","ExecutionCost","-0.499154"
"2021-11-19T14:30:00.0000000+00:00","EqBondReversion","US:Equity:TLT","ExecutionCost","-0.590320"
"2021-11-22T21:00:00.0000000+00:00","PaydaySeason","US:Equity:SCHB","ExecutionCost","-0.157416"
"2021-11-23T14:30:00.0000000+00:00","RiskPremia","US:Equity:SCHB","ExecutionCost","-0.022470"
"2021-11-30T21:00:00.0000000+00:00","PaydaySeason","US:Equity:SCHB","ExecutionCost","-0.152950"
"2021-11-30T21:00:00.0000000+00:00","BondSeason","US:Equity:TLT","ExecutionCost","-0.515610"
"2021-11-30T21:00:00.0000000+00:00","BondSeason","US:Equity:TLT","ExecutionCost","-0.515610"
"2021-11-30T21:00:00.0000000+00:00","EqBondReversion","US:Equity:TLT","ExecutionCost","-0.606600"
"2021-12-01T14:30:00.0000000+00:00","BondSeason","US:Equity:TLT","Borrow","0.00"
"2021-12-01T14:30:00.0000000+00:00","BondSeason","US:Equity:TLT","Dividend","-3.130703"
"2021-12-01T14:30:00.0000000+00:00","EqBondReversion","US:Equity:TLT","Dividend","0.000000"
"2021-12-01T14:30:00.0000000+00:00","RiskPremia","US:Equity:TLT","Dividend","1.104954"
"2021-12-01T21:00:00.0000000+00:00","BondSeason","US:Equity:TLT","Borrow","0.00"
"2021-12-02T14:30:00.0000000+00:00","BondSeason","US:Equity:TLT","Borrow","0.0"
"2021-12-02T21:00:00.0000000+00:00","BondSeason","US:Equity:TLT","Borrow","0.00"
"2021-12-03T14:30:00.0000000+00:00","BondSeason","US:Equity:TLT","Borrow","0.00"
"2021-12-03T21:00:00.0000000+00:00","BondSeason","US:Equity:TLT","Borrow","0.00"
"2021-12-06T14:30:00.0000000+00:00","BondSeason","US:Equity:TLT","Borrow","0.00"
"2021-12-06T21:00:00.0000000+00:00","BondSeason","US:Equity:TLT","Borrow","0.00"
"2021-12-07T14:30:00.0000000+00:00","BondSeason","US:Equity:TLT","Borrow","0.00"
"2021-12-07T21:00:00.0000000+00:00","BondSeason","US:Equity:TLT","Borrow","0.00"
"2021-12-08T14:30:00.0000000+00:00","BondSeason","US:Equity:TLT","Borrow","0.00"
"2021-12-08T14:30:00.0000000+00:00","PaydaySeason","US:Equity:SCHB","Dividend","0.0000"
"2021-12-08T14:30:00.0000000+00:00","EqBondReversion","US:Equity:SCHB","Dividend","0.0000"
"2021-12-08T14:30:00.0000000+00:00","RiskPremia","US:Equity:SCHB","Dividend","4.1690"
"2021-12-08T21:00:00.0000000+00:00","BondSeason","US:Equity:TLT","Borrow","0.00"
"2021-12-09T14:30:00.0000000+00:00","BondSeason","US:Equity:TLT","Borrow","0.00"
"2021-12-09T21:00:00.0000000+00:00","BondSeason","US:Equity:TLT","Borrow","0.00"
"2021-12-09T21:00:00.0000000+00:00","BondSeason","US:Equity:TLT","ExecutionCost","-0.507416"
"2021-12-10T21:00:00.0000000+00:00","PaydaySeason","US:Equity:SCHB","ExecutionCost","-0.15638"
"2021-12-16T14:30:00.0000000+00:00","BondSeason","US:Equity:TLT","Dividend","0.000000"
"2021-12-16T14:30:00.0000000+00:00","EqBondReversion","US:Equity:TLT","Dividend","0.000000"
"2021-12-16T14:30:00.0000000+00:00","RiskPremia","US:Equity:TLT","Dividend","1.005636"
"2021-12-16T14:30:00.0000000+00:00","RiskPremia","US:Equity:GLDM","ExecutionCost","-0.024864"
"2021-12-16T21:00:00.0000000+00:00","PaydaySeason","US:Equity:SCHB","ExecutionCost","-0.154504"
"2021-12-21T14:30:00.0000000+00:00","EqBondReversion","US:Equity:SCHB","ExecutionCost","-0.589464"
"2021-12-21T21:00:00.0000000+00:00","BondSeason","US:Equity:TLT","ExecutionCost","-0.506974"
"2021-12-22T14:30:00.0000000+00:00","RiskPremia","US:Equity:SCHB","ExecutionCost","-0.044124"
"2021-12-22T21:00:00.0000000+00:00","PaydaySeason","US:Equity:SCHB","ExecutionCost","-0.156058"
"2021-12-30T14:30:00.0000000+00:00","PaydaySeason","US:Equity:SCHB","Dividend","0.1316"
"2021-12-30T14:30:00.0000000+00:00","EqBondReversion","US:Equity:SCHB","Dividend","0.5076"
"2021-12-30T14:30:00.0000000+00:00","RiskPremia","US:Equity:SCHB","Dividend","0.1504"
"2021-12-31T21:00:00.0000000+00:00","PaydaySeason","US:Equity:SCHB","ExecutionCost","-0.158228"
"2021-12-31T21:00:00.0000000+00:00","EqBondReversion","US:Equity:SCHB","ExecutionCost","-0.610308"
"2021-12-31T21:00:00.0000000+00:00","BondSeason","US:Equity:TLT","ExecutionCost","-0.503676"
"2021-12-31T21:00:00.0000000+00:00","BondSeason","US:Equity:TLT","ExecutionCost","-0.503676"
"2022-01-03T14:30:00.0000000+00:00","BondSeason","US:Equity:TLT","Borrow","0.00"
"2022-01-03T21:00:00.0000000+00:00","BondSeason","US:Equity:TLT","Borrow","0.00"
"2022-01-04T14:30:00.0000000+00:00","BondSeason","US:Equity:TLT","Borrow","0.00"
"2022-01-04T21:00:00.0000000+00:00","BondSeason","US:Equity:TLT","Borrow","0.00"
"2022-01-05T14:30:00.0000000+00:00","BondSeason","US:Equity:TLT","Borrow","0.00"
"2022-01-05T21:00:00.0000000+00:00","BondSeason","US:Equity:TLT","Borrow","0.00"
"2022-01-06T14:30:00.0000000+00:00","BondSeason","US:Equity:TLT","Borrow","0.00"
"2022-01-06T21:00:00.0000000+00:00","BondSeason","US:Equity:TLT","Borrow","0.0"
"2022-01-07T14:30:00.0000000+00:00","BondSeason","US:Equity:TLT","Borrow","0.00"
"2022-01-07T21:00:00.0000000+00:00","BondSeason","US:Equity:TLT","Borrow","0.00"
"2022-01-10T14:30:00.0000000+00:00","BondSeason","US:Equity:TLT","Borrow","0.00"
"2022-01-10T21:00:00.0000000+00:00","BondSeason","US:Equity:TLT","Borrow","0.00"
"2022-01-11T14:30:00.0000000+00:00","BondSeason","US:Equity:TLT","Borrow","0.00"
"2022-01-11T21:00:00.0000000+00:00","BondSeason","US:Equity:TLT","Borrow","0.00"
"2022-01-11T21:00:00.0000000+00:00","BondSeason","US:Equity:TLT","ExecutionCost","-0.488070"
"2022-01-12T21:00:00.0000000+00:00","PaydaySeason","US:Equity:SCHB","ExecutionCost","-0.156282"
"2022-01-19T21:00:00.0000000+00:00","PaydaySeason","US:Equity:SCHB","ExecutionCost","-0.149478"
"2022-01-20T21:00:00.0000000+00:00","BondSeason","US:Equity:TLT","ExecutionCost","-0.511128"
"2022-01-24T14:30:00.0000000+00:00","EqBondReversion","US:Equity:SCHB","ExecutionCost","-0.590730"
"2022-01-25T21:00:00.0000000+00:00","PaydaySeason","US:Equity:SCHB","ExecutionCost","-0.143584"
"2022-01-28T14:30:00.0000000+00:00","RiskPremia","US:Equity:SCHB","ExecutionCost","-0.020348"
"2022-01-31T21:00:00.0000000+00:00","PaydaySeason","US:Equity:SCHB","ExecutionCost","-0.14868"
"2022-01-31T21:00:00.0000000+00:00","EqBondReversion","US:Equity:SCHB","ExecutionCost","-0.61596"
"2022-01-31T21:00:00.0000000+00:00","BondSeason","US:Equity:TLT","ExecutionCost","-0.512568"
"2022-01-31T21:00:00.0000000+00:00","BondSeason","US:Equity:TLT","ExecutionCost","-0.512568"
"2022-02-01T14:30:00.0000000+00:00","BondSeason","US:Equity:TLT","Borrow","0.00"
"2022-02-01T14:30:00.0000000+00:00","BondSeason","US:Equity:TLT","Dividend","-3.566412"
"2022-02-01T14:30:00.0000000+00:00","EqBondReversion","US:Equity:TLT","Dividend","0.000000"
"2022-02-01T14:30:00.0000000+00:00","RiskPremia","US:Equity:TLT","Dividend","1.188804"
"2022-02-01T21:00:00.0000000+00:00","BondSeason","US:Equity:TLT","Borrow","0.00"
"2022-02-02T14:30:00.0000000+00:00","BondSeason","US:Equity:TLT","Borrow","0.00"
"2022-02-02T21:00:00.0000000+00:00","BondSeason","US:Equity:TLT","Borrow","0.00"
"2022-02-03T14:30:00.0000000+00:00","BondSeason","US:Equity:TLT","Borrow","0.00"
"2022-02-03T21:00:00.0000000+00:00","BondSeason","US:Equity:TLT","Borrow","0.00"
"2022-02-04T14:30:00.0000000+00:00","BondSeason","US:Equity:TLT","Borrow","0.00"
"2022-02-04T21:00:00.0000000+00:00","BondSeason","US:Equity:TLT","Borrow","0.00"
"2022-02-07T14:30:00.0000000+00:00","BondSeason","US:Equity:TLT","Borrow","0.00"
"2022-02-07T21:00:00.0000000+00:00","BondSeason","US:Equity:TLT","Borrow","0.00"
"2022-02-08T14:30:00.0000000+00:00","BondSeason","US:Equity:TLT","Borrow","0.00"
"2022-02-08T21:00:00.0000000+00:00","BondSeason","US:Equity:TLT","Borrow","0.00"
"2022-02-09T14:30:00.0000000+00:00","BondSeason","US:Equity:TLT","Borrow","0.00"
"2022-02-09T14:30:00.0000000+00:00","RiskPremia","US:Equity:SCHB","ExecutionCost","-0.021510"
"2022-02-09T21:00:00.0000000+00:00","BondSeason","US:Equity:TLT","Borrow","0.00"
"2022-02-09T21:00:00.0000000+00:00","BondSeason","US:Equity:TLT","ExecutionCost","-0.498312"
"2022-02-10T21:00:00.0000000+00:00","PaydaySeason","US:Equity:SCHB","ExecutionCost","-0.148946"
"2022-02-11T14:30:00.0000000+00:00","RiskPremia","US:Equity:GLDM","ExecutionCost","-0.021792"
"2022-02-16T21:00:00.0000000+00:00","PaydaySeason","US:Equity:SCHB","ExecutionCost","-0.148218"
"2022-02-16T21:00:00.0000000+00:00","BondSeason","US:Equity:TLT","ExecutionCost","-0.515926"
"2022-02-22T14:30:00.0000000+00:00","EqBondReversion","US:Equity:SCHB","ExecutionCost","-0.59218"
"2022-02-23T21:00:00.0000000+00:00","PaydaySeason","US:Equity:SCHB","ExecutionCost","-0.139538"
"2022-02-24T14:30:00.0000000+00:00","RiskPremia","US:Equity:GLDM","ExecutionCost","-0.2448180"
"2022-02-28T21:00:00.0000000+00:00","PaydaySeason","US:Equity:SCHB","ExecutionCost","-0.144942"
"2022-02-28T21:00:00.0000000+00:00","EqBondReversion","US:Equity:SCHB","ExecutionCost","-0.600474"
"2022-02-28T21:00:00.0000000+00:00","BondSeason","US:Equity:TLT","ExecutionCost","-0.531582"
"2022-02-28T21:00:00.0000000+00:00","BondSeason","US:Equity:TLT","ExecutionCost","-0.531582"
"2022-03-01T14:30:00.0000000+00:00","BondSeason","US:Equity:TLT","Borrow","0.00"
"2022-03-01T14:30:00.0000000+00:00","BondSeason","US:Equity:TLT","Dividend","-3.509737"
"2022-03-01T14:30:00.0000000+00:00","EqBondReversion","US:Equity:TLT","Dividend","0.000000"
"2022-03-01T14:30:00.0000000+00:00","RiskPremia","US:Equity:TLT","Dividend","1.108338"
"2022-03-01T21:00:00.0000000+00:00","BondSeason","US:Equity:TLT","Borrow","0.00"
"2022-03-02T14:30:00.0000000+00:00","BondSeason","US:Equity:TLT","Borrow","0.00"
"2022-03-02T21:00:00.0000000+00:00","BondSeason","US:Equity:TLT","Borrow","0.00"
"2022-03-03T14:30:00.0000000+00:00","BondSeason","US:Equity:TLT","Borrow","0.00"
"2022-03-03T21:00:00.0000000+00:00","BondSeason","US:Equity:TLT","Borrow","0.00"
"2022-03-04T14:30:00.0000000+00:00","BondSeason","US:Equity:TLT","Borrow","0.00"
"2022-03-04T21:00:00.0000000+00:00","BondSeason","US:Equity:TLT","Borrow","0.00"
"2022-03-07T14:30:00.0000000+00:00","BondSeason","US:Equity:TLT","Borrow","0.00"
"2022-03-07T21:00:00.0000000+00:00","BondSeason","US:Equity:TLT","Borrow","0.00"
"2022-03-08T14:30:00.0000000+00:00","BondSeason","US:Equity:TLT","Borrow","0.00"
"2022-03-08T21:00:00.0000000+00:00","BondSeason","US:Equity:TLT","Borrow","0.00"
"2022-03-09T14:30:00.0000000+00:00","BondSeason","US:Equity:TLT","Borrow","0.00"
"2022-03-09T21:00:00.0000000+00:00","BondSeason","US:Equity:TLT","Borrow","0.000"
"2022-03-09T21:00:00.0000000+00:00","BondSeason","US:Equity:TLT","ExecutionCost","-0.518244"
"2022-03-10T21:00:00.0000000+00:00","PaydaySeason","US:Equity:SCHB","ExecutionCost","-0.161040"
"2022-03-14T13:30:00.0000000+00:00","RiskPremia","US:Equity:SCHB","ExecutionCost","-0.12922"
"2022-03-16T20:00:00.0000000+00:00","PaydaySeason","US:Equity:SCHB","ExecutionCost","-0.164576"
"2022-03-21T13:30:00.0000000+00:00","EqBondReversion","US:Equity:SCHB","ExecutionCost","-0.600666"
"2022-03-22T20:00:00.0000000+00:00","PaydaySeason","US:Equity:SCHB","ExecutionCost","-0.159930"
"2022-03-22T20:00:00.0000000+00:00","BondSeason","US:Equity:TLT","ExecutionCost","-0.514760"
"2022-03-23T13:30:00.0000000+00:00","PaydaySeason","US:Equity:SCHB","Dividend","2.1690"
"2022-03-23T13:30:00.0000000+00:00","EqBondReversion","US:Equity:SCHB","Dividend","8.2422"
"2022-03-23T13:30:00.0000000+00:00","RiskPremia","US:Equity:SCHB","Dividend","0.4338"
"2022-03-31T20:00:00.0000000+00:00","PaydaySeason","US:Equity:SCHB","ExecutionCost","-0.160110"
"2022-03-31T20:00:00.0000000+00:00","EqBondReversion","US:Equity:SCHB","ExecutionCost","-0.608418"
"2022-03-31T20:00:00.0000000+00:00","BondSeason","US:Equity:TLT","ExecutionCost","-0.528960"
"2022-03-31T20:00:00.0000000+00:00","BondSeason","US:Equity:TLT","ExecutionCost","-0.502512"
"2022-04-01T13:30:00.0000000+00:00","BondSeason","US:Equity:TLT","Borrow","0.00"
"2022-04-01T13:30:00.0000000+00:00","BondSeason","US:Equity:TLT","Dividend","-3.832813"
"2022-04-01T13:30:00.0000000+00:00","EqBondReversion","US:Equity:TLT","Dividend","0.000000"
"2022-04-01T13:30:00.0000000+00:00","RiskPremia","US:Equity:TLT","Dividend","1.210362"
"2022-04-01T20:00:00.0000000+00:00","BondSeason","US:Equity:TLT","Borrow","0.00"
"2022-04-04T13:30:00.0000000+00:00","BondSeason","US:Equity:TLT","Borrow","0.00"
"2022-04-04T20:00:00.0000000+00:00","BondSeason","US:Equity:TLT","Borrow","0.00"
"2022-04-05T13:30:00.0000000+00:00","BondSeason","US:Equity:TLT","Borrow","0.00"
"2022-04-05T20:00:00.0000000+00:00","BondSeason","US:Equity:TLT","Borrow","0.00"
"2022-04-06T13:30:00.0000000+00:00","BondSeason","US:Equity:TLT","Borrow","0.00"
"2022-04-06T20:00:00.0000000+00:00","BondSeason","US:Equity:TLT","Borrow","0.00"
"2022-04-07T13:30:00.0000000+00:00","BondSeason","US:Equity:TLT","Borrow","0.00"
"2022-04-07T20:00:00.0000000+00:00","BondSeason","US:Equity:TLT","Borrow","0.00"
"2022-04-08T13:30:00.0000000+00:00","BondSeason","US:Equity:TLT","Borrow","0.00"
"2022-04-08T20:00:00.0000000+00:00","BondSeason","US:Equity:TLT","Borrow","0.00"
"2022-04-11T13:30:00.0000000+00:00","BondSeason","US:Equity:TLT","Borrow","0.00"
"2022-04-11T20:00:00.0000000+00:00","BondSeason","US:Equity:TLT","Borrow","0.00"
"2022-04-11T20:00:00.0000000+00:00","BondSeason","US:Equity:TLT","ExecutionCost","-0.468046"
"2022-04-12T20:00:00.0000000+00:00","PaydaySeason","US:Equity:SCHB","ExecutionCost","-0.154950"
"2022-04-18T13:30:00.0000000+00:00","RiskPremia","US:Equity:TLT","ExecutionCost","-0.024174"
"2022-04-19T20:00:00.0000000+00:00","PaydaySeason","US:Equity:SCHB","ExecutionCost","-0.157530"
"2022-04-20T20:00:00.0000000+00:00","BondSeason","US:Equity:TLT","ExecutionCost","-0.511098"
"2022-04-22T13:30:00.0000000+00:00","EqBondReversion","US:Equity:TLT","ExecutionCost","-0.600350"
"2022-04-25T20:00:00.0000000+00:00","PaydaySeason","US:Equity:SCHB","ExecutionCost","-0.161696"
"2022-04-29T20:00:00.0000000+00:00","PaydaySeason","US:Equity:SCHB","ExecutionCost","-0.155296"
"2022-04-29T20:00:00.0000000+00:00","BondSeason","US:Equity:TLT","ExecutionCost","-0.501774"
"2022-04-29T20:00:00.0000000+00:00","BondSeason","US:Equity:TLT","ExecutionCost","-0.501774"
"2022-04-29T20:00:00.0000000+00:00","EqBondReversion","US:Equity:TLT","ExecutionCost","-0.597350"
"2022-05-02T13:30:00.0000000+00:00","BondSeason","US:Equity:TLT","Borrow","0.00"
"2022-05-02T13:30:00.0000000+00:00","BondSeason","US:Equity:TLT","Dividend","-4.26573"
"2022-05-02T13:30:00.0000000+00:00","EqBondReversion","US:Equity:TLT","Dividend","0.00000"
"2022-05-02T13:30:00.0000000+00:00","RiskPremia","US:Equity:TLT","Dividend","1.42191"
"2022-05-02T20:00:00.0000000+00:00","BondSeason","US:Equity:TLT","Borrow","0.00"
"2022-05-03T13:30:00.0000000+00:00","BondSeason","US:Equity:TLT","Borrow","0.00"
"2022-05-03T20:00:00.0000000+00:00","BondSeason","US:Equity:TLT","Borrow","0.00"
"2022-05-04T13:30:00.0000000+00:00","BondSeason","US:Equity:TLT","Borrow","0.00"
"2022-05-04T20:00:00.0000000+00:00","BondSeason","US:Equity:TLT","Borrow","0.00"
"2022-05-05T13:30:00.0000000+00:00","BondSeason","US:Equity:TLT","Borrow","0.00"
"2022-05-05T20:00:00.0000000+00:00","BondSeason","US:Equity:TLT","Borrow","0.00"
"2022-05-06T13:30:00.0000000+00:00","BondSeason","US:Equity:TLT","Borrow","0.00"
"2022-05-06T20:00:00.0000000+00:00","BondSeason","US:Equity:TLT","Borrow","0.00"
"2022-05-09T13:30:00.0000000+00:00","BondSeason","US:Equity:TLT","Borrow","0.00"
"2022-05-09T20:00:00.0000000+00:00","BondSeason","US:Equity:TLT","Borrow","0.00"
"2022-05-10T13:30:00.0000000+00:00","BondSeason","US:Equity:TLT","Borrow","0.00"
"2022-05-10T20:00:00.0000000+00:00","BondSeason","US:Equity:TLT","Borrow","0.00"
"2022-05-10T20:00:00.0000000+00:00","BondSeason","US:Equity:TLT","ExecutionCost","-0.486276"
"2022-05-11T20:00:00.0000000+00:00","PaydaySeason","US:Equity:SCHB","ExecutionCost","-0.155856"
"2022-05-17T20:00:00.0000000+00:00","PaydaySeason","US:Equity:SCHB","ExecutionCost","-0.162724"
"2022-05-19T20:00:00.0000000+00:00","BondSeason","US:Equity:TLT","ExecutionCost","-0.515504"
"2022-05-20T13:30:00.0000000+00:00","EqBondReversion","US:Equity:SCHB","ExecutionCost","-0.60060"
"2022-05-23T20:00:00.0000000+00:00","PaydaySeason","US:Equity:SCHB","ExecutionCost","-0.158304"
"2022-05-31T20:00:00.0000000+00:00","PaydaySeason","US:Equity:SCHB","ExecutionCost","-0.164662"
"2022-05-31T20:00:00.0000000+00:00","EqBondReversion","US:Equity:SCHB","ExecutionCost","-0.629590"
"2022-05-31T20:00:00.0000000+00:00","BondSeason","US:Equity:TLT","ExecutionCost","-0.513172"
"2022-05-31T20:00:00.0000000+00:00","BondSeason","US:Equity:TLT","ExecutionCost","-0.489846"
"2022-06-01T13:30:00.0000000+00:00","BondSeason","US:Equity:TLT","Borrow","0.00"
"2022-06-01T13:30:00.0000000+00:00","BondSeason","US:Equity:TLT","Dividend","-4.356198"
"2022-06-01T13:30:00.0000000+00:00","EqBondReversion","US:Equity:TLT","Dividend","0.000000"
"2022-06-01T13:30:00.0000000+00:00","RiskPremia","US:Equity:TLT","Dividend","1.452066"
"2022-06-01T20:00:00.0000000+00:00","BondSeason","US:Equity:TLT","Borrow","0.00"
"2022-06-02T13:30:00.0000000+00:00","BondSeason","US:Equity:TLT","Borrow","0.00"
"2022-06-02T20:00:00.0000000+00:00","BondSeason","US:Equity:TLT","Borrow","0.00"
"2022-06-03T13:30:00.0000000+00:00","BondSeason","US:Equity:TLT","Borrow","0.00"
"2022-06-03T20:00:00.0000000+00:00","BondSeason","US:Equity:TLT","Borrow","0.00"
"2022-06-06T13:30:00.0000000+00:00","BondSeason","US:Equity:TLT","Borrow","0.00"
"2022-06-06T20:00:00.0000000+00:00","BondSeason","US:Equity:TLT","Borrow","0.00"
"2022-06-07T13:30:00.0000000+00:00","BondSeason","US:Equity:TLT","Borrow","0.00"
"2022-06-07T20:00:00.0000000+00:00","BondSeason","US:Equity:TLT","Borrow","0.00"
"2022-06-08T13:30:00.0000000+00:00","BondSeason","US:Equity:TLT","Borrow","0.00"
"2022-06-08T20:00:00.0000000+00:00","BondSeason","US:Equity:TLT","Borrow","0.00"
"2022-06-09T13:30:00.0000000+00:00","BondSeason","US:Equity:TLT","Borrow","0.00"
"2022-06-09T20:00:00.0000000+00:00","BondSeason","US:Equity:TLT","Borrow","0.000"
"2022-06-09T20:00:00.0000000+00:00","BondSeason","US:Equity:TLT","ExecutionCost","-0.480858"
"2022-06-10T20:00:00.0000000+00:00","PaydaySeason","US:Equity:SCHB","ExecutionCost","-0.15572"
"2022-06-16T20:00:00.0000000+00:00","PaydaySeason","US:Equity:SCHB","ExecutionCost","-0.146030"
"2022-06-21T20:00:00.0000000+00:00","BondSeason","US:Equity:TLT","ExecutionCost","-0.506828"
"2022-06-22T13:30:00.0000000+00:00","PaydaySeason","US:Equity:SCHB","Dividend","0.000"
"2022-06-22T13:30:00.0000000+00:00","EqBondReversion","US:Equity:SCHB","Dividend","0.000"
"2022-06-22T13:30:00.0000000+00:00","RiskPremia","US:Equity:SCHB","Dividend","0.537"
"2022-06-22T13:30:00.0000000+00:00","EqBondReversion","US:Equity:SCHB","ExecutionCost","-0.59024"
"2022-06-23T13:30:00.0000000+00:00","RiskPremia","US:Equity:TLT","ExecutionCost","-0.02278"
"2022-06-23T20:00:00.0000000+00:00","PaydaySeason","US:Equity:SCHB","ExecutionCost","-0.159588"
"2022-06-30T20:00:00.0000000+00:00","PaydaySeason","US:Equity:SCHB","ExecutionCost","-0.159084"
"2022-06-30T20:00:00.0000000+00:00","EqBondReversion","US:Equity:SCHB","ExecutionCost","-0.600984"
"2022-06-30T20:00:00.0000000+00:00","BondSeason","US:Equity:TLT","ExecutionCost","-0.528310"
"2022-06-30T20:00:00.0000000+00:00","BondSeason","US:Equity:TLT","ExecutionCost","-0.505340"
"2022-07-01T13:30:00.0000000+00:00","BondSeason","US:Equity:TLT","Borrow","0.00"
"2022-07-01T13:30:00.0000000+00:00","BondSeason","US:Equity:TLT","Dividend","-4.992658"
"2022-07-01T13:30:00.0000000+00:00","EqBondReversion","US:Equity:TLT","Dividend","0.000000"
"2022-07-01T13:30:00.0000000+00:00","RiskPremia","US:Equity:TLT","Dividend","1.361634"
"2022-07-01T20:00:00.0000000+00:00","BondSeason","US:Equity:TLT","Borrow","0.0"
"2022-07-05T13:30:00.0000000+00:00","BondSeason","US:Equity:TLT","Borrow","0.00"
"2022-07-05T20:00:00.0000000+00:00","BondSeason","US:Equity:TLT","Borrow","0.00"
"2022-07-06T13:30:00.0000000+00:00","BondSeason","US:Equity:TLT","Borrow","0.00"
"2022-07-06T13:30:00.0000000+00:00","RiskPremia","US:Equity:GLDM","ExecutionCost","-0.1680480"
"2022-07-06T20:00:00.0000000+00:00","BondSeason","US:Equity:TLT","Borrow","0.00"
"2022-07-07T13:30:00.0000000+00:00","BondSeason","US:Equity:TLT","Borrow","0.00"
"2022-07-07T20:00:00.0000000+00:00","BondSeason","US:Equity:TLT","Borrow","0.0"
"2022-07-08T13:30:00.0000000+00:00","BondSeason","US:Equity:TLT","Borrow","0.00"
"2022-07-08T20:00:00.0000000+00:00","BondSeason","US:Equity:TLT","Borrow","0.0"
"2022-07-11T13:30:00.0000000+00:00","BondSeason","US:Equity:TLT","Borrow","0.00"
"2022-07-11T20:00:00.0000000+00:00","BondSeason","US:Equity:TLT","Borrow","0.00"
"2022-07-12T13:30:00.0000000+00:00","BondSeason","US:Equity:TLT","Borrow","0.00"
"2022-07-12T20:00:00.0000000+00:00","BondSeason","US:Equity:TLT","Borrow","0.00"
"2022-07-12T20:00:00.0000000+00:00","BondSeason","US:Equity:TLT","ExecutionCost","-0.506132"
"2022-07-13T20:00:00.0000000+00:00","PaydaySeason","US:Equity:SCHB","ExecutionCost","-0.159948"
"2022-07-19T13:30:00.0000000+00:00","RiskPremia","US:Equity:GLDM","ExecutionCost","-0.0271840"
"2022-07-19T20:00:00.0000000+00:00","PaydaySeason","US:Equity:SCHB","ExecutionCost","-0.165708"
"2022-07-20T20:00:00.0000000+00:00","BondSeason","US:Equity:TLT","ExecutionCost","-0.5044820"
"2022-07-22T13:30:00.0000000+00:00","RiskPremia","US:Equity:SCHB","ExecutionCost","-0.074992"
"2022-07-22T13:30:00.0000000+00:00","EqBondReversion","US:Equity:TLT","ExecutionCost","-0.591450"
"2022-07-25T20:00:00.0000000+00:00","PaydaySeason","US:Equity:SCHB","ExecutionCost","-0.157828"
"2022-07-27T13:30:00.0000000+00:00","RiskPremia","US:Equity:SCHB","ExecutionCost","-0.009250"
"2022-07-29T20:00:00.0000000+00:00","PaydaySeason","US:Equity:SCHB","ExecutionCost","-0.164322"
"2022-07-29T20:00:00.0000000+00:00","BondSeason","US:Equity:TLT","ExecutionCost","-0.516780"
"2022-07-29T20:00:00.0000000+00:00","BondSeason","US:Equity:TLT","ExecutionCost","-0.516780"
"2022-07-29T20:00:00.0000000+00:00","EqBondReversion","US:Equity:TLT","ExecutionCost","-0.587250"
"2022-08-01T13:30:00.0000000+00:00","BondSeason","US:Equity:TLT","Borrow","0.00"
"2022-08-01T13:30:00.0000000+00:00","BondSeason","US:Equity:TLT","Dividend","-4.686946"
"2022-08-01T13:30:00.0000000+00:00","EqBondReversion","US:Equity:TLT","Dividend","0.000000"
"2022-08-01T13:30:00.0000000+00:00","RiskPremia","US:Equity:TLT","Dividend","1.278258"
"2022-08-01T20:00:00.0000000+00:00","BondSeason","US:Equity:TLT","Borrow","0.00"
"2022-08-02T13:30:00.0000000+00:00","BondSeason","US:Equity:TLT","Borrow","0.00"
"2022-08-02T20:00:00.0000000+00:00","BondSeason","US:Equity:TLT","Borrow","0.00"
"2022-08-03T13:30:00.0000000+00:00","BondSeason","US:Equity:TLT","Borrow","0.00"
"2022-08-03T20:00:00.0000000+00:00","BondSeason","US:Equity:TLT","Borrow","0.00"
"2022-08-04T13:30:00.0000000+00:00","BondSeason","US:Equity:TLT","Borrow","0.00"
"2022-08-04T20:00:00.0000000+00:00","BondSeason","US:Equity:TLT","Borrow","0.00"
"2022-08-05T13:30:00.0000000+00:00","BondSeason","US:Equity:TLT","Borrow","0.00"
"2022-08-05T20:00:00.0000000+00:00","BondSeason","US:Equity:TLT","Borrow","0.00"
"2022-08-08T13:30:00.0000000+00:00","BondSeason","US:Equity:TLT","Borrow","0.00"
"2022-08-08T20:00:00.0000000+00:00","BondSeason","US:Equity:TLT","Borrow","0.00"
"2022-08-09T13:30:00.0000000+00:00","BondSeason","US:Equity:TLT","Borrow","0.00"
"2022-08-09T20:00:00.0000000+00:00","BondSeason","US:Equity:TLT","Borrow","0.00"
"2022-08-09T20:00:00.0000000+00:00","BondSeason","US:Equity:TLT","ExecutionCost","-0.518584"
"2022-08-10T20:00:00.0000000+00:00","PaydaySeason","US:Equity:SCHB","ExecutionCost","-0.158272"
"2022-08-16T20:00:00.0000000+00:00","PaydaySeason","US:Equity:SCHB","ExecutionCost","-0.161984"
"2022-08-19T13:30:00.0000000+00:00","EqBondReversion","US:Equity:TLT","ExecutionCost","-0.588796"
"2022-08-22T20:00:00.0000000+00:00","PaydaySeason","US:Equity:SCHB","ExecutionCost","-0.155424"
"2022-08-22T20:00:00.0000000+00:00","BondSeason","US:Equity:TLT","ExecutionCost","-0.518098"
"2022-08-31T20:00:00.0000000+00:00","PaydaySeason","US:Equity:SCHB","ExecutionCost","-0.148736"
"2022-08-31T20:00:00.0000000+00:00","BondSeason","US:Equity:TLT","ExecutionCost","-0.514878"
"2022-08-31T20:00:00.0000000+00:00","BondSeason","US:Equity:TLT","ExecutionCost","-0.514878"
"2022-08-31T20:00:00.0000000+00:00","EqBondReversion","US:Equity:TLT","ExecutionCost","-0.582036"
"2022-09-01T13:30:00.0000000+00:00","BondSeason","US:Equity:TLT","Borrow","0.00"
"2022-09-01T13:30:00.0000000+00:00","BondSeason","US:Equity:TLT","Dividend","-5.431105"
"2022-09-01T13:30:00.0000000+00:00","EqBondReversion","US:Equity:TLT","Dividend","0.000000"
"2022-09-01T13:30:00.0000000+00:00","RiskPremia","US:Equity:TLT","Dividend","1.416810"
"2022-09-01T20:00:00.0000000+00:00","BondSeason","US:Equity:TLT","Borrow","0.00"
"2022-09-02T13:30:00.0000000+00:00","BondSeason","US:Equity:TLT","Borrow","0.00"
"2022-09-02T13:30:00.0000000+00:00","RiskPremia","US:Equity:GLDM","ExecutionCost","-0.0203760"
"2022-09-02T20:00:00.0000000+00:00","BondSeason","US:Equity:TLT","Borrow","0.00"
"2022-09-06T13:30:00.0000000+00:00","BondSeason","US:Equity:TLT","Borrow","0.00"
"2022-09-06T20:00:00.0000000+00:00","BondSeason","US:Equity:TLT","Borrow","0.00"
"2022-09-07T13:30:00.0000000+00:00","BondSeason","US:Equity:TLT","Borrow","0.00"
"2022-09-07T20:00:00.0000000+00:00","BondSeason","US:Equity:TLT","Borrow","0.00"
"2022-09-08T13:30:00.0000000+00:00","BondSeason","US:Equity:TLT","Borrow","0.00"
"2022-09-08T20:00:00.0000000+00:00","BondSeason","US:Equity:TLT","Borrow","0.00"
"2022-09-09T13:30:00.0000000+00:00","BondSeason","US:Equity:TLT","Borrow","0.00"
"2022-09-09T20:00:00.0000000+00:00","BondSeason","US:Equity:TLT","Borrow","0.00"
"2022-09-12T13:30:00.0000000+00:00","BondSeason","US:Equity:TLT","Borrow","0.00"
"2022-09-12T20:00:00.0000000+00:00","BondSeason","US:Equity:TLT","Borrow","0.00"
"2022-09-12T20:00:00.0000000+00:00","BondSeason","US:Equity:TLT","ExecutionCost","-0.49404"
"2022-09-13T20:00:00.0000000+00:00","PaydaySeason","US:Equity:SCHB","ExecutionCost","-0.148128"
"2022-09-15T13:30:00.0000000+00:00","RiskPremia","US:Equity:TLT","ExecutionCost","-0.021570"
"2022-09-19T20:00:00.0000000+00:00","PaydaySeason","US:Equity:SCHB","ExecutionCost","-0.146848"
"2022-09-21T13:30:00.0000000+00:00","PaydaySeason","US:Equity:SCHB","Dividend","0.0000"
"2022-09-21T13:30:00.0000000+00:00","EqBondReversion","US:Equity:SCHB","Dividend","0.0000"
"2022-09-21T13:30:00.0000000+00:00","RiskPremia","US:Equity:SCHB","Dividend","2.2428"
"2022-09-21T13:30:00.0000000+00:00","RiskPremia","US:Equity:SCHB","ExecutionCost","-0.009076"
"2022-09-21T20:00:00.0000000+00:00","BondSeason","US:Equity:TLT","ExecutionCost","-0.518496"
"2022-09-22T13:30:00.0000000+00:00","EqBondReversion","US:Equity:SCHB","ExecutionCost","-0.602616"
"2022-09-23T20:00:00.0000000+00:00","PaydaySeason","US:Equity:SCHB","ExecutionCost","-0.155304"
"2022-09-28T13:30:00.0000000+00:00","RiskPremia","US:Equity:SCHB","ExecutionCost","-0.008538"
"2022-09-30T20:00:00.0000000+00:00","PaydaySeason","US:Equity:SCHB","ExecutionCost","-0.151164"
"2022-09-30T20:00:00.0000000+00:00","EqBondReversion","US:Equity:SCHB","ExecutionCost","-0.571064"
"2022-09-30T20:00:00.0000000+00:00","BondSeason","US:Equity:TLT","ExecutionCost","-0.491904"
"2022-09-30T20:00:00.0000000+00:00","BondSeason","US:Equity:TLT","ExecutionCost","-0.512400"
"2022-10-03T13:30:00.0000000+00:00","BondSeason","US:Equity:TLT","Borrow","0.00"
"2022-10-03T13:30:00.0000000+00:00","BondSeason","US:Equity:TLT","Dividend","-6.102850"
"2022-10-03T13:30:00.0000000+00:00","EqBondReversion","US:Equity:TLT","Dividend","0.000000"
"2022-10-03T13:30:00.0000000+00:00","RiskPremia","US:Equity:TLT","Dividend","1.708798"
"2022-10-03T20:00:00.0000000+00:00","BondSeason","US:Equity:TLT","Borrow","0.00"
"2022-10-04T13:30:00.0000000+00:00","BondSeason","US:Equity:TLT","Borrow","0.00"
"2022-10-04T20:00:00.0000000+00:00","BondSeason","US:Equity:TLT","Borrow","0.00"
"2022-10-05T13:30:00.0000000+00:00","BondSeason","US:Equity:TLT","Borrow","0.00"
"2022-10-05T20:00:00.0000000+00:00","BondSeason","US:Equity:TLT","Borrow","0.00"
"2022-10-06T13:30:00.0000000+00:00","BondSeason","US:Equity:TLT","Borrow","0.00"
"2022-10-06T20:00:00.0000000+00:00","BondSeason","US:Equity:TLT","Borrow","0.00"
"2022-10-07T13:30:00.0000000+00:00","BondSeason","US:Equity:TLT","Borrow","0.00"
"2022-10-07T20:00:00.0000000+00:00","BondSeason","US:Equity:TLT","Borrow","0.00"
"2022-10-10T13:30:00.0000000+00:00","BondSeason","US:Equity:TLT","Borrow","0.00"
"2022-10-10T20:00:00.0000000+00:00","BondSeason","US:Equity:TLT","Borrow","0.0"
"2022-10-11T13:30:00.0000000+00:00","BondSeason","US:Equity:TLT","Borrow","0.00"
"2022-10-11T20:00:00.0000000+00:00","BondSeason","US:Equity:TLT","Borrow","0.00"
"2022-10-11T20:00:00.0000000+00:00","BondSeason","US:Equity:TLT","ExecutionCost","-0.499350"
"2022-10-12T20:00:00.0000000+00:00","PaydaySeason","US:Equity:SCHB","ExecutionCost","-0.159410"
"2022-10-18T20:00:00.0000000+00:00","PaydaySeason","US:Equity:SCHB","ExecutionCost","-0.165870"
"2022-10-20T20:00:00.0000000+00:00","BondSeason","US:Equity:TLT","ExecutionCost","-0.512406"
"2022-10-21T13:30:00.0000000+00:00","EqBondReversion","US:Equity:TLT","ExecutionCost","-0.576538"
"2022-10-24T20:00:00.0000000+00:00","PaydaySeason","US:Equity:SCHB","ExecutionCost","-0.159732"
"2022-10-25T13:30:00.0000000+00:00","RiskPremia","US:Equity:TLT","ExecutionCost","-0.018910"
"2022-10-31T20:00:00.0000000+00:00","PaydaySeason","US:Equity:SCHB","ExecutionCost","-0.16344"
"2022-10-31T20:00:00.0000000+00:00","BondSeason","US:Equity:TLT","ExecutionCost","-0.518346"
"2022-10-31T20:00:00.0000000+00:00","BondSeason","US:Equity:TLT","ExecutionCost","-0.499148"
"2022-10-31T20:00:00.0000000+00:00","EqBondReversion","US:Equity:TLT","ExecutionCost","-0.595138"
"2022-11-01T13:30:00.0000000+00:00","BondSeason","US:Equity:TLT","Borrow","0.00"
"2022-11-01T13:30:00.0000000+00:00","BondSeason","US:Equity:TLT","Dividend","-6.126562"
"2022-11-01T13:30:00.0000000+00:00","EqBondReversion","US:Equity:TLT","Dividend","0.000000"
"2022-11-01T13:30:00.0000000+00:00","RiskPremia","US:Equity:TLT","Dividend","1.885096"
"2022-11-01T20:00:00.0000000+00:00","BondSeason","US:Equity:TLT","Borrow","0.00"
"2022-11-02T13:30:00.0000000+00:00","BondSeason","US:Equity:TLT","Borrow","0.00"
"2022-11-02T20:00:00.0000000+00:00","BondSeason","US:Equity:TLT","Borrow","0.00"
"2022-11-03T13:30:00.0000000+00:00","BondSeason","US:Equity:TLT","Borrow","0.00"
"2022-11-03T20:00:00.0000000+00:00","BondSeason","US:Equity:TLT","Borrow","0.00"
"2022-11-04T13:30:00.0000000+00:00","BondSeason","US:Equity:TLT","Borrow","0.00"
"2022-11-04T20:00:00.0000000+00:00","BondSeason","US:Equity:TLT","Borrow","0.0"
"2022-11-07T14:30:00.0000000+00:00","BondSeason","US:Equity:TLT","Borrow","0.00"
"2022-11-07T21:00:00.0000000+00:00","BondSeason","US:Equity:TLT","Borrow","0.00"
"2022-11-08T14:30:00.0000000+00:00","BondSeason","US:Equity:TLT","Borrow","0.00"
"2022-11-08T21:00:00.0000000+00:00","BondSeason","US:Equity:TLT","Borrow","0.0"
"2022-11-09T14:30:00.0000000+00:00","BondSeason","US:Equity:TLT","Borrow","0.0"
"2022-11-09T14:30:00.0000000+00:00","RiskPremia","US:Equity:GLDM","ExecutionCost","-0.0339900"
"2022-11-09T21:00:00.0000000+00:00","BondSeason","US:Equity:TLT","Borrow","0.00"
"2022-11-09T21:00:00.0000000+00:00","BondSeason","US:Equity:TLT","ExecutionCost","-0.491816"
"2022-11-10T21:00:00.0000000+00:00","PaydaySeason","US:Equity:SCHB","ExecutionCost","-0.166932"
"2022-11-11T14:30:00.0000000+00:00","RiskPremia","US:Equity:SCHB","ExecutionCost","-0.018588"
"2022-11-16T21:00:00.0000000+00:00","PaydaySeason","US:Equity:SCHB","ExecutionCost","-0.167184"
"2022-11-17T14:30:00.0000000+00:00","RiskPremia","US:Equity:TLT","ExecutionCost","-0.02004"
"2022-11-18T21:00:00.0000000+00:00","BondSeason","US:Equity:TLT","ExecutionCost","-0.518284"
"2022-11-21T14:30:00.0000000+00:00","EqBondReversion","US:Equity:SCHB","ExecutionCost","-0.592000"
"2022-11-22T21:00:00.0000000+00:00","PaydaySeason","US:Equity:SCHB","ExecutionCost","-0.159426"
"2022-11-30T21:00:00.0000000+00:00","PaydaySeason","US:Equity:SCHB","ExecutionCost","-0.162486"
"2022-11-30T21:00:00.0000000+00:00","EqBondReversion","US:Equity:SCHB","ExecutionCost","-0.611712"
"2022-11-30T21:00:00.0000000+00:00","BondSeason","US:Equity:TLT","ExecutionCost","-0.53404"
"2022-11-30T21:00:00.0000000+00:00","BondSeason","US:Equity:TLT","ExecutionCost","-0.51350"
"2022-12-01T14:30:00.0000000+00:00","BondSeason","US:Equity:TLT","Borrow","0.0"
"2022-12-01T14:30:00.0000000+00:00","BondSeason","US:Equity:TLT","Dividend","-6.106075"
"2022-12-01T14:30:00.0000000+00:00","EqBondReversion","US:Equity:TLT","Dividend","0.000000"
"2022-12-01T14:30:00.0000000+00:00","RiskPremia","US:Equity:TLT","Dividend","1.709701"
"2022-12-01T21:00:00.0000000+00:00","BondSeason","US:Equity:TLT","Borrow","0.00"
"2022-12-02T14:30:00.0000000+00:00","BondSeason","US:Equity:TLT","Borrow","0.00"
"2022-12-02T21:00:00.0000000+00:00","BondSeason","US:Equity:TLT","Borrow","0.0"
"2022-12-05T14:30:00.0000000+00:00","BondSeason","US:Equity:TLT","Borrow","0.00"
"2022-12-05T21:00:00.0000000+00:00","BondSeason","US:Equity:TLT","Borrow","0.00"
"2022-12-06T14:30:00.0000000+00:00","BondSeason","US:Equity:TLT","Borrow","0.00"
"2022-12-06T21:00:00.0000000+00:00","BondSeason","US:Equity:TLT","Borrow","0.0"
"2022-12-07T14:30:00.0000000+00:00","BondSeason","US:Equity:TLT","Borrow","0.00"
"2022-12-07T14:30:00.0000000+00:00","PaydaySeason","US:Equity:SCHB","Dividend","0.0000"
"2022-12-07T14:30:00.0000000+00:00","EqBondReversion","US:Equity:SCHB","Dividend","0.0000"
"2022-12-07T14:30:00.0000000+00:00","RiskPremia","US:Equity:SCHB","Dividend","2.5404"
"2022-12-07T21:00:00.0000000+00:00","BondSeason","US:Equity:TLT","Borrow","0.00"
"2022-12-08T14:30:00.0000000+00:00","BondSeason","US:Equity:TLT","Borrow","0.00"
"2022-12-08T14:30:00.0000000+00:00","RiskPremia","US:Equity:TLT","ExecutionCost","-0.02174"
"2022-12-08T21:00:00.0000000+00:00","BondSeason","US:Equity:TLT","Borrow","0.0"
"2022-12-09T14:30:00.0000000+00:00","BondSeason","US:Equity:TLT","Borrow","0.00"
"2022-12-09T21:00:00.0000000+00:00","BondSeason","US:Equity:TLT","Borrow","0.00"
"2022-12-09T21:00:00.0000000+00:00","BondSeason","US:Equity:TLT","ExecutionCost","-0.531450"
"2022-12-12T21:00:00.0000000+00:00","PaydaySeason","US:Equity:SCHB","ExecutionCost","-0.158134"
"2022-12-15T14:30:00.0000000+00:00","BondSeason","US:Equity:TLT","Dividend","0.000000"
"2022-12-15T14:30:00.0000000+00:00","EqBondReversion","US:Equity:TLT","Dividend","0.000000"
"2022-12-15T14:30:00.0000000+00:00","RiskPremia","US:Equity:TLT","Dividend","1.566354"
"2022-12-16T21:00:00.0000000+00:00","PaydaySeason","US:Equity:SCHB","ExecutionCost","-0.152728"
"2022-12-20T14:30:00.0000000+00:00","RiskPremia","US:Equity:SCHB","ExecutionCost","-0.008868"
"2022-12-20T21:00:00.0000000+00:00","BondSeason","US:Equity:TLT","ExecutionCost","-0.496560"
"2022-12-21T14:30:00.0000000+00:00","EqBondReversion","US:Equity:SCHB","ExecutionCost","-0.600856"
"2022-12-22T21:00:00.0000000+00:00","PaydaySeason","US:Equity:SCHB","ExecutionCost","-0.151572"
"2022-12-30T21:00:00.0000000+00:00","PaydaySeason","US:Equity:SCHB","ExecutionCost","-0.1523370"
"2022-12-30T21:00:00.0000000+00:00","EqBondReversion","US:Equity:SCHB","ExecutionCost","-0.6003870"
"2022-12-30T21:00:00.0000000+00:00","BondSeason","US:Equity:TLT","ExecutionCost","-0.477936"
"2022-12-30T21:00:00.0000000+00:00","BondSeason","US:Equity:TLT","ExecutionCost","-0.497850"
"2023-01-03T14:30:00.0000000+00:00","BondSeason","US:Equity:TLT","Borrow","0.00"
"2023-01-03T21:00:00.0000000+00:00","BondSeason","US:Equity:TLT","Borrow","0.0"
"2023-01-04T14:30:00.0000000+00:00","BondSeason","US:Equity:TLT","Borrow","0.00"
"2023-01-04T14:30:00.0000000+00:00","RiskPremia","US:Equity:GLDM","ExecutionCost","-0.0221280"
"2023-01-04T21:00:00.0000000+00:00","BondSeason","US:Equity:TLT","Borrow","0.00"
"2023-01-05T14:30:00.0000000+00:00","BondSeason","US:Equity:TLT","Borrow","0.00"
"2023-01-05T21:00:00.0000000+00:00","BondSeason","US:Equity:TLT","Borrow","0.00"
"2023-01-06T14:30:00.0000000+00:00","BondSeason","US:Equity:TLT","Borrow","0.000"
"2023-01-06T21:00:00.0000000+00:00","BondSeason","US:Equity:TLT","Borrow","0.0"
"2023-01-09T14:30:00.0000000+00:00","BondSeason","US:Equity:TLT","Borrow","0.00"
"2023-01-09T21:00:00.0000000+00:00","BondSeason","US:Equity:TLT","Borrow","0.00"
"2023-01-10T14:30:00.0000000+00:00","BondSeason","US:Equity:TLT","Borrow","0.00"
"2023-01-10T21:00:00.0000000+00:00","BondSeason","US:Equity:TLT","Borrow","0.00"
"2023-01-11T14:30:00.0000000+00:00","BondSeason","US:Equity:TLT","Borrow","0.00"
"2023-01-11T21:00:00.0000000+00:00","BondSeason","US:Equity:TLT","Borrow","0.00"
"2023-01-11T21:00:00.0000000+00:00","BondSeason","US:Equity:TLT","ExecutionCost","-0.528400"
"2023-01-12T21:00:00.0000000+00:00","PaydaySeason","US:Equity:SCHB","ExecutionCost","-0.158678"
"2023-01-19T21:00:00.0000000+00:00","PaydaySeason","US:Equity:SCHB","ExecutionCost","-0.155346"
"2023-01-20T21:00:00.0000000+00:00","BondSeason","US:Equity:TLT","ExecutionCost","-0.509808"
"2023-01-24T14:30:00.0000000+00:00","EqBondReversion","US:Equity:TLT","ExecutionCost","-0.594272"
"2023-01-25T21:00:00.0000000+00:00","PaydaySeason","US:Equity:SCHB","ExecutionCost","-0.160106"
"2023-01-31T21:00:00.0000000+00:00","PaydaySeason","US:Equity:SCHB","ExecutionCost","-0.16286"
"2023-01-31T21:00:00.0000000+00:00","BondSeason","US:Equity:TLT","ExecutionCost","-0.514896"
"2023-01-31T21:00:00.0000000+00:00","BondSeason","US:Equity:TLT","ExecutionCost","-0.514896"
"2023-01-31T21:00:00.0000000+00:00","EqBondReversion","US:Equity:TLT","ExecutionCost","-0.600712"
"2023-02-01T14:30:00.0000000+00:00","BondSeason","US:Equity:TLT","Borrow","0.00"
"2023-02-01T14:30:00.0000000+00:00","BondSeason","US:Equity:TLT","Dividend","-6.611904"
"2023-02-01T14:30:00.0000000+00:00","EqBondReversion","US:Equity:TLT","Dividend","0.000000"
"2023-02-01T14:30:00.0000000+00:00","RiskPremia","US:Equity:TLT","Dividend","1.652976"
"2023-02-01T21:00:00.0000000+00:00","BondSeason","US:Equity:TLT","Borrow","0.00"
"2023-02-02T14:30:00.0000000+00:00","BondSeason","US:Equity:TLT","Borrow","0.00"
"2023-02-02T21:00:00.0000000+00:00","BondSeason","US:Equity:TLT","Borrow","0.00"
"2023-02-03T14:30:00.0000000+00:00","BondSeason","US:Equity:TLT","Borrow","0.00"
"2023-02-03T21:00:00.0000000+00:00","BondSeason","US:Equity:TLT","Borrow","0.00"
"2023-02-06T14:30:00.0000000+00:00","BondSeason","US:Equity:TLT","Borrow","0.00"
"2023-02-06T21:00:00.0000000+00:00","BondSeason","US:Equity:TLT","Borrow","0.00"
"2023-02-07T14:30:00.0000000+00:00","BondSeason","US:Equity:TLT","Borrow","0.00"
"2023-02-07T21:00:00.0000000+00:00","BondSeason","US:Equity:TLT","Borrow","0.00"
"2023-02-08T14:30:00.0000000+00:00","BondSeason","US:Equity:TLT","Borrow","0.00"
"2023-02-08T21:00:00.0000000+00:00","BondSeason","US:Equity:TLT","Borrow","0.00"
"2023-02-09T14:30:00.0000000+00:00","BondSeason","US:Equity:TLT","Borrow","0.0000"
"2023-02-09T21:00:00.0000000+00:00","BondSeason","US:Equity:TLT","Borrow","0.00"
"2023-02-09T21:00:00.0000000+00:00","BondSeason","US:Equity:TLT","ExecutionCost","-0.5019120"
"2023-02-10T21:00:00.0000000+00:00","PaydaySeason","US:Equity:SCHB","ExecutionCost","-0.153664"
"2023-02-13T14:30:00.0000000+00:00","RiskPremia","US:Equity:TLT","ExecutionCost","-0.020742"
"2023-02-16T21:00:00.0000000+00:00","PaydaySeason","US:Equity:SCHB","ExecutionCost","-0.154304"
"2023-02-16T21:00:00.0000000+00:00","BondSeason","US:Equity:TLT","ExecutionCost","-0.508100"
"2023-02-22T14:30:00.0000000+00:00","RiskPremia","US:Equity:SCHB","ExecutionCost","-0.009428"
"2023-02-22T14:30:00.0000000+00:00","EqBondReversion","US:Equity:TLT","ExecutionCost","-0.605940"
"2023-02-23T21:00:00.0000000+00:00","PaydaySeason","US:Equity:SCHB","ExecutionCost","-0.160684"
"2023-02-28T21:00:00.0000000+00:00","PaydaySeason","US:Equity:SCHB","ExecutionCost","-0.159052"
"2023-02-28T21:00:00.0000000+00:00","BondSeason","US:Equity:TLT","ExecutionCost","-0.508550"
"2023-02-28T21:00:00.0000000+00:00","BondSeason","US:Equity:TLT","ExecutionCost","-0.508550"
"2023-02-28T21:00:00.0000000+00:00","EqBondReversion","US:Equity:TLT","ExecutionCost","-0.610260"
"2023-03-01T14:30:00.0000000+00:00","BondSeason","US:Equity:TLT","Borrow","0.00"
"2023-03-01T14:30:00.0000000+00:00","BondSeason","US:Equity:TLT","Dividend","-6.244150"
"2023-03-01T14:30:00.0000000+00:00","EqBondReversion","US:Equity:TLT","Dividend","0.000000"
"2023-03-01T14:30:00.0000000+00:00","RiskPremia","US:Equity:TLT","Dividend","1.748362"
"2023-03-01T21:00:00.0000000+00:00","BondSeason","US:Equity:TLT","Borrow","0.00"
"2023-03-02T14:30:00.0000000+00:00","BondSeason","US:Equity:TLT","Borrow","0.00"
"2023-03-02T21:00:00.0000000+00:00","BondSeason","US:Equity:TLT","Borrow","0.00"
"2023-03-03T14:30:00.0000000+00:00","BondSeason","US:Equity:TLT","Borrow","0.00"
"2023-03-03T21:00:00.0000000+00:00","BondSeason","US:Equity:TLT","Borrow","0.00"
"2023-03-06T14:30:00.0000000+00:00","BondSeason","US:Equity:TLT","Borrow","0.000"
"2023-03-06T21:00:00.0000000+00:00","BondSeason","US:Equity:TLT","Borrow","0.00"
"2023-03-07T14:30:00.0000000+00:00","BondSeason","US:Equity:TLT","Borrow","0.00"
"2023-03-07T21:00:00.0000000+00:00","BondSeason","US:Equity:TLT","Borrow","0.00"
"2023-03-08T14:30:00.0000000+00:00","BondSeason","US:Equity:TLT","Borrow","0.00"
"2023-03-08T14:30:00.0000000+00:00","RiskPremia","US:Equity:SCHB","ExecutionCost","-0.009392"
"2023-03-08T21:00:00.0000000+00:00","BondSeason","US:Equity:TLT","Borrow","0.0"
"2023-03-09T14:30:00.0000000+00:00","BondSeason","US:Equity:TLT","Borrow","0.00"
"2023-03-09T21:00:00.0000000+00:00","BondSeason","US:Equity:TLT","Borrow","0.00"
"2023-03-09T21:00:00.0000000+00:00","BondSeason","US:Equity:TLT","ExecutionCost","-0.510400"
"2023-03-10T21:00:00.0000000+00:00","PaydaySeason","US:Equity:SCHB","ExecutionCost","-0.153986"
"2023-03-16T20:00:00.0000000+00:00","PaydaySeason","US:Equity:SCHB","ExecutionCost","-0.157522"
"2023-03-21T13:30:00.0000000+00:00","EqBondReversion","US:Equity:SCHB","ExecutionCost","-0.606320"
"2023-03-22T13:30:00.0000000+00:00","PaydaySeason","US:Equity:SCHB","Dividend","0.0000"
"2023-03-22T13:30:00.0000000+00:00","EqBondReversion","US:Equity:SCHB","Dividend","11.5440"
"2023-03-22T13:30:00.0000000+00:00","RiskPremia","US:Equity:SCHB","Dividend","2.6640"
"2023-03-22T20:00:00.0000000+00:00","PaydaySeason","US:Equity:SCHB","ExecutionCost","-0.15572"
"2023-03-22T20:00:00.0000000+00:00","BondSeason","US:Equity:TLT","ExecutionCost","-0.510528"
"2023-03-24T13:30:00.0000000+00:00","RiskPremia","US:Equity:SCHB","ExecutionCost","-0.01828"
"2023-03-31T20:00:00.0000000+00:00","PaydaySeason","US:Equity:SCHB","ExecutionCost","-0.162724"
"2023-03-31T20:00:00.0000000+00:00","EqBondReversion","US:Equity:SCHB","ExecutionCost","-0.622180"
"2023-03-31T20:00:00.0000000+00:00","BondSeason","US:Equity:TLT","ExecutionCost","-0.510048"
"2023-03-31T20:00:00.0000000+00:00","BondSeason","US:Equity:TLT","ExecutionCost","-0.510048"
"2023-04-03T13:30:00.0000000+00:00","BondSeason","US:Equity:TLT","Borrow","0.00"
"2023-04-03T13:30:00.0000000+00:00","BondSeason","US:Equity:TLT","Dividend","-6.450120"
"2023-04-03T13:30:00.0000000+00:00","EqBondReversion","US:Equity:TLT","Dividend","0.000000"
"2023-04-03T13:30:00.0000000+00:00","RiskPremia","US:Equity:TLT","Dividend","1.881285"
"2023-04-03T20:00:00.0000000+00:00","BondSeason","US:Equity:TLT","Borrow","0.00"
"2023-04-04T13:30:00.0000000+00:00","BondSeason","US:Equity:TLT","Borrow","0.00"
"2023-04-04T20:00:00.0000000+00:00","BondSeason","US:Equity:TLT","Borrow","0.00"
"2023-04-05T13:30:00.0000000+00:00","BondSeason","US:Equity:TLT","Borrow","0.00"
"2023-04-05T20:00:00.0000000+00:00","BondSeason","US:Equity:TLT","Borrow","0.00"
"2023-04-06T13:30:00.0000000+00:00","BondSeason","US:Equity:TLT","Borrow","0.00"
"2023-04-06T20:00:00.0000000+00:00","BondSeason","US:Equity:TLT","Borrow","0.00"
"2023-04-10T13:30:00.0000000+00:00","BondSeason","US:Equity:TLT","Borrow","0.000"
"2023-04-10T20:00:00.0000000+00:00","BondSeason","US:Equity:TLT","Borrow","0.00"
"2023-04-11T13:30:00.0000000+00:00","BondSeason","US:Equity:TLT","Borrow","0.00"
"2023-04-11T20:00:00.0000000+00:00","BondSeason","US:Equity:TLT","Borrow","0.00"
"2023-04-12T13:30:00.0000000+00:00","BondSeason","US:Equity:TLT","Borrow","0.00"
"2023-04-12T20:00:00.0000000+00:00","BondSeason","US:Equity:TLT","Borrow","0.00"
"2023-04-12T20:00:00.0000000+00:00","BondSeason","US:Equity:TLT","ExecutionCost","-0.513072"
"2023-04-13T20:00:00.0000000+00:00","PaydaySeason","US:Equity:SCHB","ExecutionCost","-0.163846"
"2023-04-19T20:00:00.0000000+00:00","PaydaySeason","US:Equity:SCHB","ExecutionCost","-0.164254"
"2023-04-19T20:00:00.0000000+00:00","BondSeason","US:Equity:TLT","ExecutionCost","-0.520550"
"2023-04-24T13:30:00.0000000+00:00","EqBondReversion","US:Equity:TLT","ExecutionCost","-0.587776"
"2023-04-25T20:00:00.0000000+00:00","PaydaySeason","US:Equity:SCHB","ExecutionCost","-0.151264"
"2023-04-26T13:30:00.0000000+00:00","RiskPremia","US:Equity:SCHB","ExecutionCost","-0.009474"
"2023-04-28T20:00:00.0000000+00:00","PaydaySeason","US:Equity:SCHB","ExecutionCost","-0.154720"
"2023-04-28T20:00:00.0000000+00:00","BondSeason","US:Equity:TLT","ExecutionCost","-0.532200"
"2023-04-28T20:00:00.0000000+00:00","BondSeason","US:Equity:TLT","ExecutionCost","-0.510912"
"2023-04-28T20:00:00.0000000+00:00","EqBondReversion","US:Equity:TLT","ExecutionCost","-0.596064"
"2023-05-01T13:30:00.0000000+00:00","BondSeason","US:Equity:TLT","Borrow","0.00"
"2023-05-01T13:30:00.0000000+00:00","BondSeason","US:Equity:TLT","Dividend","-6.431880"
"2023-05-01T13:30:00.0000000+00:00","EqBondReversion","US:Equity:TLT","Dividend","0.000000"
"2023-05-01T13:30:00.0000000+00:00","RiskPremia","US:Equity:TLT","Dividend","1.875965"
"2023-05-01T20:00:00.0000000+00:00","BondSeason","US:Equity:TLT","Borrow","0.00"
"2023-05-02T13:30:00.0000000+00:00","BondSeason","US:Equity:TLT","Borrow","0.00"
"2023-05-02T20:00:00.0000000+00:00","BondSeason","US:Equity:TLT","Borrow","0"
"2023-05-03T13:30:00.0000000+00:00","BondSeason","US:Equity:TLT","Borrow","0.00"
"2023-05-03T20:00:00.0000000+00:00","BondSeason","US:Equity:TLT","Borrow","0.00"
"2023-05-04T13:30:00.0000000+00:00","BondSeason","US:Equity:TLT","Borrow","0.00"
"2023-05-04T20:00:00.0000000+00:00","BondSeason","US:Equity:TLT","Borrow","0.00"
"2023-05-05T13:30:00.0000000+00:00","BondSeason","US:Equity:TLT","Borrow","0.00"
"2023-05-05T20:00:00.0000000+00:00","BondSeason","US:Equity:TLT","Borrow","0.00"
"2023-05-08T13:30:00.0000000+00:00","BondSeason","US:Equity:TLT","Borrow","0.0"
"2023-05-08T20:00:00.0000000+00:00","BondSeason","US:Equity:TLT","Borrow","0.000"
"2023-05-09T13:30:00.0000000+00:00","BondSeason","US:Equity:TLT","Borrow","0.00"
"2023-05-09T20:00:00.0000000+00:00","BondSeason","US:Equity:TLT","Borrow","0.0"
"2023-05-09T20:00:00.0000000+00:00","BondSeason","US:Equity:TLT","ExecutionCost","-0.494640"
"2023-05-10T20:00:00.0000000+00:00","PaydaySeason","US:Equity:SCHB","ExecutionCost","-0.153696"
"2023-05-16T20:00:00.0000000+00:00","PaydaySeason","US:Equity:SCHB","ExecutionCost","-0.15264"
"2023-05-19T13:30:00.0000000+00:00","EqBondReversion","US:Equity:TLT","ExecutionCost","-0.587308"
"2023-05-19T20:00:00.0000000+00:00","BondSeason","US:Equity:TLT","ExecutionCost","-0.5056250"
"2023-05-22T13:30:00.0000000+00:00","RiskPremia","US:Equity:TLT","ExecutionCost","-0.020250"
"2023-05-22T20:00:00.0000000+00:00","PaydaySeason","US:Equity:SCHB","ExecutionCost","-0.156096"
"2023-05-31T20:00:00.0000000+00:00","PaydaySeason","US:Equity:SCHB","ExecutionCost","-0.155456"
"2023-05-31T20:00:00.0000000+00:00","BondSeason","US:Equity:TLT","ExecutionCost","-0.515050"
"2023-05-31T20:00:00.0000000+00:00","BondSeason","US:Equity:TLT","ExecutionCost","-0.515050"
"2023-05-31T20:00:00.0000000+00:00","EqBondReversion","US:Equity:TLT","ExecutionCost","-0.597458"
"2023-06-01T13:30:00.0000000+00:00","BondSeason","US:Equity:TLT","Borrow","0.00"
"2023-06-01T13:30:00.0000000+00:00","BondSeason","US:Equity:TLT","Dividend","-6.826175"
"2023-06-01T13:30:00.0000000+00:00","EqBondReversion","US:Equity:TLT","Dividend","0.000000"
"2023-06-01T13:30:00.0000000+00:00","RiskPremia","US:Equity:TLT","Dividend","2.184376"
"2023-06-01T13:30:00.0000000+00:00","RiskPremia","US:Equity:SCHB","ExecutionCost","-0.019456"
"2023-06-01T20:00:00.0000000+00:00","BondSeason","US:Equity:TLT","Borrow","0.00"
"2023-06-02T13:30:00.0000000+00:00","BondSeason","US:Equity:TLT","Borrow","0.0"
"2023-06-02T20:00:00.0000000+00:00","BondSeason","US:Equity:TLT","Borrow","0"
"2023-06-05T13:30:00.0000000+00:00","BondSeason","US:Equity:TLT","Borrow","0.00"
"2023-06-05T20:00:00.0000000+00:00","BondSeason","US:Equity:TLT","Borrow","0.00"
"2023-06-06T13:30:00.0000000+00:00","BondSeason","US:Equity:TLT","Borrow","0.00"
"2023-06-06T20:00:00.0000000+00:00","BondSeason","US:Equity:TLT","Borrow","0.00"
"2023-06-07T13:30:00.0000000+00:00","BondSeason","US:Equity:TLT","Borrow","0.000"
"2023-06-07T20:00:00.0000000+00:00","BondSeason","US:Equity:TLT","Borrow","0.00"
"2023-06-08T13:30:00.0000000+00:00","BondSeason","US:Equity:TLT","Borrow","0.00"
"2023-06-08T20:00:00.0000000+00:00","BondSeason","US:Equity:TLT","Borrow","0.00"
"2023-06-09T13:30:00.0000000+00:00","BondSeason","US:Equity:TLT","Borrow","0.00"
"2023-06-09T20:00:00.0000000+00:00","BondSeason","US:Equity:TLT","Borrow","0.0"
"2023-06-09T20:00:00.0000000+00:00","BondSeason","US:Equity:TLT","ExecutionCost","-0.509750"
"2023-06-12T20:00:00.0000000+00:00","PaydaySeason","US:Equity:SCHB","ExecutionCost","-0.161952"
"2023-06-16T20:00:00.0000000+00:00","PaydaySeason","US:Equity:SCHB","ExecutionCost","-0.164512"
"2023-06-21T13:30:00.0000000+00:00","PaydaySeason","US:Equity:SCHB","Dividend","0.0000"
"2023-06-21T13:30:00.0000000+00:00","EqBondReversion","US:Equity:SCHB","Dividend","0.0000"
"2023-06-21T13:30:00.0000000+00:00","RiskPremia","US:Equity:SCHB","Dividend","3.7100"
"2023-06-21T20:00:00.0000000+00:00","BondSeason","US:Equity:TLT","ExecutionCost","-0.517900"
"2023-06-22T13:30:00.0000000+00:00","EqBondReversion","US:Equity:TLT","ExecutionCost","-0.59624"
"2023-06-23T20:00:00.0000000+00:00","PaydaySeason","US:Equity:SCHB","ExecutionCost","-0.15120"
"2023-06-30T20:00:00.0000000+00:00","PaydaySeason","US:Equity:SCHB","ExecutionCost","-0.155130"
"2023-06-30T20:00:00.0000000+00:00","BondSeason","US:Equity:TLT","ExecutionCost","-0.514850"
"2023-06-30T20:00:00.0000000+00:00","BondSeason","US:Equity:TLT","ExecutionCost","-0.514850"
"2023-06-30T20:00:00.0000000+00:00","EqBondReversion","US:Equity:TLT","ExecutionCost","-0.597226"
"2023-07-03T13:30:00.0000000+00:00","BondSeason","US:Equity:TLT","Borrow","0.00"
"2023-07-03T13:30:00.0000000+00:00","BondSeason","US:Equity:TLT","Dividend","-6.942900"
"2023-07-03T13:30:00.0000000+00:00","EqBondReversion","US:Equity:TLT","Dividend","0.000000"
"2023-07-03T13:30:00.0000000+00:00","RiskPremia","US:Equity:TLT","Dividend","2.221728"
"2023-07-03T17:00:00.0000000+00:00","BondSeason","US:Equity:TLT","Borrow","0.00"
"2023-07-05T13:30:00.0000000+00:00","BondSeason","US:Equity:TLT","Borrow","0.00"
"2023-07-05T20:00:00.0000000+00:00","BondSeason","US:Equity:TLT","Borrow","0.00"
"2023-07-06T13:30:00.0000000+00:00","BondSeason","US:Equity:TLT","Borrow","0.0"
"2023-07-06T20:00:00.0000000+00:00","BondSeason","US:Equity:TLT","Borrow","0.0"
"2023-07-07T13:30:00.0000000+00:00","BondSeason","US:Equity:TLT","Borrow","0.00"
"2023-07-07T20:00:00.0000000+00:00","BondSeason","US:Equity:TLT","Borrow","0.00"
"2023-07-10T13:30:00.0000000+00:00","BondSeason","US:Equity:TLT","Borrow","0.000"
"2023-07-10T20:00:00.0000000+00:00","BondSeason","US:Equity:TLT","Borrow","0.00"
"2023-07-11T13:30:00.0000000+00:00","BondSeason","US:Equity:TLT","Borrow","0.00"
"2023-07-11T20:00:00.0000000+00:00","BondSeason","US:Equity:TLT","Borrow","0.00"
"2023-07-12T13:30:00.0000000+00:00","BondSeason","US:Equity:TLT","Borrow","0.00"
"2023-07-12T20:00:00.0000000+00:00","BondSeason","US:Equity:TLT","Borrow","0.0"
"2023-07-12T20:00:00.0000000+00:00","BondSeason","US:Equity:TLT","ExecutionCost","-0.504150"
"2023-07-13T20:00:00.0000000+00:00","PaydaySeason","US:Equity:SCHB","ExecutionCost","-0.157860"
"2023-07-19T20:00:00.0000000+00:00","PaydaySeason","US:Equity:SCHB","ExecutionCost","-0.159840"
"2023-07-20T20:00:00.0000000+00:00","BondSeason","US:Equity:TLT","ExecutionCost","-0.508350"
"2023-07-24T13:30:00.0000000+00:00","EqBondReversion","US:Equity:TLT","ExecutionCost","-0.5915130"
"2023-07-25T20:00:00.0000000+00:00","PaydaySeason","US:Equity:SCHB","ExecutionCost","-0.159690"
"2023-07-31T20:00:00.0000000+00:00","PaydaySeason","US:Equity:SCHB","ExecutionCost","-0.160680"
"2023-07-31T20:00:00.0000000+00:00","BondSeason","US:Equity:TLT","ExecutionCost","-0.50050"
"2023-07-31T20:00:00.0000000+00:00","BondSeason","US:Equity:TLT","ExecutionCost","-0.52052"
"2023-07-31T20:00:00.0000000+00:00","EqBondReversion","US:Equity:TLT","ExecutionCost","-0.58058"
"2023-08-01T13:30:00.0000000+00:00","BondSeason","US:Equity:TLT","Borrow","0.0"
"2023-08-01T13:30:00.0000000+00:00","BondSeason","US:Equity:TLT","Dividend","-7.157332"
"2023-08-01T13:30:00.0000000+00:00","EqBondReversion","US:Equity:TLT","Dividend","0.000000"
"2023-08-01T13:30:00.0000000+00:00","RiskPremia","US:Equity:TLT","Dividend","2.202256"
"2023-08-01T20:00:00.0000000+00:00","BondSeason","US:Equity:TLT","Borrow","0.00"
"2023-08-02T13:30:00.0000000+00:00","BondSeason","US:Equity:TLT","Borrow","0.00"
"2023-08-02T20:00:00.0000000+00:00","BondSeason","US:Equity:TLT","Borrow","0.00"
"2023-08-03T13:30:00.0000000+00:00","BondSeason","US:Equity:TLT","Borrow","0.00"
"2023-08-03T20:00:00.0000000+00:00","BondSeason","US:Equity:TLT","Borrow","0.00"
"2023-08-04T13:30:00.0000000+00:00","BondSeason","US:Equity:TLT","Borrow","0.000"
"2023-08-04T13:30:00.0000000+00:00","RiskPremia","US:Equity:GLDM","ExecutionCost","-0.0154120"
"2023-08-04T20:00:00.0000000+00:00","BondSeason","US:Equity:TLT","Borrow","0.00"
"2023-08-07T13:30:00.0000000+00:00","BondSeason","US:Equity:TLT","Borrow","0.00"
"2023-08-07T20:00:00.0000000+00:00","BondSeason","US:Equity:TLT","Borrow","0.00"
"2023-08-08T13:30:00.0000000+00:00","BondSeason","US:Equity:TLT","Borrow","0.00"
"2023-08-08T20:00:00.0000000+00:00","BondSeason","US:Equity:TLT","Borrow","0.00"
"2023-08-09T13:30:00.0000000+00:00","BondSeason","US:Equity:TLT","Borrow","0.00"
"2023-08-09T20:00:00.0000000+00:00","BondSeason","US:Equity:TLT","Borrow","0.00"
"2023-08-09T20:00:00.0000000+00:00","BondSeason","US:Equity:TLT","ExecutionCost","-0.505336"
"2023-08-10T20:00:00.0000000+00:00","PaydaySeason","US:Equity:SCHB","ExecutionCost","-0.156180"
"2023-08-16T20:00:00.0000000+00:00","PaydaySeason","US:Equity:SCHB","ExecutionCost","-0.153780"
"2023-08-21T13:30:00.0000000+00:00","EqBondReversion","US:Equity:TLT","ExecutionCost","-0.593024"
"2023-08-22T20:00:00.0000000+00:00","PaydaySeason","US:Equity:SCHB","ExecutionCost","-0.153150"
"2023-08-22T20:00:00.0000000+00:00","BondSeason","US:Equity:TLT","ExecutionCost","-0.5220600"
"2023-08-23T13:30:00.0000000+00:00","RiskPremia","US:Equity:GLDM","ExecutionCost","-0.0227520"
"2023-08-31T20:00:00.0000000+00:00","PaydaySeason","US:Equity:SCHB","ExecutionCost","-0.157560"
"2023-08-31T20:00:00.0000000+00:00","BondSeason","US:Equity:TLT","ExecutionCost","-0.541240"
"2023-08-31T20:00:00.0000000+00:00","BondSeason","US:Equity:TLT","ExecutionCost","-0.521910"
"2023-08-31T20:00:00.0000000+00:00","EqBondReversion","US:Equity:TLT","ExecutionCost","-0.618560"
"2023-09-01T13:30:00.0000000+00:00","BondSeason","US:Equity:TLT","Borrow","0.00"
"2023-09-01T13:30:00.0000000+00:00","BondSeason","US:Equity:TLT","Dividend","-7.791633"
"2023-09-01T13:30:00.0000000+00:00","EqBondReversion","US:Equity:TLT","Dividend","0.000000"
"2023-09-01T13:30:00.0000000+00:00","RiskPremia","US:Equity:TLT","Dividend","2.308632"
"2023-09-01T20:00:00.0000000+00:00","BondSeason","US:Equity:TLT","Borrow","0.0"
"2023-09-05T13:30:00.0000000+00:00","BondSeason","US:Equity:TLT","Borrow","0.00"
"2023-09-05T20:00:00.0000000+00:00","BondSeason","US:Equity:TLT","Borrow","0.00"
"2023-09-06T13:30:00.0000000+00:00","BondSeason","US:Equity:TLT","Borrow","0.00"
"2023-09-06T20:00:00.0000000+00:00","BondSeason","US:Equity:TLT","Borrow","0.00"
"2023-09-07T13:30:00.0000000+00:00","BondSeason","US:Equity:TLT","Borrow","0.00"
"2023-09-07T20:00:00.0000000+00:00","BondSeason","US:Equity:TLT","Borrow","0"
"2023-09-08T13:30:00.0000000+00:00","BondSeason","US:Equity:TLT","Borrow","0.00"
"2023-09-08T20:00:00.0000000+00:00","BondSeason","US:Equity:TLT","Borrow","0.00"
"2023-09-11T13:30:00.0000000+00:00","BondSeason","US:Equity:TLT","Borrow","0.000"
"2023-09-11T20:00:00.0000000+00:00","BondSeason","US:Equity:TLT","Borrow","0.0"
"2023-09-12T13:30:00.0000000+00:00","BondSeason","US:Equity:TLT","Borrow","0.00"
"2023-09-12T20:00:00.0000000+00:00","BondSeason","US:Equity:TLT","Borrow","0.00"
"2023-09-12T20:00:00.0000000+00:00","BondSeason","US:Equity:TLT","ExecutionCost","-0.5088150"
"2023-09-13T20:00:00.0000000+00:00","PaydaySeason","US:Equity:SCHB","ExecutionCost","-0.155940"
"2023-09-19T20:00:00.0000000+00:00","PaydaySeason","US:Equity:SCHB","ExecutionCost","-0.155130"
"2023-09-20T13:30:00.0000000+00:00","PaydaySeason","US:Equity:SCHB","Dividend","0.0000"
"2023-09-20T13:30:00.0000000+00:00","EqBondReversion","US:Equity:SCHB","Dividend","0.0000"
"2023-09-20T13:30:00.0000000+00:00","RiskPremia","US:Equity:SCHB","Dividend","3.8040"
"2023-09-20T20:00:00.0000000+00:00","BondSeason","US:Equity:TLT","ExecutionCost","-0.521304"
"2023-09-22T13:30:00.0000000+00:00","EqBondReversion","US:Equity:TLT","ExecutionCost","-0.599346"
"2023-09-25T20:00:00.0000000+00:00","PaydaySeason","US:Equity:SCHB","ExecutionCost","-0.160928"
"2023-09-29T13:30:00.0000000+00:00","RiskPremia","US:Equity:GLDM","ExecutionCost","-0.022320"
"2023-09-29T20:00:00.0000000+00:00","PaydaySeason","US:Equity:SCHB","ExecutionCost","-0.159520"
"2023-09-29T20:00:00.0000000+00:00","BondSeason","US:Equity:TLT","ExecutionCost","-0.496832"
"2023-09-29T20:00:00.0000000+00:00","BondSeason","US:Equity:TLT","ExecutionCost","-0.514576"
"2023-09-29T20:00:00.0000000+00:00","EqBondReversion","US:Equity:TLT","ExecutionCost","-0.585552"
"2023-10-02T13:30:00.0000000+00:00","BondSeason","US:Equity:TLT","Borrow","0.00"
"2023-10-02T13:30:00.0000000+00:00","BondSeason","US:Equity:TLT","Dividend","-8.120406"
"2023-10-02T13:30:00.0000000+00:00","EqBondReversion","US:Equity:TLT","Dividend","0.000000"
"2023-10-02T13:30:00.0000000+00:00","RiskPremia","US:Equity:TLT","Dividend","2.240112"
"2023-10-02T20:00:00.0000000+00:00","BondSeason","US:Equity:TLT","Borrow","0.00"
"2023-10-03T13:30:00.0000000+00:00","BondSeason","US:Equity:TLT","Borrow","0.00"
"2023-10-03T20:00:00.0000000+00:00","BondSeason","US:Equity:TLT","Borrow","0.00"
"2023-10-04T13:30:00.0000000+00:00","BondSeason","US:Equity:TLT","Borrow","0.00"
"2023-10-04T20:00:00.0000000+00:00","BondSeason","US:Equity:TLT","Borrow","0.00"
"2023-10-05T13:30:00.0000000+00:00","BondSeason","US:Equity:TLT","Borrow","0.00"
"2023-10-05T20:00:00.0000000+00:00","BondSeason","US:Equity:TLT","Borrow","0.000"
"2023-10-06T13:30:00.0000000+00:00","BondSeason","US:Equity:TLT","Borrow","0.00"
"2023-10-06T20:00:00.0000000+00:00","BondSeason","US:Equity:TLT","Borrow","0.0"
"2023-10-09T13:30:00.0000000+00:00","BondSeason","US:Equity:TLT","Borrow","0.0"
"2023-10-09T20:00:00.0000000+00:00","BondSeason","US:Equity:TLT","Borrow","0.0"
"2023-10-10T13:30:00.0000000+00:00","BondSeason","US:Equity:TLT","Borrow","0.00"
"2023-10-10T20:00:00.0000000+00:00","BondSeason","US:Equity:TLT","Borrow","0.00"
"2023-10-10T20:00:00.0000000+00:00","BondSeason","US:Equity:TLT","ExecutionCost","-0.502802"
"2023-10-11T20:00:00.0000000+00:00","PaydaySeason","US:Equity:SCHB","ExecutionCost","-0.162464"
"2023-10-16T13:30:00.0000000+00:00","RiskPremia","US:Equity:SCHB","ExecutionCost","-0.020136"
"2023-10-17T20:00:00.0000000+00:00","PaydaySeason","US:Equity:SCHB","ExecutionCost","-0.162272"
"2023-10-20T13:30:00.0000000+00:00","RiskPremia","US:Equity:GLDM","ExecutionCost","-0.0314000"
"2023-10-20T13:30:00.0000000+00:00","EqBondReversion","US:Equity:TLT","ExecutionCost","-0.597528"
"2023-10-20T20:00:00.0000000+00:00","BondSeason","US:Equity:TLT","ExecutionCost","-0.51599376"
"2023-10-23T20:00:00.0000000+00:00","PaydaySeason","US:Equity:SCHB","ExecutionCost","-0.156064"
"2023-10-31T20:00:00.0000000+00:00","PaydaySeason","US:Equity:SCHB","ExecutionCost","-0.155136"
"2023-10-31T20:00:00.0000000+00:00","BondSeason","US:Equity:TLT","ExecutionCost","-0.518134"
"2023-10-31T20:00:00.0000000+00:00","BondSeason","US:Equity:TLT","ExecutionCost","-0.518134"
"2023-10-31T20:00:00.0000000+00:00","EqBondReversion","US:Equity:TLT","ExecutionCost","-0.601704"
"2023-11-01T13:30:00.0000000+00:00","BondSeason","US:Equity:TLT","Borrow","0.00"
"2023-11-01T13:30:00.0000000+00:00","BondSeason","US:Equity:TLT","Dividend","-8.875021"
"2023-11-01T13:30:00.0000000+00:00","EqBondReversion","US:Equity:TLT","Dividend","0.000000"
"2023-11-01T13:30:00.0000000+00:00","RiskPremia","US:Equity:TLT","Dividend","2.290328"
"2023-11-01T20:00:00.0000000+00:00","BondSeason","US:Equity:TLT","Borrow","0.00"
"2023-11-02T13:30:00.0000000+00:00","BondSeason","US:Equity:TLT","Borrow","0.0"
"2023-11-02T20:00:00.0000000+00:00","BondSeason","US:Equity:TLT","Borrow","0.00"
"2023-11-03T13:30:00.0000000+00:00","BondSeason","US:Equity:TLT","Borrow","0"
"2023-11-03T20:00:00.0000000+00:00","BondSeason","US:Equity:TLT","Borrow","0.00"
"2023-11-06T14:30:00.0000000+00:00","BondSeason","US:Equity:TLT","Borrow","0.00"
"2023-11-06T21:00:00.0000000+00:00","BondSeason","US:Equity:TLT","Borrow","0.00"
"2023-11-07T14:30:00.0000000+00:00","BondSeason","US:Equity:TLT","Borrow","0.00"
"2023-11-07T21:00:00.0000000+00:00","BondSeason","US:Equity:TLT","Borrow","0.00"
"2023-11-08T14:30:00.0000000+00:00","BondSeason","US:Equity:TLT","Borrow","0.00"
"2023-11-08T21:00:00.0000000+00:00","BondSeason","US:Equity:TLT","Borrow","0.00"
"2023-11-09T14:30:00.0000000+00:00","BondSeason","US:Equity:TLT","Borrow","0.00"
"2023-11-09T21:00:00.0000000+00:00","BondSeason","US:Equity:TLT","Borrow","0.00"
"2023-11-09T21:00:00.0000000+00:00","BondSeason","US:Equity:TLT","ExecutionCost","-0.542314"
"2023-11-10T21:00:00.0000000+00:00","PaydaySeason","US:Equity:SCHB","ExecutionCost","-0.1632"
"2023-11-16T21:00:00.0000000+00:00","PaydaySeason","US:Equity:SCHB","ExecutionCost","-0.167072"
"2023-11-20T21:00:00.0000000+00:00","BondSeason","US:Equity:TLT","ExecutionCost","-0.507248"
"2023-11-21T14:30:00.0000000+00:00","EqBondReversion","US:Equity:TLT","ExecutionCost","-0.59730"
"2023-11-22T21:00:00.0000000+00:00","PaydaySeason","US:Equity:SCHB","ExecutionCost","-0.158430"
"2023-11-30T21:00:00.0000000+00:00","PaydaySeason","US:Equity:SCHB","ExecutionCost","-0.159150"
"2023-11-30T21:00:00.0000000+00:00","BondSeason","US:Equity:TLT","ExecutionCost","-0.513016"
"2023-11-30T21:00:00.0000000+00:00","BondSeason","US:Equity:TLT","ExecutionCost","-0.513016"
"2023-11-30T21:00:00.0000000+00:00","EqBondReversion","US:Equity:TLT","ExecutionCost","-0.604626"
"2023-12-01T14:30:00.0000000+00:00","BondSeason","US:Equity:TLT","Borrow","0.00"
"2023-12-01T14:30:00.0000000+00:00","BondSeason","US:Equity:TLT","Dividend","-8.08976"
"2023-12-01T14:30:00.0000000+00:00","EqBondReversion","US:Equity:TLT","Dividend","0.00000"
"2023-12-01T14:30:00.0000000+00:00","RiskPremia","US:Equity:TLT","Dividend","2.31136"
"2023-12-01T21:00:00.0000000+00:00","BondSeason","US:Equity:TLT","Borrow","0.00"
"2023-12-04T14:30:00.0000000+00:00","BondSeason","US:Equity:TLT","Borrow","0.00"
"2023-12-04T21:00:00.0000000+00:00","BondSeason","US:Equity:TLT","Borrow","0.00"
"2023-12-05T14:30:00.0000000+00:00","BondSeason","US:Equity:TLT","Borrow","0.000"
"2023-12-05T21:00:00.0000000+00:00","BondSeason","US:Equity:TLT","Borrow","0.00"
"2023-12-06T14:30:00.0000000+00:00","BondSeason","US:Equity:TLT","Borrow","0.00"
"2023-12-06T14:30:00.0000000+00:00","PaydaySeason","US:Equity:SCHB","Dividend","0.0000"
"2023-12-06T14:30:00.0000000+00:00","EqBondReversion","US:Equity:SCHB","Dividend","0.0000"
"2023-12-06T14:30:00.0000000+00:00","RiskPremia","US:Equity:SCHB","Dividend","4.9346"
"2023-12-06T21:00:00.0000000+00:00","BondSeason","US:Equity:TLT","Borrow","0.00"
"2023-12-07T14:30:00.0000000+00:00","BondSeason","US:Equity:TLT","Borrow","0.00"
"2023-12-07T14:30:00.0000000+00:00","RiskPremia","US:Equity:TLT","ExecutionCost","-0.019036"
"2023-12-07T21:00:00.0000000+00:00","BondSeason","US:Equity:TLT","Borrow","0.00"
"2023-12-08T14:30:00.0000000+00:00","BondSeason","US:Equity:TLT","Borrow","0.00"
"2023-12-08T21:00:00.0000000+00:00","BondSeason","US:Equity:TLT","Borrow","0.00"
"2023-12-11T14:30:00.0000000+00:00","BondSeason","US:Equity:TLT","Borrow","0.00"
"2023-12-11T21:00:00.0000000+00:00","BondSeason","US:Equity:TLT","Borrow","0.00"
"2023-12-11T21:00:00.0000000+00:00","BondSeason","US:Equity:TLT","ExecutionCost","-0.528248"
"2023-12-12T21:00:00.0000000+00:00","PaydaySeason","US:Equity:SCHB","ExecutionCost","-0.161610"
"2023-12-14T14:30:00.0000000+00:00","BondSeason","US:Equity:TLT","Dividend","0.000000"
"2023-12-14T14:30:00.0000000+00:00","EqBondReversion","US:Equity:TLT","Dividend","0.000000"
"2023-12-14T14:30:00.0000000+00:00","RiskPremia","US:Equity:TLT","Dividend","2.173738"
"2023-12-18T21:00:00.0000000+00:00","PaydaySeason","US:Equity:SCHB","ExecutionCost","-0.165630"
"2023-12-19T21:00:00.0000000+00:00","BondSeason","US:Equity:TLT","ExecutionCost","-0.514228"
"2023-12-21T14:30:00.0000000+00:00","EqBondReversion","US:Equity:SCHB","ExecutionCost","-0.607090"
"2023-12-22T21:00:00.0000000+00:00","PaydaySeason","US:Equity:SCHB","ExecutionCost","-0.155428"
"2023-12-29T21:00:00.0000000+00:00","PaydaySeason","US:Equity:SCHB","ExecutionCost","-0.155904"
"2023-12-29T21:00:00.0000000+00:00","EqBondReversion","US:Equity:SCHB","ExecutionCost","-0.612480"
"2023-12-29T21:00:00.0000000+00:00","BondSeason","US:Equity:TLT","ExecutionCost","-0.514384"
"2023-12-29T21:00:00.0000000+00:00","BondSeason","US:Equity:TLT","ExecutionCost","-0.514384"
"2024-01-02T14:30:00.0000000+00:00","BondSeason","US:Equity:TLT","Borrow","0.00"
"2024-01-02T21:00:00.0000000+00:00","BondSeason","US:Equity:TLT","Borrow","0.00"
"2024-01-03T14:30:00.0000000+00:00","BondSeason","US:Equity:TLT","Borrow","0.00"
"2024-01-03T21:00:00.0000000+00:00","BondSeason","US:Equity:TLT","Borrow","0.00"
"2024-01-04T14:30:00.0000000+00:00","BondSeason","US:Equity:TLT","Borrow","0.00"
"2024-01-04T21:00:00.0000000+00:00","BondSeason","US:Equity:TLT","Borrow","0.00"
"2024-01-05T14:30:00.0000000+00:00","BondSeason","US:Equity:TLT","Borrow","0.00"
"2024-01-05T21:00:00.0000000+00:00","BondSeason","US:Equity:TLT","Borrow","0.0"
"2024-01-08T14:30:00.0000000+00:00","BondSeason","US:Equity:TLT","Borrow","0.00"
"2024-01-08T21:00:00.0000000+00:00","BondSeason","US:Equity:TLT","Borrow","0.00"
"2024-01-09T14:30:00.0000000+00:00","BondSeason","US:Equity:TLT","Borrow","0.000"
"2024-01-09T21:00:00.0000000+00:00","BondSeason","US:Equity:TLT","Borrow","0.00"
"2024-01-10T14:30:00.0000000+00:00","BondSeason","US:Equity:TLT","Borrow","0.000"
"2024-01-10T21:00:00.0000000+00:00","BondSeason","US:Equity:TLT","Borrow","0.0"
"2024-01-10T21:00:00.0000000+00:00","BondSeason","US:Equity:TLT","ExecutionCost","-0.500136"
"2024-01-11T21:00:00.0000000+00:00","PaydaySeason","US:Equity:SCHB","ExecutionCost","-0.15568"
"2024-01-18T21:00:00.0000000+00:00","PaydaySeason","US:Equity:SCHB","ExecutionCost","-0.155428"
"2024-01-22T21:00:00.0000000+00:00","BondSeason","US:Equity:TLT","ExecutionCost","-0.511056"
"2024-01-23T14:30:00.0000000+00:00","EqBondReversion","US:Equity:TLT","ExecutionCost","-0.582118"
"2024-01-24T21:00:00.0000000+00:00","PaydaySeason","US:Equity:SCHB","ExecutionCost","-0.158284"
"2024-01-31T21:00:00.0000000+00:00","PaydaySeason","US:Equity:SCHB","ExecutionCost","-0.157528"
"2024-01-31T21:00:00.0000000+00:00","BondSeason","US:Equity:TLT","ExecutionCost","-0.522072"
"2024-01-31T21:00:00.0000000+00:00","BondSeason","US:Equity:TLT","ExecutionCost","-0.522072"
"2024-01-31T21:00:00.0000000+00:00","EqBondReversion","US:Equity:TLT","ExecutionCost","-0.599416"
"2024-02-01T14:30:00.0000000+00:00","BondSeason","US:Equity:TLT","Borrow","0.00"
"2024-02-01T14:30:00.0000000+00:00","BondSeason","US:Equity:TLT","Dividend","-8.373294"
"2024-02-01T14:30:00.0000000+00:00","EqBondReversion","US:Equity:TLT","Dividend","0.000000"
"2024-02-01T14:30:00.0000000+00:00","RiskPremia","US:Equity:TLT","Dividend","2.170854"
"2024-02-01T21:00:00.0000000+00:00","BondSeason","US:Equity:TLT","Borrow","0.00"
"2024-02-02T14:30:00.0000000+00:00","BondSeason","US:Equity:TLT","Borrow","0.000"
"2024-02-02T21:00:00.0000000+00:00","BondSeason","US:Equity:TLT","Borrow","0.00"
"2024-02-05T14:30:00.0000000+00:00","BondSeason","US:Equity:TLT","Borrow","0.00"
"2024-02-05T21:00:00.0000000+00:00","BondSeason","US:Equity:TLT","Borrow","0.00"
"2024-02-06T14:30:00.0000000+00:00","BondSeason","US:Equity:TLT","Borrow","0.00"
"2024-02-06T21:00:00.0000000+00:00","BondSeason","US:Equity:TLT","Borrow","0.00"
"2024-02-07T14:30:00.0000000+00:00","BondSeason","US:Equity:TLT","Borrow","0.00"
"2024-02-07T21:00:00.0000000+00:00","BondSeason","US:Equity:TLT","Borrow","0.00"
"2024-02-08T14:30:00.0000000+00:00","BondSeason","US:Equity:TLT","Borrow","0.00"
"2024-02-08T21:00:00.0000000+00:00","BondSeason","US:Equity:TLT","Borrow","0.00"
"2024-02-09T14:30:00.0000000+00:00","BondSeason","US:Equity:TLT","Borrow","0.00"
"2024-02-09T14:30:00.0000000+00:00","RiskPremia","US:Equity:SCHB","ExecutionCost","-0.034890"
"2024-02-09T21:00:00.0000000+00:00","BondSeason","US:Equity:TLT","Borrow","0.00"
"2024-02-09T21:00:00.0000000+00:00","BondSeason","US:Equity:TLT","ExecutionCost","-0.506844"
"2024-02-12T21:00:00.0000000+00:00","PaydaySeason","US:Equity:SCHB","ExecutionCost","-0.151944"
"2024-02-14T14:30:00.0000000+00:00","RiskPremia","US:Equity:TLT","ExecutionCost","-0.018462"
"2024-02-16T21:00:00.0000000+00:00","PaydaySeason","US:Equity:SCHB","ExecutionCost","-0.151554"
"2024-02-20T21:00:00.0000000+00:00","BondSeason","US:Equity:TLT","ExecutionCost","-0.519848"
"2024-02-22T14:30:00.0000000+00:00","EqBondReversion","US:Equity:TLT","ExecutionCost","-0.590912"
"2024-02-23T21:00:00.0000000+00:00","PaydaySeason","US:Equity:SCHB","ExecutionCost","-0.153738"
"2024-02-29T21:00:00.0000000+00:00","PaydaySeason","US:Equity:SCHB","ExecutionCost","-0.154102"
"2024-02-29T21:00:00.0000000+00:00","BondSeason","US:Equity:TLT","ExecutionCost","-0.5274360"
"2024-02-29T21:00:00.0000000+00:00","BondSeason","US:Equity:TLT","ExecutionCost","-0.5085990"
"2024-02-29T21:00:00.0000000+00:00","EqBondReversion","US:Equity:TLT","ExecutionCost","-0.6027840"
"2024-03-01T14:30:00.0000000+00:00","BondSeason","US:Equity:TLT","Borrow","0.000"
"2024-03-01T14:30:00.0000000+00:00","BondSeason","US:Equity:TLT","Dividend","-7.971318"
"2024-03-01T14:30:00.0000000+00:00","EqBondReversion","US:Equity:TLT","Dividend","0.000000"
"2024-03-01T14:30:00.0000000+00:00","RiskPremia","US:Equity:TLT","Dividend","2.361872"
"2024-03-01T21:00:00.0000000+00:00","BondSeason","US:Equity:TLT","Borrow","0.00"
"2024-03-04T14:30:00.0000000+00:00","BondSeason","US:Equity:TLT","Borrow","0.00"
"2024-03-04T21:00:00.0000000+00:00","BondSeason","US:Equity:TLT","Borrow","0.0"
"2024-03-05T14:30:00.0000000+00:00","BondSeason","US:Equity:TLT","Borrow","0.0"
"2024-03-05T21:00:00.0000000+00:00","BondSeason","US:Equity:TLT","Borrow","0.00"
"2024-03-06T14:30:00.0000000+00:00","BondSeason","US:Equity:TLT","Borrow","0.00"
"2024-03-06T21:00:00.0000000+00:00","BondSeason","US:Equity:TLT","Borrow","0.00"
"2024-03-07T14:30:00.0000000+00:00","BondSeason","US:Equity:TLT","Borrow","0.00"
"2024-03-07T14:30:00.0000000+00:00","RiskPremia","US:Equity:GLDM","ExecutionCost","-0.0341920"
"2024-03-07T21:00:00.0000000+00:00","BondSeason","US:Equity:TLT","Borrow","0.00"
"2024-03-08T14:30:00.0000000+00:00","BondSeason","US:Equity:TLT","Borrow","0.00"
"2024-03-08T21:00:00.0000000+00:00","BondSeason","US:Equity:TLT","Borrow","0.0"
"2024-03-11T13:30:00.0000000+00:00","BondSeason","US:Equity:TLT","Borrow","0.00"
"2024-03-11T20:00:00.0000000+00:00","BondSeason","US:Equity:TLT","Borrow","0.00"
"2024-03-11T20:00:00.0000000+00:00","BondSeason","US:Equity:TLT","ExecutionCost","-0.516672"
"2024-03-12T20:00:00.0000000+00:00","PaydaySeason","US:Equity:SCHB","ExecutionCost","-0.15652"
"2024-03-18T20:00:00.0000000+00:00","PaydaySeason","US:Equity:SCHB","ExecutionCost","-0.155610"
"2024-03-19T20:00:00.0000000+00:00","BondSeason","US:Equity:TLT","ExecutionCost","-0.520352"
"2024-03-20T13:30:00.0000000+00:00","PaydaySeason","US:Equity:SCHB","Dividend","0.0000"
"2024-03-20T13:30:00.0000000+00:00","EqBondReversion","US:Equity:SCHB","Dividend","0.0000"
"2024-03-20T13:30:00.0000000+00:00","RiskPremia","US:Equity:SCHB","Dividend","3.5473"
"2024-03-21T13:30:00.0000000+00:00","EqBondReversion","US:Equity:TLT","ExecutionCost","-0.596928"
"2024-03-22T20:00:00.0000000+00:00","PaydaySeason","US:Equity:SCHB","ExecutionCost","-0.157794"
"2024-03-28T20:00:00.0000000+00:00","PaydaySeason","US:Equity:SCHB","ExecutionCost","-0.1586650"
"2024-03-28T20:00:00.0000000+00:00","BondSeason","US:Equity:TLT","ExecutionCost","-0.529984"
"2024-03-28T20:00:00.0000000+00:00","BondSeason","US:Equity:TLT","ExecutionCost","-0.511056"
"2024-03-28T20:00:00.0000000+00:00","EqBondReversion","US:Equity:TLT","ExecutionCost","-0.605696"
"2024-04-01T13:30:00.0000000+00:00","BondSeason","US:Equity:TLT","Borrow","0.00"
"2024-04-01T13:30:00.0000000+00:00","BondSeason","US:Equity:TLT","Dividend","-8.435475"
"2024-04-01T13:30:00.0000000+00:00","EqBondReversion","US:Equity:TLT","Dividend","0.000000"
"2024-04-01T13:30:00.0000000+00:00","RiskPremia","US:Equity:TLT","Dividend","2.499400"
"2024-04-01T20:00:00.0000000+00:00","BondSeason","US:Equity:TLT","Borrow","0.00"
"2024-04-02T13:30:00.0000000+00:00","BondSeason","US:Equity:TLT","Borrow","0.000"
"2024-04-02T20:00:00.0000000+00:00","BondSeason","US:Equity:TLT","Borrow","0.00"
"2024-04-03T13:30:00.0000000+00:00","BondSeason","US:Equity:TLT","Borrow","0.00"
"2024-04-03T13:30:00.0000000+00:00","RiskPremia","US:Equity:GLDM","ExecutionCost","-0.0270660"
"2024-04-03T20:00:00.0000000+00:00","BondSeason","US:Equity:TLT","Borrow","0.00"
"2024-04-04T13:30:00.0000000+00:00","BondSeason","US:Equity:TLT","Borrow","0.00"
"2024-04-04T20:00:00.0000000+00:00","BondSeason","US:Equity:TLT","Borrow","0.00"
"2024-04-05T13:30:00.0000000+00:00","BondSeason","US:Equity:TLT","Borrow","0.00"
"2024-04-05T20:00:00.0000000+00:00","BondSeason","US:Equity:TLT","Borrow","0.00"
"2024-04-08T13:30:00.0000000+00:00","BondSeason","US:Equity:TLT","Borrow","0.00"
"2024-04-08T13:30:00.0000000+00:00","RiskPremia","US:Equity:TLT","ExecutionCost","-0.018246"
"2024-04-08T20:00:00.0000000+00:00","BondSeason","US:Equity:TLT","Borrow","0.00"
"2024-04-09T13:30:00.0000000+00:00","BondSeason","US:Equity:TLT","Borrow","0.00"
"2024-04-09T20:00:00.0000000+00:00","BondSeason","US:Equity:TLT","Borrow","0.00"
"2024-04-09T20:00:00.0000000+00:00","BondSeason","US:Equity:TLT","ExecutionCost","-0.498096"
"2024-04-10T20:00:00.0000000+00:00","PaydaySeason","US:Equity:SCHB","ExecutionCost","-0.155636"
"2024-04-16T20:00:00.0000000+00:00","PaydaySeason","US:Equity:SCHB","ExecutionCost","-0.152152"
"2024-04-19T13:30:00.0000000+00:00","EqBondReversion","US:Equity:SCHB","ExecutionCost","-0.602888"
"2024-04-19T20:00:00.0000000+00:00","BondSeason","US:Equity:TLT","ExecutionCost","-0.517128"
"2024-04-22T20:00:00.0000000+00:00","PaydaySeason","US:Equity:SCHB","ExecutionCost","-0.16268"
"2024-04-25T13:30:00.0000000+00:00","RiskPremia","US:Equity:TLT","ExecutionCost","-0.017492"
"2024-04-30T20:00:00.0000000+00:00","PaydaySeason","US:Equity:SCHB","ExecutionCost","-0.1635340"
"2024-04-30T20:00:00.0000000+00:00","EqBondReversion","US:Equity:SCHB","ExecutionCost","-0.6074120"
"2024-04-30T20:00:00.0000000+00:00","BondSeason","US:Equity:TLT","ExecutionCost","-0.511908"
"2024-04-30T20:00:00.0000000+00:00","BondSeason","US:Equity:TLT","ExecutionCost","-0.511908"
"2024-05-01T13:30:00.0000000+00:00","BondSeason","US:Equity:TLT","Borrow","0.00"
"2024-05-01T13:30:00.0000000+00:00","BondSeason","US:Equity:TLT","Dividend","-8.924547"
"2024-05-01T13:30:00.0000000+00:00","EqBondReversion","US:Equity:TLT","Dividend","0.000000"
"2024-05-01T13:30:00.0000000+00:00","RiskPremia","US:Equity:TLT","Dividend","3.077430"
"2024-05-01T20:00:00.0000000+00:00","BondSeason","US:Equity:TLT","Borrow","0.0"
"2024-05-02T13:30:00.0000000+00:00","BondSeason","US:Equity:TLT","Borrow","0.00"
"2024-05-02T20:00:00.0000000+00:00","BondSeason","US:Equity:TLT","Borrow","0.00"
"2024-05-03T13:30:00.0000000+00:00","BondSeason","US:Equity:TLT","Borrow","0.0"
"2024-05-03T20:00:00.0000000+00:00","BondSeason","US:Equity:TLT","Borrow","0.00"
"2024-05-06T13:30:00.0000000+00:00","BondSeason","US:Equity:TLT","Borrow","0.00"
"2024-05-06T20:00:00.0000000+00:00","BondSeason","US:Equity:TLT","Borrow","0.00"
"2024-05-07T13:30:00.0000000+00:00","BondSeason","US:Equity:TLT","Borrow","0.000"
"2024-05-07T20:00:00.0000000+00:00","BondSeason","US:Equity:TLT","Borrow","0.0"
"2024-05-08T13:30:00.0000000+00:00","BondSeason","US:Equity:TLT","Borrow","0.00"
"2024-05-08T20:00:00.0000000+00:00","BondSeason","US:Equity:TLT","Borrow","0.00"
"2024-05-09T13:30:00.0000000+00:00","BondSeason","US:Equity:TLT","Borrow","0.0"
"2024-05-09T20:00:00.0000000+00:00","BondSeason","US:Equity:TLT","Borrow","0.00"
"2024-05-09T20:00:00.0000000+00:00","BondSeason","US:Equity:TLT","ExecutionCost","-0.525538"
"2024-05-10T20:00:00.0000000+00:00","PaydaySeason","US:Equity:SCHB","ExecutionCost","-0.157534"
"2024-05-16T20:00:00.0000000+00:00","PaydaySeason","US:Equity:SCHB","ExecutionCost","-0.159952"
"2024-05-21T13:30:00.0000000+00:00","RiskPremia","US:Equity:GLDM","ExecutionCost","-0.0288900"
"2024-05-21T13:30:00.0000000+00:00","EqBondReversion","US:Equity:TLT","ExecutionCost","-0.605352"
"2024-05-21T20:00:00.0000000+00:00","BondSeason","US:Equity:TLT","ExecutionCost","-0.51296"
"2024-05-22T20:00:00.0000000+00:00","PaydaySeason","US:Equity:SCHB","ExecutionCost","-0.1600690"
"2024-05-31T20:00:00.0000000+00:00","PaydaySeason","US:Equity:SCHB","ExecutionCost","-0.159042"
"2024-05-31T20:00:00.0000000+00:00","BondSeason","US:Equity:TLT","ExecutionCost","-0.506968"
"2024-05-31T20:00:00.0000000+00:00","BondSeason","US:Equity:TLT","ExecutionCost","-0.525074"
"2024-05-31T20:00:00.0000000+00:00","EqBondReversion","US:Equity:TLT","ExecutionCost","-0.597498"
"2024-06-03T13:30:00.0000000+00:00","BondSeason","US:Equity:TLT","Borrow","0.00"
"2024-06-03T13:30:00.0000000+00:00","BondSeason","US:Equity:TLT","Dividend","-8.940555"
"2024-06-03T13:30:00.0000000+00:00","EqBondReversion","US:Equity:TLT","Dividend","0.000000"
"2024-06-03T13:30:00.0000000+00:00","RiskPremia","US:Equity:TLT","Dividend","3.082950"
"2024-06-03T20:00:00.0000000+00:00","BondSeason","US:Equity:TLT","Borrow","0.00"
"2024-06-04T13:30:00.0000000+00:00","BondSeason","US:Equity:TLT","Borrow","0.00"
"2024-06-04T20:00:00.0000000+00:00","BondSeason","US:Equity:TLT","Borrow","0.0"
"2024-06-05T13:30:00.0000000+00:00","BondSeason","US:Equity:TLT","Borrow","0.00"
"2024-06-05T20:00:00.0000000+00:00","BondSeason","US:Equity:TLT","Borrow","0.00"
"2024-06-06T13:30:00.0000000+00:00","BondSeason","US:Equity:TLT","Borrow","0.00"
"2024-06-06T20:00:00.0000000+00:00","BondSeason","US:Equity:TLT","Borrow","0.00"
"2024-06-07T13:30:00.0000000+00:00","BondSeason","US:Equity:TLT","Borrow","0.00"
"2024-06-07T20:00:00.0000000+00:00","BondSeason","US:Equity:TLT","Borrow","0.00"
"2024-06-10T13:30:00.0000000+00:00","BondSeason","US:Equity:TLT","Borrow","0.0"
"2024-06-10T20:00:00.0000000+00:00","BondSeason","US:Equity:TLT","Borrow","0"
"2024-06-11T13:30:00.0000000+00:00","BondSeason","US:Equity:TLT","Borrow","0.00"
"2024-06-11T20:00:00.0000000+00:00","BondSeason","US:Equity:TLT","Borrow","0.00"
"2024-06-11T20:00:00.0000000+00:00","BondSeason","US:Equity:TLT","ExecutionCost","-0.53261110"
"2024-06-12T20:00:00.0000000+00:00","PaydaySeason","US:Equity:SCHB","ExecutionCost","-0.162864"
"2024-06-18T20:00:00.0000000+00:00","PaydaySeason","US:Equity:SCHB","ExecutionCost","-0.164502"
"2024-06-18T20:00:00.0000000+00:00","BondSeason","US:Equity:TLT","ExecutionCost","-0.510732"
"2024-06-24T13:30:00.0000000+00:00","EqBondReversion","US:Equity:SCHB","ExecutionCost","-0.592388"
"2024-06-25T20:00:00.0000000+00:00","PaydaySeason","US:Equity:SCHB","ExecutionCost","-0.1514280"
"2024-06-26T13:30:00.0000000+00:00","PaydaySeason","US:Equity:SCHB","Dividend","2.4396"
"2024-06-26T13:30:00.0000000+00:00","EqBondReversion","US:Equity:SCHB","Dividend","9.5551"
"2024-06-26T13:30:00.0000000+00:00","RiskPremia","US:Equity:SCHB","Dividend","3.8627"
"2024-06-28T20:00:00.0000000+00:00","PaydaySeason","US:Equity:SCHB","ExecutionCost","-0.150888"
"2024-06-28T20:00:00.0000000+00:00","EqBondReversion","US:Equity:SCHB","ExecutionCost","-0.590978"
"2024-06-28T20:00:00.0000000+00:00","BondSeason","US:Equity:TLT","ExecutionCost","-0.495666"
"2024-06-28T20:00:00.0000000+00:00","BondSeason","US:Equity:TLT","ExecutionCost","-0.495666"
"2024-07-01T13:30:00.0000000+00:00","BondSeason","US:Equity:TLT","Borrow","0.00"
"2024-07-01T13:30:00.0000000+00:00","BondSeason","US:Equity:TLT","Dividend","-7.859808"
"2024-07-01T13:30:00.0000000+00:00","EqBondReversion","US:Equity:TLT","Dividend","0.000000"
"2024-07-01T13:30:00.0000000+00:00","RiskPremia","US:Equity:TLT","Dividend","2.911040"
"2024-07-01T20:00:00.0000000+00:00","BondSeason","US:Equity:TLT","Borrow","0.00"
"2024-07-02T13:30:00.0000000+00:00","BondSeason","US:Equity:TLT","Borrow","0.00"
"2024-07-02T20:00:00.0000000+00:00","BondSeason","US:Equity:TLT","Borrow","0.00"
"2024-07-03T13:30:00.0000000+00:00","BondSeason","US:Equity:TLT","Borrow","0.0"
"2024-07-03T17:00:00.0000000+00:00","BondSeason","US:Equity:TLT","Borrow","0.00"
"2024-07-05T13:30:00.0000000+00:00","BondSeason","US:Equity:TLT","Borrow","0.00"
"2024-07-05T13:30:00.0000000+00:00","RiskPremia","US:Equity:GLDM","ExecutionCost","-0.0188240"
"2024-07-05T20:00:00.0000000+00:00","BondSeason","US:Equity:TLT","Borrow","0.00"
"2024-07-08T13:30:00.0000000+00:00","BondSeason","US:Equity:TLT","Borrow","0.00"
"2024-07-08T20:00:00.0000000+00:00","BondSeason","US:Equity:TLT","Borrow","0.00"
"2024-07-09T13:30:00.0000000+00:00","BondSeason","US:Equity:TLT","Borrow","0.00"
"2024-07-09T20:00:00.0000000+00:00","BondSeason","US:Equity:TLT","Borrow","0.00"
"2024-07-10T13:30:00.0000000+00:00","BondSeason","US:Equity:TLT","Borrow","0.000"
"2024-07-10T20:00:00.0000000+00:00","BondSeason","US:Equity:TLT","Borrow","0.00"
"2024-07-10T20:00:00.0000000+00:00","BondSeason","US:Equity:TLT","ExecutionCost","-0.500148"
"2024-07-11T20:00:00.0000000+00:00","PaydaySeason","US:Equity:SCHB","ExecutionCost","-0.154368"
"2024-07-17T20:00:00.0000000+00:00","PaydaySeason","US:Equity:SCHB","ExecutionCost","-0.155136"
"2024-07-22T13:30:00.0000000+00:00","EqBondReversion","US:Equity:SCHB","ExecutionCost","-0.602822"
"2024-07-22T20:00:00.0000000+00:00","BondSeason","US:Equity:TLT","ExecutionCost","-0.5187000"
"2024-07-23T20:00:00.0000000+00:00","PaydaySeason","US:Equity:SCHB","ExecutionCost","-0.154296"
"2024-07-31T20:00:00.0000000+00:00","PaydaySeason","US:Equity:SCHB","ExecutionCost","-0.153576"
"2024-07-31T20:00:00.0000000+00:00","EqBondReversion","US:Equity:SCHB","ExecutionCost","-0.601506"
"2024-07-31T20:00:00.0000000+00:00","BondSeason","US:Equity:TLT","ExecutionCost","-0.531048"
"2024-07-31T20:00:00.0000000+00:00","BondSeason","US:Equity:TLT","ExecutionCost","-0.512082"
"2024-08-01T13:30:00.0000000+00:00","BondSeason","US:Equity:TLT","Borrow","0.00"
"2024-08-01T13:30:00.0000000+00:00","BondSeason","US:Equity:TLT","Dividend","-8.501112"
"2024-08-01T13:30:00.0000000+00:00","EqBondReversion","US:Equity:TLT","Dividend","0.000000"
"2024-08-01T13:30:00.0000000+00:00","RiskPremia","US:Equity:TLT","Dividend","3.148560"
"2024-08-01T20:00:00.0000000+00:00","BondSeason","US:Equity:TLT","Borrow","0.00"
"2024-08-02T13:30:00.0000000+00:00","BondSeason","US:Equity:TLT","Borrow","0.00"
"2024-08-02T20:00:00.0000000+00:00","BondSeason","US:Equity:TLT","Borrow","0.00"
"2024-08-05T13:30:00.0000000+00:00","BondSeason","US:Equity:TLT","Borrow","0.00"
"2024-08-05T20:00:00.0000000+00:00","BondSeason","US:Equity:TLT","Borrow","0.00"
"2024-08-06T13:30:00.0000000+00:00","BondSeason","US:Equity:TLT","Borrow","0.00"
"2024-08-06T20:00:00.0000000+00:00","BondSeason","US:Equity:TLT","Borrow","0.00"
"2024-08-07T13:30:00.0000000+00:00","BondSeason","US:Equity:TLT","Borrow","0.00"
"2024-08-07T20:00:00.0000000+00:00","BondSeason","US:Equity:TLT","Borrow","0.00"
"2024-08-08T13:30:00.0000000+00:00","BondSeason","US:Equity:TLT","Borrow","0.00"
"2024-08-08T20:00:00.0000000+00:00","BondSeason","US:Equity:TLT","Borrow","0.00"
"2024-08-09T13:30:00.0000000+00:00","BondSeason","US:Equity:TLT","Borrow","0.000"
"2024-08-09T20:00:00.0000000+00:00","BondSeason","US:Equity:TLT","Borrow","0.0"
"2024-08-09T20:00:00.0000000+00:00","BondSeason","US:Equity:TLT","ExecutionCost","-0.519966"
"2024-08-12T20:00:00.0000000+00:00","PaydaySeason","US:Equity:SCHB","ExecutionCost","-0.16042"
"2024-08-16T13:30:00.0000000+00:00","RiskPremia","US:Equity:SCHB","ExecutionCost","-0.038310"
"2024-08-16T20:00:00.0000000+00:00","PaydaySeason","US:Equity:SCHB","ExecutionCost","-0.166790"
"2024-08-21T13:30:00.0000000+00:00","EqBondReversion","US:Equity:SCHB","ExecutionCost","-0.595608"
"2024-08-21T20:00:00.0000000+00:00","BondSeason","US:Equity:TLT","ExecutionCost","-0.513344"
"2024-08-22T20:00:00.0000000+00:00","PaydaySeason","US:Equity:SCHB","ExecutionCost","-0.154536"
"2024-08-30T20:00:00.0000000+00:00","PaydaySeason","US:Equity:SCHB","ExecutionCost","-0.156816"
"2024-08-30T20:00:00.0000000+00:00","EqBondReversion","US:Equity:SCHB","ExecutionCost","-0.601128"
"2024-08-30T20:00:00.0000000+00:00","BondSeason","US:Equity:TLT","ExecutionCost","-0.502008"
"2024-08-30T20:00:00.0000000+00:00","BondSeason","US:Equity:TLT","ExecutionCost","-0.502008"
"2024-09-03T13:30:00.0000000+00:00","BondSeason","US:Equity:TLT","Borrow","0.00"
"2024-09-03T13:30:00.0000000+00:00","BondSeason","US:Equity:TLT","Dividend","-8.132332"
"2024-09-03T13:30:00.0000000+00:00","EqBondReversion","US:Equity:TLT","Dividend","0.000000"
"2024-09-03T13:30:00.0000000+00:00","RiskPremia","US:Equity:TLT","Dividend","3.127820"
"2024-09-03T20:00:00.0000000+00:00","BondSeason","US:Equity:TLT","Borrow","0.00"
"2024-09-04T13:30:00.0000000+00:00","BondSeason","US:Equity:TLT","Borrow","0.00"
"2024-09-04T20:00:00.0000000+00:00","BondSeason","US:Equity:TLT","Borrow","0.00"
"2024-09-05T13:30:00.0000000+00:00","BondSeason","US:Equity:TLT","Borrow","0.00"
"2024-09-05T20:00:00.0000000+00:00","BondSeason","US:Equity:TLT","Borrow","0.00"
"2024-09-06T13:30:00.0000000+00:00","BondSeason","US:Equity:TLT","Borrow","0.000"
"2024-09-06T20:00:00.0000000+00:00","BondSeason","US:Equity:TLT","Borrow","0.00"
"2024-09-09T13:30:00.0000000+00:00","BondSeason","US:Equity:TLT","Borrow","0.00"
"2024-09-09T20:00:00.0000000+00:00","BondSeason","US:Equity:TLT","Borrow","0.0"
"2024-09-10T13:30:00.0000000+00:00","BondSeason","US:Equity:TLT","Borrow","0.00"
"2024-09-10T20:00:00.0000000+00:00","BondSeason","US:Equity:TLT","Borrow","0.00"
"2024-09-11T13:30:00.0000000+00:00","BondSeason","US:Equity:TLT","Borrow","0.00"
"2024-09-11T20:00:00.0000000+00:00","BondSeason","US:Equity:TLT","Borrow","0.00"
"2024-09-11T20:00:00.0000000+00:00","BondSeason","US:Equity:TLT","ExecutionCost","-0.523068"
"2024-09-12T20:00:00.0000000+00:00","PaydaySeason","US:Equity:SCHB","ExecutionCost","-0.1551000"
"2024-09-18T20:00:00.0000000+00:00","PaydaySeason","US:Equity:SCHB","ExecutionCost","-0.15624"
"2024-09-19T20:00:00.0000000+00:00","BondSeason","US:Equity:TLT","ExecutionCost","-0.516100"
"2024-09-23T13:30:00.0000000+00:00","EqBondReversion","US:Equity:TLT","ExecutionCost","-0.59100"
"2024-09-24T20:00:00.0000000+00:00","PaydaySeason","US:Equity:SCHB","ExecutionCost","-0.159408"
"2024-09-25T13:30:00.0000000+00:00","PaydaySeason","US:Equity:SCHB","Dividend","2.4780"
"2024-09-25T13:30:00.0000000+00:00","EqBondReversion","US:Equity:SCHB","Dividend","0.0000"
"2024-09-25T13:30:00.0000000+00:00","RiskPremia","US:Equity:SCHB","Dividend","3.3040"
"2024-09-30T20:00:00.0000000+00:00","PaydaySeason","US:Equity:SCHB","ExecutionCost","-0.15960"
"2024-09-30T20:00:00.0000000+00:00","BondSeason","US:Equity:TLT","ExecutionCost","-0.509912"
"2024-09-30T20:00:00.0000000+00:00","BondSeason","US:Equity:TLT","ExecutionCost","-0.509912"
"2024-09-30T20:00:00.0000000+00:00","EqBondReversion","US:Equity:TLT","ExecutionCost","-0.588360"
"2024-10-01T13:30:00.0000000+00:00","BondSeason","US:Equity:TLT","Borrow","0.00"
"2024-10-01T13:30:00.0000000+00:00","BondSeason","US:Equity:TLT","Dividend","-8.209630"
"2024-10-01T13:30:00.0000000+00:00","EqBondReversion","US:Equity:TLT","Dividend","0.000000"
"2024-10-01T13:30:00.0000000+00:00","RiskPremia","US:Equity:TLT","Dividend","3.157550"
"2024-10-01T20:00:00.0000000+00:00","BondSeason","US:Equity:TLT","Borrow","0.0"
"2024-10-02T13:30:00.0000000+00:00","BondSeason","US:Equity:TLT","Borrow","0.0"
"2024-10-02T20:00:00.0000000+00:00","BondSeason","US:Equity:TLT","Borrow","0.00"
"2024-10-03T13:30:00.0000000+00:00","BondSeason","US:Equity:TLT","Borrow","0.00"
"2024-10-03T20:00:00.0000000+00:00","BondSeason","US:Equity:TLT","Borrow","0.00"
"2024-10-04T13:30:00.0000000+00:00","BondSeason","US:Equity:TLT","Borrow","0.000"
"2024-10-04T20:00:00.0000000+00:00","BondSeason","US:Equity:TLT","Borrow","0.00"
"2024-10-07T13:30:00.0000000+00:00","BondSeason","US:Equity:TLT","Borrow","0.00"
"2024-10-07T20:00:00.0000000+00:00","BondSeason","US:Equity:TLT","Borrow","0.00"
"2024-10-08T13:30:00.0000000+00:00","BondSeason","US:Equity:TLT","Borrow","0.00"
"2024-10-08T20:00:00.0000000+00:00","BondSeason","US:Equity:TLT","Borrow","0.00"
"2024-10-09T13:30:00.0000000+00:00","BondSeason","US:Equity:TLT","Borrow","0.00"
"2024-10-09T20:00:00.0000000+00:00","BondSeason","US:Equity:TLT","Borrow","0.00"
"2024-10-09T20:00:00.0000000+00:00","BondSeason","US:Equity:TLT","ExecutionCost","-0.4911660"
"2024-10-10T20:00:00.0000000+00:00","PaydaySeason","US:Equity:SCHB","ExecutionCost","-0.160032"
"2024-10-14T13:30:00.0000000+00:00","RiskPremia","US:Equity:SCHB","ExecutionCost","-0.188748"
"2024-10-14T13:30:00.0000000+00:00","RiskPremia","US:Equity:TLT","ExecutionCost","-0.018608"
"2024-10-15T13:30:00.0000000+00:00","RiskPremia","US:Equity:GLDM","ExecutionCost","-0.0105080"
"2024-10-16T20:00:00.0000000+00:00","PaydaySeason","US:Equity:SCHB","ExecutionCost","-0.1622520"
"2024-10-17T13:30:00.0000000+00:00","RiskPremia","US:Equity:GLDM","ExecutionCost","-0.0212600"
"2024-10-21T13:30:00.0000000+00:00","EqBondReversion","US:Equity:SCHB","ExecutionCost","-0.600894"
"2024-10-22T20:00:00.0000000+00:00","PaydaySeason","US:Equity:SCHB","ExecutionCost","-0.1576750"
"2024-10-22T20:00:00.0000000+00:00","BondSeason","US:Equity:TLT","ExecutionCost","-0.516992"
"2024-10-31T20:00:00.0000000+00:00","PaydaySeason","US:Equity:SCHB","ExecutionCost","-0.1540"
"2024-10-31T20:00:00.0000000+00:00","EqBondReversion","US:Equity:SCHB","ExecutionCost","-0.5852"
"2024-10-31T20:00:00.0000000+00:00","BondSeason","US:Equity:TLT","ExecutionCost","-0.517720"
"2024-10-31T20:00:00.0000000+00:00","BondSeason","US:Equity:TLT","ExecutionCost","-0.517720"
"2024-11-01T13:30:00.0000000+00:00","BondSeason","US:Equity:TLT","Borrow","0.00"
"2024-11-01T13:30:00.0000000+00:00","BondSeason","US:Equity:TLT","Dividend","-8.695148"
"2024-11-01T13:30:00.0000000+00:00","EqBondReversion","US:Equity:TLT","Dividend","0.000000"
"2024-11-01T13:30:00.0000000+00:00","RiskPremia","US:Equity:TLT","Dividend","3.415951"
"2024-11-01T20:00:00.0000000+00:00","BondSeason","US:Equity:TLT","Borrow","0.00"
"2024-11-04T14:30:00.0000000+00:00","BondSeason","US:Equity:TLT","Borrow","0.0000"
"2024-11-04T21:00:00.0000000+00:00","BondSeason","US:Equity:TLT","Borrow","0.00"
"2024-11-05T14:30:00.0000000+00:00","BondSeason","US:Equity:TLT","Borrow","0.00"
"2024-11-05T21:00:00.0000000+00:00","BondSeason","US:Equity:TLT","Borrow","0.00"
"2024-11-06T14:30:00.0000000+00:00","BondSeason","US:Equity:TLT","Borrow","0.000"
"2024-11-06T21:00:00.0000000+00:00","BondSeason","US:Equity:TLT","Borrow","0.00"
"2024-11-07T14:30:00.0000000+00:00","BondSeason","US:Equity:TLT","Borrow","0.00"
"2024-11-07T21:00:00.0000000+00:00","BondSeason","US:Equity:TLT","Borrow","0.00"
"2024-11-08T14:30:00.0000000+00:00","BondSeason","US:Equity:TLT","Borrow","0.000"
"2024-11-08T21:00:00.0000000+00:00","BondSeason","US:Equity:TLT","Borrow","0"
"2024-11-11T14:30:00.0000000+00:00","BondSeason","US:Equity:TLT","Borrow","0.00"
"2024-11-11T21:00:00.0000000+00:00","BondSeason","US:Equity:TLT","Borrow","0.00"
"2024-11-11T21:00:00.0000000+00:00","BondSeason","US:Equity:TLT","ExecutionCost","-0.515424"
"2024-11-12T21:00:00.0000000+00:00","PaydaySeason","US:Equity:SCHB","ExecutionCost","-0.15781032"
"2024-11-18T21:00:00.0000000+00:00","PaydaySeason","US:Equity:SCHB","ExecutionCost","-0.155312"
"2024-11-19T21:00:00.0000000+00:00","BondSeason","US:Equity:TLT","ExecutionCost","-0.508032"
"2024-11-21T14:30:00.0000000+00:00","EqBondReversion","US:Equity:TLT","ExecutionCost","-0.596970"
"2024-11-22T21:00:00.0000000+00:00","PaydaySeason","US:Equity:SCHB","ExecutionCost","-0.162610"
"2024-11-29T18:00:00.0000000+00:00","PaydaySeason","US:Equity:SCHB","ExecutionCost","-0.1643950"
"2024-11-29T18:00:00.0000000+00:00","BondSeason","US:Equity:TLT","ExecutionCost","-0.525896"
"2024-11-29T18:00:00.0000000+00:00","BondSeason","US:Equity:TLT","ExecutionCost","-0.525896"
"2024-11-29T18:00:00.0000000+00:00","EqBondReversion","US:Equity:TLT","ExecutionCost","-0.619806"
"2024-12-02T14:30:00.0000000+00:00","BondSeason","US:Equity:TLT","Borrow","0.00"
"2024-12-02T14:30:00.0000000+00:00","BondSeason","US:Equity:TLT","Dividend","-9.100588"
"2024-12-02T14:30:00.0000000+00:00","EqBondReversion","US:Equity:TLT","Dividend","0.000000"
"2024-12-02T14:30:00.0000000+00:00","RiskPremia","US:Equity:TLT","Dividend","3.575231"
"2024-12-02T21:00:00.0000000+00:00","BondSeason","US:Equity:TLT","Borrow","0.00"
"2024-12-03T14:30:00.0000000+00:00","BondSeason","US:Equity:TLT","Borrow","0.00"
"2024-12-03T21:00:00.0000000+00:00","BondSeason","US:Equity:TLT","Borrow","0.00"
"2024-12-04T14:30:00.0000000+00:00","BondSeason","US:Equity:TLT","Borrow","0.000"
"2024-12-04T21:00:00.0000000+00:00","BondSeason","US:Equity:TLT","Borrow","0.00"
"2024-12-05T14:30:00.0000000+00:00","BondSeason","US:Equity:TLT","Borrow","0.00"
"2024-12-05T21:00:00.0000000+00:00","BondSeason","US:Equity:TLT","Borrow","0.00"
"2024-12-06T14:30:00.0000000+00:00","BondSeason","US:Equity:TLT","Borrow","0.00"
"2024-12-06T21:00:00.0000000+00:00","BondSeason","US:Equity:TLT","Borrow","0.00"
"2024-12-09T14:30:00.0000000+00:00","BondSeason","US:Equity:TLT","Borrow","0.00"
"2024-12-09T21:00:00.0000000+00:00","BondSeason","US:Equity:TLT","Borrow","0.00"
"2024-12-10T14:30:00.0000000+00:00","BondSeason","US:Equity:TLT","Borrow","0.00"
"2024-12-10T21:00:00.0000000+00:00","BondSeason","US:Equity:TLT","Borrow","0.00"
"2024-12-10T21:00:00.0000000+00:00","BondSeason","US:Equity:TLT","ExecutionCost","-0.5212760"
"2024-12-11T14:30:00.0000000+00:00","PaydaySeason","US:Equity:SCHB","Dividend","0.000"
"2024-12-11T14:30:00.0000000+00:00","EqBondReversion","US:Equity:SCHB","Dividend","0.000"
"2024-12-11T14:30:00.0000000+00:00","RiskPremia","US:Equity:SCHB","Dividend","0.498"
"2024-12-11T21:00:00.0000000+00:00","PaydaySeason","US:Equity:SCHB","ExecutionCost","-0.160140"
"2024-12-13T14:30:00.0000000+00:00","RiskPremia","US:Equity:TLT","ExecutionCost","-0.01816"
"2024-12-17T21:00:00.0000000+00:00","PaydaySeason","US:Equity:SCHB","ExecutionCost","-0.1590180"
"2024-12-18T14:30:00.0000000+00:00","BondSeason","US:Equity:TLT","Dividend","0.000000"
"2024-12-18T14:30:00.0000000+00:00","EqBondReversion","US:Equity:TLT","Dividend","0.000000"
"2024-12-18T14:30:00.0000000+00:00","RiskPremia","US:Equity:TLT","Dividend","4.212384"
"2024-12-19T21:00:00.0000000+00:00","BondSeason","US:Equity:TLT","ExecutionCost","-0.509472"
"2024-12-20T14:30:00.0000000+00:00","EqBondReversion","US:Equity:TLT","ExecutionCost","-0.602004"
"2024-12-23T21:00:00.0000000+00:00","PaydaySeason","US:Equity:SCHB","ExecutionCost","-0.16107350"
"2024-12-31T21:00:00.0000000+00:00","PaydaySeason","US:Equity:SCHB","ExecutionCost","-0.15890"
"2024-12-31T21:00:00.0000000+00:00","BondSeason","US:Equity:TLT","ExecutionCost","-0.506630"
"2024-12-31T21:00:00.0000000+00:00","BondSeason","US:Equity:TLT","ExecutionCost","-0.506630"
"2024-12-31T21:00:00.0000000+00:00","EqBondReversion","US:Equity:TLT","ExecutionCost","-0.593980"
"2025-01-02T14:30:00.0000000+00:00","BondSeason","US:Equity:TLT","Borrow","0.00"
"2025-01-02T21:00:00.0000000+00:00","BondSeason","US:Equity:TLT","Borrow","0.0"
"2025-01-03T14:30:00.0000000+00:00","BondSeason","US:Equity:TLT","Borrow","0.00"
"2025-01-03T21:00:00.0000000+00:00","BondSeason","US:Equity:TLT","Borrow","0.00"
"2025-01-06T14:30:00.0000000+00:00","BondSeason","US:Equity:TLT","Borrow","0.000"
"2025-01-06T21:00:00.0000000+00:00","BondSeason","US:Equity:TLT","Borrow","0.00"
"2025-01-07T14:30:00.0000000+00:00","BondSeason","US:Equity:TLT","Borrow","0.00"
"2025-01-07T21:00:00.0000000+00:00","BondSeason","US:Equity:TLT","Borrow","0.0"
"2025-01-08T14:30:00.0000000+00:00","BondSeason","US:Equity:TLT","Borrow","0.00"
"2025-01-08T21:00:00.0000000+00:00","BondSeason","US:Equity:TLT","Borrow","0.00"
"2025-01-10T14:30:00.0000000+00:00","BondSeason","US:Equity:TLT","Borrow","0.000"
"2025-01-10T21:00:00.0000000+00:00","BondSeason","US:Equity:TLT","Borrow","0.00"
"2025-01-13T14:30:00.0000000+00:00","BondSeason","US:Equity:TLT","Borrow","0.00"
"2025-01-13T21:00:00.0000000+00:00","BondSeason","US:Equity:TLT","Borrow","0.00"
"2025-01-13T21:00:00.0000000+00:00","BondSeason","US:Equity:TLT","ExecutionCost","-0.49532"
"2025-01-14T14:30:00.0000000+00:00","RiskPremia","US:Equity:TLT","ExecutionCost","-0.017046"
"2025-01-14T21:00:00.0000000+00:00","PaydaySeason","US:Equity:SCHB","ExecutionCost","-0.15807610"
"2025-01-21T21:00:00.0000000+00:00","PaydaySeason","US:Equity:SCHB","ExecutionCost","-0.1639050"
"2025-01-22T14:30:00.0000000+00:00","RiskPremia","US:Equity:GLDM","ExecutionCost","-0.032760"
"2025-01-22T21:00:00.0000000+00:00","BondSeason","US:Equity:TLT","ExecutionCost","-0.50750"
"2025-01-24T14:30:00.0000000+00:00","EqBondReversion","US:Equity:TLT","ExecutionCost","-0.589696"
"2025-01-27T21:00:00.0000000+00:00","PaydaySeason","US:Equity:SCHB","ExecutionCost","-0.158100"
"2025-01-31T21:00:00.0000000+00:00","PaydaySeason","US:Equity:SCHB","ExecutionCost","-0.1589500"
"2025-01-31T21:00:00.0000000+00:00","BondSeason","US:Equity:TLT","ExecutionCost","-0.508950"
"2025-01-31T21:00:00.0000000+00:00","BondSeason","US:Equity:TLT","ExecutionCost","-0.508950"
"2025-01-31T21:00:00.0000000+00:00","EqBondReversion","US:Equity:TLT","ExecutionCost","-0.596700"
"2025-02-03T14:30:00.0000000+00:00","BondSeason","US:Equity:TLT","Borrow","0.00"
"2025-02-03T14:30:00.0000000+00:00","BondSeason","US:Equity:TLT","Dividend","-9.056178"
"2025-02-03T14:30:00.0000000+00:00","EqBondReversion","US:Equity:TLT","Dividend","0.000000"
"2025-02-03T14:30:00.0000000+00:00","RiskPremia","US:Equity:TLT","Dividend","4.059666"
"2025-02-03T21:00:00.0000000+00:00","BondSeason","US:Equity:TLT","Borrow","0.00"
"2025-02-04T14:30:00.0000000+00:00","BondSeason","US:Equity:TLT","Borrow","0.000"
"2025-02-04T21:00:00.0000000+00:00","BondSeason","US:Equity:TLT","Borrow","0.00"
"2025-02-05T14:30:00.0000000+00:00","BondSeason","US:Equity:TLT","Borrow","0.00"
"2025-02-05T21:00:00.0000000+00:00","BondSeason","US:Equity:TLT","Borrow","0.00"
"2025-02-06T14:30:00.0000000+00:00","BondSeason","US:Equity:TLT","Borrow","0.00"
"2025-02-06T21:00:00.0000000+00:00","BondSeason","US:Equity:TLT","Borrow","0.00"
"2025-02-07T14:30:00.0000000+00:00","BondSeason","US:Equity:TLT","Borrow","0.000"
"2025-02-07T21:00:00.0000000+00:00","BondSeason","US:Equity:TLT","Borrow","0.00"
"2025-02-10T14:30:00.0000000+00:00","BondSeason","US:Equity:TLT","Borrow","0.00"
"2025-02-10T21:00:00.0000000+00:00","BondSeason","US:Equity:TLT","Borrow","0.000"
"2025-02-11T14:30:00.0000000+00:00","BondSeason","US:Equity:TLT","Borrow","0.00"
"2025-02-11T21:00:00.0000000+00:00","BondSeason","US:Equity:TLT","Borrow","0.00"
"2025-02-11T21:00:00.0000000+00:00","BondSeason","US:Equity:TLT","ExecutionCost","-0.513068"
"2025-02-12T21:00:00.0000000+00:00","PaydaySeason","US:Equity:SCHB","ExecutionCost","-0.158984"
"2025-02-19T21:00:00.0000000+00:00","PaydaySeason","US:Equity:SCHB","ExecutionCost","-0.161500"
"2025-02-19T21:00:00.0000000+00:00","BondSeason","US:Equity:TLT","ExecutionCost","-0.511502"
"2025-02-24T14:30:00.0000000+00:00","EqBondReversion","US:Equity:SCHB","ExecutionCost","-0.604500"
"2025-02-25T14:30:00.0000000+00:00","RiskPremia","US:Equity:SCHB","ExecutionCost","-0.184400"
"2025-02-25T14:30:00.0000000+00:00","RiskPremia","US:Equity:TLT","ExecutionCost","-0.036388"
"2025-02-25T21:00:00.0000000+00:00","PaydaySeason","US:Equity:SCHB","ExecutionCost","-0.160510"
"2025-02-28T21:00:00.0000000+00:00","PaydaySeason","US:Equity:SCHB","ExecutionCost","-0.160510"
"2025-02-28T21:00:00.0000000+00:00","EqBondReversion","US:Equity:SCHB","ExecutionCost","-0.596180"
"2025-02-28T21:00:00.0000000+00:00","BondSeason","US:Equity:TLT","ExecutionCost","-0.536094"
"2025-02-28T21:00:00.0000000+00:00","BondSeason","US:Equity:TLT","ExecutionCost","-0.517608"
"2025-03-03T14:30:00.0000000+00:00","BondSeason","US:Equity:TLT","Borrow","0.00"
"2025-03-03T14:30:00.0000000+00:00","BondSeason","US:Equity:TLT","Dividend","-8.114876"
"2025-03-03T14:30:00.0000000+00:00","EqBondReversion","US:Equity:TLT","Dividend","0.000000"
"2025-03-03T14:30:00.0000000+00:00","RiskPremia","US:Equity:TLT","Dividend","3.187987"
"2025-03-03T21:00:00.0000000+00:00","BondSeason","US:Equity:TLT","Borrow","0.00"
"2025-03-04T14:30:00.0000000+00:00","BondSeason","US:Equity:TLT","Borrow","0.00"
"2025-03-04T21:00:00.0000000+00:00","BondSeason","US:Equity:TLT","Borrow","0.00"
"2025-03-05T14:30:00.0000000+00:00","BondSeason","US:Equity:TLT","Borrow","0.00"
"2025-03-05T21:00:00.0000000+00:00","BondSeason","US:Equity:TLT","Borrow","0.00"
"2025-03-06T14:30:00.0000000+00:00","BondSeason","US:Equity:TLT","Borrow","0.00"
"2025-03-06T21:00:00.0000000+00:00","BondSeason","US:Equity:TLT","Borrow","0.00"
"2025-03-07T14:30:00.0000000+00:00","BondSeason","US:Equity:TLT","Borrow","0.00"
"2025-03-07T21:00:00.0000000+00:00","BondSeason","US:Equity:TLT","Borrow","0.00"
"2025-03-10T13:30:00.0000000+00:00","BondSeason","US:Equity:TLT","Borrow","0.000"
"2025-03-10T20:00:00.0000000+00:00","BondSeason","US:Equity:TLT","Borrow","0.00"
"2025-03-11T13:30:00.0000000+00:00","BondSeason","US:Equity:TLT","Borrow","0.000"
"2025-03-11T20:00:00.0000000+00:00","BondSeason","US:Equity:TLT","Borrow","0.00"
"2025-03-11T20:00:00.0000000+00:00","BondSeason","US:Equity:TLT","ExecutionCost","-0.50624"
"2025-03-12T20:00:00.0000000+00:00","PaydaySeason","US:Equity:SCHB","ExecutionCost","-0.159396"
"2025-03-18T20:00:00.0000000+00:00","PaydaySeason","US:Equity:SCHB","ExecutionCost","-0.1600250"
"2025-03-20T20:00:00.0000000+00:00","BondSeason","US:Equity:TLT","ExecutionCost","-0.511224"
"2025-03-21T13:30:00.0000000+00:00","EqBondReversion","US:Equity:SCHB","ExecutionCost","-0.597540"
"2025-03-24T20:00:00.0000000+00:00","PaydaySeason","US:Equity:SCHB","ExecutionCost","-0.164502"
"2025-03-26T13:30:00.0000000+00:00","PaydaySeason","US:Equity:SCHB","Dividend","2.4013"
"2025-03-26T13:30:00.0000000+00:00","EqBondReversion","US:Equity:SCHB","Dividend","8.9562"
"2025-03-26T13:30:00.0000000+00:00","RiskPremia","US:Equity:SCHB","Dividend","2.9854"
"2025-03-26T13:30:00.0000000+00:00","RiskPremia","US:Equity:SCHB","ExecutionCost","-0.02220"
"2025-03-27T13:30:00.0000000+00:00","RiskPremia","US:Equity:TLT","ExecutionCost","-0.017770"
"2025-03-31T20:00:00.0000000+00:00","PaydaySeason","US:Equity:SCHB","ExecutionCost","-0.159174"
"2025-03-31T20:00:00.0000000+00:00","EqBondReversion","US:Equity:SCHB","ExecutionCost","-0.593676"
"2025-03-31T20:00:00.0000000+00:00","BondSeason","US:Equity:TLT","ExecutionCost","-0.509544"
"2025-03-31T20:00:00.0000000+00:00","BondSeason","US:Equity:TLT","ExecutionCost","-0.509544"
"2025-04-01T13:30:00.0000000+00:00","BondSeason","US:Equity:TLT","Borrow","0.00"
"2025-04-01T13:30:00.0000000+00:00","BondSeason","US:Equity:TLT","Dividend","-9.116296"
"2025-04-01T13:30:00.0000000+00:00","EqBondReversion","US:Equity:TLT","Dividend","0.000000"
"2025-04-01T13:30:00.0000000+00:00","RiskPremia","US:Equity:TLT","Dividend","3.906984"
"2025-04-01T20:00:00.0000000+00:00","BondSeason","US:Equity:TLT","Borrow","0.00"
"2025-04-02T13:30:00.0000000+00:00","BondSeason","US:Equity:TLT","Borrow","0.000"
"2025-04-02T20:00:00.0000000+00:00","BondSeason","US:Equity:TLT","Borrow","0.00"
"2025-04-03T13:30:00.0000000+00:00","BondSeason","US:Equity:TLT","Borrow","0.00"
"2025-04-03T20:00:00.0000000+00:00","BondSeason","US:Equity:TLT","Borrow","0.00"
"2025-04-04T13:30:00.0000000+00:00","BondSeason","US:Equity:TLT","Borrow","0.00"
"2025-04-04T20:00:00.0000000+00:00","BondSeason","US:Equity:TLT","Borrow","0.00"
"2025-04-07T13:30:00.0000000+00:00","BondSeason","US:Equity:TLT","Borrow","0.00"
"2025-04-07T20:00:00.0000000+00:00","BondSeason","US:Equity:TLT","Borrow","0.00"
"2025-04-08T13:30:00.0000000+00:00","BondSeason","US:Equity:TLT","Borrow","0.00"
"2025-04-08T20:00:00.0000000+00:00","BondSeason","US:Equity:TLT","Borrow","0.00"
"2025-04-09T13:30:00.0000000+00:00","BondSeason","US:Equity:TLT","Borrow","0.00"
"2025-04-09T20:00:00.0000000+00:00","BondSeason","US:Equity:TLT","Borrow","0.00"
"2025-04-09T20:00:00.0000000+00:00","BondSeason","US:Equity:TLT","ExecutionCost","-0.497616"
"2025-04-10T13:30:00.0000000+00:00","RiskPremia","US:Equity:SCHB","ExecutionCost","-0.053196"
"2025-04-10T20:00:00.0000000+00:00","PaydaySeason","US:Equity:SCHB","ExecutionCost","-0.153216"
"2025-04-11T13:30:00.0000000+00:00","RiskPremia","US:Equity:GLDM","ExecutionCost","-0.02560"
"2025-04-16T20:00:00.0000000+00:00","PaydaySeason","US:Equity:SCHB","ExecutionCost","-0.153672"
"2025-04-21T20:00:00.0000000+00:00","BondSeason","US:Equity:TLT","ExecutionCost","-0.4987710"
"2025-04-22T13:30:00.0000000+00:00","RiskPremia","US:Equity:GLDM","ExecutionCost","-0.0409380"
"2025-04-22T13:30:00.0000000+00:00","EqBondReversion","US:Equity:SCHB","ExecutionCost","-0.6080"
"2025-04-23T20:00:00.0000000+00:00","PaydaySeason","US:Equity:SCHB","ExecutionCost","-0.16079934"
"2025-04-30T20:00:00.0000000+00:00","PaydaySeason","US:Equity:SCHB","ExecutionCost","-0.166374"
"2025-04-30T20:00:00.0000000+00:00","EqBondReversion","US:Equity:SCHB","ExecutionCost","-0.648432"
"2025-04-30T20:00:00.0000000+00:00","BondSeason","US:Equity:TLT","ExecutionCost","-0.518926"
"2025-04-30T20:00:00.0000000+00:00","BondSeason","US:Equity:TLT","ExecutionCost","-0.501032"
"2025-05-01T13:30:00.0000000+00:00","BondSeason","US:Equity:TLT","Borrow","0.00"
"2025-05-01T13:30:00.0000000+00:00","BondSeason","US:Equity:TLT","Dividend","-9.173136"
"2025-05-01T13:30:00.0000000+00:00","EqBondReversion","US:Equity:TLT","Dividend","0.000000"
"2025-05-01T13:30:00.0000000+00:00","RiskPremia","US:Equity:TLT","Dividend","3.931344"
"2025-05-01T20:00:00.0000000+00:00","BondSeason","US:Equity:TLT","Borrow","0.00"
"2025-05-02T13:30:00.0000000+00:00","BondSeason","US:Equity:TLT","Borrow","0.00"
"2025-05-02T20:00:00.0000000+00:00","BondSeason","US:Equity:TLT","Borrow","0.00"
"2025-05-05T13:30:00.0000000+00:00","BondSeason","US:Equity:TLT","Borrow","0.00"
"2025-05-05T13:30:00.0000000+00:00","RiskPremia","US:Equity:SCHB","ExecutionCost","-0.012996"
"2025-05-05T20:00:00.0000000+00:00","BondSeason","US:Equity:TLT","Borrow","0.000"
"2025-05-06T13:30:00.0000000+00:00","BondSeason","US:Equity:TLT","Borrow","0.00"
"2025-05-06T20:00:00.0000000+00:00","BondSeason","US:Equity:TLT","Borrow","0.0"
"2025-05-07T13:30:00.0000000+00:00","BondSeason","US:Equity:TLT","Borrow","0.00"
"2025-05-07T20:00:00.0000000+00:00","BondSeason","US:Equity:TLT","Borrow","0.00"
"2025-05-08T13:30:00.0000000+00:00","BondSeason","US:Equity:TLT","Borrow","0.00"
"2025-05-08T20:00:00.0000000+00:00","BondSeason","US:Equity:TLT","Borrow","0.000"
"2025-05-09T13:30:00.0000000+00:00","BondSeason","US:Equity:TLT","Borrow","0.00"
"2025-05-09T20:00:00.0000000+00:00","BondSeason","US:Equity:TLT","Borrow","0"
"2025-05-09T20:00:00.0000000+00:00","BondSeason","US:Equity:TLT","ExecutionCost","-0.487536"
"2025-05-12T20:00:00.0000000+00:00","PaydaySeason","US:Equity:SCHB","ExecutionCost","-0.166426"
"2025-05-16T20:00:00.0000000+00:00","PaydaySeason","US:Equity:SCHB","ExecutionCost","-0.1697190"
"2025-05-20T20:00:00.0000000+00:00","BondSeason","US:Equity:TLT","ExecutionCost","-0.512580"
"2025-05-21T13:30:00.0000000+00:00","EqBondReversion","US:Equity:TLT","ExecutionCost","-0.592760"
"2025-05-22T20:00:00.0000000+00:00","PaydaySeason","US:Equity:SCHB","ExecutionCost","-0.161712"
"2025-05-27T13:30:00.0000000+00:00","RiskPremia","US:Equity:GLDM","ExecutionCost","-0.0261120"
"2025-05-30T20:00:00.0000000+00:00","PaydaySeason","US:Equity:SCHB","ExecutionCost","-0.163512"
"2025-05-30T20:00:00.0000000+00:00","BondSeason","US:Equity:TLT","ExecutionCost","-0.517620"
"2025-05-30T20:00:00.0000000+00:00","BondSeason","US:Equity:TLT","ExecutionCost","-0.517620"
"2025-05-30T20:00:00.0000000+00:00","EqBondReversion","US:Equity:TLT","ExecutionCost","-0.603890"
"2025-06-02T13:30:00.0000000+00:00","BondSeason","US:Equity:TLT","Borrow","0.00"
"2025-06-02T13:30:00.0000000+00:00","BondSeason","US:Equity:TLT","Dividend","-9.585960"
"2025-06-02T13:30:00.0000000+00:00","EqBondReversion","US:Equity:TLT","Dividend","0.000000"
"2025-06-02T13:30:00.0000000+00:00","RiskPremia","US:Equity:TLT","Dividend","3.834384"
"2025-06-02T20:00:00.0000000+00:00","BondSeason","US:Equity:TLT","Borrow","0.00"
"2025-06-03T13:30:00.0000000+00:00","BondSeason","US:Equity:TLT","Borrow","0.000"
"2025-06-03T20:00:00.0000000+00:00","BondSeason","US:Equity:TLT","Borrow","0.00"
"2025-06-04T13:30:00.0000000+00:00","BondSeason","US:Equity:TLT","Borrow","0.00"
"2025-06-04T20:00:00.0000000+00:00","BondSeason","US:Equity:TLT","Borrow","0.00"
"2025-06-05T13:30:00.0000000+00:00","BondSeason","US:Equity:TLT","Borrow","0.000"
"2025-06-05T20:00:00.0000000+00:00","BondSeason","US:Equity:TLT","Borrow","0.00"
"2025-06-06T13:30:00.0000000+00:00","BondSeason","US:Equity:TLT","Borrow","0.00"
"2025-06-06T20:00:00.0000000+00:00","BondSeason","US:Equity:TLT","Borrow","0.00"
"2025-06-09T13:30:00.0000000+00:00","BondSeason","US:Equity:TLT","Borrow","0.000"
"2025-06-09T20:00:00.0000000+00:00","BondSeason","US:Equity:TLT","Borrow","0.00"
"2025-06-10T13:30:00.0000000+00:00","BondSeason","US:Equity:TLT","Borrow","0.00"
"2025-06-10T20:00:00.0000000+00:00","BondSeason","US:Equity:TLT","Borrow","0.0"
"2025-06-10T20:00:00.0000000+00:00","BondSeason","US:Equity:TLT","ExecutionCost","-0.515220"
"2025-06-11T20:00:00.0000000+00:00","PaydaySeason","US:Equity:SCHB","ExecutionCost","-0.15776"
"2025-06-17T20:00:00.0000000+00:00","PaydaySeason","US:Equity:SCHB","ExecutionCost","-0.1566380"
"2025-06-18T20:00:00.0000000+00:00","BondSeason","US:Equity:TLT","ExecutionCost","-0.519900"
"2025-06-23T13:30:00.0000000+00:00","EqBondReversion","US:Equity:TLT","ExecutionCost","-0.591192"
"2025-06-24T20:00:00.0000000+00:00","PaydaySeason","US:Equity:SCHB","ExecutionCost","-0.15970956"
"2025-06-25T13:30:00.0000000+00:00","PaydaySeason","US:Equity:SCHB","Dividend","2.3902"
"2025-06-25T13:30:00.0000000+00:00","EqBondReversion","US:Equity:SCHB","Dividend","0.0000"
"2025-06-25T13:30:00.0000000+00:00","RiskPremia","US:Equity:SCHB","Dividend","1.7575"
"2025-06-30T20:00:00.0000000+00:00","PaydaySeason","US:Equity:SCHB","ExecutionCost","-0.161976"
"2025-06-30T20:00:00.0000000+00:00","BondSeason","US:Equity:TLT","ExecutionCost","-0.529860"
"2025-06-30T20:00:00.0000000+00:00","BondSeason","US:Equity:TLT","ExecutionCost","-0.512198"
"2025-06-30T20:00:00.0000000+00:00","EqBondReversion","US:Equity:TLT","ExecutionCost","-0.600508"
"2025-07-01T13:30:00.0000000+00:00","BondSeason","US:Equity:TLT","Borrow","0.00"
"2025-07-01T13:30:00.0000000+00:00","BondSeason","US:Equity:TLT","Dividend","-9.520729"
"2025-07-01T13:30:00.0000000+00:00","EqBondReversion","US:Equity:TLT","Dividend","0.000000"
"2025-07-01T13:30:00.0000000+00:00","RiskPremia","US:Equity:TLT","Dividend","3.939612"
"2025-07-01T20:00:00.0000000+00:00","BondSeason","US:Equity:TLT","Borrow","0.00"
"2025-07-02T13:30:00.0000000+00:00","BondSeason","US:Equity:TLT","Borrow","0.000"
"2025-07-02T20:00:00.0000000+00:00","BondSeason","US:Equity:TLT","Borrow","0.0"
"2025-07-03T13:30:00.0000000+00:00","BondSeason","US:Equity:TLT","Borrow","0.00"
"2025-07-03T17:00:00.0000000+00:00","BondSeason","US:Equity:TLT","Borrow","0.00"
"2025-07-07T13:30:00.0000000+00:00","BondSeason","US:Equity:TLT","Borrow","0"
"2025-07-07T13:30:00.0000000+00:00","RiskPremia","US:Equity:SCHB","ExecutionCost","-0.014436"
"2025-07-07T20:00:00.0000000+00:00","BondSeason","US:Equity:TLT","Borrow","0.00"
"2025-07-08T13:30:00.0000000+00:00","BondSeason","US:Equity:TLT","Borrow","0.00"
"2025-07-08T20:00:00.0000000+00:00","BondSeason","US:Equity:TLT","Borrow","0.00"
"2025-07-09T13:30:00.0000000+00:00","BondSeason","US:Equity:TLT","Borrow","0.00"
"2025-07-09T20:00:00.0000000+00:00","BondSeason","US:Equity:TLT","Borrow","0.00"
"2025-07-10T13:30:00.0000000+00:00","BondSeason","US:Equity:TLT","Borrow","0.00"
"2025-07-10T20:00:00.0000000+00:00","BondSeason","US:Equity:TLT","Borrow","0.00"
"2025-07-10T20:00:00.0000000+00:00","BondSeason","US:Equity:TLT","ExecutionCost","-0.504542"
"2025-07-11T20:00:00.0000000+00:00","PaydaySeason","US:Equity:SCHB","ExecutionCost","-0.1588290"
"2025-07-17T20:00:00.0000000+00:00","PaydaySeason","US:Equity:SCHB","ExecutionCost","-0.159984"
"2025-07-22T13:30:00.0000000+00:00","EqBondReversion","US:Equity:TLT","ExecutionCost","-0.603190"
"2025-07-22T20:00:00.0000000+00:00","BondSeason","US:Equity:TLT","ExecutionCost","-0.519060"
"2025-07-23T20:00:00.0000000+00:00","PaydaySeason","US:Equity:SCHB","ExecutionCost","-0.1616010"
"2025-07-31T20:00:00.0000000+00:00","PaydaySeason","US:Equity:SCHB","ExecutionCost","-0.160908"
"2025-07-31T20:00:00.0000000+00:00","BondSeason","US:Equity:TLT","ExecutionCost","-0.521580"
"2025-07-31T20:00:00.0000000+00:00","BondSeason","US:Equity:TLT","ExecutionCost","-0.521580"
"2025-07-31T20:00:00.0000000+00:00","EqBondReversion","US:Equity:TLT","ExecutionCost","-0.608510"
"2025-08-01T13:30:00.0000000+00:00","BondSeason","US:Equity:TLT","Borrow","0.00"
"2025-08-01T13:30:00.0000000+00:00","BondSeason","US:Equity:TLT","Dividend","-9.924060"
"2025-08-01T13:30:00.0000000+00:00","EqBondReversion","US:Equity:TLT","Dividend","0.000000"
"2025-08-01T13:30:00.0000000+00:00","RiskPremia","US:Equity:TLT","Dividend","3.969624"
"2025-08-01T20:00:00.0000000+00:00","BondSeason","US:Equity:TLT","Borrow","0.00"
"2025-08-04T13:30:00.0000000+00:00","BondSeason","US:Equity:TLT","Borrow","0.000"
"2025-08-04T20:00:00.0000000+00:00","BondSeason","US:Equity:TLT","Borrow","0.00"
"2025-08-05T13:30:00.0000000+00:00","BondSeason","US:Equity:TLT","Borrow","0.00"
"2025-08-05T20:00:00.0000000+00:00","BondSeason","US:Equity:TLT","Borrow","0.00"
"2025-08-06T13:30:00.0000000+00:00","BondSeason","US:Equity:TLT","Borrow","0.00"
"2025-08-06T20:00:00.0000000+00:00","BondSeason","US:Equity:TLT","Borrow","0.00"
"2025-08-07T13:30:00.0000000+00:00","BondSeason","US:Equity:TLT","Borrow","0.000"
"2025-08-07T20:00:00.0000000+00:00","BondSeason","US:Equity:TLT","Borrow","0.000"
"2025-08-08T13:30:00.0000000+00:00","BondSeason","US:Equity:TLT","Borrow","0.00"
"2025-08-08T20:00:00.0000000+00:00","BondSeason","US:Equity:TLT","Borrow","0.00"
"2025-08-11T13:30:00.0000000+00:00","BondSeason","US:Equity:TLT","Borrow","0.00"
"2025-08-11T20:00:00.0000000+00:00","BondSeason","US:Equity:TLT","Borrow","0.00"
"2025-08-11T20:00:00.0000000+00:00","BondSeason","US:Equity:TLT","ExecutionCost","-0.524460"
"2025-08-12T20:00:00.0000000+00:00","PaydaySeason","US:Equity:SCHB","ExecutionCost","-0.163548"
"2025-08-14T13:30:00.0000000+00:00","RiskPremia","US:Equity:SCHB","ExecutionCost","-0.01488"
"2025-08-18T13:30:00.0000000+00:00","RiskPremia","US:Equity:SCHB","ExecutionCost","-0.009912"
"2025-08-18T20:00:00.0000000+00:00","PaydaySeason","US:Equity:SCHB","ExecutionCost","-0.163746"
"2025-08-19T13:30:00.0000000+00:00","RiskPremia","US:Equity:TLT","ExecutionCost","-0.017292"
"2025-08-20T13:30:00.0000000+00:00","RiskPremia","US:Equity:GLDM","ExecutionCost","-0.0132300"
"2025-08-20T13:30:00.0000000+00:00","RiskPremia","US:Equity:SCHB","ExecutionCost","-0.059160"
"2025-08-20T20:00:00.0000000+00:00","BondSeason","US:Equity:TLT","ExecutionCost","-0.521040"
"2025-08-21T13:30:00.0000000+00:00","EqBondReversion","US:Equity:TLT","ExecutionCost","-0.588608"
"2025-08-22T20:00:00.0000000+00:00","PaydaySeason","US:Equity:SCHB","ExecutionCost","-0.164538"
"2025-08-29T20:00:00.0000000+00:00","PaydaySeason","US:Equity:SCHB","ExecutionCost","-0.164538"
"2025-08-29T20:00:00.0000000+00:00","BondSeason","US:Equity:TLT","ExecutionCost","-0.519540"
"2025-08-29T20:00:00.0000000+00:00","BondSeason","US:Equity:TLT","ExecutionCost","-0.502222"
"2025-08-29T20:00:00.0000000+00:00","EqBondReversion","US:Equity:TLT","ExecutionCost","-0.588812"
"2025-09-02T13:30:00.0000000+00:00","BondSeason","US:Equity:TLT","Borrow","0.00"
"2025-09-02T13:30:00.0000000+00:00","BondSeason","US:Equity:TLT","Dividend","-9.514407"
"2025-09-02T13:30:00.0000000+00:00","EqBondReversion","US:Equity:TLT","Dividend","0.000000"
"2025-09-02T13:30:00.0000000+00:00","RiskPremia","US:Equity:TLT","Dividend","4.265079"
"2025-09-02T13:30:00.0000000+00:00","RiskPremia","US:Equity:SCHB","ExecutionCost","-0.019704"
"2025-09-02T20:00:00.0000000+00:00","BondSeason","US:Equity:TLT","Borrow","0.00"
"2025-09-03T13:30:00.0000000+00:00","BondSeason","US:Equity:TLT","Borrow","0.00"
"2025-09-03T20:00:00.0000000+00:00","BondSeason","US:Equity:TLT","Borrow","0.00"
"2025-09-04T13:30:00.0000000+00:00","BondSeason","US:Equity:TLT","Borrow","0.00"
"2025-09-04T20:00:00.0000000+00:00","BondSeason","US:Equity:TLT","Borrow","0.00"
"2025-09-05T13:30:00.0000000+00:00","BondSeason","US:Equity:TLT","Borrow","0.00"
"2025-09-05T20:00:00.0000000+00:00","BondSeason","US:Equity:TLT","Borrow","0.00"
"2025-09-08T13:30:00.0000000+00:00","BondSeason","US:Equity:TLT","Borrow","0.00"
"2025-09-08T20:00:00.0000000+00:00","BondSeason","US:Equity:TLT","Borrow","0.00"
"2025-09-09T13:30:00.0000000+00:00","BondSeason","US:Equity:TLT","Borrow","0.00"
"2025-09-09T20:00:00.0000000+00:00","BondSeason","US:Equity:TLT","Borrow","0.00"
"2025-09-10T13:30:00.0000000+00:00","BondSeason","US:Equity:TLT","Borrow","0.000"
"2025-09-10T20:00:00.0000000+00:00","BondSeason","US:Equity:TLT","Borrow","0.0"
"2025-09-10T20:00:00.0000000+00:00","BondSeason","US:Equity:TLT","ExecutionCost","-0.520434"
"2025-09-11T20:00:00.0000000+00:00","PaydaySeason","US:Equity:SCHB","ExecutionCost","-0.1627840"
"2025-09-17T20:00:00.0000000+00:00","PaydaySeason","US:Equity:SCHB","ExecutionCost","-0.163008"
"2025-09-19T20:00:00.0000000+00:00","BondSeason","US:Equity:TLT","ExecutionCost","-0.516316"
"2025-09-22T13:30:00.0000000+00:00","EqBondReversion","US:Equity:TLT","ExecutionCost","-0.550684"
"2025-09-23T20:00:00.0000000+00:00","PaydaySeason","US:Equity:SCHB","ExecutionCost","-0.1593710"
"2025-09-24T13:30:00.0000000+00:00","PaydaySeason","US:Equity:SCHB","Dividend","2.3033"
"2025-09-24T13:30:00.0000000+00:00","EqBondReversion","US:Equity:SCHB","Dividend","0.0000"
"2025-09-24T13:30:00.0000000+00:00","RiskPremia","US:Equity:SCHB","Dividend","3.1949"
"2025-09-30T20:00:00.0000000+00:00","PaydaySeason","US:Equity:SCHB","ExecutionCost","-0.15934"
"2025-09-30T20:00:00.0000000+00:00","BondSeason","US:Equity:TLT","ExecutionCost","-0.518404"
"2025-09-30T20:00:00.0000000+00:00","BondSeason","US:Equity:TLT","ExecutionCost","-0.518404"
"2025-09-30T20:00:00.0000000+00:00","EqBondReversion","US:Equity:TLT","ExecutionCost","-0.589908"
"2025-10-01T13:30:00.0000000+00:00","BondSeason","US:Equity:TLT","Borrow","0.00"
"2025-10-01T13:30:00.0000000+00:00","BondSeason","US:Equity:TLT","Dividend","-9.002963"
"2025-10-01T13:30:00.0000000+00:00","EqBondReversion","US:Equity:TLT","Dividend","0.000000"
"2025-10-01T13:30:00.0000000+00:00","RiskPremia","US:Equity:TLT","Dividend","3.414917"
"2025-10-01T20:00:00.0000000+00:00","BondSeason","US:Equity:TLT","Borrow","0.00"
"2025-10-02T13:30:00.0000000+00:00","BondSeason","US:Equity:TLT","Borrow","0.000"
"2025-10-02T20:00:00.0000000+00:00","BondSeason","US:Equity:TLT","Borrow","0.00"
"2025-10-03T13:30:00.0000000+00:00","BondSeason","US:Equity:TLT","Borrow","0.00"
"2025-10-03T20:00:00.0000000+00:00","BondSeason","US:Equity:TLT","Borrow","0.00"
"2025-10-06T13:30:00.0000000+00:00","BondSeason","US:Equity:TLT","Borrow","0.00"
"2025-10-06T20:00:00.0000000+00:00","BondSeason","US:Equity:TLT","Borrow","0.00"
"2025-10-07T13:30:00.0000000+00:00","BondSeason","US:Equity:TLT","Borrow","0.000"
"2025-10-07T13:30:00.0000000+00:00","RiskPremia","US:Equity:GLDM","ExecutionCost","-0.0315400"
"2025-10-07T20:00:00.0000000+00:00","BondSeason","US:Equity:TLT","Borrow","0.00"
"2025-10-08T13:30:00.0000000+00:00","BondSeason","US:Equity:TLT","Borrow","0.00"
"2025-10-08T20:00:00.0000000+00:00","BondSeason","US:Equity:TLT","Borrow","0.0"
"2025-10-09T13:30:00.0000000+00:00","BondSeason","US:Equity:TLT","Borrow","0.00"
"2025-10-09T20:00:00.0000000+00:00","BondSeason","US:Equity:TLT","Borrow","0.00"
"2025-10-09T20:00:00.0000000+00:00","BondSeason","US:Equity:TLT","ExecutionCost","-0.51736"
"2025-10-10T20:00:00.0000000+00:00","PaydaySeason","US:Equity:SCHB","ExecutionCost","-0.1562090"
"2025-10-13T13:30:00.0000000+00:00","RiskPremia","US:Equity:GLDM","ExecutionCost","-0.0162020"
"2025-10-16T20:00:00.0000000+00:00","PaydaySeason","US:Equity:SCHB","ExecutionCost","-0.158162"
"2025-10-20T13:30:00.0000000+00:00","RiskPremia","US:Equity:TLT","ExecutionCost","-0.018292"
"2025-10-21T13:30:00.0000000+00:00","RiskPremia","US:Equity:GLDM","ExecutionCost","-0.0332720"
"2025-10-21T13:30:00.0000000+00:00","EqBondReversion","US:Equity:SCHB","ExecutionCost","-0.601344"
"2025-10-22T20:00:00.0000000+00:00","PaydaySeason","US:Equity:SCHB","ExecutionCost","-0.1596190"
"2025-10-22T20:00:00.0000000+00:00","BondSeason","US:Equity:TLT","ExecutionCost","-0.5156200"
"2025-10-28T13:30:00.0000000+00:00","RiskPremia","US:Equity:TLT","ExecutionCost","-0.018370"
"2025-10-31T20:00:00.0000000+00:00","PaydaySeason","US:Equity:SCHB","ExecutionCost","-0.162936"
"2025-10-31T20:00:00.0000000+00:00","EqBondReversion","US:Equity:SCHB","ExecutionCost","-0.609696"
"2025-10-31T20:00:00.0000000+00:00","BondSeason","US:Equity:TLT","ExecutionCost","-0.50568"
"2025-10-31T20:00:00.0000000+00:00","BondSeason","US:Equity:TLT","ExecutionCost","-0.50568"
"2025-11-03T14:30:00.0000000+00:00","BondSeason","US:Equity:TLT","Borrow","0.0"
"2025-11-03T14:30:00.0000000+00:00","BondSeason","US:Equity:TLT","Dividend","-9.103500"
"2025-11-03T14:30:00.0000000+00:00","EqBondReversion","US:Equity:TLT","Dividend","0.000000"
"2025-11-03T14:30:00.0000000+00:00","RiskPremia","US:Equity:TLT","Dividend","4.226625"
"2025-11-03T21:00:00.0000000+00:00","BondSeason","US:Equity:TLT","Borrow","0.00"
"2025-11-04T14:30:00.0000000+00:00","BondSeason","US:Equity:TLT","Borrow","0.00"
"2025-11-04T21:00:00.0000000+00:00","BondSeason","US:Equity:TLT","Borrow","0.00"
"2025-11-05T14:30:00.0000000+00:00","BondSeason","US:Equity:TLT","Borrow","0.00"
"2025-11-05T21:00:00.0000000+00:00","BondSeason","US:Equity:TLT","Borrow","0.00"
"2025-11-06T14:30:00.0000000+00:00","BondSeason","US:Equity:TLT","Borrow","0.000"
"2025-11-06T21:00:00.0000000+00:00","BondSeason","US:Equity:TLT","Borrow","0.00"
"2025-11-07T14:30:00.0000000+00:00","BondSeason","US:Equity:TLT","Borrow","0.00"
"2025-11-07T21:00:00.0000000+00:00","BondSeason","US:Equity:TLT","Borrow","0.00"
"2025-11-10T14:30:00.0000000+00:00","BondSeason","US:Equity:TLT","Borrow","0.000"
"2025-11-10T21:00:00.0000000+00:00","BondSeason","US:Equity:TLT","Borrow","0.00"
"2025-11-11T14:30:00.0000000+00:00","BondSeason","US:Equity:TLT","Borrow","0.00"
"2025-11-11T21:00:00.0000000+00:00","BondSeason","US:Equity:TLT","Borrow","0.00"
"2025-11-11T21:00:00.0000000+00:00","BondSeason","US:Equity:TLT","ExecutionCost","-0.503720"
"2025-11-12T21:00:00.0000000+00:00","PaydaySeason","US:Equity:SCHB","ExecutionCost","-0.157740"
"2025-11-18T14:30:00.0000000+00:00","RiskPremia","US:Equity:TLT","ExecutionCost","-0.017868"
"2025-11-18T21:00:00.0000000+00:00","PaydaySeason","US:Equity:SCHB","ExecutionCost","-0.152280"
"2025-11-18T21:00:00.0000000+00:00","BondSeason","US:Equity:TLT","ExecutionCost","-0.516490"
"2025-11-21T14:30:00.0000000+00:00","EqBondReversion","US:Equity:SCHB","ExecutionCost","-0.603600"
"2025-11-24T21:00:00.0000000+00:00","PaydaySeason","US:Equity:SCHB","ExecutionCost","-0.159402"
"2025-11-28T18:00:00.0000000+00:00","PaydaySeason","US:Equity:SCHB","ExecutionCost","-0.1631530"
"2025-11-28T18:00:00.0000000+00:00","EqBondReversion","US:Equity:SCHB","ExecutionCost","-0.6315600"
"2025-11-28T18:00:00.0000000+00:00","BondSeason","US:Equity:TLT","ExecutionCost","-0.523102"
"2025-11-28T18:00:00.0000000+00:00","BondSeason","US:Equity:TLT","ExecutionCost","-0.505064"
"2025-12-01T14:30:00.0000000+00:00","BondSeason","US:Equity:TLT","Borrow","0.00"
"2025-12-01T14:30:00.0000000+00:00","BondSeason","US:Equity:TLT","Dividend","-8.978144"
"2025-12-01T14:30:00.0000000+00:00","EqBondReversion","US:Equity:TLT","Dividend","0.000000"
"2025-12-01T14:30:00.0000000+00:00","RiskPremia","US:Equity:TLT","Dividend","4.489072"
"2025-12-01T21:00:00.0000000+00:00","BondSeason","US:Equity:TLT","Borrow","0.000"
"2025-12-02T14:30:00.0000000+00:00","BondSeason","US:Equity:TLT","Borrow","0.00"
"2025-12-02T21:00:00.0000000+00:00","BondSeason","US:Equity:TLT","Borrow","0.000"
"2025-12-03T14:30:00.0000000+00:00","BondSeason","US:Equity:TLT","Borrow","0.000"
"2025-12-03T21:00:00.0000000+00:00","BondSeason","US:Equity:TLT","Borrow","0.00"
"2025-12-04T14:30:00.0000000+00:00","BondSeason","US:Equity:TLT","Borrow","0.000"
"2025-12-04T21:00:00.0000000+00:00","BondSeason","US:Equity:TLT","Borrow","0.00"
"2025-12-05T14:30:00.0000000+00:00","BondSeason","US:Equity:TLT","Borrow","0.000"
"2025-12-05T21:00:00.0000000+00:00","BondSeason","US:Equity:TLT","Borrow","0.00"
"2025-12-08T14:30:00.0000000+00:00","BondSeason","US:Equity:TLT","Borrow","0.00"
"2025-12-08T21:00:00.0000000+00:00","BondSeason","US:Equity:TLT","Borrow","0.000"
"2025-12-09T14:30:00.0000000+00:00","BondSeason","US:Equity:TLT","Borrow","0.00"
"2025-12-09T21:00:00.0000000+00:00","BondSeason","US:Equity:TLT","Borrow","0.00"
"2025-12-09T21:00:00.0000000+00:00","BondSeason","US:Equity:TLT","ExecutionCost","-0.4925480"
"2025-12-10T14:30:00.0000000+00:00","PaydaySeason","US:Equity:SCHB","Dividend","0.0000"
"2025-12-10T14:30:00.0000000+00:00","EqBondReversion","US:Equity:SCHB","Dividend","0.0000"
"2025-12-10T14:30:00.0000000+00:00","RiskPremia","US:Equity:SCHB","Dividend","3.5303"
"2025-12-10T21:00:00.0000000+00:00","PaydaySeason","US:Equity:SCHB","ExecutionCost","-0.158580"
"2025-12-12T14:30:00.0000000+00:00","RiskPremia","US:Equity:GLDM","ExecutionCost","-0.0171860"
"2025-12-16T21:00:00.0000000+00:00","PaydaySeason","US:Equity:SCHB","ExecutionCost","-0.1565100"
"2025-12-19T14:30:00.0000000+00:00","BondSeason","US:Equity:TLT","Dividend","0.000000"
"2025-12-19T14:30:00.0000000+00:00","EqBondReversion","US:Equity:TLT","Dividend","0.000000"
"2025-12-19T14:30:00.0000000+00:00","RiskPremia","US:Equity:TLT","Dividend","4.794118"
"2025-12-19T14:30:00.0000000+00:00","EqBondReversion","US:Equity:TLT","ExecutionCost","-0.595748"
"2025-12-19T21:00:00.0000000+00:00","BondSeason","US:Equity:TLT","ExecutionCost","-0.507384"
"2025-12-22T21:00:00.0000000+00:00","PaydaySeason","US:Equity:SCHB","ExecutionCost","-0.158460"
"2025-12-31T21:00:00.0000000+00:00","PaydaySeason","US:Equity:SCHB","ExecutionCost","-0.157380"
"2025-12-31T21:00:00.0000000+00:00","BondSeason","US:Equity:TLT","ExecutionCost","-0.505586"
"2025-12-31T21:00:00.0000000+00:00","BondSeason","US:Equity:TLT","ExecutionCost","-0.505586"
"2025-12-31T21:00:00.0000000+00:00","EqBondReversion","US:Equity:TLT","ExecutionCost","-0.592756"
"2026-01-02T14:30:00.0000000+00:00","BondSeason","US:Equity:TLT","Borrow","0.00"
"2026-01-02T21:00:00.0000000+00:00","BondSeason","US:Equity:TLT","Borrow","0.0"
"2026-01-05T14:30:00.0000000+00:00","BondSeason","US:Equity:TLT","Borrow","0.00"
"2026-01-05T21:00:00.0000000+00:00","BondSeason","US:Equity:TLT","Borrow","0.00"
"2026-01-06T14:30:00.0000000+00:00","BondSeason","US:Equity:TLT","Borrow","0.00"
"2026-01-06T21:00:00.0000000+00:00","BondSeason","US:Equity:TLT","Borrow","0.00"
"2026-01-07T14:30:00.0000000+00:00","BondSeason","US:Equity:TLT","Borrow","0.000"
"2026-01-07T21:00:00.0000000+00:00","BondSeason","US:Equity:TLT","Borrow","0.00"
"2026-01-08T14:30:00.0000000+00:00","BondSeason","US:Equity:TLT","Borrow","0.000"
"2026-01-08T21:00:00.0000000+00:00","BondSeason","US:Equity:TLT","Borrow","0.00"
"2026-01-09T14:30:00.0000000+00:00","BondSeason","US:Equity:TLT","Borrow","0.00"
"2026-01-09T21:00:00.0000000+00:00","BondSeason","US:Equity:TLT","Borrow","0.0"
"2026-01-12T14:30:00.0000000+00:00","BondSeason","US:Equity:TLT","Borrow","0.00"
"2026-01-12T21:00:00.0000000+00:00","BondSeason","US:Equity:TLT","Borrow","0.0"
"2026-01-12T21:00:00.0000000+00:00","BondSeason","US:Equity:TLT","ExecutionCost","-0.508428"
"2026-01-13T14:30:00.0000000+00:00","RiskPremia","US:Equity:GLDM","ExecutionCost","-0.0182860"
"2026-01-13T14:30:00.0000000+00:00","RiskPremia","US:Equity:TLT","ExecutionCost","-0.017576"
"2026-01-13T21:00:00.0000000+00:00","PaydaySeason","US:Equity:SCHB","ExecutionCost","-0.1607100"
"2026-01-16T14:30:00.0000000+00:00","RiskPremia","US:Equity:SCHB","ExecutionCost","-0.026810"
"2026-01-20T21:00:00.0000000+00:00","PaydaySeason","US:Equity:SCHB","ExecutionCost","-0.1572300"
"2026-01-21T21:00:00.0000000+00:00","BondSeason","US:Equity:TLT","ExecutionCost","-0.5240100"
"2026-01-23T14:30:00.0000000+00:00","EqBondReversion","US:Equity:TLT","ExecutionCost","-0.597244"
"2026-01-26T14:30:00.0000000+00:00","RiskPremia","US:Equity:GLDM","ExecutionCost","-0.020100"
"2026-01-26T21:00:00.0000000+00:00","PaydaySeason","US:Equity:SCHB","ExecutionCost","-0.160500"
"2026-01-29T14:30:00.0000000+00:00","RiskPremia","US:Equity:TLT","ExecutionCost","-0.017430"
"2026-01-30T21:00:00.0000000+00:00","PaydaySeason","US:Equity:SCHB","ExecutionCost","-0.159840"
"2026-01-30T21:00:00.0000000+00:00","BondSeason","US:Equity:TLT","ExecutionCost","-0.522960"
"2026-01-30T21:00:00.0000000+00:00","BondSeason","US:Equity:TLT","ExecutionCost","-0.505528"
"2026-01-30T21:00:00.0000000+00:00","EqBondReversion","US:Equity:TLT","ExecutionCost","-0.592688"
"2026-02-02T14:30:00.0000000+00:00","BondSeason","US:Equity:TLT","Borrow","0.00"
"2026-02-02T14:30:00.0000000+00:00","BondSeason","US:Equity:TLT","Dividend","-9.624665"
"2026-02-02T14:30:00.0000000+00:00","EqBondReversion","US:Equity:TLT","Dividend","0.000000"
"2026-02-02T14:30:00.0000000+00:00","RiskPremia","US:Equity:TLT","Dividend","5.310160"
"2026-02-02T14:30:00.0000000+00:00","RiskPremia","US:Equity:GLDM","ExecutionCost","-0.01869100"
"2026-02-02T21:00:00.0000000+00:00","BondSeason","US:Equity:TLT","Borrow","0.00"
"2026-02-03T14:30:00.0000000+00:00","BondSeason","US:Equity:TLT","Borrow","0.000"
"2026-02-03T21:00:00.0000000+00:00","BondSeason","US:Equity:TLT","Borrow","0.000"
"2026-02-04T14:30:00.0000000+00:00","BondSeason","US:Equity:TLT","Borrow","0.000"
"2026-02-04T21:00:00.0000000+00:00","BondSeason","US:Equity:TLT","Borrow","0.00"
"2026-02-05T14:30:00.0000000+00:00","BondSeason","US:Equity:TLT","Borrow","0.00"
"2026-02-05T21:00:00.0000000+00:00","BondSeason","US:Equity:TLT","Borrow","0.00"
"2026-02-06T14:30:00.0000000+00:00","BondSeason","US:Equity:TLT","Borrow","0.00"
"2026-02-06T21:00:00.0000000+00:00","BondSeason","US:Equity:TLT","Borrow","0.00"
"2026-02-09T14:30:00.0000000+00:00","BondSeason","US:Equity:TLT","Borrow","0.000"
"2026-02-09T21:00:00.0000000+00:00","BondSeason","US:Equity:TLT","Borrow","0.0"
"2026-02-10T14:30:00.0000000+00:00","BondSeason","US:Equity:TLT","Borrow","0.000"
"2026-02-10T21:00:00.0000000+00:00","BondSeason","US:Equity:TLT","Borrow","0.00"
"2026-02-10T21:00:00.0000000+00:00","BondSeason","US:Equity:TLT","ExecutionCost","-0.5133870"
"2026-02-11T21:00:00.0000000+00:00","PaydaySeason","US:Equity:SCHB","ExecutionCost","-0.160260"
"2026-02-18T21:00:00.0000000+00:00","PaydaySeason","US:Equity:SCHB","ExecutionCost","-0.1590300"
"2026-02-18T21:00:00.0000000+00:00","BondSeason","US:Equity:TLT","ExecutionCost","-0.5191870"
"2026-02-23T14:30:00.0000000+00:00","EqBondReversion","US:Equity:SCHB","ExecutionCost","-0.599804"
"2026-02-24T21:00:00.0000000+00:00","PaydaySeason","US:Equity:SCHB","ExecutionCost","-0.1591500"
"2026-02-27T21:00:00.0000000+00:00","PaydaySeason","US:Equity:SCHB","ExecutionCost","-0.158940"
"2026-02-27T21:00:00.0000000+00:00","EqBondReversion","US:Equity:SCHB","ExecutionCost","-0.598674"
"2026-02-27T21:00:00.0000000+00:00","BondSeason","US:Equity:TLT","ExecutionCost","-0.526524"
"2026-02-27T21:00:00.0000000+00:00","BondSeason","US:Equity:TLT","ExecutionCost","-0.508368"
"2026-03-02T14:30:00.0000000+00:00","BondSeason","US:Equity:TLT","Borrow","0.00"
"2026-03-02T14:30:00.0000000+00:00","BondSeason","US:Equity:TLT","Dividend","-8.417724"
"2026-03-02T14:30:00.0000000+00:00","EqBondReversion","US:Equity:TLT","Dividend","0.000000"
"2026-03-02T14:30:00.0000000+00:00","RiskPremia","US:Equity:TLT","Dividend","4.810128"
"2026-03-02T21:00:00.0000000+00:00","BondSeason","US:Equity:TLT","Borrow","0.000"
"2026-03-03T14:30:00.0000000+00:00","BondSeason","US:Equity:TLT","Borrow","0.00"
"2026-03-03T21:00:00.0000000+00:00","BondSeason","US:Equity:TLT","Borrow","0.000"
"2026-03-04T14:30:00.0000000+00:00","BondSeason","US:Equity:TLT","Borrow","0.00"
"2026-03-04T21:00:00.0000000+00:00","BondSeason","US:Equity:TLT","Borrow","0.00"
"2026-03-05T14:30:00.0000000+00:00","BondSeason","US:Equity:TLT","Borrow","0.000"
"2026-03-05T21:00:00.0000000+00:00","BondSeason","US:Equity:TLT","Borrow","0.00"
"2026-03-06T14:30:00.0000000+00:00","BondSeason","US:Equity:TLT","Borrow","0.00"
"2026-03-06T21:00:00.0000000+00:00","BondSeason","US:Equity:TLT","Borrow","0.00"
"2026-03-09T13:30:00.0000000+00:00","BondSeason","US:Equity:TLT","Borrow","0.000"
"2026-03-09T20:00:00.0000000+00:00","BondSeason","US:Equity:TLT","Borrow","0.000"
"2026-03-10T13:30:00.0000000+00:00","BondSeason","US:Equity:TLT","Borrow","0.000"
"2026-03-10T20:00:00.0000000+00:00","BondSeason","US:Equity:TLT","Borrow","0.0"
"2026-03-10T20:00:00.0000000+00:00","BondSeason","US:Equity:TLT","ExecutionCost","-0.494424"
"2026-03-11T20:00:00.0000000+00:00","PaydaySeason","US:Equity:SCHB","ExecutionCost","-0.16157138"
"2026-03-12T13:30:00.0000000+00:00","RiskPremia","US:Equity:SCHB","ExecutionCost","-0.020680"
"2026-03-17T20:00:00.0000000+00:00","PaydaySeason","US:Equity:SCHB","ExecutionCost","-0.160270"
"2026-03-20T13:30:00.0000000+00:00","EqBondReversion","US:Equity:SCHB","ExecutionCost","-0.599204"
"2026-03-20T20:00:00.0000000+00:00","BondSeason","US:Equity:TLT","ExecutionCost","-0.497988"
"2026-03-23T20:00:00.0000000+00:00","PaydaySeason","US:Equity:SCHB","ExecutionCost","-0.162304"
"2026-03-25T13:30:00.0000000+00:00","PaydaySeason","US:Equity:SCHB","Dividend","2.2144"
"2026-03-25T13:30:00.0000000+00:00","EqBondReversion","US:Equity:SCHB","Dividend","8.1656"
"2026-03-25T13:30:00.0000000+00:00","RiskPremia","US:Equity:SCHB","Dividend","2.9064"
"2026-03-31T20:00:00.0000000+00:00","PaydaySeason","US:Equity:SCHB","ExecutionCost","-0.160768"
"2026-03-31T20:00:00.0000000+00:00","EqBondReversion","US:Equity:SCHB","ExecutionCost","-0.592832"
"2026-03-31T20:00:00.0000000+00:00","BondSeason","US:Equity:TLT","ExecutionCost","-0.502744"
"2026-03-31T20:00:00.0000000+00:00","BondSeason","US:Equity:TLT","ExecutionCost","-0.520080"
"2026-04-01T13:30:00.0000000+00:00","BondSeason","US:Equity:TLT","Borrow","0.00"
"2026-04-01T13:30:00.0000000+00:00","BondSeason","US:Equity:TLT","Dividend","-10.343370"
"2026-04-01T13:30:00.0000000+00:00","EqBondReversion","US:Equity:TLT","Dividend","0.000000"
"2026-04-01T13:30:00.0000000+00:00","RiskPremia","US:Equity:TLT","Dividend","5.516464"
"2026-04-01T20:00:00.0000000+00:00","BondSeason","US:Equity:TLT","Borrow","0.00"
"2026-04-02T13:30:00.0000000+00:00","BondSeason","US:Equity:TLT","Borrow","0.00"
"2026-04-02T20:00:00.0000000+00:00","BondSeason","US:Equity:TLT","Borrow","0.000"
"2026-04-06T13:30:00.0000000+00:00","BondSeason","US:Equity:TLT","Borrow","0.000"
"2026-04-06T20:00:00.0000000+00:00","BondSeason","US:Equity:TLT","Borrow","0.0"
"2026-04-07T13:30:00.0000000+00:00","BondSeason","US:Equity:TLT","Borrow","0.00"
"2026-04-07T20:00:00.0000000+00:00","BondSeason","US:Equity:TLT","Borrow","0.00"
"2026-04-08T13:30:00.0000000+00:00","BondSeason","US:Equity:TLT","Borrow","0.00"
"2026-04-08T20:00:00.0000000+00:00","BondSeason","US:Equity:TLT","Borrow","0.00"
"2026-04-09T13:30:00.0000000+00:00","BondSeason","US:Equity:TLT","Borrow","0.00"
"2026-04-09T20:00:00.0000000+00:00","BondSeason","US:Equity:TLT","Borrow","0.00"
"2026-04-10T13:30:00.0000000+00:00","BondSeason","US:Equity:TLT","Borrow","0.00"
"2026-04-10T20:00:00.0000000+00:00","BondSeason","US:Equity:TLT","Borrow","0.0"
"2026-04-10T20:00:00.0000000+00:00","BondSeason","US:Equity:TLT","ExecutionCost","-0.51900"
"2026-04-13T20:00:00.0000000+00:00","PaydaySeason","US:Equity:SCHB","ExecutionCost","-0.15900"
"2026-04-17T13:30:00.0000000+00:00","RiskPremia","US:Equity:TLT","ExecutionCost","-0.017410"
"2026-04-17T20:00:00.0000000+00:00","PaydaySeason","US:Equity:SCHB","ExecutionCost","-0.164640"
"2026-04-21T20:00:00.0000000+00:00","BondSeason","US:Equity:TLT","ExecutionCost","-0.501990"
"2026-04-22T13:30:00.0000000+00:00","EqBondReversion","US:Equity:TLT","ExecutionCost","-0.591940"
"2026-04-23T13:30:00.0000000+00:00","RiskPremia","US:Equity:SCHB","ExecutionCost","-0.021952"
"2026-04-23T20:00:00.0000000+00:00","PaydaySeason","US:Equity:SCHB","ExecutionCost","-0.1587750"
"2026-04-30T20:00:00.0000000+00:00","PaydaySeason","US:Equity:SCHB","ExecutionCost","-0.160834"
"2026-04-30T20:00:00.0000000+00:00","BondSeason","US:Equity:TLT","ExecutionCost","-0.49652350"
"2026-04-30T20:00:00.0000000+00:00","BondSeason","US:Equity:TLT","ExecutionCost","-0.51364500"
"2026-04-30T20:00:00.0000000+00:00","EqBondReversion","US:Equity:TLT","ExecutionCost","-0.58213100"
"2026-05-01T13:30:00.0000000+00:00","BondSeason","US:Equity:TLT","Borrow","0.0000"
"2026-05-01T13:30:00.0000000+00:00","BondSeason","US:Equity:TLT","Dividend","-9.460380"
"2026-05-01T13:30:00.0000000+00:00","EqBondReversion","US:Equity:TLT","Dividend","0.000000"
"2026-05-01T13:30:00.0000000+00:00","RiskPremia","US:Equity:TLT","Dividend","5.360882"
"2026-05-01T20:00:00.0000000+00:00","BondSeason","US:Equity:TLT","Borrow","0.0"
"2026-05-04T13:30:00.0000000+00:00","BondSeason","US:Equity:TLT","Borrow","0.0"
"2026-05-04T20:00:00.0000000+00:00","BondSeason","US:Equity:TLT","Borrow","0.00"
"2026-05-05T13:30:00.0000000+00:00","BondSeason","US:Equity:TLT","Borrow","0.00"
"2026-05-05T20:00:00.0000000+00:00","BondSeason","US:Equity:TLT","Borrow","0.000"
"2026-05-06T13:30:00.0000000+00:00","BondSeason","US:Equity:TLT","Borrow","0.00"
"2026-05-06T20:00:00.0000000+00:00","BondSeason","US:Equity:TLT","Borrow","0.000"
"2026-05-07T13:30:00.0000000+00:00","BondSeason","US:Equity:TLT","Borrow","0.00"
"2026-05-07T20:00:00.0000000+00:00","BondSeason","US:Equity:TLT","Borrow","0.00"
"2026-05-08T13:30:00.0000000+00:00","BondSeason","US:Equity:TLT","Borrow","0.00"
"2026-05-08T20:00:00.0000000+00:00","BondSeason","US:Equity:TLT","Borrow","0.00"
"2026-05-11T13:30:00.0000000+00:00","BondSeason","US:Equity:TLT","Borrow","0.000"
"2026-05-11T20:00:00.0000000+00:00","BondSeason","US:Equity:TLT","Borrow","0.00"
"2026-05-11T20:00:00.0000000+00:00","BondSeason","US:Equity:TLT","ExecutionCost","-0.5133300"
"2026-05-12T20:00:00.0000000+00:00","PaydaySeason","US:Equity:SCHB","ExecutionCost","-0.159152"
"2026-05-18T20:00:00.0000000+00:00","PaydaySeason","US:Equity:SCHB","ExecutionCost","-0.158984"
"2026-05-19T20:00:00.0000000+00:00","BondSeason","US:Equity:TLT","ExecutionCost","-0.5146930"
"2026-05-21T13:30:00.0000000+00:00","EqBondReversion","US:Equity:TLT","ExecutionCost","-0.585340"
"2026-05-22T20:00:00.0000000+00:00","PaydaySeason","US:Equity:SCHB","ExecutionCost","-0.160832"
"2026-05-29T20:00:00.0000000+00:00","PaydaySeason","US:Equity:SCHB","ExecutionCost","-0.163408"
"2026-05-29T20:00:00.0000000+00:00","BondSeason","US:Equity:TLT","ExecutionCost","-0.531588"
"2026-05-29T20:00:00.0000000+00:00","BondSeason","US:Equity:TLT","ExecutionCost","-0.514440"
"2026-05-29T20:00:00.0000000+00:00","EqBondReversion","US:Equity:TLT","ExecutionCost","-0.600180"
"2026-06-01T13:30:00.0000000+00:00","BondSeason","US:Equity:TLT","Borrow","0.00"
"2026-06-01T13:30:00.0000000+00:00","BondSeason","US:Equity:TLT","Dividend","-10.073310"
"2026-06-01T13:30:00.0000000+00:00","EqBondReversion","US:Equity:TLT","Dividend","0.000000"
"2026-06-01T13:30:00.0000000+00:00","RiskPremia","US:Equity:TLT","Dividend","5.708209"
"2026-06-01T20:00:00.0000000+00:00","BondSeason","US:Equity:TLT","Borrow","0.00"
"2026-06-02T13:30:00.0000000+00:00","BondSeason","US:Equity:TLT","Borrow","0.00"
"2026-06-02T20:00:00.0000000+00:00","BondSeason","US:Equity:TLT","Borrow","0.0"
"2026-06-03T13:30:00.0000000+00:00","BondSeason","US:Equity:TLT","Borrow","0.00"
"2026-06-03T20:00:00.0000000+00:00","BondSeason","US:Equity:TLT","Borrow","0.000"
"2026-06-04T13:30:00.0000000+00:00","BondSeason","US:Equity:TLT","Borrow","0.00"
"2026-06-04T20:00:00.0000000+00:00","BondSeason","US:Equity:TLT","Borrow","0.000"
"2026-06-05T13:30:00.0000000+00:00","BondSeason","US:Equity:TLT","Borrow","0.0"
"2026-06-05T20:00:00.0000000+00:00","BondSeason","US:Equity:TLT","Borrow","0.00"
"2026-06-08T13:30:00.0000000+00:00","BondSeason","US:Equity:TLT","Borrow","0.00"
"2026-06-08T20:00:00.0000000+00:00","BondSeason","US:Equity:TLT","Borrow","0.00"
"2026-06-09T13:30:00.0000000+00:00","BondSeason","US:Equity:TLT","Borrow","0.00"
"2026-06-09T13:30:00.0000000+00:00","RiskPremia","US:Equity:GLDM","ExecutionCost","-0.0171380"
"2026-06-09T20:00:00.0000000+00:00","BondSeason","US:Equity:TLT","Borrow","0.00"
"2026-06-09T20:00:00.0000000+00:00","BondSeason","US:Equity:TLT","ExecutionCost","-0.510840"
"2026-06-10T20:00:00.0000000+00:00","PaydaySeason","US:Equity:SCHB","ExecutionCost","-0.156912"
"2026-06-15T13:30:00.0000000+00:00","RiskPremia","US:Equity:GLDM","ExecutionCost","-0.0172280"
"2026-06-15T13:30:00.0000000+00:00","RiskPremia","US:Equity:SCHB","ExecutionCost","-0.02328"
"2026-06-16T20:00:00.0000000+00:00","PaydaySeason","US:Equity:SCHB","ExecutionCost","-0.162344"
"2026-06-18T20:00:00.0000000+00:00","BondSeason","US:Equity:TLT","ExecutionCost","-0.520380"
"2026-06-22T13:30:00.0000000+00:00","EqBondReversion","US:Equity:SCHB","ExecutionCost","-0.603616"
"2026-06-23T20:00:00.0000000+00:00","PaydaySeason","US:Equity:SCHB","ExecutionCost","-0.159488"
"2026-06-24T13:30:00.0000000+00:00","PaydaySeason","US:Equity:SCHB","Dividend","2.1084"
"2026-06-24T13:30:00.0000000+00:00","EqBondReversion","US:Equity:SCHB","Dividend","7.8312"
"2026-06-24T13:30:00.0000000+00:00","RiskPremia","US:Equity:SCHB","Dividend","2.5602"
"2026-06-30T20:00:00.0000000+00:00","PaydaySeason","US:Equity:SCHB","ExecutionCost","-0.162120"
"2026-06-30T20:00:00.0000000+00:00","EqBondReversion","US:Equity:SCHB","ExecutionCost","-0.602160"
"2026-06-30T20:00:00.0000000+00:00","BondSeason","US:Equity:TLT","ExecutionCost","-0.518700"
"2026-06-30T20:00:00.0000000+00:00","BondSeason","US:Equity:TLT","ExecutionCost","-0.501410"
"2026-07-01T13:30:00.0000000+00:00","BondSeason","US:Equity:TLT","Borrow","0.00"
"2026-07-01T13:30:00.0000000+00:00","BondSeason","US:Equity:TLT","Dividend","-9.22287"
"2026-07-01T13:30:00.0000000+00:00","EqBondReversion","US:Equity:TLT","Dividend","0.00000"
"2026-07-01T13:30:00.0000000+00:00","RiskPremia","US:Equity:TLT","Dividend","5.40651"
"2026-07-01T20:00:00.0000000+00:00","BondSeason","US:Equity:TLT","Borrow","0.00"
"2026-07-02T13:30:00.0000000+00:00","BondSeason","US:Equity:TLT","Borrow","0.00"
"2026-07-02T20:00:00.0000000+00:00","BondSeason","US:Equity:TLT","Borrow","0.00"
"2026-07-06T13:30:00.0000000+00:00","BondSeason","US:Equity:TLT","Borrow","0.00"
"2026-07-06T20:00:00.0000000+00:00","BondSeason","US:Equity:TLT","Borrow","0.00"
"2026-07-07T13:30:00.0000000+00:00","BondSeason","US:Equity:TLT","Borrow","0.000"
"2026-07-07T20:00:00.0000000+00:00","BondSeason","US:Equity:TLT","Borrow","0.000"
"2026-07-08T13:30:00.0000000+00:00","BondSeason","US:Equity:TLT","Borrow","0.00"
"2026-07-08T20:00:00.0000000+00:00","BondSeason","US:Equity:TLT","Borrow","0.00"
"2026-07-09T13:30:00.0000000+00:00","BondSeason","US:Equity:TLT","Borrow","0.000"
"2026-07-09T20:00:00.0000000+00:00","BondSeason","US:Equity:TLT","Borrow","0.00"
"2026-07-10T13:30:00.0000000+00:00","BondSeason","US:Equity:TLT","Borrow","0.00"
"2026-07-10T20:00:00.0000000+00:00","BondSeason","US:Equity:TLT","Borrow","0.00"
"2026-07-10T20:00:00.0000000+00:00","BondSeason","US:Equity:TLT","ExecutionCost","-0.4900710"
"2026-07-13T20:00:00.0000000+00:00","PaydaySeason","US:Equity:SCHB","ExecutionCost","-0.156384"
"2026-07-17T20:00:00.0000000+00:00","PaydaySeason","US:Equity:SCHB","ExecutionCost","-0.155196"
"2026-07-22T13:30:00.0000000+00:00","EqBondReversion","US:Equity:TLT","ExecutionCost","-0.6019560"
"2026-07-22T20:00:00.0000000+00:00","BondSeason","US:Equity:TLT","ExecutionCost","-0.517204"
"2026-07-23T20:00:00.0000000+00:00","PaydaySeason","US:Equity:SCHB","ExecutionCost","-0.159880"
"2026-07-31T20:00:00.0000000+00:00","PaydaySeason","US:Equity:SCHB","ExecutionCost","-0.161448"
"2026-07-31T20:00:00.0000000+00:00","BondSeason","US:Equity:TLT","ExecutionCost","-0.5098570"
"2026-07-31T20:00:00.0000000+00:00","BondSeason","US:Equity:TLT","ExecutionCost","-0.5098570"
"2026-07-31T20:00:00.0000000+00:00","EqBondReversion","US:Equity:TLT","ExecutionCost","-0.5920920"
"2026-08-03T13:30:00.0000000+00:00","BondSeason","US:Equity:TLT","Borrow","0.000"
"2026-08-03T13:30:00.0000000+00:00","BondSeason","US:Equity:TLT","Dividend","-10.244074"
"2026-08-03T13:30:00.0000000+00:00","EqBondReversion","US:Equity:TLT","Dividend","0.000000"
"2026-08-03T13:30:00.0000000+00:00","RiskPremia","US:Equity:TLT","Dividend","5.617718"
"2026-08-03T20:00:00.0000000+00:00","BondSeason","US:Equity:TLT","Borrow","0.00"
"2026-08-04T13:30:00.0000000+00:00","BondSeason","US:Equity:TLT","Borrow","0.0"
"2026-08-04T20:00:00.0000000+00:00","BondSeason","US:Equity:TLT","Borrow","0.00"
"2026-08-05T13:30:00.0000000+00:00","BondSeason","US:Equity:TLT","Borrow","0.00"
"2026-08-05T13:30:00.0000000+00:00","RiskPremia","US:Equity:SCHB","ExecutionCost","-0.023968"
"2026-08-05T20:00:00.0000000+00:00","BondSeason","US:Equity:TLT","Borrow","0.000"
"2026-08-06T13:30:00.0000000+00:00","BondSeason","US:Equity:TLT","Borrow","0.00"
"2026-08-06T20:00:00.0000000+00:00","BondSeason","US:Equity:TLT","Borrow","0.00"
"2026-08-07T13:30:00.0000000+00:00","BondSeason","US:Equity:TLT","Borrow","0.00"
"2026-08-07T20:00:00.0000000+00:00","BondSeason","US:Equity:TLT","Borrow","0.000"
"2026-08-10T13:30:00.0000000+00:00","BondSeason","US:Equity:TLT","Borrow","0.000"
"2026-08-10T20:00:00.0000000+00:00","BondSeason","US:Equity:TLT","Borrow","0.0"
"2026-08-11T13:30:00.0000000+00:00","BondSeason","US:Equity:TLT","Borrow","0.000"
"2026-08-11T20:00:00.0000000+00:00","BondSeason","US:Equity:TLT","Borrow","0.00"
"2026-08-11T20:00:00.0000000+00:00","BondSeason","US:Equity:TLT","ExecutionCost","-0.509578"
"2026-08-12T20:00:00.0000000+00:00","PaydaySeason","US:Equity:SCHB","ExecutionCost","-0.16146"
"2026-08-18T13:30:00.0000000+00:00","RiskPremia","US:Equity:SCHB","ExecutionCost","-0.017850"
"2026-08-18T20:00:00.0000000+00:00","PaydaySeason","US:Equity:SCHB","ExecutionCost","-0.1602450"
"2026-08-20T20:00:00.0000000+00:00","BondSeason","US:Equity:TLT","ExecutionCost","-0.5105638"
"2026-08-21T13:30:00.0000000+00:00","EqBondReversion","US:Equity:TLT","ExecutionCost","-0.591624"
"2026-08-24T20:00:00.0000000+00:00","PaydaySeason","US:Equity:SCHB","ExecutionCost","-0.1593810"
"2026-08-31T20:00:00.0000000+00:00","PaydaySeason","US:Equity:SCHB","ExecutionCost","-0.159894"
"2026-08-31T20:00:00.0000000+00:00","BondSeason","US:Equity:TLT","ExecutionCost","-0.511686"
"2026-08-31T20:00:00.0000000+00:00","BondSeason","US:Equity:TLT","ExecutionCost","-0.511686"
"2026-08-31T20:00:00.0000000+00:00","EqBondReversion","US:Equity:TLT","ExecutionCost","-0.594216"
"2026-09-01T13:30:00.0000000+00:00","BondSeason","US:Equity:TLT","Borrow","0.00"
"2026-09-01T13:30:00.0000000+00:00","BondSeason","US:Equity:TLT","Dividend","-9.755266"
"2026-09-01T13:30:00.0000000+00:00","EqBondReversion","US:Equity:TLT","Dividend","0.000000"
"2026-09-01T13:30:00.0000000+00:00","RiskPremia","US:Equity:TLT","Dividend","5.349662"
"2026-09-01T20:00:00.0000000+00:00","BondSeason","US:Equity:TLT","Borrow","0.00"
"2026-09-01T20:00:00.0000000+00:00","BondSeason","US:Equity:TLT","ExecutionCost","-0.507594"
"2026-09-11T20:00:00.0000000+00:00","BondSeason","US:Equity:TLT","ExecutionCost","-0.5175360"
