"time","cash","equity","grossExposure","return","drawdown"
"2020-11-02T14:29:59.9999999+00:00","17000.000000000000000000000000","17000.000000000000000000000000","0","0.000000000000000000000000","0.000000000000000000000000"
"2020-11-02T14:30:00.0000000+00:00","17000.000000000000000000000000","17000.000000000000000000000000","0","0","0.000000000000000000000000"
"2020-11-02T21:00:00.0000000+00:00","17000.000000000000000000000000","17000.000000000000000000000000","0","0","0.000000000000000000000000"
"2020-11-03T14:30:00.0000000+00:00","15214.215268000000000000000000","16999.435268000000000000000000","2823.66","-0.0000332195294117647058823529","0.0000332195294117647058823529"
"2020-11-03T21:00:00.0000000+00:00","16079.242228000000000000000000","17011.582228000000000000000000","3661.66","0.0007145507958647088393383681","0"
"2020-11-04T14:30:00.0000000+00:00","16115.235028000000000000000000","17044.495428000000000000000000","3628.5596","0.001934752426839340790329218","0"
"2020-11-04T21:00:00.0000000+00:00","16222.703530000000000000000000","17088.873530000000000000000000","3735.63","0.0026036618207598840983419929","0"
"2020-11-05T14:30:00.0000000+00:00","16275.507458000000000000000000","17092.367458000000000000000000","3814.46","0.0002044563085955496564553252","0"
"2020-11-05T21:00:00.0000000+00:00","14994.191246000000000000000000","17173.231246000000000000000000","5051.90","0.004730988155894816943737157","0"
"2020-11-06T14:30:00.0000000+00:00","14994.191246000000000000000000","17192.717946000000000000000000","5053.3933","0.0011347136552731655914254728","0"
"2020-11-06T21:00:00.0000000+00:00","16342.311568000000000000000000","17256.141568000000000000000000","3766.310","0.0036889817072091226174530764","0"
"2020-11-09T14:30:00.0000000+00:00","16394.861056000000000000000000","17264.394956000000000000000000","3699.1061","0.0004782869894452641523437924","0"
"2020-11-09T21:00:00.0000000+00:00","16426.504726000000000000000000","17214.704726000000000000000000","3736.52","-0.0028781912211021824818359421","0.0028781912211021824818359421"
"2020-11-10T14:30:00.0000000+00:00","16345.312894000000000000000000","17230.542894000000000000000000","3816.85","0.0009200371573076727775644335","0.0019608021066637604557359502"
"2020-11-10T21:00:00.0000000+00:00","16378.696216000000000000000000","17207.426216000000000000000000","3897.17","-0.0013416105425238611172920829","0.0032997820164095184755688695"
"2020-11-11T14:30:00.0000000+00:00","16418.228308000000000000000000","17197.358308000000000000000000","3932.85","-0.0005850908714423860819418666","0.0038829422155163535984156733"
"2020-11-11T21:00:00.0000000+00:00","15649.204534000000000000000000","17182.902534000000000000000000","4745.9620","-0.0008405810788553118282798996","0.004720259366615013855455729"
"2020-11-12T14:30:00.0000000+00:00","15675.799214000000000000000000","17188.359214000000000000000000","4754.50","0.0003175645086272710158643329","0.0044041938448340952099798568"
"2020-11-12T21:00:00.0000000+00:00","14358.105728000000000000000000","17197.615728000000000000000000","5974.57","0.0005385338928954036229045265","0.0038680317595950160675876975"
"2020-11-13T14:30:00.0000000+00:00","13551.064352000000000000000000","17162.504352000000000000000000","6723.16","-0.002041642083142608057697613","0.0059017767063183027889483137"
"2020-11-13T21:00:00.0000000+00:00","14810.412432000000000000000000","17221.548532000000000000000000","5400.2639","0.0034403009484521644478473604","0.0024817796458664380893812541"
"2020-11-16T14:30:00.0000000+00:00","14838.671256000000000000000000","17377.031256000000000000000000","5335.46","0.009028382303199492560010863","0"
"2020-11-16T21:00:00.0000000+00:00","14838.671256000000000000000000","17454.194656000000000000000000","5313.6166","0.0044405398634106019012618389","0"
"2020-11-17T14:30:00.0000000+00:00","14838.671256000000000000000000","17439.231256000000000000000000","5340.78","-0.0008572953547791577923834517","0.0008572953547791577923834517"
"2020-11-17T21:00:00.0000000+00:00","15786.391674000000000000000000","17470.551674000000000000000000","4679.74","0.0017959746929340220683406482","0"
"2020-11-18T14:30:00.0000000+00:00","15850.878774000000000000000000","17456.748774000000000000000000","4683.33","-0.0007900666365643010890532912","0.0007900666365643010890532912"
"2020-11-18T21:00:00.0000000+00:00","13301.889078000000000000000000","17477.959078000000000000000000","7268.99","0.0012150202924149614619412406","0"
"2020-11-19T14:30:00.0000000+00:00","13331.675078000000000000000000","17608.685078000000000000000000","7130.63","0.007479477404461285350996632","0"
"2020-11-19T21:00:00.0000000+00:00","10926.824203999999999999999999","17579.014204000000000000000000","9575.21","-0.0016850136093960984858951318","0.0016850136093960984858951318"
"2020-11-20T14:30:00.0000000+00:00","8036.796314000000000000000000","17561.646314000000000000000000","12493.710","-0.0009879899861533782739299731","0.002671338818976861254534613"
"2020-11-20T21:00:00.0000000+00:00","9366.357348600000000000000000","17605.463048600000000000000000","11375.4297","0.0024950243170009442430227501","0.0001829795572882128637953031"
"2020-11-23T14:30:00.0000000+00:00","9366.357348600000000000000000","17598.567348600000000000000000","11376.37","-0.0003916795588371844262495588","0.0005745874467731224195160769"
"2020-11-23T21:00:00.0000000+00:00","8588.421792600000000000000000","17575.898392600000000000000000","12169.2234","-0.0012881137169272679007986508","0.0018619610297286276448904074"
"2020-11-24T14:30:00.0000000+00:00","8732.566938600000000000000000","17555.976938600000000000000000","12074.33","-0.0011334529567141530517543691","0.0029933035412083482546112237"
"2020-11-24T21:00:00.0000000+00:00","9976.418118600000000000000000","17560.684018600000000000000000","10841.2259","0.0002681183745263774380610988","0.0027259877263619036483287375"
"2020-11-25T14:30:00.0000000+00:00","9976.418118600000000000000000","17547.903118600000000000000000","10851.725","-0.0007278133349738923591749389","0.003451817051117574652100891"
"2020-11-25T21:00:00.0000000+00:00","11064.744198599999999999999999","17517.664198600000000000000000","11917.400","-0.0017232212758200200153685387","0.0051690900823548705412312219"
"2020-11-27T14:30:00.0000000+00:00","11109.495246599999999999999999","17612.515246600000000000000000","11930.26","0.0054145944872935988967188353","0"
"2020-11-27T18:00:00.0000000+00:00","9915.626520600000000000000000","17666.136520600000000000000000","10736.15","0.0030444983722782749309895493","0"
"2020-11-30T14:30:00.0000000+00:00","9915.626520600000000000000000","17560.596520600000000000000000","10838.65","-0.0059741415377908284769286671","0.0059741415377908284769286671"
"2020-11-30T21:00:00.0000000+00:00","18762.506790600000000000000001","17597.581590600000000000000000","5887.7052","0.0021061397291722705193443302","0.0038805841854589975447967727"
"2020-12-01T14:30:00.0000000+00:00","18760.550755800000000000000001","17645.520755800000000000000000","5839.69","0.0027241905345452349557353499","0.0011669651016202959207646734"
"2020-12-01T21:00:00.0000000+00:00","18703.239295800000000000000001","17660.219295800000000000000000","5770.220","0.0008329898677072853612040747","0.0003349473040186282686775491"
"2020-12-02T14:30:00.0000000+00:00","18703.239295800000000000000001","17671.239295800000000000000000","5765.76","0.0006240013113891969341419575","0"
"2020-12-02T21:00:00.0000000+00:00","18703.239295800000000000000001","17762.972695800000000000000000","5659.8066","0.0051911129980455119857830882","0"
"2020-12-03T14:30:00.0000000+00:00","18703.239295800000000000000001","17866.274295800000000000000000","5544.835","0.0058155581145730941804131127","0"
"2020-12-03T21:00:00.0000000+00:00","17542.052631800000000000000001","17899.897631800000000000000000","6863.565","0.0018819444638160607859931634","0"
"2020-12-04T14:30:00.0000000+00:00","17542.052631800000000000000001","17911.676031800000000000000000","6837.4166","0.0006580149363019330918182754","0"
"2020-12-04T21:00:00.0000000+00:00","18965.007983800000000000000001","17900.367983800000000000000000","5785.9200","-0.0006313227182048144216703619","0.0006313227182048144216703619"
"2020-12-07T14:30:00.0000000+00:00","18965.007983800000000000000001","18032.237983800000000000000000","5698.11","0.0073668876594796028821066453","0"
"2020-12-07T21:00:00.0000000+00:00","18965.007983800000000000000001","18004.037983800000000000000000","5695.99","-0.0015638657844541884212130437","0.0015638657844541884212130437"
"2020-12-08T14:30:00.0000000+00:00","18965.007983800000000000000001","17990.077983800000000000000000","5734.19","-0.0007753816123117037477620077","0.0023380348039925029729908483"
"2020-12-08T21:00:00.0000000+00:00","19045.591863800000000000000001","18009.191863800000000000000000","5767.800","0.0010624678790837916123074855","0.0012780510117881333637548351"
"2020-12-09T14:30:00.0000000+00:00","19087.103559800000000000000001","17979.013559800000000000000000","5836.63","-0.0016757167244500818176685075","0.0029516260847830614576784976"
"2020-12-09T21:00:00.0000000+00:00","16577.801799800000000000000000","18003.231799800000000000000000","4586.1100","0.00134702829604347913174435","0.0016085737125951251388785478"
"2020-12-10T14:30:00.0000000+00:00","16478.210551840000000000000000","17974.505551840000000000000000","4693.2850","-0.0015956161804415095758578358","0.0032016232267933850625780803"
"2020-12-10T21:00:00.0000000+00:00","14435.903772160000000000000000","17901.307172160000000000000000","6813.4134","-0.0040723445476088150882347793","0.0072609296615110703683302838"
"2020-12-11T14:30:00.0000000+00:00","14435.903772160000000000000000","17876.073772160000000000000000","6829.17","-0.0014095842140088420200959493","0.0086602789836900178189628092"
"2020-12-11T21:00:00.0000000+00:00","15590.986674160000000000000000","17873.691674160000000000000000","5546.4150","-0.0001332562189192714753008302","0.0087923811665771367313668783"
"2020-12-14T14:30:00.0000000+00:00","15557.019882160000000000000000","17858.419882160000000000000000","5544.04","-0.0008544285242470884213888933","0.0096392972295594487561035447"
"2020-12-14T21:00:00.0000000+00:00","15557.019882160000000000000000","17806.337382160000000000000000","5549.4935","-0.0029164114374995057678642209","0.0125275965103692100485797272"
"2020-12-15T14:30:00.0000000+00:00","15533.215122160000000000000000","17872.265122160000000000000000","5510.41","0.0037024874113669426155423886","0.0088714923673765938732341943"
"2020-12-15T21:00:00.0000000+00:00","15486.345750160000000000000000","17873.635750160000000000000000","5482.330","0.0000766902231268125412659548","0.0087954825009789032573692868"
"2020-12-16T14:30:00.0000000+00:00","15454.848828160000000000000000","17906.558828160000000000000000","5573.15","0.0018419911013183359420194666","0.0069696926001591715971460991"
"2020-12-16T21:00:00.0000000+00:00","16261.987368160000000000000000","17883.207368160000000000000000","4750.5800","-0.0013040730061030656626295875","0.0082646766182815333968063665"
"2020-12-17T14:30:00.0000000+00:00","16284.702628160000000000000000","17886.142628160000000000000000","4795.24","0.0001641349865028159305611844","0.0081018981543639092441379339"
"2020-12-17T21:00:00.0000000+00:00","15027.531244160000000000000000","17911.581244160000000000000000","5998.93","0.0014222527757298190072267621","0.0066911683257728146044611654"
"2020-12-18T14:30:00.0000000+00:00","15027.531244160000000000000000","17891.991244160000000000000000","6037.4400","-0.0010937057835911188341438104","0.007777555939867054007708099"
"2020-12-18T21:00:00.0000000+00:00","15134.615659160000000000000000","17879.945659160000000000000000","5935.4300","-0.0006732389277203405371599871","0.0084455587141661534840817699"
"2020-12-21T14:30:00.0000000+00:00","12147.218299159999999999999999","17800.438299160000000000000000","9002.70","-0.0044467338724414924453887213","0.0128547374346016698781674827"
"2020-12-21T21:00:00.0000000+00:00","9635.195995160000000000000000","17771.850395160000000000000000","11456.7744","-0.0016060224764998656735469198","0.0144401149138520610477969173"
"2020-12-22T14:30:00.0000000+00:00","9574.783915160000000000000000","17765.733915160000000000000000","11463.19","-0.0003441667504508009516095114","0.0147793118568768253880302917"
"2020-12-22T21:00:00.0000000+00:00","8765.342059160000000000000000","17781.797059160000000000000000","12254.965","0.0009041643917841676003349357","0.0138885103926087193591977465"
"2020-12-23T14:30:00.0000000+00:00","8826.461103160000000000000000","17805.291103160000000000000000","12083.79","0.0013212412627270104870205221","0.0125856192028902364247200946"
"2020-12-23T21:00:00.0000000+00:00","9896.260647160000000000000000","17891.485647160000000000000000","10815.905","0.0048409511251800086798036777","0.0078055944451515463588854057"
"2020-12-24T14:30:00.0000000+00:00","9866.242789160000000000000000","17924.122789160000000000000000","10905.72","0.0018241717118209603606378841","0.0059956614779113782738539902"
"2020-12-24T18:00:00.0000000+00:00","9854.713567160000000000000000","17972.633567160000000000000000","13383.66","0.0027064520016197355944000748","0.0033054364462995702713136904"
"2020-12-28T14:30:00.0000000+00:00","9886.267255160000000000000000","18163.737255160000000000000000","13215.81","0.0106330375727010288513032273","0"
"2020-12-28T21:00:00.0000000+00:00","9988.738025160000000000000000","18119.952025160000000000000000","10861.2740","-0.0024105848584415843237570189","0.0024105848584415843237570189"
"2020-12-29T14:30:00.0000000+00:00","9988.738025160000000000000000","18059.328025160000000000000000","10844.03","-0.0033457042223854722001902389","0.0057482239768877500294857662"
"2020-12-29T21:00:00.0000000+00:00","10166.092547160000000000000000","18036.752547160000000000000000","11150.92","-0.0012500729799330386947335331","0.0069911112573446781119949013"
"2020-12-30T14:30:00.0000000+00:00","10166.092547160000000000000000","18034.642547160000000000000000","11128.83","-0.0001169833646319127860716054","0.0071072767782591906753211031"
"2020-12-30T21:00:00.0000000+00:00","10107.550841160000000000000000","18076.722141160000000000000000","11049.5713","0.002333264653844024849658971","0.004790595282106964432351501"
"2020-12-31T14:30:00.0000000+00:00","10107.550841160000000000000000","18043.150841160000000000000000","11080.26","-0.0018571563880798633877672337","0.0066388547855559576158552535"
"2020-12-31T21:00:00.0000000+00:00","18884.585231160000000000000001","18008.347431160000000000000000","8163.1578","-0.0019288986888369036946403532","0.0085549477961016238204015873"
"2021-01-04T14:30:00.0000000+00:00","18884.585231160000000000000001","17978.425231160000000000000000","8227.44","-0.0016615738959048156414178207","0.0102023070140676085703348929"
"2021-01-04T21:00:00.0000000+00:00","18966.918292680000000000000001","17972.122292680000000000000000","5811.6540","-0.0003505834576142864537845525","0.0105493137116132607152790417"
"2021-01-05T14:30:00.0000000+00:00","18972.155502680000000000000001","17909.925502680000000000000000","7337.45","-0.0034607370786327553210336082","0.0139735423891301070913745269"
"2021-01-05T21:00:00.0000000+00:00","18925.246122680000000000000001","17933.076122680000000000000000","7225.450","0.0012926139752248435956027522","0.0126989908100808498218054115"
"2021-01-06T14:30:00.0000000+00:00","18876.248222680000000000000001","17994.708222680000000000000000","5637.86","0.0034367834931595338724482283","0.0093058509989171864312002927"
"2021-01-06T21:00:00.0000000+00:00","18805.410057880000000000000001","17958.806057880000000000000000","5598.304","-0.0019951512608995776548795372","0.0112824356794625308673177014"
"2021-01-07T14:30:00.0000000+00:00","18826.645809880000000000000001","18010.275809880000000000000000","5574.71","0.0028659896339498583584555787","0.0084487813892157181491736726"
"2021-01-07T21:00:00.0000000+00:00","17587.823094880000000000000001","18052.168094880000000000000000","6768.245","0.002326021291523970423581363","0.0061424121430904949553623964"
"2021-01-08T14:30:00.0000000+00:00","17639.062844880000000000000001","18040.832844880000000000000000","6777.33","-0.000627916266922804208024451","0.0067664714895105084783213199"
"2021-01-08T21:00:00.0000000+00:00","18834.498709880000000000000001","18013.826909880000000000000000","5576.6906","-0.0014969339404784908128700873","0.0082532764691590709626202721"
"2021-01-11T14:30:00.0000000+00:00","18834.498709880000000000000001","18045.948709880000000000000000","5562.57","0.0017831746780237037906212925","0.0064848188247459005092308937"
"2021-01-11T21:00:00.0000000+00:00","17709.823819880000000000000001","17941.908119880000000000000000","6842.2357","-0.0057653156213969887690414276","0.0122127474188706524764680481"
"2021-01-12T14:30:00.0000000+00:00","17677.597375880000000000000001","17926.772375880000000000000000","6838.715","-0.0008435972305102425007659235","0.0130460420094814145822923034"
"2021-01-12T21:00:00.0000000+00:00","15213.864727880000000000000000","18015.154727880000000000000000","5814.81","0.0049301876627226062414263296","0.0081801737821213144494398595"
"2021-01-13T14:30:00.0000000+00:00","15213.864727880000000000000000","18016.614727880000000000000000","5834.95","0.0000810428787347868037388624","0.0080997938482183815857165161"
"2021-01-13T21:00:00.0000000+00:00","14469.235831880000000000000000","18028.795831880000000000000000","6558.380","0.0006761039287336384269185798","0.0074291662219274561624070138"
"2021-01-14T14:30:00.0000000+00:00","14499.769723880000000000000000","18018.299723880000000000000000","6559.05","-0.0005821857487253762300993506","0.0080070268159535142818518731"
"2021-01-14T21:00:00.0000000+00:00","14399.109415880000000000000000","18071.909415880000000000000000","6658.440","0.0029752913882851022645467351","0.0050555586655996863908337816"
"2021-01-15T14:30:00.0000000+00:00","14399.109415880000000000000000","18017.589415880000000000000000","6763.56","-0.0030057698248680006762924647","0.0080461326447827775945680379"
"2021-01-15T21:00:00.0000000+00:00","16809.257289880000000000000000","18014.372289880000000000000000","6681.185","-0.0001785547403563625843943897","0.0082232507100138781371288769"
"2021-01-19T14:30:00.0000000+00:00","16887.704449880000000000000000","18132.484449880000000000000000","6484.520","0.0065565515189420339320784096","0.0017206153580052268567523476"
"2021-01-19T21:00:00.0000000+00:00","15747.546463880000000000000000","18171.280763880000000000000000","5320.6857","0.0021396027724296078099044807","0"
"2021-01-20T14:30:00.0000000+00:00","15735.719798880000000000000000","18227.614798880000000000000000","5305.735","0.0031001686525023647055404819","0"
"2021-01-20T21:00:00.0000000+00:00","14001.209834880000000000000000","18204.319834880000000000000000","7290.110","-0.0012780039657976184816947817","0.0012780039657976184816947817"
"2021-01-21T14:30:00.0000000+00:00","14001.209834880000000000000000","18220.989834880000000000000000","7223.26","0.0009157167173068340021327042","0.0003634575380870497901161207"
"2021-01-21T21:00:00.0000000+00:00","12754.090460879999999999999999","18226.430460880000000000000000","8494.68","0.000298591133045096226297599","0.000064974930240064757231367"
"2021-01-22T14:30:00.0000000+00:00","12754.090460879999999999999999","18238.980460880000000000000000","8478.29","0.0006885604960848744688017925","0"
"2021-01-22T21:00:00.0000000+00:00","13990.663096880000000000000000","18247.761096880000000000000000","7230.3620","0.0004814214269724783259219643","0"
"2021-01-25T14:30:00.0000000+00:00","11087.642608879999999999999999","18200.299808880000000000000000","10237.9628","-0.0026009376025925134081292111","0.0026009376025925134081292111"
"2021-01-25T21:00:00.0000000+00:00","11131.633808879999999999999999","18170.043808880000000000000000","10388.510","-0.0016623901978382781938128343","0.0042590040272550528165910592"
"2021-01-26T14:30:00.0000000+00:00","11141.389620879999999999999999","18158.539620880000000000000000","10360.45","-0.0006331403556868538556577799","0.0048894478356172186650956167"
"2021-01-26T21:00:00.0000000+00:00","10299.821340880000000000000000","18157.621340880000000000000000","11055.160","-0.0000505701460124081427374764","0.0049397707215386595921184335"
"2021-01-27T14:30:00.0000000+00:00","10299.821340880000000000000000","18093.331340880000000000000000","11159.31","-0.0035406620059455550599541202","0.0084629426689723804597153471"
"2021-01-27T21:00:00.0000000+00:00","10299.821340880000000000000000","17952.351340880000000000000000","11266.7100","-0.0077918210496411103405082407","0.0161888219837834858869017348"
"2021-01-28T14:30:00.0000000+00:00","10263.976126880000000000000000","17969.026126880000000000000000","10858.89","0.0009288357654871200023189461","0.0152750229751560081352931974"
"2021-01-28T21:00:00.0000000+00:00","8946.648414020000000000000000","17933.270114020000000000000000","12071.0383","-0.0019898692676790265269183268","0.0172344969440536806712932845"
"2021-01-29T14:30:00.0000000+00:00","8946.648414020000000000000000","17914.478414020000000000000000","12039.83","-0.001047868006254413719688141","0.018264305472356531074584946"
"2021-01-29T21:00:00.0000000+00:00","18975.452252020000000000000001","17934.682252020000000000000000","7143.1500","0.0011277938175519712970220424","0.0171571100255981641101091724"
"2021-02-01T14:30:00.0000000+00:00","18908.331270020000000000000001","17741.391270020000000000000000","7208.30","-0.0107774968791671486850056883","0.0277496962050089011829307526"
"2021-02-01T21:00:00.0000000+00:00","18984.546024020000000000000001","17818.401024020000000000000000","7359.0750","0.0043406829164595267021395673","0.0235294659208033983781663276"
"2021-02-02T14:30:00.0000000+00:00","19012.048982020000000000000001","17729.298982020000000000000000","5969.63","-0.0050005632873503335028684667","0.0284123686246992015973434412"
"2021-02-02T21:00:00.0000000+00:00","18857.097998020000000000000001","17880.087998020000000000000000","5677.53","0.0085050749131661238799530036","0.0201489430351466351819817228"
"2021-02-03T14:30:00.0000000+00:00","18952.738866020000000000000001","17893.848866020000000000000000","5645.31","0.0007696197021806518519549619","0.0193948303565039478027960546"
"2021-02-03T21:00:00.0000000+00:00","18952.738866020000000000000001","17976.962666020000000000000000","5584.8762","0.0046448251922944962407817684","0.0148400907608496191444467569"
"2021-02-04T14:30:00.0000000+00:00","18994.610490020000000000000001","17972.020490020000000000000000","5615.85","-0.0002749171866136033091468917","0.015110928151462159148530388"
"2021-02-04T21:00:00.0000000+00:00","17779.887594020000000000000001","17892.207594020000000000000000","6940.700","-0.0044409528713992235684665645","0.019484774103097639479818959"
"2021-02-05T14:30:00.0000000+00:00","17794.338242020000000000000001","17828.858242020000000000000000","7066.400","-0.0035406112782400789628595452","0.0229563973703943307212428549"
"2021-02-05T21:00:00.0000000+00:00","18914.392290100000000000000001","17983.957490100000000000000000","5611.9148","0.0086993371069861251554764747","0.0144567657028951956737877838"
"2021-02-08T14:30:00.0000000+00:00","18914.392290100000000000000001","17987.532290100000000000000000","5622.86","0.0001987771602534032838160729","0.0142608622174746626926478639"
"2021-02-08T21:00:00.0000000+00:00","17758.161090100000000000000001","17983.901090100000000000000000","6789.500","-0.0002018731608892535132683881","0.0144598564930310684667094274"
"2021-02-09T14:30:00.0000000+00:00","17758.161090100000000000000001","18015.071090100000000000000000","6760.430","0.0017332168278638302006594064","0.0127517017317694557828861921"
"2021-02-09T21:00:00.0000000+00:00","15228.480255100000000000000000","18034.409855100000000000000000","5723.0204","0.0010734770294982306559996027","0.0116919133611672924459122797"
"2021-02-10T14:30:00.0000000+00:00","15228.480255100000000000000000","18011.280255100000000000000000","5744.52","-0.0012825260258493635858102807","0.0129594442038389830693244678"
"2021-02-10T21:00:00.0000000+00:00","14540.719869100000000000000000","17961.129869100000000000000000","6663.830","-0.0027843876331778038416116034","0.015707747720842759876389954"
"2021-02-11T14:30:00.0000000+00:00","14540.719869100000000000000000","17963.865369100000000000000000","6675.6855","0.0001523011091137481429614747","0.0155578389191285750353056274"
"2021-02-11T21:00:00.0000000+00:00","14387.695601100000000000000000","18051.045601100000000000000000","6634.69","0.0048530886982687167527153342","0.0107802537930877663580565964"
"2021-02-12T14:30:00.0000000+00:00","14387.695601100000000000000000","18013.905601100000000000000000","6658.95","-0.0020574985416765415297691013","0.0128155719783061268032665726"
"2021-02-12T21:00:00.0000000+00:00","16786.515741100000000000000000","18044.675741100000000000000000","6588.280","0.0017081326327213047071816877","0.0111293300422879555197562522"
"2021-02-16T14:30:00.0000000+00:00","16824.388165100000000000000000","17926.588165100000000000000000","6722.84","-0.0065441783323949828889729619","0.017600676054166125031579809"
"2021-02-16T21:00:00.0000000+00:00","15622.547845100000000000000000","17950.987845100000000000000000","5524.2000","0.0013610888907183131637992961","0.0162635432480942692160768216"
"2021-02-17T14:30:00.0000000+00:00","15622.547845100000000000000000","17955.897845100000000000000000","5547.23","0.0002735225516483350805162983","0.0159944691422939959315862189"
"2021-02-17T21:00:00.0000000+00:00","13915.780692460000000000000000","17952.280692460000000000000000","7260.2600","-0.0002014464924674923907016275","0.0161926936050538936553574317"
"2021-02-18T14:30:00.0000000+00:00","13915.780692460000000000000000","17925.440692460000000000000000","7245.46","-0.0014950746626456694695258607","0.017663558981770662485444555"
"2021-02-18T21:00:00.0000000+00:00","12606.755739819999999999999999","18001.429739820000000000000000","8398.5660","0.0042391731764766801940124222","0.0134992646907306182255465592"
"2021-02-19T14:30:00.0000000+00:00","12677.161655819999999999999999","17948.191655820000000000000000","8344.91","-0.0029574364241877344658265901","0.0164167778978222345886151136"
"2021-02-19T21:00:00.0000000+00:00","13936.094818820000000000000000","17969.028818820000000000000000","7042.194","0.0011609616946141313872891342","0.0152748754534964627202900505"
"2021-02-22T14:30:00.0000000+00:00","11010.348392819999999999999999","17978.068392820000000000000000","10003.300","0.0005030641383652483720191948","0.0147794955571898640287674731"
"2021-02-22T21:00:00.0000000+00:00","11010.348392819999999999999999","17930.398392820000000000000000","10005.85","-0.0026515640589641003893033492","0.0173918708369249001737098415"
"2021-02-23T14:30:00.0000000+00:00","10981.992722819999999999999999","17922.932722820000000000000000","9932.04","-0.0004163694434692278005439665","0.0178009988368128688604354948"
"2021-02-23T21:00:00.0000000+00:00","10219.440242820000000000000000","17978.230242820000000000000000","10650.0900","0.0030852941789818575190897197","0.0147706259759222929022715863"
"2021-02-24T14:30:00.0000000+00:00","10246.854758820000000000000000","17859.984758820000000000000000","10562.99","-0.0065771481621348087809770891","0.0212506255425659837081495915"
"2021-02-24T21:00:00.0000000+00:00","10297.604606820000000000000000","17988.994606820000000000000000","10596.230","0.0072234019089120216165579855","0.0141807254427637077833851501"
"2021-02-25T14:30:00.0000000+00:00","10331.717782820000000000000000","17927.887782820000000000000000","10569.91","-0.0033969004569512261059655128","0.017529455386978509972238345"
"2021-02-25T21:00:00.0000000+00:00","9165.914856820000000000000000","17754.804856820000000000000000","11871.31","-0.0096543958829250661234421958","0.0270146149679856121472411818"
"2021-02-26T14:30:00.0000000+00:00","9010.373754820000000000000000","17893.063754820000000000000000","11812.55","0.0077871257451129800741419851","0.0194378554265841472974425635"
"2021-02-26T21:00:00.0000000+00:00","18964.467537820000000000000001","17951.047537820000000000000000","5678.140","0.0032405732072787387873089358","0.016260272012807754737646154"
"2021-03-01T14:30:00.0000000+00:00","18931.817315820000000000000001","18026.807315820000000000000000","7062.330","0.004220354151499304204409036","0.0121085419678022116882899623"
"2021-03-01T21:00:00.0000000+00:00","17954.866964820000000000000001","18010.786964820000000000000000","6105.600","-0.0008886959692491320837760733","0.0129864771246110739924574391"
"2021-03-02T14:30:00.0000000+00:00","18080.291018820000000000000001","18026.971018820000000000000000","4686.36","0.0008985756164687245586419811","0.0120995708398303538191471996"
"2021-03-02T21:00:00.0000000+00:00","18080.291018820000000000000001","18029.571018820000000000000000","4719.840","0.0001442283341602769955697819","0.0119570876066163598192132756"
"2021-03-03T14:30:00.0000000+00:00","18080.291018820000000000000001","18065.051018820000000000000000","4697.920","0.0019678782131291161630473645","0.010012739485680780158576497"
"2021-03-03T21:00:00.0000000+00:00","18080.291018820000000000000001","18016.409018820000000000000000","4735.7380","-0.0026926024149793555827818326","0.0126783815741404325219557017"
"2021-03-04T14:30:00.0000000+00:00","18002.906340820000000000000001","18033.566340820000000000000000","6155.34","0.0009523164123370758911954226","0.0117381389926582825362117351"
"2021-03-04T21:00:00.0000000+00:00","16769.689746820000000000000001","17993.709746820000000000000000","7402.48","-0.0022101337720305683200173335","0.0139223299072803879107511338"
"2021-03-05T14:30:00.0000000+00:00","16732.962402820000000000000001","18057.025802820000000000000000","7344.6566","0.003518788337195988554404866","0.0104525313021887324940279301"
"2021-03-05T21:00:00.0000000+00:00","17966.415662820000000000000001","18030.065662820000000000000000","6057.71","-0.00149305540648834780718444","0.0119299805003048587237889233"
"2021-03-08T14:30:00.0000000+00:00","18076.665892820000000000000001","18040.085892820000000000000000","4672.98","0.0005557511651586953629681057","0.011380859435709528301497422"
"2021-03-08T21:00:00.0000000+00:00","18076.665892820000000000000001","18048.965892820000000000000000","4682.100","0.0004922371241887635663461737","0.010894224393040194947876943"
"2021-03-09T14:30:00.0000000+00:00","18076.665892820000000000000001","18048.155892820000000000000000","4671.07","-0.0000448779173726636298169152","0.0109386134003107084632409732"
"2021-03-09T21:00:00.0000000+00:00","15561.382936820000000000000000","18062.102936820000000000000000","3560.38","0.000772768369401578412357538","0.010174298045350002412158498"
"2021-03-10T14:30:00.0000000+00:00","15561.382936820000000000000000","18071.802936820000000000000000","3525.98","0.0005370360269748177266107376","0.0096427259829747171047127046"
"2021-03-10T21:00:00.0000000+00:00","14797.470184820000000000000000","18068.277784820000000000000000","4309.0476","-0.0001950636586910626436167624","0.00983590869625578532658004"
"2021-03-11T14:30:00.0000000+00:00","14821.615354820000000000000000","18083.245354820000000000000000","4324.23","0.0008283894114454533827093351","0.0090156672474262544905835004"
"2021-03-11T21:00:00.0000000+00:00","13569.414964820000000000000000","18088.854964820000000000000000","5564.88","0.0003102103571527765661003774","0.0087082536436302726129029852"
"2021-03-12T14:30:00.0000000+00:00","13636.041636820000000000000000","18048.711636820000000000000000","5537.37","-0.002219229911349972581531116","0.0109081579380186785088181737"
"2021-03-12T21:00:00.0000000+00:00","14888.317831480000000000000000","18103.037831480000000000000000","4280.0800","0.0030099763214772999000774004","0.0079310149136457494794018724"
"2021-03-15T13:30:00.0000000+00:00","14888.317831480000000000000000","18111.247831480000000000000000","4282.77","0.0004535150440730641579160786","0.0074810967041507915026874431"
"2021-03-15T20:00:00.0000000+00:00","14888.317831480000000000000000","18158.057831480000000000000000","4241.260","0.0025845817160448419008936743","0.0049158504938634610654155264"
"2021-03-16T13:30:00.0000000+00:00","12201.205213479999999999999999","18158.915213480000000000000000","7054.3900","0.0000472177150198071476111543","0.0048688648940713531409342389"
"2021-03-16T20:00:00.0000000+00:00","12979.129597480000000000000000","18132.059597480000000000000000","6254.290","-0.0014789218234833837331562618","0.0063405860470073026365225038"
"2021-03-17T13:30:00.0000000+00:00","12882.220219480000000000000000","18107.190219480000000000000000","6341.93","-0.0013715693943260783719077185","0.0077034588875692148188643236"
"2021-03-17T20:00:00.0000000+00:00","12882.220219480000000000000000","18149.060219480000000000000000","6294.880","0.0023123410917148037431779793","0.0054089308203884729814668626"
"2021-03-18T13:30:00.0000000+00:00","12827.537823480000000000000000","18080.387823480000000000000000","6381.6500","-0.0037837990049915419522805243","0.0091722635183237609449616334"
"2021-03-18T20:00:00.0000000+00:00","11583.849135479999999999999999","18045.384635480000000000000000","7645.3645","-0.0019359755079226395284495183","0.0110904817487227133336382218"
"2021-03-19T13:30:00.0000000+00:00","8598.107106480000000000000000","18060.111106480000000000000000","10566.016","0.0008160796401671313986220154","0.0102834528249103597050994011"
"2021-03-19T20:00:00.0000000+00:00","9847.057266479999999999999999","18133.457266480000000000000000","9336.28","0.0040612241844782044161722369","0.0062639920477446219519480239"
"2021-03-22T13:30:00.0000000+00:00","9756.817896479999999999999999","18176.277896480000000000000000","9449.06","0.0023614156622606464018848114","0.0039173682744137958391054913"
"2021-03-22T20:00:00.0000000+00:00","6395.3807434799999999999999995","18209.957743480000000000000000","12759.157","0.0018529562098366908143842338","0.0020716707764473973096083486"
"2021-03-23T13:30:00.0000000+00:00","6382.1762854799999999999999995","18209.191285480000000000000000","12940.855","-0.0000420900482470601621561056","0.0021136736279715247762242546"
"2021-03-23T20:00:00.0000000+00:00","6382.1762854799999999999999995","18187.766285480000000000000000","12986.77","-0.0011766035989244774564141908","0.0032877902708983791795259169"
"2021-03-24T13:30:00.0000000+00:00","6351.7817494799999999999999995","18201.301749480000000000000000","12917.12","0.0007442070558607236145923926","0.0025460300117554483786329819"
"2021-03-24T20:00:00.0000000+00:00","6351.7817494799999999999999995","18205.671749480000000000000000","12970.79","0.000240092717551086598139969","0.0023065485774688507710517327"
"2021-03-25T13:30:00.0000000+00:00","6351.7817494799999999999999995","18192.385549480000000000000000","12967.7038","-0.0007297835632118044451103617","0.0030346488594410688794833101"
"2021-03-25T20:00:00.0000000+00:00","5113.8542134799999999999999995","18178.204213480000000000000000","14130.25","-0.0007795204186624854494524767","0.003811803707354149192962908"
"2021-03-26T13:30:00.0000000+00:00","5113.8542134799999999999999995","18160.391513480000000000000000","14085.1523","-0.0009798932716792255363576585","0.0047879618182275764708948342"
"2021-03-26T20:00:00.0000000+00:00","5185.0921894799999999999999995","18223.767189480000000000000000","14038.2750","0.0034897747635538493863028289","0.0013148959629958370840654535"
"2021-03-29T13:30:00.0000000+00:00","5318.8017274799999999999999995","18196.901727480000000000000000","14014.56","-0.0014741991444836156050088061","0.0027871566889757192661626989"
"2021-03-29T20:00:00.0000000+00:00","5318.8017274799999999999999995","18125.698627480000000000000000","13941.4969","-0.0039129243574730548034251597","0.0066891751131523870264300779"
"2021-03-30T13:30:00.0000000+00:00","5318.8017274799999999999999995","18076.732727480000000000000000","13894.391","-0.0027014627687654368871788365","0.0093725673243958904115702818"
"2021-03-30T20:00:00.0000000+00:00","5318.8017274799999999999999995","18159.785727480000000000000000","13901.184","0.0045944696562196759067573813","0.0048211596443490274590655927"
"2021-03-31T13:30:00.0000000+00:00","5147.4074554799999999999999995","18174.597455480000000000000000","14072.51","0.0008156334123252563398532812","0.0040094585309158563357374002"
"2021-03-31T20:00:00.0000000+00:00","15223.541825480000000000000001","18123.351825480000000000000000","5578.51","-0.002819629437489875776178772","0.0068177827811035668522119751"
"2021-04-01T13:30:00.0000000+00:00","15269.831959480000000000000001","18148.941959480000000000000000","5544.43","0.0014119978603528677580605663","0.005415411615449967954710011"
"2021-04-01T20:00:00.0000000+00:00","15174.023638480000000000000001","18154.448638480000000000000000","7954.245","0.0003034159794160130924401461","0.0051136387584531974679553414"
"2021-04-05T13:30:00.0000000+00:00","15220.094422480000000000000001","18194.874422480000000000000000","7951.78","0.0022267701324904952112820295","0.0028982555240183716146381004"
"2021-04-05T20:00:00.0000000+00:00","15337.246000480000000000000001","18191.676000480000000000000000","5552.1500","-0.0001757869785596491241499907","0.0030735330269963597366598932"
"2021-04-06T13:30:00.0000000+00:00","15281.094772480000000000000001","18193.884772480000000000000000","5613.39","0.0001214166303281632773935992","0.0029524895746915366769591035"
"2021-04-06T20:00:00.0000000+00:00","15281.094772480000000000000001","18184.334772480000000000000000","5616.5600","-0.0005249016424708423569219028","0.0034758414505352454074856321"
"2021-04-07T13:30:00.0000000+00:00","15281.094772480000000000000001","18190.504772480000000000000000","5615.41","0.0003393030362231132896244342","0.0031377177778697288768732047"
"2021-04-07T20:00:00.0000000+00:00","15281.094772480000000000000001","18212.105572480000000000000000","5590.0512","0.0011874766681944614263102571","0.0019539670763278667254221639"
"2021-04-08T13:30:00.0000000+00:00","15320.046980480000000000000001","18227.286980480000000000000000","5627.32","0.0008335888422995068148562914","0.0011220070391814074090572126"
"2021-04-08T20:00:00.0000000+00:00","14061.955412480000000000000001","18234.286412480000000000000000","6899.9490","0.0003840084378709703044255209","0.0007384294614808333894627873"
"2021-04-09T13:30:00.0000000+00:00","14061.955412480000000000000001","18215.755412480000000000000000","6888.40","-0.0010162722895104313940637576","0.0017539513055918037020687665"
"2021-04-09T20:00:00.0000000+00:00","15310.905572480000000000000001","18241.465572480000000000000000","5645.60","0.0014114243092210946475994478","0.0003450025658806114030913912"
"2021-04-12T13:30:00.0000000+00:00","15310.905572480000000000000001","18239.895572480000000000000000","5656.51","-0.0000860676459225174108700827","0.0004310405182444462415130299"
"2021-04-12T20:00:00.0000000+00:00","12698.453186479999999999999999","18247.403186480000000000000000","6593.950","0.0004116040012491816079461265","0.0000196139349972745685053657"
"2021-04-13T13:30:00.0000000+00:00","12726.887498479999999999999999","18252.517498480000000000000000","6625.31","0.0002802761547894844353937348","0"
"2021-04-13T20:00:00.0000000+00:00","11922.326618479999999999999999","18291.566618480000000000000000","7455.0000","0.0021393826908124789739297589","0"
"2021-04-14T13:30:00.0000000+00:00","11972.216638479999999999999999","18281.866638480000000000000000","7404.69","-0.0005302979346886610667318973","0.0005302979346886610667318973"
"2021-04-14T20:00:00.0000000+00:00","11972.216638479999999999999999","18257.946638480000000000000000","7410.93","-0.001308400311249003207535622","0.0018380044039548629265529467"
"2021-04-15T13:30:00.0000000+00:00","11972.216638479999999999999999","18315.166638480000000000000000","7426.39","0.003133977830749298668272312","0"
"2021-04-15T20:00:00.0000000+00:00","10707.391724079999999999999999","18351.822724080000000000000000","8713.9510","0.0020014060654510177702366538","0"
"2021-04-16T13:30:00.0000000+00:00","10690.500202079999999999999999","18363.150202080000000000000000","8742.17","0.0006172399423375456972190506","0"
"2021-04-16T20:00:00.0000000+00:00","11962.125826079999999999999999","18371.645826080000000000000000","7453.520","0.0004626452382357411586422497","0"
"2021-04-19T13:30:00.0000000+00:00","12005.169680079999999999999999","18341.509680080000000000000000","7446.54","-0.0016403617991165148785440492","0.0016403617991165148785440492"
"2021-04-19T20:00:00.0000000+00:00","12812.368208079999999999999999","18325.848208080000000000000000","6670.040","-0.0008538812929346440525153777","0.0024928424177972487224768808"
"2021-04-20T13:30:00.0000000+00:00","12812.368208079999999999999999","18307.778208080000000000000000","6673.93","-0.000986038943181511529659696","0.0034764233212755974089775027"
"2021-04-20T20:00:00.0000000+00:00","12812.368208079999999999999999","18332.568208080000000000000000","6710.92","0.0013540692769076217147193981","0.0021270613623808401351340928"
"2021-04-21T13:30:00.0000000+00:00","12765.389790079999999999999999","18338.019790080000000000000000","6689.07","0.0002973714287121669541098825","0.0018303224609449628197466865"
"2021-04-21T20:00:00.0000000+00:00","10249.206654079999999999999999","18403.176654080000000000000000","9170.970","0.0035531025021167649094259516","0"
"2021-04-22T13:30:00.0000000+00:00","7357.5388120799999999999999995","18399.624212080000000000000000","12135.2054","-0.0001930341737611055627754727","0.0001930341737611055627754727"
"2021-04-22T20:00:00.0000000+00:00","6114.7903120799999999999999995","18367.150312080000000000000000","13450.40","-0.0017649219150182286476579124","0.0019576153985357157984990749"
"2021-04-23T13:30:00.0000000+00:00","6068.3903300799999999999999995","18384.600330080000000000000000","13414.57","0.0009500667062393012697581748","0.0010094085575101846933235"
"2021-04-23T20:00:00.0000000+00:00","6492.3503040799999999999999995","18397.590304080000000000000000","12951.620","0.0007065682020155982658687882","0.0003035535714841655572732116"
"2021-04-26T13:30:00.0000000+00:00","6531.7520660799999999999999995","18420.822066080000000000000000","12976.73","0.0012627611342583237421167075","0"
"2021-04-26T20:00:00.0000000+00:00","6531.7520660799999999999999995","18400.477866080000000000000000","12958.7658","-0.0011044132518635906864988939","0.0011044132518635906864988939"
"2021-04-27T13:30:00.0000000+00:00","6531.7520660799999999999999995","18394.882066080000000000000000","12946.03","-0.0003041116671385729470287505","0.0014081890540469294643083192"
"2021-04-27T20:00:00.0000000+00:00","6531.7520660799999999999999995","18335.607066080000000000000000","12859.385","-0.0032223636871965912882751435","0.0046260150439710522089835551"
"2021-04-28T13:30:00.0000000+00:00","6531.7520660799999999999999995","18333.112066080000000000000000","12853.32","-0.0001360740329462901284320256","0.004761459596393838986680134"
"2021-04-28T20:00:00.0000000+00:00","6531.7520660799999999999999995","18340.492066080000000000000000","12860.70","0.0004025503129746589296260525","0.0043608260104699245901267263"
"2021-04-29T13:30:00.0000000+00:00","6531.7520660799999999999999995","18295.922066080000000000000000","12785.19","-0.0024301419961588934960861638","0.006780370580202833079880843"
"2021-04-29T20:00:00.0000000+00:00","5296.0049660799999999999999995","18334.514966080000000000000000","14078.57","0.0021093716873417321576063966","0.0046853012145926656117580777"
"2021-04-30T13:30:00.0000000+00:00","5327.4986660799999999999999995","18316.478666080000000000000000","14122.98","-0.0009837347774603409826469239","0.0056644268983053346131884608"
"2021-04-30T20:00:00.0000000+00:00","15276.288510080000000000000001","18306.188510080000000000000000","5583.66","-0.000561797722564227301472449","0.006223042358738462427711554"
"2021-05-03T13:30:00.0000000+00:00","15226.055969080000000000000001","18346.885969080000000000000000","6967.63","0.0022231530598295006716946367","0.0040137240745702397619605985"
"2021-05-03T20:00:00.0000000+00:00","15226.055969080000000000000001","18339.490969080000000000000000","6936.435","-0.0004030656762386156816637983","0.0044151719564005035780191961"
"2021-05-04T13:30:00.0000000+00:00","15237.494645080000000000000001","18299.064645080000000000000000","5550.87","-0.0022043318469502747217849445","0.0066097712991975229199341748"
"2021-05-04T20:00:00.0000000+00:00","15237.494645080000000000000001","18283.422845080000000000000000","5553.8282","-0.0008547868595133659658831666","0.007458908213059946254352751"
"2021-05-05T13:30:00.0000000+00:00","15221.763535080000000000000001","18296.783535080000000000000000","6940.02","0.0007307543075062288565366001","0.0067336045348597045417664165"
"2021-05-05T20:00:00.0000000+00:00","15221.763535080000000000000001","18289.659535080000000000000000","6932.9040","-0.0003893580522686580144764503","0.007120340803981922178764584"
"2021-05-06T13:30:00.0000000+00:00","15221.763535080000000000000001","18295.443535080000000000000000","6933.88","0.0003162442684570563526634524","0.0068063483024935860175633767"
"2021-05-06T20:00:00.0000000+00:00","13957.310695080000000000000001","18317.642095080000000000000000","8222.5314","0.0012133381711919744910575977","0.0056012685335034546941548924"
"2021-05-07T13:30:00.0000000+00:00","13957.310695080000000000000001","18345.950695080000000000000000","8253.84","0.0015454281644471864950937194","0.0040644967272045762271803942"
"2021-05-07T20:00:00.0000000+00:00","15233.155475080000000000000001","18400.925475080000000000000000","6921.97","0.0029965620704923776660330008","0.0010801141734405801988123256"
"2021-05-10T13:30:00.0000000+00:00","15319.670213080000000000000001","18411.840213080000000000000000","5577.83","0.0005931624479856520371109838","0.0004875924086221501753965331"
"2021-05-10T20:00:00.0000000+00:00","15319.670213080000000000000001","18346.507013080000000000000000","5577.5112","-0.0035484340100663312919874455","0.0040342962292026764698278469"
"2021-05-11T13:30:00.0000000+00:00","15282.142709080000000000000001","18299.032709080000000000000000","5589.83","-0.0025876480992351057812805902","0.006611504989468534590688691"
"2021-05-11T20:00:00.0000000+00:00","12814.389257079999999999999999","18316.052057080000000000000000","6727.8772","0.0009300681774045346642375706","0.0056875859624594559135677633"
"2021-05-12T13:30:00.0000000+00:00","12753.537089079999999999999999","18271.307089080000000000000000","6694.01","-0.0024429373677557333342634505","0.0081166289139351740854541505"
"2021-05-12T20:00:00.0000000+00:00","11968.820177079999999999999999","18165.960177080000000000000000","7600.7400","-0.0057657020095164108945396253","0.0138355328598120099430754167"
"2021-05-13T13:30:00.0000000+00:00","11801.486841079999999999999999","18199.936841080000000000000000","7417.81","0.001870347819151798648934573","0.0119910622993713637348832905"
"2021-05-13T20:00:00.0000000+00:00","10546.125819079999999999999999","18238.946619080000000000000000","8644.1192","0.002143401833788183960505918","0.0098733621305047207131282228"
"2021-05-14T13:30:00.0000000+00:00","10729.685985079999999999999999","18295.315985080000000000000000","8578.99","0.0030906042534842045561732922","0.0068132725320172439147558411"
"2021-05-14T20:00:00.0000000+00:00","11995.237824079999999999999999","18359.937424080000000000000000","7267.4804","0.0035321302486767314273367474","0.003305207649343328898753423"
"2021-05-17T13:30:00.0000000+00:00","11956.059610079999999999999999","18348.119610080000000000000000","7524.68","-0.0006436739803099944422542167","0.0039467541534899194801071375"
"2021-05-17T20:00:00.0000000+00:00","11956.059610079999999999999999","18362.266710080000000000000000","7559.4929","0.0007710381390923533961457869","0.0031787591123755279679823795"
"2021-05-18T13:30:00.0000000+00:00","11956.059610079999999999999999","18370.779610080000000000000000","7544.76","0.0004636083406482070062878497","0.0027166244709647297476003328"
"2021-05-18T20:00:00.0000000+00:00","12754.619866079999999999999999","18364.876866080000000000000000","6791.123","-0.0003213115678967254822218327","0.0030370631559933029401164911"
"2021-05-19T13:30:00.0000000+00:00","12608.297582079999999999999999","18301.577582080000000000000000","6908.12","-0.0034467578770927687073680692","0.0064733530117299235063932899"
"2021-05-19T20:00:00.0000000+00:00","10021.310288079999999999999999","18316.605288080000000000000000","9477.465","0.000821115334599044991400899","0.0056575530465550828667493842"
"2021-05-20T13:30:00.0000000+00:00","10083.622844079999999999999999","18357.352844080000000000000000","9331.41","0.0022246237967751325436684264","0.0034455151769188344097349957"
"2021-05-20T20:00:00.0000000+00:00","8831.142398080000000000000000","18406.552398080000000000000000","10587.8900","0.0026801006886930430210182954","0.0007746488158243538887855653"
"2021-05-21T13:30:00.0000000+00:00","6061.6111260799999999999999995","18436.336126080000000000000000","13449.745","0.0016181046485982220616886727","0"
"2021-05-21T20:00:00.0000000+00:00","7314.5954790799999999999999995","18411.675479080000000000000000","12179.4800","-0.0013376110541353769151642538","0.0013376110541353769151642538"
"2021-05-24T13:30:00.0000000+00:00","7295.9358230799999999999999995","18447.655823080000000000000000","12202.14","0.0019542134576987382563340096","0"
"2021-05-24T20:00:00.0000000+00:00","5325.2017550799999999999999995","18484.361755080000000000000000","14165.30","0.0019897342162074020423740322","0"
"2021-05-25T13:30:00.0000000+00:00","5390.1114550799999999999999995","18514.311455080000000000000000","14214.96","0.0016202723359798461276718079","0"
"2021-05-25T20:00:00.0000000+00:00","5390.1114550799999999999999995","18530.881455080000000000000000","14239.570","0.0008949833235874124131241157","0"
"2021-05-26T13:30:00.0000000+00:00","5376.9997090799999999999999995","18553.364709080000000000000000","14249.705","0.0012132857281776258139548813","0"
"2021-05-26T20:00:00.0000000+00:00","5376.9997090799999999999999995","18590.155709080000000000000000","14230.484","0.0019829826329018648403570198","0"
"2021-05-27T13:30:00.0000000+00:00","5465.7619530799999999999999995","18581.481953080000000000000000","14192.84","-0.000466577910144317541992916","0.000466577910144317541992916"
"2021-05-27T20:00:00.0000000+00:00","5394.5776610799999999999999995","18608.683661080000000000000000","14226.714","0.0014639148841134892449700683","0"
"2021-05-28T13:30:00.0000000+00:00","5452.1589230799999999999999995","18625.232923080000000000000000","14243.374","0.0008893300730675929777768601","0"
"2021-05-28T20:00:00.0000000+00:00","16727.143475080000000000000001","18597.259475080000000000000000","6632.144","-0.0015019113111512225406120846","0.0015019113111512225406120846"
"2021-06-01T13:30:00.0000000+00:00","16726.147115080000000000000001","18604.325115080000000000000000","6636.282","0.0003799290970515216555710222","0.0011225528339079980360086346"
"2021-06-01T20:00:00.0000000+00:00","15573.886709080000000000000001","18555.606709080000000000000000","5514.300","-0.0026186602146890350761764183","0.0037382734641519918093143431"
"2021-06-02T13:30:00.0000000+00:00","15573.886709080000000000000001","18567.374709080000000000000000","5508.732","0.0006342018444614611955689884","0.0031064424396165971429892261"
"2021-06-02T20:00:00.0000000+00:00","15573.886709080000000000000001","18598.082709080000000000000000","5518.704","0.0016538687068658592935951251","0.0014577113806912997761034602"
"2021-06-03T13:30:00.0000000+00:00","15573.886709080000000000000001","18559.392709080000000000000000","5527.454","-0.00208032196679664600811171","0.0035350008384814442050734446"
"2021-06-03T20:00:00.0000000+00:00","14344.813343560000000000000001","18565.423343560000000000000000","6738.2540","0.0003249370587998588717882607","0.00321121243245689652873521"
"2021-06-04T13:30:00.0000000+00:00","14344.813343560000000000000001","18601.053343560000000000000000","6725.60","0.0019191590377797328388582897","0.001298216222039143982749153"
"2021-06-04T20:00:00.0000000+00:00","15586.684919560000000000000001","18620.167919560000000000000000","5480.457","0.0010276071815372644070772467","0.0002719430968148351758604642"
"2021-06-07T13:30:00.0000000+00:00","15565.521563560000000000000001","18626.893563560000000000000000","6899.448","0.0003612021131632699545381887","0"
"2021-06-07T20:00:00.0000000+00:00","15565.521563560000000000000001","18636.483563560000000000000000","6879.118","0.0005148469854770107319871238","0"
"2021-06-08T13:30:00.0000000+00:00","15536.319400560000000000000001","18621.230400560000000000000000","5567.629","-0.0008184571380099075186630717","0.0008184571380099075186630717"
"2021-06-08T20:00:00.0000000+00:00","15536.319400560000000000000001","18608.406400560000000000000000","5580.713","-0.0006886762971159167481014083","0.0015065697830946715128153162"
"2021-06-09T13:30:00.0000000+00:00","15523.228309560000000000000001","18632.390309560000000000000000","7030.798","0.0012888749570343772169582855","0.0002196366061247497316063359"
"2021-06-09T20:00:00.0000000+00:00","12972.838333560000000000000000","18586.280333560000000000000000","6745.698","-0.0024747214519406918456107581","0.0026938145186446332107099021"
"2021-06-10T13:30:00.0000000+00:00","12972.838333560000000000000000","18611.626333560000000000000000","6725.452","0.0013636940552453858939147092","0.0013337940022442567138459916"
"2021-06-10T20:00:00.0000000+00:00","11004.474739559999999999999999","18624.374739560000000000000000","8651.460","0.0006849700166724498568119532","0.0006497375944717617191770553"
"2021-06-11T13:30:00.0000000+00:00","11089.617707559999999999999999","18625.027707560000000000000000","8600.290","0.000035059861559434361933707","0.0006147005126224394971142354"
"2021-06-11T20:00:00.0000000+00:00","12321.591263559999999999999999","18624.609263560000000000000000","7349.802","-0.0000224667585235404136103397","0.000637153460817998525870399"
"2021-06-14T13:30:00.0000000+00:00","12321.591263559999999999999999","18621.211263560000000000000000","7341.880","-0.0001824467805962705851192325","0.000819483994816597095125649"
"2021-06-14T20:00:00.0000000+00:00","12321.591263559999999999999999","18610.899263560000000000000000","7350.012","-0.0005537770800216222666453452","0.0013728072633844453723946716"
"2021-06-15T13:30:00.0000000+00:00","12342.435437559999999999999999","18615.455437560000000000000000","7342.0760","0.0002448121359144076521181873","0.0011283312073483856791404133"
"2021-06-15T20:00:00.0000000+00:00","12342.435437559999999999999999","18590.895097560000000000000000","7344.28034","-0.0013193520879669232038213991","0.0024461946291809755509539766"
"2021-06-16T13:30:00.0000000+00:00","12342.435437559999999999999999","18598.895437560000000000000000","7331.78","0.0004303364608329171285804478","0.0020169108550872886534979592"
"2021-06-16T20:00:00.0000000+00:00","13061.541587560000000000000000","18561.216987560000000000000000","6609.4474","-0.0020258434231480930328022397","0.0040386683326445271060451859"
"2021-06-17T13:30:00.0000000+00:00","13052.566129560000000000000000","18530.850129560000000000000000","6593.276","-0.0016360380906247857480127696","0.0056680990080417063148672413"
"2021-06-17T20:00:00.0000000+00:00","11835.852835559999999999999999","18545.240035560000000000000000","7810.1112","0.0007765378220314642759292471","0.0048959626792690054486760882"
"2021-06-18T13:30:00.0000000+00:00","11835.852835559999999999999999","18534.628835560000000000000000","7877.104","-0.0005721791672501034665815228","0.0054653404786703971903127301"
"2021-06-18T20:00:00.0000000+00:00","13045.180921560000000000000000","18473.826421560000000000000000","6677.2695","-0.0032804764821265941023635884","0.0087278880398898985521918901"
"2021-06-21T13:30:00.0000000+00:00","10168.237903559999999999999999","18506.693903560000000000000000","9384.424","0.0017791377514320363040287797","0.0069642784035599025250516062"
"2021-06-21T20:00:00.0000000+00:00","7730.9705475599999999999999995","18563.991067560000000000000000","11834.05748","0.0030960237575971446430501649","0.0038898162173547000551330011"
"2021-06-22T13:30:00.0000000+00:00","7772.0479335599999999999999995","18538.785933560000000000000000","11843.562","-0.0013577432734303127192341384","0.005242278118981019287118539"
"2021-06-22T20:00:00.0000000+00:00","7048.6632855599999999999999995","18638.616725560000000000000000","12573.96656","0.0053849692400450254028819087","0"
"2021-06-23T13:30:00.0000000+00:00","7092.2874035599999999999999995","18631.523403560000000000000000","12562.704","-0.0003805712679456838871153094","0.0003805712679456838871153094"
"2021-06-23T20:00:00.0000000+00:00","7092.2874035599999999999999995","18635.871403560000000000000000","12557.6560","0.0002333679273466822459963639","0.0001472921537270098242182119"
"2021-06-24T13:30:00.0000000+00:00","7120.2818035599999999999999995","18678.311803560000000000000000","12588.43","0.0022773499065835276333020114","0"
"2021-06-24T20:00:00.0000000+00:00","5867.2362445599999999999999995","18677.139244560000000000000000","13850.607","-0.0000627764978083573734860903","0.0000627764978083573734860903"
"2021-06-25T13:30:00.0000000+00:00","5895.3306245599999999999999995","18708.330624560000000000000000","13903.28","0.0016700298472682299227992944","0"
"2021-06-25T20:00:00.0000000+00:00","7151.7792845599999999999999995","18686.033284560000000000000000","12602.806","-0.001191840172566140420983131","0.001191840172566140420983131"
"2021-06-28T13:30:00.0000000+00:00","7151.7792845599999999999999995","18710.981284560000000000000000","12615.3380","0.001335114821860783735707594","0"
"2021-06-28T20:00:00.0000000+00:00","6014.2718285599999999999999995","18723.139828560000000000000000","13775.480","0.0006498079291027368204010902","0"
"2021-06-29T13:30:00.0000000+00:00","5939.0167805599999999999999995","18714.988780560000000000000000","13832.108","-0.0004353462119407190554104106","0.0004353462119407190554104106"
"2021-06-29T20:00:00.0000000+00:00","5939.0167805599999999999999995","18731.494780560000000000000000","13893.622","0.0008819668658922967601747242","0"
"2021-06-30T13:30:00.0000000+00:00","5939.0167805599999999999999995","18730.494780560000000000000000","13904.262","-0.0000533860224031786441046762","0.0000533860224031786441046762"
"2021-06-30T20:00:00.0000000+00:00","14741.815868560000000000000001","18766.375868560000000000000000","6840.860","0.0019156508367969143168247757","0"
"2021-07-01T13:30:00.0000000+00:00","14728.800576560000000000000001","18795.170576560000000000000000","8298.990","0.0015343776657612849911812115","0"
"2021-07-01T20:00:00.0000000+00:00","14630.868238560000000000000001","18795.108238560000000000000000","8393.280","-0.0000033167030725298933982595","0.0000033167030725298933982595"
"2021-07-02T13:30:00.0000000+00:00","14644.846924560000000000000001","18828.324924560000000000000000","6933.902","0.0017673048528580817041421645","0"
"2021-07-02T20:00:00.0000000+00:00","17087.288338560000000000000001","18815.794338560000000000000000","6880.294","-0.0006655178328505942674268068","0.0006655178328505942674268068"
"2021-07-06T13:30:00.0000000+00:00","17087.288338560000000000000001","18832.770238560000000000000000","6883.2659","0.0009022154310653030990098522","0"
"2021-07-06T20:00:00.0000000+00:00","15941.276782080000000000000001","18816.050782080000000000000000","5723.3660","-0.000887785294898729185826576","0.000887785294898729185826576"
"2021-07-07T13:30:00.0000000+00:00","15941.451736080000000000000001","18841.921736080000000000000000","7219.442","0.0013749406982170210399330457","0"
"2021-07-07T20:00:00.0000000+00:00","15941.451736080000000000000001","18814.907336080000000000000000","7223.4974","-0.0014337391046620628459459511","0.0014337391046620628459459511"
"2021-07-08T13:30:00.0000000+00:00","15941.451736080000000000000001","18741.105736080000000000000000","7310.406","-0.0039225066954476017231427194","0.0053506219488721025777691529"
"2021-07-08T20:00:00.0000000+00:00","14686.100716080000000000000001","18747.891116080000000000000000","8528.8496","0.0003620586797574554437495653","0.0049905005082333370307414662"
"2021-07-09T13:30:00.0000000+00:00","14656.604818080000000000000001","18794.731818080000000000000000","8454.499","0.0024984517837222179788395899","0.0025045172494075812681768266"
"2021-07-09T20:00:00.0000000+00:00","15915.086071480000000000000001","18854.152671480000000000000000","7185.1786","0.0031615696342545745192638127","0"
"2021-07-12T13:30:00.0000000+00:00","15947.205407480000000000000001","18849.585407480000000000000000","5749.98","-0.0002422418063320732687494745","0.0002422418063320732687494745"
"2021-07-12T20:00:00.0000000+00:00","13312.558583480000000000000000","18874.358583480000000000000000","6630.740","0.0013142557496341201750112117","0"
"2021-07-13T13:30:00.0000000+00:00","13312.558583480000000000000000","18877.158583480000000000000000","6633.540","0.0001483494121199293250802829","0"
"2021-07-13T20:00:00.0000000+00:00","12574.541009479999999999999999","18857.881009480000000000000000","7369.740","-0.0010212116359964479096266808","0.0010212116359964479096266808"
"2021-07-14T13:30:00.0000000+00:00","12574.541009479999999999999999","18894.017009480000000000000000","7367.464","0.0019162280206261858564312585","0"
"2021-07-14T20:00:00.0000000+00:00","12574.541009479999999999999999","18899.075009480000000000000000","7373.686","0.0002677037920238013997560372","0"
"2021-07-15T13:30:00.0000000+00:00","12578.505961479999999999999999","18912.668961480000000000000000","7424.055","0.0007192919226565910010524598","0"
"2021-07-15T20:00:00.0000000+00:00","11323.144939479999999999999999","18896.276939480000000000000000","8646.728","-0.0008667217743506282877359193","0.0008667217743506282877359193"
"2021-07-16T13:30:00.0000000+00:00","11323.144939479999999999999999","18905.606939480000000000000000","8621.138","0.0004937480557615466969863326","0.0003734016607800534114591472"
"2021-07-16T20:00:00.0000000+00:00","12565.586401479999999999999999","18824.452701480000000000000000","7397.2583","-0.0042926015684018104745157122","0.0046644003646271555878992031"
"2021-07-19T13:30:00.0000000+00:00","12565.586401479999999999999999","18775.564401480000000000000000","7443.042","-0.0025970635521401557636165735","0.0072493501725877489130740927"
"2021-07-19T20:00:00.0000000+00:00","13283.852719480000000000000000","18692.812719480000000000000000","6792.180","-0.0044074138188611271546162166","0.011624813105320449526026375"
"2021-07-20T13:30:00.0000000+00:00","13184.609251480000000000000000","18718.435251480000000000000000","6685.434","0.0013707157068608758932437245","0.0102700317123723585264767892"
"2021-07-20T20:00:00.0000000+00:00","13184.609251480000000000000000","18796.674251480000000000000000","6630.505","0.0041797831361899719133007574","0.0061331750815418968174716041"
"2021-07-21T13:30:00.0000000+00:00","13214.643243480000000000000000","18776.372243480000000000000000","6607.121","-0.0010800851112478833342208467","0.0072066358416995302261286286"
"2021-07-21T20:00:00.0000000+00:00","10696.439703479999999999999999","18836.935703480000000000000000","9118.724","0.0032255144505366500825258702","0.00400436649921003733262453"
"2021-07-22T13:30:00.0000000+00:00","7801.3981034799999999999999995","18815.032103480000000000000000","12115.166","-0.0011628005926650508202098722","0.0051625108121365586466669638"
"2021-07-22T20:00:00.0000000+00:00","6561.1925119599999999999999995","18844.057311960000000000000000","13403.2536","0.0015426605875751623700518924","0.0036278142265242099888552255"
"2021-07-23T13:30:00.0000000+00:00","6561.1925119599999999999999995","18822.686511960000000000000000","13345.566","-0.0011340869774598021281531959","0.0047577869471130676057829471"
"2021-07-23T20:00:00.0000000+00:00","7052.0613109599999999999999995","18850.057310960000000000000000","12910.004","0.0014541388118326520398924713","0.0033105666179386434629081991"
"2021-07-26T13:30:00.0000000+00:00","7052.0613109599999999999999995","18853.858310960000000000000000","12933.5930","0.0002016439492621585991723612","0.0031095902244036214795504273"
"2021-07-26T20:00:00.0000000+00:00","7052.0613109599999999999999995","18873.785310960000000000000000","12909.676","0.0010569189431330439342095744","0.0020559578660841310658776257"
"2021-07-27T13:30:00.0000000+00:00","7052.0613109599999999999999995","18892.481310960000000000000000","12961.74","0.0009905803044788922052065169","0.0010674141529742202527082224"
"2021-07-27T20:00:00.0000000+00:00","7052.0613109599999999999999995","18873.412250960000000000000000","12961.67906","-0.0010093465059530090573520917","0.0020756832681815199901374127"
"2021-07-28T13:30:00.0000000+00:00","7051.0138209599999999999999995","18871.266820960000000000000000","12943.513","-0.0001136747277848960386761276","0.0021891220432359378311674743"
"2021-07-28T20:00:00.0000000+00:00","7051.0138209599999999999999995","18902.497820960000000000000000","12947.196","0.0016549498396849675910576962","0.0005377950907254743841149694"
"2021-07-29T13:30:00.0000000+00:00","7051.0138209599999999999999995","18909.277820960000000000000000","12944.276","0.0003586827552749144850813204","0.0001793052332754746347948713"
"2021-07-29T20:00:00.0000000+00:00","5795.6527989599999999999999995","18927.434798960000000000000000","14199.558","0.0009602153065768533568293737","0"
"2021-07-30T13:30:00.0000000+00:00","5792.0551989599999999999999995","18871.678198960000000000000000","14202.107","-0.002945808589078517968670623","0.002945808589078517968670623"
"2021-07-30T20:00:00.0000000+00:00","15834.736260960000000000000001","18890.312260960000000000000000","5659.404","0.0009874088463964431737847406","0.0019613084601427215482231343"
"2021-08-02T13:30:00.0000000+00:00","15834.088857960000000000000001","18897.508857960000000000000000","7138.82","0.0003809676039539576727041462","0.0015810880511734390744392038"
"2021-08-02T20:00:00.0000000+00:00","15834.088857960000000000000001","18846.450857960000000000000000","7194.618","-0.0027018376011234609208852018","0.0042786538091495525828738047"
"2021-08-03T13:30:00.0000000+00:00","15804.612963960000000000000001","18866.539963960000000000000000","7161.423","0.0010659357643200577108136167","0.0032172788149478116267263921"
"2021-08-03T20:00:00.0000000+00:00","15804.612963960000000000000001","18894.436963960000000000000000","7130.7760","0.0014786495061251574586941047","0.0017433865365534436815503167"
"2021-08-04T13:30:00.0000000+00:00","15833.267231960000000000000001","18874.773231960000000000000000","7183.514","-0.0010407154252602172759303826","0.0027822875925528788030090054"
"2021-08-04T20:00:00.0000000+00:00","15833.267231960000000000000001","18885.491231960000000000000000","7151.476","0.0005678478818411222920738317","0.0022160196268278604986609688"
"2021-08-05T13:30:00.0000000+00:00","15833.267231960000000000000001","18902.141231960000000000000000","7148.746","0.0008816291721246377567821258","0.001336344162252234937232082"
"2021-08-05T20:00:00.0000000+00:00","14594.814590960000000000000001","18914.485590960000000000000000","8365.499","0.000653066700143367263779512","0.0006841501839811655930966626"
"2021-08-06T13:30:00.0000000+00:00","14629.101028960000000000000001","18898.034028960000000000000000","6833.353","-0.0008697863825523686934564804","0.0015533415020198867710325269"
"2021-08-06T20:00:00.0000000+00:00","15836.359528960000000000000001","18904.417528960000000000000000","5597.882","0.0003377864591744148699440876","0.0012160797405713278658444609"
"2021-08-09T13:30:00.0000000+00:00","15836.359528960000000000000001","18909.037528960000000000000000","5603.962","0.0002443873233820900916335915","0.0009719896116620551875380671"
"2021-08-09T20:00:00.0000000+00:00","15836.359528960000000000000001","18898.695528960000000000000000","5569.924","-0.000546934236296309873882204","0.0015183922335624227284568387"
"2021-08-10T13:30:00.0000000+00:00","15861.314536960000000000000001","18906.883536960000000000000000","5588.757","0.0004332578398044908951129428","0.0010857922490970210046139428"
"2021-08-10T20:00:00.0000000+00:00","13368.956164960000000000000000","18917.790164960000000000000000","6609.846","0.0005768601672866524098001306","0.0005095584321088212529144823"
"2021-08-11T13:30:00.0000000+00:00","13368.956164960000000000000000","18938.926164960000000000000000","6612.578","0.0011172552299025191248703176","0"
"2021-08-11T20:00:00.0000000+00:00","12617.705944959999999999999999","18946.628944960000000000000000","7345.6370","0.0004067168292915866422446483","0"
"2021-08-12T13:30:00.0000000+00:00","12564.928837559999999999999999","18931.992837560000000000000000","7437.336","-0.0007724913726087065487155107","0.0007724913726087065487155107"
"2021-08-12T20:00:00.0000000+00:00","11308.997701559999999999999999","18957.783461560000000000000000","8678.29424","0.0013622772954378508311789725","0"
"2021-08-13T13:30:00.0000000+00:00","11389.401617559999999999999999","18988.361617560000000000000000","8654.300","0.0016129605057470036959180815","0"
"2021-08-13T20:00:00.0000000+00:00","12662.826881559999999999999999","19015.488881560000000000000000","7431.1680","0.0014286258365183718805279856","0"
"2021-08-16T13:30:00.0000000+00:00","12657.027401559999999999999999","19013.883401560000000000000000","7475.844","-0.0000844301195725181383538992","0.0000844301195725181383538992"
"2021-08-16T20:00:00.0000000+00:00","12657.027401559999999999999999","19035.937401560000000000000000","7462.330","0.0011598893047903392888444383","0"
"2021-08-17T13:30:00.0000000+00:00","12657.027401559999999999999999","18992.849401560000000000000000","7466.9780","-0.0022635081788233306147054047","0.0022635081788233306147054047"
"2021-08-17T20:00:00.0000000+00:00","13405.597657560000000000000000","18997.293057560000000000000000","6726.1274","0.0002339646835526961580423943","0.0020300730762454117967974174"
"2021-08-18T13:30:00.0000000+00:00","13405.597657560000000000000000","18995.111657560000000000000000","6749.686","-0.000114826885777387570674073","0.0021446668550535535857622886"
"2021-08-18T20:00:00.0000000+00:00","13405.597657560000000000000000","18949.719997560000000000000000","6793.67766","-0.0023896495487002967635531511","0.0045291914015715591402159353"
"2021-08-19T13:30:00.0000000+00:00","13348.386217560000000000000000","18900.246217560000000000000000","6775.9400","-0.0026107921386896657480111993","0.0071281587629553810326036061"
"2021-08-19T20:00:00.0000000+00:00","12108.088207559999999999999999","18906.942207560000000000000000","7998.966","0.0003542805698361132033125501","0.0067764035612676899454619137"
"2021-08-20T13:30:00.0000000+00:00","9112.659241560000000000000000","18927.553241560000000000000000","10932.406","0.0010901304808430954829293442","0.0056936602444972260740143182"
"2021-08-20T20:00:00.0000000+00:00","7793.9793575599999999999999995","19014.101357560000000000000000","12233.7980","0.0045725992628546818526844464","0.0011470958082794772449232795"
"2021-08-23T13:30:00.0000000+00:00","7817.8245875599999999999999995","19056.404587560000000000000000","12259.360","0.0022248345690647247264131513","0"
"2021-08-23T20:00:00.0000000+00:00","7063.0610650399999999999999995","19092.924665040000000000000000","13042.0836","0.0019164201364532460912106359","0"
"2021-08-24T13:30:00.0000000+00:00","7093.7353490399999999999999995","19090.293349040000000000000000","13046.222","-0.0001378162877695766233459455","0.0001378162877695766233459455"
"2021-08-24T20:00:00.0000000+00:00","7093.7353490399999999999999995","19090.129349040000000000000000","13048.746","-0.0000085907532692915440787881","0.0001464058570931434493101151"
"2021-08-25T13:30:00.0000000+00:00","7093.7353490399999999999999995","19086.801349040000000000000000","13041.834","-0.0001743309298303606147455018","0.0003207112638543044054610702"
"2021-08-25T20:00:00.0000000+00:00","7093.7353490399999999999999995","19072.083349040000000000000000","12994.4120","-0.0007711087746371009631559673","0.0010915727352217223599772231"
"2021-08-26T13:30:00.0000000+00:00","7116.9207110399999999999999995","19057.329711040000000000000000","13025.701","-0.0007735724372630024993977641","0.0018643007619034895495160045"
"2021-08-26T20:00:00.0000000+00:00","5868.9211610399999999999999995","19027.905161040000000000000000","14288.736","-0.0015440017277422776038620592","0.0034054240060483569210038606"
"2021-08-27T13:30:00.0000000+00:00","5868.9211610399999999999999995","19045.053161040000000000000000","14276.868","0.0009012027259370021563122778","0.0025072902575085768500673889"
"2021-08-27T20:00:00.0000000+00:00","7134.6179710399999999999999995","19166.495971040000000000000000","13074.582","0.0063766065115760658358782387","0"
"2021-08-30T13:30:00.0000000+00:00","7156.5735790399999999999999995","19165.719579040000000000000000","13080.794","-0.0000405077694521265130221812","0.0000405077694521265130221812"
"2021-08-30T20:00:00.0000000+00:00","6015.3903880399999999999999995","19198.703388040000000000000000","14255.9370","0.0017209794218251908830731303","0"
"2021-08-31T13:30:00.0000000+00:00","6015.3903880399999999999999995","19172.878388040000000000000000","14239.872","-0.0013451429233542880486042242","0.0013451429233542880486042242"
"2021-08-31T20:00:00.0000000+00:00","14897.823546040000000000000001","19168.087546040000000000000000","6825.456","-0.000249875991650190451327135","0.0015946827960825941110766796"
"2021-09-01T13:30:00.0000000+00:00","14896.876806040000000000000001","19157.272806040000000000000000","6807.664","-0.0005642054781951501308565754","0.0021579885455082108828390048"
"2021-09-01T20:00:00.0000000+00:00","14896.876806040000000000000001","19168.656806040000000000000000","6785.080","0.0005942390712529184221687532","0.0015650318353643496961861301"
"2021-09-02T13:30:00.0000000+00:00","14917.512678040000000000000001","19204.806678040000000000000000","6828.306","0.0018858844605433833975429079","0"
"2021-09-02T20:00:00.0000000+00:00","14818.505722040000000000000001","19192.106722040000000000000000","6933.769","-0.0006612904890379312768231596","0.0006612904890379312768231596"
"2021-09-03T13:30:00.0000000+00:00","14818.505722040000000000000001","19210.125722040000000000000000","6966.52","0.0009388755628014084871598258","0"
"2021-09-03T20:00:00.0000000+00:00","17215.486230040000000000000001","19223.569230040000000000000000","6853.317","0.0006998136396669235423972788","0"
"2021-09-07T13:30:00.0000000+00:00","17215.486230040000000000000001","19232.600230040000000000000000","6826.326","0.0004697878886033074350395162","0"
"2021-09-07T20:00:00.0000000+00:00","16086.860550040000000000000001","19209.828550040000000000000000","5704.272","-0.0011840146276441705779112029","0.0011840146276441705779112029"
"2021-09-08T13:30:00.0000000+00:00","16086.860550040000000000000001","19201.780550040000000000000000","5734.52","-0.000418952203505389532061169","0.0016024707856123259714100295"
"2021-09-08T20:00:00.0000000+00:00","16086.860550040000000000000001","19204.042550040000000000000000","5707.478","0.0001178015754375074314127863","0.001484857983757956252213416"
"2021-09-09T13:30:00.0000000+00:00","16066.020102040000000000000001","19208.428102040000000000000000","7230.012","0.0002283660843060809275611481","0.0012568309906553767514343943"
"2021-09-09T20:00:00.0000000+00:00","14815.570062040000000000000001","19176.054062040000000000000000","8502.256","-0.0016854080837859797340250138","0.0029401208013297531723273806"
"2021-09-10T13:30:00.0000000+00:00","14815.570062040000000000000001","19211.866062040000000000000000","8461.924","0.0018675374967205439504632941","0.0010780740904505805888308623"
"2021-09-10T20:00:00.0000000+00:00","13535.586516040000000000000000","19134.867916040000000000000000","6809.8454","-0.0040078431606463115198441855","0.0050815964992268097562401695"
"2021-09-13T13:30:00.0000000+00:00","13490.917584040000000000000000","19190.529584040000000000000000","6744.656","0.0029089131027312205187573426","0.0021874653191349832048806955"
"2021-09-13T20:00:00.0000000+00:00","12735.606552039999999999999999","19185.719552040000000000000000","7505.6870","-0.00025064613141266889566957","0.0024375631708278115378456493"
"2021-09-14T13:30:00.0000000+00:00","12735.606552039999999999999999","19222.692552040000000000000000","7519.494","0.0019271104166676247881460378","0.0005151502075379743902521953"
"2021-09-14T20:00:00.0000000+00:00","12735.606552039999999999999999","19177.052552040000000000000000","7520.654","-0.0023742771662420660512965539","0.0028882042644050981674995174"
"2021-09-15T13:30:00.0000000+00:00","12735.606552039999999999999999","19196.510552040000000000000000","7513.436","0.0010146501891882292210778769","0.0018764845922201618296888602"
"2021-09-15T20:00:00.0000000+00:00","12735.606552039999999999999999","19220.478552040000000000000000","7501.3680","0.0012485602492716019730724411","0.0006302672470187765822510027"
"2021-09-16T13:30:00.0000000+00:00","12757.512170039999999999999999","19186.298170040000000000000000","7497.994","-0.0017783314763706652760840777","0.0024074778993055428825927288"
"2021-09-16T20:00:00.0000000+00:00","11536.468010039999999999999999","19201.062010040000000000000000","8705.986","0.0007694991430423089288556755","0.0016398313084436428670915214"
"2021-09-17T13:30:00.0000000+00:00","11566.793504039999999999999999","19188.049504040000000000000000","8716.504","-0.000677697202019134154752893","0.0023164172013732613893126748"
"2021-09-17T20:00:00.0000000+00:00","13535.849614040000000000000000","19124.079614040000000000000000","6779.490","-0.0033338401585075797182839964","0.0056425347951910451896390485"
"2021-09-20T13:30:00.0000000+00:00","13523.706106040000000000000000","19074.802106040000000000000000","6832.584","-0.0025767257297874231162363798","0.0082047212603904787319329822"
"2021-09-20T20:00:00.0000000+00:00","13523.706106040000000000000000","19047.626106040000000000000000","6858.600","-0.0014247067858908361105995092","0.0096177387242252937137575489"
"2021-09-21T13:30:00.0000000+00:00","13474.732738040000000000000000","19082.000738040000000000000000","6669.292","0.0018046675112495938920206153","0.0078304280335829963267872012"
"2021-09-21T20:00:00.0000000+00:00","10909.089712039999999999999999","19073.405712040000000000000000","9217.3640","-0.0004504258289260937647723382","0.0082773268354712173480549256"
"2021-09-22T13:30:00.0000000+00:00","7961.037480040000000000000000","19096.135480040000000000000000","12150.202","0.0011916994973609740840239073","0.0070954914243395668159752737"
"2021-09-22T20:00:00.0000000+00:00","7961.037480040000000000000000","19153.998480040000000000000000","12159.9210","0.0030300895204938500163584012","0.0040869018780533621025032799"
"2021-09-23T13:30:00.0000000+00:00","8156.668346040000000000000000","19155.066346040000000000000000","12012.222","0.0000557515967808393569491798","0.0040313781325781108316988543"
"2021-09-23T20:00:00.0000000+00:00","6170.5562030399999999999999995","19168.322203040000000000000000","13959.174","0.0006920287698580816416038153","0.0033421391923699499904961734"
"2021-09-24T13:30:00.0000000+00:00","6224.2183790399999999999999995","19108.808379040000000000000000","14014.890","-0.0031048008985659373603579947","0.0064365634141682846939429817"
"2021-09-24T20:00:00.0000000+00:00","7456.8867960399999999999999995","19157.270796040000000000000000","12738.736","0.0025361297281706628605087219","0.0039167576458195496789654437"
"2021-09-27T13:30:00.0000000+00:00","7477.5326660399999999999999995","19110.762666040000000000000000","12723.550","-0.0024277012365254917676812789","0.0063349501649651146517592538"
"2021-09-27T20:00:00.0000000+00:00","7477.5326660399999999999999995","19130.020666040000000000000000","12747.032","0.0010077044195740885887686758","0.0053336295026700430106061222"
"2021-09-28T13:30:00.0000000+00:00","7477.5326660399999999999999995","18999.780666040000000000000000","12688.072","-0.0068081473759829588103049612","0.0121054647429499334739867363"
"2021-09-28T20:00:00.0000000+00:00","7477.5326660399999999999999995","18876.782266040000000000000000","12664.3376","-0.0064736747314060311169038291","0.0185007726331376030007916665"
"2021-09-29T13:30:00.0000000+00:00","7406.1183860399999999999999995","18916.968386040000000000000000","12624.69","0.0021288649428507873113106113","0.0164112933365611555825770707"
"2021-09-29T20:00:00.0000000+00:00","7406.1183860399999999999999995","18876.360586040000000000000000","12619.1822","-0.0021466336027694059633075724","0.0185226979055893937272243933"
"2021-09-30T13:30:00.0000000+00:00","7406.1183860399999999999999995","18910.946386040000000000000000","12610.712","0.0018322281905113587170791052","0.0167244075243449815989351639"
"2021-09-30T20:00:00.0000000+00:00","14816.094660340000000000000001","18845.417460340000000000000000","7196.6828","-0.0034651320120273432157737865","0.0201315872564775260505553023"
"2021-10-01T13:30:00.0000000+00:00","14703.831311340000000000000001","18857.389311340000000000000000","8741.902","0.0006352658955523084281685217","0.019509110271732593257834835"
"2021-10-01T20:00:00.0000000+00:00","15980.710884340000000000000001","18880.318884340000000000000000","7474.932","0.0012159463126855618775471602","0.0183168859897457206471768987"
"2021-10-04T13:30:00.0000000+00:00","15980.710884340000000000000001","18877.608884340000000000000000","7458.482","-0.0001435357112663901687821422","0.0184577925737533872868863694"
"2021-10-04T20:00:00.0000000+00:00","15980.710884340000000000000001","18858.792884340000000000000000","7489.238","-0.0009967364042386158392325166","0.0194361314241918579484263697"
"2021-10-05T13:30:00.0000000+00:00","15980.710884340000000000000001","18868.546884340000000000000000","7474.884","0.000517212318933707836332508","0.0189289717118631566924388504"
"2021-10-05T20:00:00.0000000+00:00","15980.710884340000000000000001","18904.522884340000000000000000","7444.968","0.0019066651088992112903703066","0.0170583978128742950576831611"
"2021-10-06T13:30:00.0000000+00:00","15985.941320340000000000000001","18870.781320340000000000000000","6003.86","-0.0017848408133034982404307481","0.018812792101551808125735577"
"2021-10-06T20:00:00.0000000+00:00","15985.941320340000000000000001","18908.187320340000000000000000","5992.494","0.0019822178724355036892225472","0.0168678652818504139098785803"
"2021-10-07T13:30:00.0000000+00:00","15985.941320340000000000000001","18927.294320340000000000000000","5967.587","0.0010105146345491369409732129","0.0158743958720221901147018805"
"2021-10-07T20:00:00.0000000+00:00","14746.743530340000000000000001","18945.935530340000000000000000","7192.468","0.0009848850915773754961540479","0.0149051452362769667048057246"
"2021-10-08T13:30:00.0000000+00:00","14788.435190340000000000000001","18991.000190340000000000000000","7253.315","0.0023785924916631065171176872","0.0125620060111600167004331062"
"2021-10-08T20:00:00.0000000+00:00","16028.557116340000000000000001","18977.633116340000000000000000","5982.6640","-0.0007038636125547153907817109","0.0132570276847827829514765871"
"2021-10-11T13:30:00.0000000+00:00","16049.442938340000000000000001","18973.666938340000000000000000","6009.616","-0.0002089922371080652226148378","0.0134632493060176018657753433"
"2021-10-11T20:00:00.0000000+00:00","13501.933538340000000000000000","18960.853538340000000000000000","6567.72","-0.0006753254413941473051236286","0.0141294826726315633865330303"
"2021-10-12T13:30:00.0000000+00:00","13501.933538340000000000000000","18986.959838340000000000000000","6567.9543","0.001376852574026347089904463","0.0127720843131926897347812388"
"2021-10-12T20:00:00.0000000+00:00","12766.366454339999999999999999","18992.756454340000000000000000","7300.870","0.0003052945837224032917625421","0.0124706889776339500423804443"
"2021-10-13T13:30:00.0000000+00:00","12752.124404339999999999999999","19012.716404340000000000000000","7325.568","0.0010509243378119024094523333","0.0114328703903779257821335624"
"2021-10-13T20:00:00.0000000+00:00","12752.124404339999999999999999","19045.568404340000000000000000","7338.356","0.0017278961775551930385607846","0.0097247290258687507091684217"
"2021-10-14T13:30:00.0000000+00:00","12770.970634339999999999999999","19097.500634340000000000000000","7359.510","0.0027267356320101198637409047","0.0070245101590051102306741908"
"2021-10-14T20:00:00.0000000+00:00","11520.520594339999999999999999","19127.489414340000000000000000","8603.27118","0.0015702986780414576028894769","0.0054652420599802271415278511"
"2021-10-15T13:30:00.0000000+00:00","11586.217394339999999999999999","19104.279394340000000000000000","8571.758","-0.0012134378693002596019859395","0.0066720481976000141751033526"
"2021-10-15T20:00:00.0000000+00:00","12816.221344339999999999999999","19119.198344340000000000000000","7371.373","0.0007809218914805034680229629","0.0058963366546180295941094013"
"2021-10-18T13:30:00.0000000+00:00","12816.221344339999999999999999","19106.257344340000000000000000","7381.364","-0.0006768589230013935968287022","0.0065692045895417247913345897"
"2021-10-18T20:00:00.0000000+00:00","13574.169724340000000000000000","19167.098724340000000000000000","6628.6910","0.0031843693353174440748280161","0.0034057540278766440017083917"
"2021-10-19T13:30:00.0000000+00:00","13591.616234340000000000000000","19170.526234340000000000000000","6639.870","0.0001788225776521648766772567","0.0032275404759385932695052153"
"2021-10-19T20:00:00.0000000+00:00","13591.616234340000000000000000","19158.696234340000000000000000","6625.000","-0.0006170931280336489659488061","0.0038426419109240900767978494"
"2021-10-20T13:30:00.0000000+00:00","13591.616234340000000000000000","19157.638234340000000000000000","6625.158","-0.0000552229643948132233905413","0.0038976526732414743221161594"
"2021-10-20T20:00:00.0000000+00:00","11021.602334339999999999999999","19163.202134340000000000000000","9182.4958","0.0002904272401400047618391831","0.0036083574176103833934521284"
"2021-10-21T13:30:00.0000000+00:00","8035.298274340000000000000000","19157.349274340000000000000000","12208.491","-0.0003054218161959380907344022","0.0039126771627303508358469522"
"2021-10-21T20:00:00.0000000+00:00","6793.5999843399999999999999995","19176.777984340000000000000000","13405.562","0.0010141648367826894356331338","0.0029024804255437851828617897"
"2021-10-22T13:30:00.0000000+00:00","6888.1010803399999999999999995","19238.005080340000000000000000","13441.416","0.0031927728448438430454925526","0"
"2021-10-22T20:00:00.0000000+00:00","7368.5278663399999999999999995","19249.151866340000000000000000","13002.196","0.0005794148589445636505653136","0"
"2021-10-25T13:30:00.0000000+00:00","7368.5278663399999999999999995","19251.351866340000000000000000","12991.036","0.0001142907498094514303555439","0"
"2021-10-25T20:00:00.0000000+00:00","7368.5278663399999999999999995","19267.709866340000000000000000","12972.658","0.0008497065615740535532251448","0"
"2021-10-26T13:30:00.0000000+00:00","7589.8036023399999999999999995","19314.221602340000000000000000","12778.522","0.0024139732393030444803894664","0"
"2021-10-26T20:00:00.0000000+00:00","7589.8036023399999999999999995","19306.871602340000000000000000","12821.272","-0.0003805486004732138040133432","0.0003805486004732138040133432"
"2021-10-27T13:30:00.0000000+00:00","7549.2627543399999999999999995","19377.431754340000000000000000","12926.361","0.0036546652121231325433185079","0"
"2021-10-27T20:00:00.0000000+00:00","7549.2627543399999999999999995","19409.036414340000000000000000","13000.05634","0.0016310035509696193144270449","0"
"2021-10-28T13:30:00.0000000+00:00","7549.2627543399999999999999995","19433.298754340000000000000000","12996.924","0.0012500538142158478462199567","0"
"2021-10-28T20:00:00.0000000+00:00","6297.7625043399999999999999995","19432.550504340000000000000000","14222.292","-0.0000385034990435113243010871","0.0000385034990435113243010871"
"2021-10-29T13:30:00.0000000+00:00","6297.7625043399999999999999995","19347.474504340000000000000000","14179.968","-0.0043780151236966765820655618","0.0044163500538390601732677258"
"2021-10-29T20:00:00.0000000+00:00","16585.354574340000000000000001","19444.736574340000000000000000","7210.078","0.0050271196883180954988569421","0"
"2021-11-01T13:30:00.0000000+00:00","16583.284209340000000000000001","19479.110209340000000000000000","7189.594","0.001767760384337668603960651","0"
"2021-11-01T20:00:00.0000000+00:00","17474.855859340000000000000001","19482.775859340000000000000000","8089.02","0.0001881836470252303791979342","0"
"2021-11-02T13:30:00.0000000+00:00","17522.133343340000000000000001","19405.305343340000000000000000","6643.348","-0.0039763592497965737570655262","0.0039763592497965737570655262"
"2021-11-02T20:00:00.0000000+00:00","17587.930181340000000000000001","19395.781561340000000000000000","6712.74862","-0.0004907823830388018434885602","0.0044651901057669420557510937"
"2021-11-03T13:30:00.0000000+00:00","17618.943977340000000000000001","19359.809977340000000000000000","6756.174","-0.0018546086367408452308207614","0.006311517562372942147637382"
"2021-11-03T20:00:00.0000000+00:00","17618.943977340000000000000001","19303.735377340000000000000000","6819.3554","-0.0028964437184886326188610537","0.0091896803254639089716862441"
"2021-11-04T13:30:00.0000000+00:00","17574.003465340000000000000001","19332.589465340000000000000000","6912.654","0.0014947411698292774417293052","0.0077086753491546725483111976"
"2021-11-04T20:00:00.0000000+00:00","16167.147150340000000000000001","19352.660150340000000000000000","8045.217","0.0010381788242068284772202231","0.006678499508458021632015136"
"2021-11-05T13:30:00.0000000+00:00","16167.147150340000000000000001","19420.219950340000000000000000","8012.3688","0.0034909826078257807835962662","0.0032108314262626408278832061"
"2021-11-05T20:00:00.0000000+00:00","17449.150698340000000000000001","19375.046698340000000000000000","6811.464","-0.0023260937371210941475139589","0.0055294564685121538563559711"
"2021-11-08T14:30:00.0000000+00:00","17366.776346340000000000000001","19423.226346340000000000000000","8283.87","0.0024866855161762215497964466","0.0030565209716485083990125017"
"2021-11-08T21:00:00.0000000+00:00","17366.776346340000000000000001","19466.469746340000000000000000","8256.5066","0.0022263757436028919686448788","0.0008369501921967082121351176"
"2021-11-09T14:30:00.0000000+00:00","17366.776346340000000000000001","19545.404346340000000000000000","8193.092","0.0040549006074838472560434786","0"
"2021-11-09T21:00:00.0000000+00:00","14853.072590340000000000000000","19578.198990340000000000000000","7455.0244","0.001677869816294744678824655","0"
"2021-11-10T14:30:00.0000000+00:00","14853.072590340000000000000000","19626.098590340000000000000000","7414.094","0.0024465784633016524122312763","0"
"2021-11-10T21:00:00.0000000+00:00","14223.364586339999999999999999","19552.148586340000000000000000","8366.356","-0.0037679421439571449575121374","0.0037679421439571449575121374"
"2021-11-11T14:30:00.0000000+00:00","14191.198154339999999999999999","19569.686154340000000000000000","8350.192","0.0008969637235803600870805431","0.0028743581277924640363559165"
"2021-11-11T21:00:00.0000000+00:00","12987.935010339999999999999999","19480.981310340000000000000000","9711.8763","-0.004532767837992526394354691","0.0073940971677084603376069723"
"2021-11-12T14:30:00.0000000+00:00","13036.249286339999999999999999","19540.608286340000000000000000","9605.211","0.0030607788719735358743860423","0.0043559499921231658809616794"
"2021-11-12T21:00:00.0000000+00:00","14247.987026319999999999999999","19661.759226320000000000000000","8210.2078","0.006199957452946406934898128","0"
"2021-11-15T14:30:00.0000000+00:00","14277.941034319999999999999999","19641.839034320000000000000000","8253.282","-0.0010131439293252076742024454","0.0010131439293252076742024454"
"2021-11-15T21:00:00.0000000+00:00","14385.259566319999999999999999","19587.109566320000000000000000","8407.110","-0.0027863718822036835248863195","0.0037966928157715940844648145"
"2021-11-16T14:30:00.0000000+00:00","14385.259566319999999999999999","19480.679566320000000000000000","8504.440","-0.005433675634459419952834351","0.0092097384529864287991787222"
"2021-11-16T21:00:00.0000000+00:00","15123.819372320000000000000000","19536.977372320000000000000000","7609.842","0.0028899302926440437045251436","0.0063464236624849992671761955"
"2021-11-17T14:30:00.0000000+00:00","15123.819372320000000000000000","19612.215372320000000000000000","7531.284","0.0038510563106142119342269079","0.0025198077867660315488106501"
"2021-11-17T21:00:00.0000000+00:00","15073.489308320000000000000000","19669.710408320000000000000000","7497.3531","0.0029315931376700307937014832","0"
"2021-11-18T14:30:00.0000000+00:00","15073.489308320000000000000000","19627.486008320000000000000000","7540.7007","-0.0021466711569957682739342826","0.0021466711569957682739342826"
"2021-11-18T21:00:00.0000000+00:00","10233.391134320000000000000000","19655.347134320000000000000000","12460.584","0.0014194953947841205091368358","0.0007302229520331191576203607"
"2021-11-19T14:30:00.0000000+00:00","7225.8497463199999999999999995","19633.171946320000000000000000","15492.5502","-0.0011282012903898365505751262","0.0018576004039461996674423645"
"2021-11-19T21:00:00.0000000+00:00","8455.723722320000000000000000","19577.435722320000000000000000","14264.368","-0.0028388802457591209200606815","0.0046912071446140435578965696"
"2021-11-22T14:30:00.0000000+00:00","8455.723722320000000000000000","19691.168322320000000000000000","14066.4926","0.0058093716466827586028562887","0"
"2021-11-22T21:00:00.0000000+00:00","7668.4863063199999999999999995","19585.652306320000000000000000","14889.454","-0.0053585452255972679165343877","0.0053585452255972679165343877"
"2021-11-23T14:30:00.0000000+00:00","7556.1138363199999999999999995","19499.367236320000000000000000","15053.7574","-0.0044055244446546763984869907","0.0097404624682727879436260454"
"2021-11-23T21:00:00.0000000+00:00","8780.738862320000000000000000","19456.472382320000000000000000","13899.68648","-0.002199807485039975663587077","0.0119188428110673061718221019"
"2021-11-24T14:30:00.0000000+00:00","8840.157038320000000000000000","19440.303038320000000000000000","13867.6340","-0.0008310521908736653996253917","0.012739989821510155249848397"
"2021-11-24T21:00:00.0000000+00:00","9908.392216300000000000000000","19576.139716300000000000000000","14997.1033","0.0069873745132595828702820519","0.0058416343884285789406550407"
"2021-11-26T14:30:00.0000000+00:00","9874.537846300000000000000000","19533.397246300000000000000000","15255.4606","-0.0021833962476478772351292324","0.0080122760334726304143614927"
"2021-11-26T18:00:00.0000000+00:00","8880.199018300000000000000000","19526.083018300000000000000000","14339.216","-0.0003744473072335358887335424","0.0083837231655206206807739156"
"2021-11-29T14:30:00.0000000+00:00","8794.408374300000000000000000","19769.056374300000000000000000","13698.192","0.0124435277557861165533872855","0"
"2021-11-29T21:00:00.0000000+00:00","8747.917177920000000000000000","19827.800977920000000000000000","13641.8562","0.0029715431281974924404927873","0"
"2021-11-30T14:30:00.0000000+00:00","8857.395277920000000000000000","19965.975277920000000000000000","13739.460","0.0069687152979732464421672016","0"
"2021-11-30T21:00:00.0000000+00:00","17934.680057800000000000000001","19867.173857800000000000000000","8352.6462","-0.0049484895550913883669092717","0.0049484895550913883669092717"
"2021-12-01T14:30:00.0000000+00:00","17841.085998800000000000000001","20041.851998800000000000000000","8111.774","0.0087922994105887921546228087","0"
"2021-12-01T21:00:00.0000000+00:00","17911.851842800000000000000001","19919.376642800000000000000000","8234.9568","-0.0061109799636946314121286575","0.0061109799636946314121286575"
"2021-12-02T14:30:00.0000000+00:00","17794.003277800000000000000001","19934.248277800000000000000000","8212.545","0.0007465913851965572413339155","0.0053689509834940773527412982"
"2021-12-02T21:00:00.0000000+00:00","16711.960925800000000000000001","20036.230925800000000000000000","9540.970","0.0051159515311933846029445283","0.0002804667453056015030131308"
"2021-12-03T14:30:00.0000000+00:00","16752.952725800000000000000001","20047.612725800000000000000000","9588.34","0.0005680609313273599762595126","0"
"2021-12-03T21:00:00.0000000+00:00","18075.760911240000000000000001","19982.188271240000000000000000","8492.35264","-0.003263453631853277786944948","0.003263453631853277786944948"
"2021-12-06T14:30:00.0000000+00:00","18115.785093240000000000000001","20178.391093240000000000000000","8149.594","0.0098188856664107780310514828","0"
"2021-12-06T21:00:00.0000000+00:00","18115.785093240000000000000001","20263.675093240000000000000000","8064.9100","0.0042265014889403719638101828","0"
"2021-12-07T14:30:00.0000000+00:00","18172.000347240000000000000001","20300.296347240000000000000000","6564.024","0.001807236536881551115538725","0"
"2021-12-07T21:00:00.0000000+00:00","18385.717595240000000000000001","20353.397595240000000000000000","6723.72","0.0026157868383640405167722959","0"
"2021-12-08T14:30:00.0000000+00:00","18370.248515240000000000000001","20267.956515240000000000000000","6982.252","-0.0041978780004760433355002099","0.0041978780004760433355002099"
"2021-12-08T21:00:00.0000000+00:00","18370.248515240000000000000001","20386.004515240000000000000000","6910.104","0.0058243661570537049340174742","0"
"2021-12-09T14:30:00.0000000+00:00","18475.287503240000000000000001","20360.149503240000000000000000","6900.958","-0.0012682726514983122264672178","0.0012682726514983122264672178"
"2021-12-09T21:00:00.0000000+00:00","14646.981995239999999999999999","20354.007995240000000000000000","8816.3140","-0.0003016435610663209944575859","0.0015695336462856322449358316"
"2021-12-10T14:30:00.0000000+00:00","14646.981995239999999999999999","20361.893995240000000000000000","8852.768","0.0003874421195984704579701806","0.0011826996301298598083219758"
"2021-12-10T21:00:00.0000000+00:00","15105.077535239999999999999999","20367.815535240000000000000000","8370.162","0.0002908147936230430439155456","0.0008922287830556710289273003"
"2021-12-13T14:30:00.0000000+00:00","15135.251499239999999999999999","20309.765499240000000000000000","8510.826","-0.0028500864955087084276795965","0.0037397723493588883194728296"
"2021-12-13T21:00:00.0000000+00:00","15135.251499239999999999999999","20389.233499240000000000000000","8448.3380","0.0039127975161984871815635119","0"
"2021-12-14T14:30:00.0000000+00:00","15118.587527239999999999999999","20361.969727240000000000000000","8423.9262","-0.0013371651269291827717047911","0.0013371651269291827717047911"
"2021-12-14T21:00:00.0000000+00:00","15118.587527239999999999999999","20384.139527240000000000000000","8424.848","0.0010887846459344012404039139","0.0002498363658540609502583354"
"2021-12-15T14:30:00.0000000+00:00","15085.840979239999999999999999","20333.036379240000000000000000","8451.3714","-0.0025070054064194945648371847","0.0027562154311536391854885945"
"2021-12-15T21:00:00.0000000+00:00","15085.840979239999999999999999","20443.862979240000000000000000","8351.558","0.0054505681263204640848630377","0"
"2021-12-16T14:30:00.0000000+00:00","15045.337621239999999999999999","20460.413621240000000000000000","8525.328","0.0008095652967742239106685898","0"
"2021-12-16T21:00:00.0000000+00:00","14547.969221239999999999999999","20451.433221240000000000000000","9004.396","-0.0004389158580194794877297229","0.0004389158580194794877297229"
"2021-12-17T14:30:00.0000000+00:00","14547.969221239999999999999999","20470.509221240000000000000000","9021.70","0.000932746365188160368311179","0"
"2021-12-17T21:00:00.0000000+00:00","14674.557695240000000000000000","20499.301355240000000000000000","8878.93434","0.0014065177220958218070454615","0"
"2021-12-20T14:30:00.0000000+00:00","14614.904327240000000000000000","20305.952327240000000000000000","8944.392","-0.0094319813465533749882680911","0.0094319813465533749882680911"
"2021-12-20T21:00:00.0000000+00:00","14669.193467240000000000000000","20354.608467240000000000000000","8914.975","0.0023961515921973691737936203","0.0070584302114771255700311885"
"2021-12-21T14:30:00.0000000+00:00","11705.140775239999999999999999","20419.764775240000000000000000","11831.096","0.0032010592640416887158505516","0.0038799654008534774430021137"
"2021-12-21T21:00:00.0000000+00:00","9169.763801240000000000000000","20494.048801240000000000000000","14424.965","0.0036378492513328629261685564","0.0002562308787493067511470889"
"2021-12-22T14:30:00.0000000+00:00","9413.555513240000000000000000","20418.825513240000000000000000","14237.51","-0.0036704942361339837908063272","0.0039257846209197216658498783"
"2021-12-22T21:00:00.0000000+00:00","9795.196991240000000000000000","20574.444991240000000000000000","13867.072","0.0076213726347332282317673981","0"
"2021-12-23T14:30:00.0000000+00:00","9851.905647240000000000000000","20679.513647240000000000000000","13818.672","0.0051067552998263222374396288","0"
"2021-12-23T21:00:00.0000000+00:00","9684.855263240000000000000000","20686.047203240000000000000000","16168.52806","0.0003159434071541621484770986","0"
"2021-12-27T14:30:00.0000000+00:00","9684.855263240000000000000000","20648.491263240000000000000000","16211.764","-0.0018155203665066428936949577","0.0018155203665066428936949577"
"2021-12-27T21:00:00.0000000+00:00","9879.855395240000000000000000","20640.672395240000000000000000","14025.213","-0.0003786653417104492259575456","0.0021934982335771266017033022"
"2021-12-28T14:30:00.0000000+00:00","9920.437277240000000000000000","20721.671077240000000000000000","14037.8978","0.0039242269073888949508820817","0"
"2021-12-28T21:00:00.0000000+00:00","9805.734341240000000000000000","20637.740341240000000000000000","13898.194","-0.004050384531592471416991299","0.004050384531592471416991299"
"2021-12-29T14:30:00.0000000+00:00","9805.734341240000000000000000","20565.894341240000000000000000","13868.94","-0.0034812919831359404505867251","0.0075175759435299611755126215"
"2021-12-29T21:00:00.0000000+00:00","9805.734341240000000000000000","20646.287341240000000000000000","13792.357","0.0039090446866096650668975486","0.0036379177972185365428705164"
"2021-12-30T14:30:00.0000000+00:00","9844.016441240000000000000000","20704.036441240000000000000000","13811.92","0.0027970694704344666868644511","0.0008510238355906200295806506"
"2021-12-30T21:00:00.0000000+00:00","8579.563601240000000000000000","20807.634101240000000000000000","15012.0895","0.0050037421588790132424530269","0"
"2021-12-31T14:30:00.0000000+00:00","8579.563601240000000000000000","20768.277601240000000000000000","15064.286","-0.0018914452171020542854890673","0.0018914452171020542854890673"
"2021-12-31T21:00:00.0000000+00:00","18886.931715240000000000000001","20755.576035240000000000000000","6866.69568","-0.0006115849491168990664442508","0.0025018733867920945899552224"
"2022-01-03T14:30:00.0000000+00:00","18824.666503240000000000000001","20768.872503240000000000000000","8360.094","0.0006406214878076377533275321","0.0018628546528358099218249708"
"2022-01-03T21:00:00.0000000+00:00","18769.355443240000000000000001","20740.156443240000000000000000","8325.2590","-0.0013826489615900053006945073","0.0032429279403744786801078767"
"2022-01-04T14:30:00.0000000+00:00","18947.142601240000000000000001","20776.304601240000000000000000","6771.878","0.001742906718130472415725774","0.0015056733431376979593518157"
"2022-01-04T21:00:00.0000000+00:00","18894.532081240000000000000001","20808.907841240000000000000000","6678.88424","0.0015692511553789083631037135","0"
"2022-01-05T14:30:00.0000000+00:00","18894.532081240000000000000001","20776.462081240000000000000000","6730.09","-0.0015592245516940384294526912","0.0015592245516940384294526912"
"2022-01-05T21:00:00.0000000+00:00","18894.532081240000000000000001","20698.608381240000000000000000","6761.7163","-0.0037472068004445087682343658","0.0053005886152950192563798762"
"2022-01-06T14:30:00.0000000+00:00","18777.433523240000000000000001","20681.841523240000000000000000","8187.612","-0.0008100475979436614172295316","0.0061063424841631734248498486"
"2022-01-06T21:00:00.0000000+00:00","17551.748435240000000000000001","20655.762315240000000000000000","9434.52612","-0.0012609712713780843767308302","0.0073596138330955325547235227"
"2022-01-07T14:30:00.0000000+00:00","17551.748435240000000000000001","20642.688435240000000000000000","9447.44","-0.0006329410554048628994742978","0.0079878966867535037393113687"
"2022-01-07T21:00:00.0000000+00:00","18783.145206620000000000000001","20667.295106620000000000000000","8160.5379","0.0011920284248437775337685802","0.0068053900618150518140479849"
"2022-01-10T14:30:00.0000000+00:00","18783.145206620000000000000001","20555.157206620000000000000000","8252.248","-0.0054258624276420570744649396","0.0121943273792152579426183417"
"2022-01-10T21:00:00.0000000+00:00","17649.188460620000000000000001","20575.058700620000000000000000","9359.36976","0.0009681995520613444379473731","0.0112379343694601591056818003"
"2022-01-11T14:30:00.0000000+00:00","17572.973220620000000000000001","20612.127220620000000000000000","9441.286","0.0018016240215578579664822112","0.0094565568804150112218616749"
"2022-01-11T21:00:00.0000000+00:00","15006.390006620000000000000000","20620.858006620000000000000000","8679.312","0.0004235752043712343908815557","0.0090369872390570468220964192"
"2022-01-12T14:30:00.0000000+00:00","15115.680286620000000000000000","20536.170286620000000000000000","8769.290","-0.0041068960356941669567631286","0.0131067693076845116181970272"
"2022-01-12T21:00:00.0000000+00:00","14334.114004620000000000000000","20463.232004620000000000000000","9639.122","-0.0035516983440442994302259329","0.0166119163608829373196217278"
"2022-01-13T14:30:00.0000000+00:00","14334.114004620000000000000000","20579.794004620000000000000000","9556.200","0.0056961676422220940217524742","0.0110103729791110044872928014"
"2022-01-13T21:00:00.0000000+00:00","14105.643022019999999999999999","20568.108382020000000000000000","9414.07464","-0.0005678201928248976014603923","0.0115719412598278292359342532"
"2022-01-14T14:30:00.0000000+00:00","14028.070728019999999999999999","20540.060728020000000000000000","9447.03","-0.001363647715145180094359593","0.0129198089237142508741388289"
"2022-01-14T21:00:00.0000000+00:00","16535.984045020000000000000000","20519.967045020000000000000000","9428.237","-0.0009782679450693605875836831","0.0138854378338571207342142359"
"2022-01-18T14:30:00.0000000+00:00","16592.840695020000000000000000","20433.314695020000000000000000","9419.906","-0.0042228308559116179312987667","0.0180496328344360842383018241"
"2022-01-18T21:00:00.0000000+00:00","15419.226019020000000000000000","20383.300019020000000000000000","8225.746","-0.0024477025263154958691577911","0.0204531552288636637796848956"
"2022-01-19T14:30:00.0000000+00:00","15310.473269020000000000000000","20421.178269020000000000000000","8211.805","0.0018582982129809779569108927","0.0186328650776943057143963525"
"2022-01-19T21:00:00.0000000+00:00","16057.713791020000000000000000","20473.654091020000000000000000","7371.5075","0.0025696765048865264606883428","0.0161110690084166509735266987"
"2022-01-20T14:30:00.0000000+00:00","16057.713791020000000000000000","20554.721791020000000000000000","7299.292","0.0039596107094315569281155034","0.0122152518603712114711898161"
"2022-01-20T21:00:00.0000000+00:00","12338.668517019999999999999999","20498.814517020000000000000000","11172.8340","-0.002719923653961831505429436","0.0149019509618589180510924374"
"2022-01-21T14:30:00.0000000+00:00","12235.667921019999999999999999","20479.615921020000000000000000","11261.992","-0.0009365710384890580343032146","0.0158245652646601148612622938"
"2022-01-21T21:00:00.0000000+00:00","13556.363729019999999999999999","20399.563729020000000000000000","10169.200","-0.0039088717439195486055385974","0.019671580812556822770398196"
"2022-01-24T14:30:00.0000000+00:00","10588.207295020000000000000000","20281.271295020000000000000000","13069.536","-0.0057987727370718039018734627","0.025356282523117667364868972"
"2022-01-24T21:00:00.0000000+00:00","10588.207295020000000000000000","20360.869295020000000000000000","13040.098","0.0039247046618593889238126683","0.0215310937814841820987640846"
"2022-01-25T14:30:00.0000000+00:00","10588.207295020000000000000000","20243.285295020000000000000000","13091.602","-0.0057749990089450402328620763","0.0271817507451796484613570779"
"2022-01-25T21:00:00.0000000+00:00","9840.557795020000000000000000","20267.277795020000000000000000","13719.640","0.0011852078183130845335267374","0.0260287589503651883587537272"
"2022-01-26T14:30:00.0000000+00:00","9823.794443020000000000000000","20223.390443020000000000000000","13864.124","-0.0021654290449792836334436997","0.028137824564708586721279907"
"2022-01-26T21:00:00.0000000+00:00","9761.141915020000000000000000","20107.218915020000000000000000","13638.893","-0.0057444140401342055876756686","0.0337206032903544471616036762"
"2022-01-27T14:30:00.0000000+00:00","9689.727635020000000000000000","20191.591635020000000000000000","13754.336","0.0041961407172512537985492448","0.0296659589695801262618173354"
"2022-01-27T21:00:00.0000000+00:00","8384.891720020000000000000000","19925.263720020000000000000000","15042.228","-0.0131900406770353247185438779","0.042464704441083428167706112"
"2022-01-28T14:30:00.0000000+00:00","8283.131372020000000000000000","19689.899372020000000000000000","15344.592","-0.011812357984678345468860195","0.0537754541351901358063953169"
"2022-01-28T21:00:00.0000000+00:00","9341.552384020000000000000000","19916.106784020000000000000000","13958.1256","0.0114885001556406242662075088","0.0429047532927512886671993835"
"2022-01-31T14:30:00.0000000+00:00","9391.547966020000000000000000","19798.981966020000000000000000","14063.746","-0.0058809093197861808478644616","0.0485333436490350016310705424"
"2022-01-31T21:00:00.0000000+00:00","18154.921053940000000000000001","19939.932653940000000000000000","6970.0484","0.0071190876461176942438292661","0.0417597691301139371223558996"
"2022-02-01T14:30:00.0000000+00:00","18197.865247940000000000000001","20008.823247940000000000000000","6952.182","0.0034549060518711265634905623","0.0384491391573351822507232736"
"2022-02-01T21:00:00.0000000+00:00","18105.380954780000000000000001","19987.729614780000000000000000","6860.73134","-0.0010542165772878065754922835","0.0394628220147408803508700295"
"2022-02-02T14:30:00.0000000+00:00","18131.425912780000000000000001","19820.707912780000000000000000","7160.238","-0.008356211796886385217159393","0.0474892741127692600756967992"
"2022-02-02T21:00:00.0000000+00:00","18131.425912780000000000000001","19817.040912780000000000000000","7202.5950","-0.0001850085282592551100986015","0.0476654967203168114019965381"
"2022-02-03T14:30:00.0000000+00:00","18131.425912780000000000000001","20034.311912780000000000000000","6965.334","0.0109638467698717843530836431","0.0372242471526964066524817891"
"2022-02-03T21:00:00.0000000+00:00","16711.281940780000000000000001","19959.103940780000000000000000","8115.3780","-0.0037539583254678396316931159","0.0408384672056561090841462646"
"2022-02-04T14:30:00.0000000+00:00","16691.737002780000000000000001","20013.213002780000000000000000","9336.404","0.0027109965537804310210957929","0.0382381835957318869235422814"
"2022-02-04T21:00:00.0000000+00:00","18045.351225780000000000000001","20165.434225780000000000000000","8122.067","0.0076060362211132824751980142","0.0309229883840773209173742067"
"2022-02-07T14:30:00.0000000+00:00","18093.213775780000000000000001","20274.375775780000000000000000","6599.758","0.0054023904856324082166500792","0.0256876559566783734966899069"
"2022-02-07T21:00:00.0000000+00:00","18262.529905780000000000000001","20273.425905780000000000000000","6743.524","-0.0000468507642605068763887407","0.0257333032346252490293630274"
"2022-02-08T14:30:00.0000000+00:00","18290.224365780000000000000001","20272.394365780000000000000000","6756.590","-0.0000508813855533861986050137","0.0257828752740551920604868978"
"2022-02-08T21:00:00.0000000+00:00","18388.484709780000000000000001","20346.732709780000000000000000","6796.692","0.0036669740465134129331900227","0.022210446362016231915374751"
"2022-02-09T14:30:00.0000000+00:00","18533.565687780000000000000001","20438.237687780000000000000000","6639.068","0.004497281175567642371541474","0.0178130518087734399691166557"
"2022-02-09T21:00:00.0000000+00:00","16041.507375780000000000000000","20468.416375780000000000000000","7171.261","0.0014765797551147868589229049","0.0163627744453362988072988164"
"2022-02-10T14:30:00.0000000+00:00","16081.339407780000000000000000","20442.267407780000000000000000","7196.092","-0.001277527656264688842011772","0.0176193982047138494235435485"
"2022-02-10T21:00:00.0000000+00:00","14218.470325779999999999999999","20379.032325780000000000000000","9331.898","-0.003093349712074196781129218","0.020658244956424573998883813"
"2022-02-11T14:30:00.0000000+00:00","14039.424523779999999999999999","20402.770523780000000000000000","9337.114","0.0011648344053103330638079225","0.0195174739855928129411074806"
"2022-02-11T21:00:00.0000000+00:00","15296.832991780000000000000000","20297.483991780000000000000000","8267.639","-0.0051604036754364119617050108","0.0245771596165387371947480337"
"2022-02-14T14:30:00.0000000+00:00","15098.169061780000000000000000","20231.361061780000000000000000","8293.648","-0.0032576909545428497269091196","0.0277547857805104328643211994"
"2022-02-14T21:00:00.0000000+00:00","13977.267126220000000000000000","20186.417046220000000000000000","9443.85568","-0.0022215023212108956286030815","0.0299146307806852134067575521"
"2022-02-15T14:30:00.0000000+00:00","13977.267126220000000000000000","20159.477126220000000000000000","9419.750","-0.0013345567932296645321913693","0.0312092648001895572645183549"
"2022-02-15T21:00:00.0000000+00:00","13943.150304220000000000000000","20151.064304220000000000000000","9385.606","-0.0004173135020976332751706172","0.0316135542546955310425449768"
"2022-02-16T14:30:00.0000000+00:00","14046.257724220000000000000000","20113.093724220000000000000000","9468.524","-0.0018842965029915699667225802","0.0334382814479578439521087462"
"2022-02-16T21:00:00.0000000+00:00","12132.998772219999999999999999","20081.539772220000000000000000","11186.029","-0.00156882637910661277822406","0.0349546489690569092009765676"
"2022-02-17T14:30:00.0000000+00:00","12178.529664219999999999999999","20072.677664220000000000000000","11312.132","-0.000441306199650063000959655","0.035380529465410335704715735"
"2022-02-17T21:00:00.0000000+00:00","11922.960463139999999999999999","20053.538803140000000000000000","11463.98166","-0.0009534782254843583179652379","0.0363002731264433175231560008"
"2022-02-18T14:30:00.0000000+00:00","11802.036298139999999999999999","20001.476298140000000000000000","11487.5600","-0.0025961754437001417977549955","0.0388022066924529790075401817"
"2022-02-18T21:00:00.0000000+00:00","14203.820845139999999999999999","20099.251145140000000000000000","11316.5047","0.0048883815145731212659090572","0.0341035051677998903373454575"
"2022-02-22T14:30:00.0000000+00:00","11224.975195139999999999999999","19964.685195140000000000000000","14366.850","-0.0066950728178018738720281679","0.0405702525351610614301418466"
"2022-02-22T21:00:00.0000000+00:00","10072.674781140000000000000000","20031.654281140000000000000000","13120.2675","0.0033543772589162724929082821","0.0373519632087372234534902838"
"2022-02-23T14:30:00.0000000+00:00","10072.674781140000000000000000","20004.992331140000000000000000","13132.41755","-0.0013309909219580775606800155","0.0386332390067471596640813188"
"2022-02-23T21:00:00.0000000+00:00","9374.845243140000000000000000","19821.576243140000000000000000","13816.879","-0.0091685157866565346492792957","0.0474475453316806579594480046"
"2022-02-24T14:30:00.0000000+00:00","10534.717633140000000000000000","19581.529633140000000000000000","12722.508","-0.0121103693800878794362987582","0.0589833074116234203481189025"
"2022-02-24T21:00:00.0000000+00:00","9250.880917140000000000000000","19919.945297140000000000000000","13842.31862","0.0172823916384581897576323962","0.0427202883919844801616430843"
"2022-02-25T14:30:00.0000000+00:00","9250.880917140000000000000000","19985.058917140000000000000000","13810.202","0.0032687650005418773866587761","0.0395911659749513770825110393"
"2022-02-25T21:00:00.0000000+00:00","10453.565581140000000000000000","20120.813581140000000000000000","12580.392","0.0067928077952060113463147695","0.0330672933606013104545930064"
"2022-02-28T14:30:00.0000000+00:00","10533.382699140000000000000000","20066.360699140000000000000000","12657.062","-0.0027062962330231391316510384","0.0356840997021663832006915018"
"2022-02-28T21:00:00.0000000+00:00","19574.474119140000000000000001","20219.391919140000000000000000","5885.7622","0.0076262568133024032035584842","0.0283299789973441886339428954"
"2022-03-01T14:30:00.0000000+00:00","19515.804235140000000000000001","20171.136235140000000000000000","7343.788","-0.0023866041171258170824717959","0.0306489706699568561484509654"
"2022-03-01T21:00:00.0000000+00:00","18519.024919140000000000000001","20034.478919140000000000000000","6470.2660","-0.0067748943047605922233925915","0.0372162214378787832344511123"
"2022-03-02T14:30:00.0000000+00:00","18501.066809140000000000000001","20068.426809140000000000000000","6299.200","0.0016944733195714803774308233","0.035584810012589052611441119"
"2022-03-02T21:00:00.0000000+00:00","18501.066809140000000000000001","20171.216609140000000000000000","6227.86980","0.0051219660104690035127373964","0.0306451081894935272991736229"
"2022-03-03T14:30:00.0000000+00:00","18580.595865140000000000000001","20168.003865140000000000000000","4853.292","-0.0001592736849865683619312662","0.0307995009151719429627300801"
"2022-03-03T21:00:00.0000000+00:00","17348.669529140000000000000001","20155.384529140000000000000000","6109.4150","-0.0006257107091204140098335479","0.0314059400467341698958694427"
"2022-03-04T14:30:00.0000000+00:00","17348.669529140000000000000001","20110.429529140000000000000000","6195.280","-0.0022304213514262415494697867","0.0335663129189185630984341455"
"2022-03-04T21:00:00.0000000+00:00","18599.619289140000000000000001","20114.215289140000000000000000","4926.684","0.0001882485898431177758770168","0.0333843831401486645685589069"
"2022-03-07T14:30:00.0000000+00:00","18561.643511140000000000000001","20145.207511140000000000000000","6336.116","0.0015408118862451083082829424","0.0318950103082608581161247786"
"2022-03-07T21:00:00.0000000+00:00","18561.643511140000000000000001","20046.683511140000000000000000","6379.9200","-0.0048906917412251868839152646","0.0366297133859851414191941764"
"2022-03-08T14:30:00.0000000+00:00","18506.899081140000000000000001","20072.767081140000000000000000","6267.872","0.0013011414075303420997349506","0.0353762324152872730395563029"
"2022-03-08T21:00:00.0000000+00:00","18506.899081140000000000000001","20074.865581140000000000000000","6269.3705","0.0001045446296226747788392188","0.0352753861807799001303007801"
"2022-03-09T14:30:00.0000000+00:00","18506.899081140000000000000001","20135.878081140000000000000000","6225.941","0.0030392482456928738747704294","0.0323433485906531002132397428"
"2022-03-09T21:00:00.0000000+00:00","15915.160837140000000000000000","20160.213837140000000000000000","5299.4070","0.0012085768448704384684498298","0.031173861167974898011356233"
"2022-03-10T14:30:00.0000000+00:00","15940.736007140000000000000000","20134.824007140000000000000000","5270.032","-0.0012594028121480427730792067","0.0323940035317024805286796313"
"2022-03-10T21:00:00.0000000+00:00","13905.048951140000000000000000","20184.124951140000000000000000","7262.564","0.002448541093903647560541277","0.0300247804866422663822304472"
"2022-03-11T14:30:00.0000000+00:00","13960.507857140000000000000000","20178.961857140000000000000000","7268.686","-0.000255799744229604974357744","0.0302728998997028382304743044"
"2022-03-11T21:00:00.0000000+00:00","15181.353639140000000000000000","20136.464039140000000000000000","6087.7024","-0.00210604580656178964633648","0.0323151895923783938919809638"
"2022-03-14T13:30:00.0000000+00:00","15695.591119140000000000000000","20111.529119140000000000000000","5542.282","-0.0012382968505062786232570055","0.0335134706453889170763763517"
"2022-03-14T20:00:00.0000000+00:00","15695.591119140000000000000000","20077.843119140000000000000000","5567.668","-0.0016749596612194580512657077","0.0351322965951698862549236674"
"2022-03-15T13:30:00.0000000+00:00","15675.017005140000000000000000","20102.179005140000000000000000","5554.398","0.0012120767084189860912331069","0.0339628029251671732317496152"
"2022-03-15T20:00:00.0000000+00:00","15675.017005140000000000000000","20119.553005140000000000000000","5541.0840","0.0008642844139213752953072466","0.0331278720324671032172604784"
"2022-03-16T13:30:00.0000000+00:00","15675.017005140000000000000000","20161.385005140000000000000000","5518.252","0.0020791714403055107037830152","0.031117579117569593786725796"
"2022-03-16T20:00:00.0000000+00:00","16497.732429140000000000000000","20245.215429140000000000000000","4676.6170","0.0041579695035151621156945352","0.0270889955590485062913700641"
"2022-03-17T13:30:00.0000000+00:00","16633.905189140000000000000000","20230.811189140000000000000000","4702.394","-0.0007114886008704665187526039","0.0277812106483696791073885403"
"2022-03-17T20:00:00.0000000+00:00","15401.818821140000000000000000","20253.116821140000000000000000","5922.4420","0.0011025574699631309951525623","0.0267092835597315273796672697"
"2022-03-18T13:30:00.0000000+00:00","15401.818821140000000000000000","20234.708821140000000000000000","5934.490","-0.0009088971422307659042998068","0.0275939047104638221204705408"
"2022-03-18T20:00:00.0000000+00:00","16622.374661140000000000000000","20281.504061140000000000000000","4651.2174","0.0023126223566464748620693529","0.0253450966347579383663078473"
"2022-03-21T13:30:00.0000000+00:00","13556.153135140000000000000000","20266.207135140000000000000000","7796.126","-0.0007542303546071512309599315","0.0260802109481427036020888566"
"2022-03-21T20:00:00.0000000+00:00","13556.153135140000000000000000","20276.873135140000000000000000","7789.800","0.0005262948280789057830810014","0.0255676420002010121795873524"
"2022-03-22T13:30:00.0000000+00:00","13556.153135140000000000000000","20289.563135140000000000000000","7774.170","0.0006258361393013855802524755","0.02495780701526007235664116"
"2022-03-22T20:00:00.0000000+00:00","10182.028445139999999999999999","20311.248445140000000000000000","11169.980","0.0010687913709902738725508474","0.0239156903330465489719340445"
"2022-03-23T13:30:00.0000000+00:00","10295.316465139999999999999999","20286.086465140000000000000000","11135.210","-0.0012388199606716279918708843","0.0251248830591603574042567895"
"2022-03-23T20:00:00.0000000+00:00","10295.316465139999999999999999","20348.127685140000000000000000","11148.60878","0.0030583138895031736253358001","0.0221434089484891568871436477"
"2022-03-24T13:30:00.0000000+00:00","10335.171989139999999999999999","20316.029989140000000000000000","11075.182","-0.0015774274909548838990031292","0.0236859068174252376114321195"
"2022-03-24T20:00:00.0000000+00:00","9087.562517140000000000000000","20395.754517140000000000000000","12364.368","0.0039242178734042530014560024","0.0198546376029017123741753222"
"2022-03-25T13:30:00.0000000+00:00","9110.047157140000000000000000","20377.727157140000000000000000","12314.880","-0.0008838780631944912847841162","0.0207209665874663223762704578"
"2022-03-25T20:00:00.0000000+00:00","10352.678581139999999999999999","20368.440581140000000000000000","11030.798","-0.0004557218736117067806756071","0.0211672454633617434304246233"
"2022-03-28T13:30:00.0000000+00:00","10393.980319139999999999999999","20383.002319140000000000000000","11101.638","0.0007149166840726790180300168","0.0204674615962266834481150219"
"2022-03-28T20:00:00.0000000+00:00","10393.980319139999999999999999","20447.698319140000000000000000","11122.702","0.0031740172025221873592059269","0.0173584084689028818101854031"
"2022-03-29T13:30:00.0000000+00:00","10393.980319139999999999999999","20528.770319140000000000000000","11160.950","0.0039648472280184623056437913","0.0134623846785851612959305797"
"2022-03-29T20:00:00.0000000+00:00","10393.980319139999999999999999","20574.022319140000000000000000","11175.498","0.0022043210234472395850822021","0.0112877390727106609911267107"
"2022-03-30T13:30:00.0000000+00:00","10443.810351139999999999999999","20531.806351140000000000000000","11194.444","-0.0020519063965788795499400351","0.0133164840852833321854074139"
"2022-03-30T20:00:00.0000000+00:00","10443.810351139999999999999999","20567.330351140000000000000000","11237.960","0.0017301936026699170232996229","0.0116093305781878281451914534"
"2022-03-31T13:30:00.0000000+00:00","10477.840467139999999999999999","20578.494467140000000000000000","11223.0860","0.0005428082210670184829303138","0.0110728239971997347383836714"
"2022-03-31T20:00:00.0000000+00:00","18244.434195140000000000000001","20472.311195140000000000000000","6862.253","-0.0051599145005264982084719915","0.016175603672621304254185672"
"2022-04-01T13:30:00.0000000+00:00","18202.413866140000000000000001","20508.261866140000000000000000","6773.272","0.0017560631360730031712938594","0.014447945917861518438146522"
"2022-04-01T20:00:00.0000000+00:00","19424.569386140000000000000001","20499.997386140000000000000000","5569.792","-0.0004029829565247068991217913","0.0148451065984245364324682201"
"2022-04-04T13:30:00.0000000+00:00","19424.569386140000000000000001","20512.193386140000000000000000","5561.084","0.0005949269051246653770320899","0.0142590114466247175135831324"
"2022-04-04T20:00:00.0000000+00:00","19424.569386140000000000000001","20561.749386140000000000000000","5527.000","0.0024159288608055330645802456","0.0118775313430996415588217841"
"2022-04-05T13:30:00.0000000+00:00","19453.589694140000000000000001","20557.119694140000000000000000","4047.770","-0.0002251604137885623358054093","0.0121000174070162049607741406"
"2022-04-05T20:00:00.0000000+00:00","19453.589694140000000000000001","20525.919054140000000000000000","4095.79064","-0.0015177534822105470060454921","0.0135994060456724448880718465"
"2022-04-06T13:30:00.0000000+00:00","19398.018582140000000000000001","20509.232582140000000000000000","4059.106","-0.0008129463999145218252409448","0.0144012968574011615160684262"
"2022-04-06T20:00:00.0000000+00:00","19398.018582140000000000000001","20514.352582140000000000000000","4057.586","0.0002496436655781375197444265","0.0141552483843595845347063691"
"2022-04-07T13:30:00.0000000+00:00","19398.018582140000000000000001","20525.200582140000000000000000","4064.658","0.0005288005047473141811351644","0.0136339331821027433054455105"
"2022-04-07T20:00:00.0000000+00:00","18169.292886140000000000000001","20546.414886140000000000000000","5260.558","0.0010335735290431033949899533","0.0126144513254934037113015624"
"2022-04-08T13:30:00.0000000+00:00","18169.292886140000000000000001","20547.732886140000000000000000","5266.820","0.0000641474440822804359402091","0.0125511130662221540118025016"
"2022-04-08T20:00:00.0000000+00:00","18243.983584140000000000000001","20570.557584140000000000000000","5187.026","0.0011108134472292986823182853","0.0114542415641645102533375441"
"2022-04-11T13:30:00.0000000+00:00","18243.983584140000000000000001","20522.707584140000000000000000","5161.796","-0.0023261401546496038032893535","0.0137537375475706545029809882"
"2022-04-11T20:00:00.0000000+00:00","15903.285538140000000000000001","20507.121538140000000000000001","5804.604","-0.0007594536898262359651142767","0.014502745910667486288928286"
"2022-04-12T13:30:00.0000000+00:00","15862.237330140000000000000001","20577.125330140000000000000001","5792.872","0.0034136332527119433969105064","0.0111386197136518295789170899"
"2022-04-12T20:00:00.0000000+00:00","15087.332380140000000000000000","20557.582380140000000000000001","6604.970","-0.0009497415059903820000284436","0.0120777824101807137328056865"
"2022-04-13T13:30:00.0000000+00:00","15087.332380140000000000000000","20582.370380140000000000000001","6636.062","0.0012057838096734014044430512","0.0108865617949942664253832895"
"2022-04-13T20:00:00.0000000+00:00","16315.376722140000000000000000","20679.288662140000000000000001","5382.78806","0.0047088007945633309455954477","0.0062290236512612672839073916"
"2022-04-14T13:30:00.0000000+00:00","16353.289138140000000000000000","20680.373138140000000000000001","5398.956","0.0000524426162678157035401079","0.0061769077012905178232746576"
"2022-04-14T20:00:00.0000000+00:00","16271.744583140000000000000000","20626.335583140000000000000001","7754.2190","-0.0026129874272113910520384927","0.0087737549463393915375492938"
"2022-04-18T13:30:00.0000000+00:00","16150.850409140000000000000000","20628.206409140000000000000000","7912.944","0.0000907008417689672513727929","0.0086838498915295319090856899"
"2022-04-18T20:00:00.0000000+00:00","16233.014554140000000000000000","20634.452554140000000000000001","5514.8620","0.0003027963205386795834211","0.0083836830087861176797400441"
"2022-04-19T13:30:00.0000000+00:00","16233.014554140000000000000000","20628.886554140000000000000000","5504.208","-0.0002697430419050910951603087","0.0086511646105340507809629367"
"2022-04-19T20:00:00.0000000+00:00","17020.507024140000000000000001","20669.863124140000000000000001","4678.8281","0.0019863684786116793346050783","0.006681980532608017170187345"
"2022-04-20T13:30:00.0000000+00:00","17044.162292140000000000000001","20689.420292140000000000000001","4695.762","0.0009461682393609805137909177","0.005742134571003018730845427"
"2022-04-20T20:00:00.0000000+00:00","14488.161194140000000000000000","20706.483194140000000000000001","7259.0580","0.0008247162926301163720895899","0.0049221539103080831920882771"
"2022-04-21T13:30:00.0000000+00:00","14510.936638140000000000000000","20686.010638140000000000000000","7232.066","-0.0009887027076521520499841138","0.0059059900710616330122534473"
"2022-04-21T20:00:00.0000000+00:00","13270.368574139999999999999999","20622.828574140000000000000000","8558.860","-0.0030543377892065643976640732","0.008942288971611475101578506"
"2022-04-22T13:30:00.0000000+00:00","10163.937412139999999999999999","20588.799412140000000000000000","11533.198","-0.0016500724853365107476479811","0.0105776060319600016317035886"
"2022-04-22T20:00:00.0000000+00:00","11392.171716139999999999999999","20469.971716140000000000000000","10379.480","-0.0057714728101112258194739475","0.0162880304764617018078536259"
"2022-04-25T13:30:00.0000000+00:00","11354.781412139999999999999999","20518.925412140000000000000001","10310.016","0.0023914882091117585817149038","0.0139354949001840543652372566"
"2022-04-25T20:00:00.0000000+00:00","10546.139716139999999999999999","20540.396716140000000000000001","11076.0650","0.0010464146425180982547863002","0.0129036625635802449890210334"
"2022-04-26T13:30:00.0000000+00:00","10546.139716139999999999999999","20593.811716140000000000000001","11159.3280","0.0026004853138025404852685731","0.010336733034768558571158869"
"2022-04-26T20:00:00.0000000+00:00","10546.139716139999999999999999","20484.443716140000000000000001","11193.376","-0.0053107215656577530972706653","0.0155925590893801193714724362"
"2022-04-27T13:30:00.0000000+00:00","10428.366166139999999999999999","20473.774166140000000000000001","11161.912","-0.0005208611055223970645035633","0.016105298637337298606138752"
"2022-04-27T20:00:00.0000000+00:00","10428.366166139999999999999999","20384.030166140000000000000000","11105.216","-0.0043833637741506740556287773","0.0204180670288691901325755597"
"2022-04-28T13:30:00.0000000+00:00","10428.366166139999999999999999","20410.706166140000000000000000","11045.060","0.001308671532693844718549013","0.0191361160392486613132759042"
"2022-04-28T20:00:00.0000000+00:00","9185.007544140000000000000000","20511.957544140000000000000001","12388.0500","0.0049606994082335711619223014","0.0142703451505268799351531305"
"2022-04-29T13:30:00.0000000+00:00","9275.663008140000000000000000","20381.247008140000000000000000","12190.336","-0.0063724067153864748200088169","0.0205518154226452544506016652"
"2022-04-29T20:00:00.0000000+00:00","19297.903159140000000000000001","20302.025159140000000000000000","4099.5380","-0.0038869971483275701046463732","0.0243589277230320478762541466"
"2022-05-02T13:30:00.0000000+00:00","19189.894039140000000000000001","20302.232039140000000000000000","5529.922","0.0000101901164232801837451777","0.024348985826918211656350986"
"2022-05-02T20:00:00.0000000+00:00","19189.894039140000000000000001","20340.344039140000000000000000","5518.730","0.0018772320169784848707995309","0.0225174625057149730013371732"
"2022-05-03T13:30:00.0000000+00:00","19257.114839140000000000000001","20321.908839140000000000000000","4032.826","-0.000906336685580439648728733","0.0234033907889603011198539301"
"2022-05-03T20:00:00.0000000+00:00","19257.114839140000000000000001","20363.528839140000000000000000","3984.526","0.0020480359561420663730465871","0.0214032858186496694862037704"
"2022-05-04T13:30:00.0000000+00:00","19304.985263140000000000000001","20379.701263140000000000000000","4028.364","0.0007941857291902948844255254","0.0206260982736143271871359412"
"2022-05-04T20:00:00.0000000+00:00","19304.985263140000000000000001","20412.895263140000000000000000","3944.370","0.0016287775552449701844417907","0.0190309160442896970466413857"
"2022-05-05T13:30:00.0000000+00:00","19377.820693140000000000000001","20429.702693140000000000000000","4032.458","0.0008233731562004109499129772","0.0182232124334980579443261357"
"2022-05-05T20:00:00.0000000+00:00","18146.509480140000000000000001","20330.924480140000000000000000","5398.3350","-0.0048350293924330235912875297","0.0229701320581905674991851805"
"2022-05-06T13:30:00.0000000+00:00","18019.504084140000000000000001","20321.178084140000000000000001","5267.106","-0.0004793877430178170489164841","0.0234385082014441873673178422"
"2022-05-06T20:00:00.0000000+00:00","19252.137508140000000000000001","20362.116508140000000000000001","4017.3370","0.0020145694226237341546065395","0.0214711572807549982869194062"
"2022-05-09T13:30:00.0000000+00:00","19252.137508140000000000000001","20367.299508140000000000000001","4087.118","0.0002545413193136398006949313","0.0212220812581427925262944956"
"2022-05-09T20:00:00.0000000+00:00","19252.137508140000000000000001","20308.951508140000000000000001","4115.186","-0.0028647882345266550320504212","0.0240260727239689514537385014"
"2022-05-10T13:30:00.0000000+00:00","19132.369282140000000000000001","20319.631282140000000000000000","5455.718","0.0005258653552705296483719451","0.0235128418479671673200375283"
"2022-05-10T20:00:00.0000000+00:00","16700.503006140000000000000000","20316.809006140000000000000000","4666.5380","-0.0001388940557440453083215466","0.023648470109744880155320845"
"2022-05-11T13:30:00.0000000+00:00","16700.503006140000000000000000","20307.805006140000000000000000","4664.918","-0.0004431798318957901229548326","0.0240811694166328409248880251"
"2022-05-11T20:00:00.0000000+00:00","15921.067150140000000000000000","20313.416150140000000000000000","5432.925","0.0002763047999674749943777628","0.0238115183593640115441247793"
"2022-05-12T13:30:00.0000000+00:00","15939.813400140000000000000000","20294.393400140000000000000000","5457.0800","-0.000936462378331617809495503","0.0247256821465811323492429575"
"2022-05-12T20:00:00.0000000+00:00","14707.747036140000000000000000","20335.949036140000000000000000","6676.018","0.0020476411972832521435393257","0.0227286702746921507274733422"
"2022-05-13T13:30:00.0000000+00:00","14707.747036140000000000000000","20343.965036140000000000000000","6622.882","0.000394178800593686488225564","0.0223434506340864317660283715"
"2022-05-13T20:00:00.0000000+00:00","15929.802576140000000000000000","20382.805376140000000000000001","5398.9772","0.0019091824003335705724987612","0.0204769259564661809667557226"
"2022-05-16T13:30:00.0000000+00:00","16094.430684140000000000000000","20376.552684140000000000000001","5348.918","-0.0003067630723354385214276521","0.0207774074640832286344796842"
"2022-05-16T20:00:00.0000000+00:00","16094.430684140000000000000000","20415.618684140000000000000001","5328.532","0.0019172035920681936042204799","0.0189000383922390398934855194"
"2022-05-17T13:30:00.0000000+00:00","16137.682032140000000000000000","20415.734032140000000000000001","5327.828","0.0000056499879716899693679625","0.0188944951892569305533202556"
"2022-05-17T20:00:00.0000000+00:00","16951.139308140000000000000001","20434.461308140000000000000001","4540.378","0.0009172962368395914125828409","0.0179945308017514282866768767"
"2022-05-18T13:30:00.0000000+00:00","16891.527388140000000000000001","20439.987388140000000000000001","4640.460","0.0002704294435106397607762428","0.0177289676091917412309805415"
"2022-05-18T20:00:00.0000000+00:00","16891.527388140000000000000001","20358.983388140000000000000001","4753.1040","-0.0039630161438847741885825929","0.02162172356822687830095165"
"2022-05-19T13:30:00.0000000+00:00","16737.271864140000000000000001","20363.061864140000000000000001","4765.610","0.0002003280774017376033611093","0.0214257269291376754258271193"
"2022-05-19T20:00:00.0000000+00:00","12914.417446139999999999999999","20398.085446140000000000000001","8487.2120","0.0017199565681071589009078599","0.0197426216807887572976930412"
"2022-05-20T13:30:00.0000000+00:00","9956.467714139999999999999999","20446.829714140000000000000001","11537.498","0.0023896491721591472107758186","0.0174001504481853581722744635"
"2022-05-20T20:00:00.0000000+00:00","11202.318494139999999999999999","20422.366494140000000000000001","10321.1920","-0.0011964309549212153069096093","0.0185757633244900782586017884"
"2022-05-23T13:30:00.0000000+00:00","11202.318494139999999999999999","20434.475494140000000000000001","10303.373","0.0005929283466475131621672947","0.0179938490744782705110796888"
"2022-05-23T20:00:00.0000000+00:00","9317.141534140000000000000000","20437.925534140000000000000001","12203.696","0.0001688342820929937200034786","0.017828052770975856009365167"
"2022-05-24T13:30:00.0000000+00:00","9392.803382140000000000000000","20400.551382140000000000000001","12117.492","-0.0018286666099046755962514089","0.0196241178160586295291164737"
"2022-05-24T20:00:00.0000000+00:00","9392.803382140000000000000000","20477.285382140000000000000001","12169.458","0.0037613689239388916214072824","0.015936562439032776386960987"
"2022-05-25T13:30:00.0000000+00:00","9329.183654140000000000000000","20481.189654140000000000000001","12263.814","0.0001906635536468740660387129","0.0157489374070134436048952836"
"2022-05-25T20:00:00.0000000+00:00","9329.183654140000000000000000","20563.186654140000000000000001","12283.5470","0.0040035272064103657848537663","0.0118084614999841100617811042"
"2022-05-26T13:30:00.0000000+00:00","9329.183654140000000000000000","20566.381654140000000000000001","12274.702","0.0001553747507007503884179787","0.0116549214860450791134506798"
"2022-05-26T20:00:00.0000000+00:00","9206.157752140000000000000000","20665.385752140000000000000001","12498.4520","0.0048138802276904423709049262","0.0068971466544515936569441803"
"2022-05-27T13:30:00.0000000+00:00","9333.085840140000000000000000","20728.015840140000000000000001","12454.170","0.0030306759695262089857293814","0.0038873737015493292035301181"
"2022-05-27T20:00:00.0000000+00:00","11750.562248139999999999999999","20801.957248140000000000000001","12417.315","0.0035672207398072206942324967","0.0003340200818336564413620982"
"2022-05-31T13:30:00.0000000+00:00","11779.776404139999999999999999","20696.312404140000000000000001","12434.424","-0.0050786011498723851160093426","0.0054109248769343606815936281"
"2022-05-31T20:00:00.0000000+00:00","19591.454606140000000000000001","20693.332446140000000000000001","4030.86216","-0.0001439849738354308088392267","0.0055541307588929606148408377"
"2022-06-01T13:30:00.0000000+00:00","19640.085042140000000000000001","20692.027042140000000000000001","3966.598","-0.0000630833145602655987002531","0.0056168637004754541222193445"
"2022-06-01T20:00:00.0000000+00:00","19640.085042140000000000000001","20698.967042140000000000000001","3968.738","0.0003353948835397546894576707","0.0052833526842823790732637436"
"2022-06-02T13:30:00.0000000+00:00","19640.085042140000000000000001","20690.677042140000000000000001","3974.208","-0.0004005030774300379490965999","0.0056817397627032136778519182"
"2022-06-02T20:00:00.0000000+00:00","18377.072490140000000000000001","20704.454490140000000000000001","5205.1740","0.0006658770987503182741996112","0.0050196460043419385413845917"
"2022-06-03T13:30:00.0000000+00:00","18417.924318140000000000000001","20704.323918140000000000000001","5255.4156","-0.0000063064689804883187889647","0.0050259208170806074456053742"
"2022-06-03T20:00:00.0000000+00:00","19667.514350140000000000000001","20696.867950140000000000000001","4001.8176","-0.0003601164679165151232972363","0.0053842273681444474148577364"
"2022-06-06T13:30:00.0000000+00:00","19667.514350140000000000000001","20721.550350140000000000000001","3977.804","0.0011925669168620772222513653","0.004198081502714482632675932"
"2022-06-06T20:00:00.0000000+00:00","19667.514350140000000000000001","20726.488350140000000000000001","3973.826","0.0002383026326003950583473569","0.0039607792839880554580732292"
"2022-06-07T13:30:00.0000000+00:00","19667.514350140000000000000001","20711.764350140000000000000001","4012.370","-0.0007103953043690850147023737","0.0046683608693521530115058326"
"2022-06-07T20:00:00.0000000+00:00","19667.514350140000000000000001","20738.056350140000000000000001","3960.898","0.0012694234810479716911540317","0.0034048635152097424658083314"
"2022-06-08T13:30:00.0000000+00:00","19667.514350140000000000000001","20735.548350140000000000000001","3970.206","-0.0001209370809710944202668273","0.0035253888219262024402724015"
"2022-06-08T20:00:00.0000000+00:00","19667.514350140000000000000001","20757.251350140000000000000001","3962.5030","0.0010466566706374788524032813","0.0024824220230157834507214785"
"2022-06-09T13:30:00.0000000+00:00","19667.514350140000000000000001","20737.784350140000000000000001","3968.030","-0.0009378409343137188666935943","0.0034179348403400762429431906"
"2022-06-09T20:00:00.0000000+00:00","16015.374068140000000000000001","20710.460068140000000000000001","5817.8540","-0.0013176085515526896103914121","0.0047310398917184838920536581"
"2022-06-10T13:30:00.0000000+00:00","15957.088004140000000000000001","20696.606004140000000000000001","5930.182","-0.0006689404269349111177953149","0.0053968155348083827515686477"
"2022-06-10T20:00:00.0000000+00:00","16442.539392140000000000000000","20678.944392140000000000000001","5461.845","-0.0008533578885575295940489869","0.0062455680082561937892537814"
"2022-06-13T13:30:00.0000000+00:00","16376.166120140000000000000000","20577.690120140000000000000001","5442.456","-0.0048964913334012553310281093","0.0111114779720328545274906297"
"2022-06-13T20:00:00.0000000+00:00","15330.296988140000000000000000","20499.931988140000000000000001","6501.075","-0.0037787590126015063997005991","0.0148482493871042186690750786"
"2022-06-14T13:30:00.0000000+00:00","15242.284218140000000000000000","20536.554218140000000000000001","6396.410","0.0017864561707418039330568411","0.0130883189631047202756869986"
"2022-06-14T20:00:00.0000000+00:00","15242.284218140000000000000000","20501.053018140000000000000001","6326.8712","-0.0017286833819785445530540465","0.0147943767855937110434078311"
"2022-06-15T13:30:00.0000000+00:00","15242.284218140000000000000000","20519.257218140000000000000001","6305.637","0.0008879641442755321115867486","0.0139195495174406884488548701"
"2022-06-15T20:00:00.0000000+00:00","15242.284218140000000000000000","20535.260218140000000000000001","6267.004","0.0007799015251805794574875882","0.0131505038701585875830859247"
"2022-06-16T13:30:00.0000000+00:00","15309.150842140000000000000000","20448.552842140000000000000001","6323.178","-0.0042223655838267044850682525","0.0173173432190339545666610966"
"2022-06-16T20:00:00.0000000+00:00","15805.641080140000000000000001","20469.087080140000000000000001","5864.214","0.0010041902797973762529218481","0.0163305428469690472169325721"
"2022-06-17T13:30:00.0000000+00:00","15771.894332140000000000000001","20462.896332140000000000000001","5817.918","-0.0003024437765964918583597374","0.0166280475525130309306460863"
"2022-06-17T20:00:00.0000000+00:00","18072.444130140000000000000001","20471.420130140000000000000001","5602.504","0.0004165489509230478149534112","0.0162184249973538809715484418"
"2022-06-21T13:30:00.0000000+00:00","18072.444130140000000000000001","20458.024130140000000000000001","5567.020","-0.0006543757059764073827917332","0.0168621877600228194954402616"
"2022-06-21T20:00:00.0000000+00:00","14472.434272140000000000000000","20462.240272140000000000000001","7042.574","0.0002060874487770558591657704","0.0166595753965020264373633502"
"2022-06-22T13:30:00.0000000+00:00","11429.596146139999999999999999","20521.636146140000000000000001","10170.860","0.0029027063122149629851775746","0.013805226938949310979105324"
"2022-06-22T20:00:00.0000000+00:00","11429.596146139999999999999999","20611.900806140000000000000001","10172.95534","0.0043985118611986625532402706","0.0094674375321881562747161787"
"2022-06-23T13:30:00.0000000+00:00","11591.166458139999999999999999","20648.697458140000000000000001","10124.779","0.0017852139085124447426863994","0.0076991250248361465648743619"
"2022-06-23T20:00:00.0000000+00:00","9559.300166140000000000000000","20684.989606140000000000000001","12202.43056","0.0017575998715450759362849341","0.0059550571344457321193694753"
"2022-06-24T13:30:00.0000000+00:00","9559.300166140000000000000000","20701.070166140000000000000001","12190.090","0.0007774023727440863413028407","0.0051822842372477904897969282"
"2022-06-24T20:00:00.0000000+00:00","10790.533870139999999999999999","20791.601870140000000000000001","11047.932","0.0043732861766769657127331542","0.0008316616725891914722416014"
"2022-06-27T13:30:00.0000000+00:00","10852.090078139999999999999999","20768.212078140000000000000001","10979.778","-0.0011249634417823000146813834","0.0019556895253938971257662875"
"2022-06-27T20:00:00.0000000+00:00","9702.420190140000000000000000","20772.361190140000000000000001","12095.449","0.0001997818581777307358954213","0.0017562983785035683069590439"
"2022-06-28T13:30:00.0000000+00:00","9642.567440140000000000000000","20776.145440140000000000000001","12195.802","0.0001821771711632025206488888","0.0015744411648106800859201054"
"2022-06-28T20:00:00.0000000+00:00","9642.567440140000000000000000","20714.382440140000000000000001","12196.6850","-0.0029727843491445933096586831","0.0045425450399018752226124364"
"2022-06-29T13:30:00.0000000+00:00","9669.018128140000000000000000","20746.608128140000000000000001","12212.310","0.0015557156045141647879784929","0.0029938963435904942012539465"
"2022-06-29T20:00:00.0000000+00:00","9669.018128140000000000000000","20718.464128140000000000000001","12181.0140","-0.0013565590975725052132406021","0.0043463940438409126706785044"
"2022-06-30T13:30:00.0000000+00:00","9669.018128140000000000000000","20656.344128140000000000000001","12154.354","-0.0029982917467143749447845166","0.0073316540331656708898603382"
"2022-06-30T20:00:00.0000000+00:00","18500.053366140000000000000001","20671.229366140000000000000001","6989.764","0.0007206133819063335332972002","0.0066163239392671440807010052"
"2022-07-01T13:30:00.0000000+00:00","18496.422342140000000000000001","20630.818342140000000000000001","7006.284","-0.0019549405255109928872349614","0.0085583299449793550946989825"
"2022-07-01T20:00:00.0000000+00:00","20910.109508140000000000000001","20665.337508140000000000000001","6955.192","0.0016731845255741505945164227","0.0068994650846339018287974676"
"2022-07-05T13:30:00.0000000+00:00","20910.109508140000000000000001","20652.849508140000000000000001","6971.120","-0.0006042969293427229531165525","0.00749959268841187318490086"
"2022-07-05T20:00:00.0000000+00:00","19821.211772140000000000000001","20762.184772140000000000000001","5780.2470","0.0052939553913326683136170667","0.0022453398062248219674118764"
"2022-07-06T13:30:00.0000000+00:00","18980.803724140000000000000001","20742.777724140000000000000001","6624.806","-0.0009347305311549674963868636","0.0031779715497100935441674522"
"2022-07-06T20:00:00.0000000+00:00","18980.803724140000000000000001","20801.180724140000000000000001","6568.2430","0.002815582405438006537221219","0.0003713369850524333014939712"
"2022-07-07T13:30:00.0000000+00:00","19057.292128140000000000000001","20797.858128140000000000000001","5107.1540","-0.0001597311250771496177924943","0.0005310087960551777374247614"
"2022-07-07T20:00:00.0000000+00:00","17812.163152140000000000000001","20815.312152140000000000000001","6336.4510","0.0008392221878071322947966116","0"
"2022-07-08T13:30:00.0000000+00:00","17812.163152140000000000000001","20814.315152140000000000000001","6333.588","-0.0000478974320785047412969975","0.0000478974320785047412969975"
"2022-07-08T20:00:00.0000000+00:00","19056.794176140000000000000001","20838.962176140000000000000001","5055.392","0.0011841381193589712907067135","0"
"2022-07-11T13:30:00.0000000+00:00","19146.326266140000000000000001","20821.894266140000000000000001","5081.752","-0.0008190383885595922790738529","0.0008190383885595922790738529"
"2022-07-11T20:00:00.0000000+00:00","19146.326266140000000000000001","20802.215466140000000000000001","5091.63320","-0.0009451013317266302275035418","0.0017633656460144596026910115"
"2022-07-12T13:30:00.0000000+00:00","19074.604756140000000000000001","20795.764756140000000000000001","6566.520","-0.0003100972591356864462025376","0.002072916090296462935878525"
"2022-07-12T20:00:00.0000000+00:00","16543.438624140000000000000001","20784.114624140000000000000001","5403.284","-0.0005602165698936496317526861","0.0026319713782483293282716899"
"2022-07-13T13:30:00.0000000+00:00","16514.912920140000000000000001","20748.078920140000000000000001","5385.374","-0.0017338099145270219335356095","0.0043612179547049929578192302"
"2022-07-13T20:00:00.0000000+00:00","15715.012972140000000000000000","20814.194972140000000000000001","6183.518","0.0031866107823515968431871945","0.0011885046765120444232859821"
"2022-07-14T13:30:00.0000000+00:00","15715.012972140000000000000000","20763.292272140000000000000001","6182.7113","-0.0024455762073975838670722882","0.0036311743051503696724824339"
"2022-07-14T20:00:00.0000000+00:00","14492.928604140000000000000000","20787.892044140000000000000001","7381.83656","0.0011847722257904038759075145","0.0024507041938237117232562455"
"2022-07-15T13:30:00.0000000+00:00","14492.928604140000000000000000","20816.402604140000000000000001","7381.146","0.001371498367389154324230794","0.0010825669632353403732742133"
"2022-07-15T20:00:00.0000000+00:00","15712.364668140000000000000000","20862.190668140000000000000001","6156.594","0.0021996146438334928905789581","0"
"2022-07-18T13:30:00.0000000+00:00","15830.684344140000000000000000","20881.436344140000000000000001","6120.128","0.0009225146249569713669202107","0"
"2022-07-18T20:00:00.0000000+00:00","15830.684344140000000000000000","20826.519344140000000000000001","6119.895","-0.0026299436061260924482284908","0.0026299436061260924482284908"
"2022-07-19T13:30:00.0000000+00:00","15694.737160140000000000000000","20855.949160140000000000000001","6252.288","0.0014130933505353465140653534","0.0012205666114128456658049424"
"2022-07-19T20:00:00.0000000+00:00","16523.111452140000000000000001","20841.157452140000000000000001","5421.274","-0.0007092320702560011183957144","0.0019289330166841490996269092"
"2022-07-20T13:30:00.0000000+00:00","16523.111452140000000000000001","20880.841452140000000000000001","5447.070","0.0019041168942334913287812779","0.0000284890363955708321414415"
"2022-07-20T20:00:00.0000000+00:00","14000.196970140000000000000000","20863.297590140000000000000001","7925.15938","-0.0008401894167058097483063628","0.0008686545169145088752057529"
"2022-07-21T13:30:00.0000000+00:00","14000.196970140000000000000000","20886.068970140000000000000001","7946.568","0.0010914564153445119938900209","0"
"2022-07-21T20:00:00.0000000+00:00","12736.024186139999999999999999","20974.986186140000000000000001","9264.938","0.0042572499462259501007253624","0"
"2022-07-22T13:30:00.0000000+00:00","9438.510670140000000000000000","21030.791670140000000000000001","12686.393","0.0026605730990600386260550739","0"
"2022-07-22T20:00:00.0000000+00:00","10705.507220139999999999999999","21062.001220140000000000000001","11441.326","0.0014839931130273157693343351","0"
"2022-07-25T13:30:00.0000000+00:00","10616.159306139999999999999999","20934.903306140000000000000001","11403.576","-0.006034465228236045789577015","0.006034465228236045789577015"
"2022-07-25T20:00:00.0000000+00:00","9826.861478139999999999999999","20986.682118140000000000000001","12227.93936","0.0024733246312541499422211097","0.0035760657884673387550784015"
"2022-07-26T13:30:00.0000000+00:00","9826.861478139999999999999999","21050.211278140000000000000001","12308.1818","0.0030271178475175969929058386","0.0005597731135219083309931996"
"2022-07-26T20:00:00.0000000+00:00","9826.861478139999999999999999","20955.588078140000000000000001","12233.9746","-0.0044951187781313765952530791","0.0050523756450191995293074678"
"2022-07-27T13:30:00.0000000+00:00","9780.602228140000000000000000","20999.222228140000000000000001","12285.820","0.0020822202573029832946870727","0.0029806755466317794384531685"
"2022-07-27T20:00:00.0000000+00:00","9780.602228140000000000000000","20990.764228140000000000000001","12260.658","-0.0004027768223084881791592806","0.003382251821915262653513979"
"2022-07-28T13:30:00.0000000+00:00","9872.470450140000000000000000","21070.298450140000000000000001","12230.692","0.0037890103064173933208879814","0"
"2022-07-28T20:00:00.0000000+00:00","8616.899386140000000000000000","21095.977386140000000000000001","13451.622","0.0012187267333097210237824913","0"
"2022-07-29T13:30:00.0000000+00:00","8732.896182140000000000000000","21168.858182140000000000000001","13527.978","0.0034547247878584893421301571","0"
"2022-07-29T20:00:00.0000000+00:00","18915.799194140000000000000001","21092.512194140000000000000001","5605.6770","-0.0036065236652401267755286237","0.0036065236652401267755286237"
"2022-08-01T13:30:00.0000000+00:00","18831.032240140000000000000001","21064.852240140000000000000001","5709.700","-0.001311363660497709279528902","0.0049131578616625151473352739"
"2022-08-01T20:00:00.0000000+00:00","18831.032240140000000000000001","21056.594240140000000000000001","5759.8980","-0.0003920274353628751662702951","0.0053032592043493498099807475"
"2022-08-02T13:30:00.0000000+00:00","18783.634460140000000000000001","21044.854460140000000000000001","7264.060","-0.0005575346072642916234008696","0.0058578370610759237789601708"
"2022-08-02T20:00:00.0000000+00:00","18783.634460140000000000000001","21075.607660140000000000000001","7206.7812","0.0014613168296434688502877826","0.0044050803873151144126161676"
"2022-08-03T13:30:00.0000000+00:00","18852.319456140000000000000001","21111.693456140000000000000001","5723.086","0.0017122066695257645096182433","0.0027004161258083079798293694"
"2022-08-03T20:00:00.0000000+00:00","18852.319456140000000000000001","21119.177456140000000000000001","5723.122","0.0003544954844834296192033682","0.002346877926647703642793922"
"2022-08-04T13:30:00.0000000+00:00","18852.319456140000000000000001","21128.937456140000000000000001","5738.802","0.0004621392106898777559333472","0.0018858233002704323534478549"
"2022-08-04T20:00:00.0000000+00:00","17605.020046140000000000000001","21155.634046140000000000000001","7006.918","0.0012635084019448435828493903","0.0006246976519100638154925966"
"2022-08-05T13:30:00.0000000+00:00","17605.020046140000000000000001","21135.058046140000000000000001","6980.222","-0.0009726014335058060589459105","0.0015966915035841144353270921"
"2022-08-05T20:00:00.0000000+00:00","18837.473506140000000000000001","21179.265506140000000000000001","5706.968","0.0020916649437863184238102998","0"
"2022-08-08T13:30:00.0000000+00:00","18867.137572140000000000000001","21168.401572140000000000000001","5749.876","-0.0005129514050829797838263326","0.0005129514050829797838263326"
"2022-08-08T20:00:00.0000000+00:00","18867.137572140000000000000001","21173.839572140000000000000001","5772.438","0.0002568923298940539899265868","0.0002561908484704999892650257"
"2022-08-09T13:30:00.0000000+00:00","18867.137572140000000000000001","21171.131172140000000000000001","5779.8896","-0.0001279125588333843753637431","0.0003840706372769068071373765"
"2022-08-09T20:00:00.0000000+00:00","16273.698988140000000000000001","21173.292988140000000000000001","6012.026","0.0001021115018570583720976443","0.0002819983534494399775016012"
"2022-08-10T13:30:00.0000000+00:00","16273.698988140000000000000001","21199.418988140000000000000001","5978.3200","0.0012339129305315997542802989","0"
"2022-08-10T20:00:00.0000000+00:00","15482.180716140000000000000000","21197.264256140000000000000001","6731.10846","-0.000101641087484777922336903","0.000101641087484777922336903"
"2022-08-11T13:30:00.0000000+00:00","15518.653420140000000000000000","21216.585420140000000000000001","6781.388","0.000911493283592170684891286","0"
"2022-08-11T20:00:00.0000000+00:00","14277.305200140000000000000000","21160.647200140000000000000001","7984.618","-0.0026365326414353288254146908","0.0026365326414353288254146908"
"2022-08-12T13:30:00.0000000+00:00","14277.305200140000000000000000","21194.757200140000000000000001","8006.848","0.0016119544774497410633620429","0.0010288281345818918330524901"
"2022-08-12T20:00:00.0000000+00:00","15529.354740140000000000000000","21217.287480140000000000000001","6772.32726","0.0010630119414555585627655231","0"
"2022-08-15T13:30:00.0000000+00:00","15529.354740140000000000000000","21198.024740140000000000000001","6773.510","-0.0009078794835593610419564193","0.0009078794835593610419564193"
"2022-08-15T20:00:00.0000000+00:00","15529.354740140000000000000000","21221.412560140000000000000001","6749.34218","0.0011033018541446205397918482","0"
"2022-08-16T13:30:00.0000000+00:00","15529.354740140000000000000000","21217.048740140000000000000001","6749.766","-0.0002056328714044477064727202","0.0002056328714044477064727202"
"2022-08-16T20:00:00.0000000+00:00","16339.112756140000000000000001","21223.046756140000000000000001","5951.946","0.0002826979413330235997852252","0"
"2022-08-17T13:30:00.0000000+00:00","16339.112756140000000000000001","21203.342756140000000000000001","5950.062","-0.0009284246614732388778512356","0.0009284246614732388778512356"
"2022-08-17T20:00:00.0000000+00:00","16339.112756140000000000000001","21209.860756140000000000000001","5931.632","0.0003074043595372497212705429","0.0006213057037244279254641897"
"2022-08-18T13:30:00.0000000+00:00","16339.112756140000000000000001","21218.162756140000000000000001","5942.3100","0.0003914217116016035461602997","0.0002301271846648040336695815"
"2022-08-18T20:00:00.0000000+00:00","15115.968176140000000000000001","21217.328176140000000000000001","7140.860","-0.0000393332829798609044274417","0.0002694514159869891586531932"
"2022-08-19T13:30:00.0000000+00:00","12198.453968139999999999999999","21204.185968140000000000000001","10131.428","-0.0006194091871934706277690614","0.0008886937024978951557303111"
"2022-08-19T20:00:00.0000000+00:00","13412.214167539999999999999999","21137.851127540000000000000001","8896.21104","-0.0031283842114792956908475695","0.0040142977386294553530498699"
"2022-08-22T13:30:00.0000000+00:00","13382.298185539999999999999999","21086.560185540000000000000001","8888.698","-0.0024264974566489523641259755","0.0064310545120253917028272152"
"2022-08-22T20:00:00.0000000+00:00","10014.014663539999999999999999","21056.906663540000000000000001","12262.968","-0.0014062759283201984704698337","0.0078282866031916138646023334"
"2022-08-23T13:30:00.0000000+00:00","9859.324529539999999999999999","21045.110529540000000000000001","12296.634","-0.0005602026066072177181133237","0.008384103783238455278383434"
"2022-08-23T20:00:00.0000000+00:00","9859.324529539999999999999999","21031.598529540000000000000001","12264.626","-0.0006420493720398313684284709","0.009020770146709141622147436"
"2022-08-24T13:30:00.0000000+00:00","9859.324529539999999999999999","21005.881529540000000000000001","12225.853","-0.0012227791417698994278593313","0.0102325188789009445160623887"
"2022-08-24T20:00:00.0000000+00:00","9859.324529539999999999999999","21022.478849540000000000000001","12197.37448","0.0007901272782415553568054002","0.0094504765929507304939279048"
"2022-08-25T13:30:00.0000000+00:00","9889.696695539999999999999999","21048.808295540000000000000001","12237.0836","0.0012524425015928187531858402","0.0082098702699032313323625016"
"2022-08-25T20:00:00.0000000+00:00","8633.045415540000000000000000","21158.099415540000000000000001","13568.5860","0.005192271147395908837147125","0.0030602269950336045059361549"
"2022-08-26T13:30:00.0000000+00:00","8660.459931540000000000000000","21113.733931540000000000000001","13557.386","-0.0020968558247445827049791242","0.005150665964978610386137482"
"2022-08-26T20:00:00.0000000+00:00","9902.211531539999999999999999","21072.311531540000000000000001","12426.42","-0.0019618699437205004262678245","0.0071024309719522751290275055"
"2022-08-29T13:30:00.0000000+00:00","9860.847091540000000000000000","21009.999091540000000000000001","12283.368","-0.0029570766314238380087012357","0.0100385051707226521682973212"
"2022-08-29T20:00:00.0000000+00:00","8732.401447540000000000000000","20999.399247540000000000000001","13365.2222","-0.0005045142531333183437170101","0.0105379548549171884188027086"
"2022-08-30T13:30:00.0000000+00:00","8732.401447540000000000000000","20956.895447540000000000000001","13312.786","-0.0020240483786686973443549817","0.0125406739031473067001878765"
"2022-08-30T20:00:00.0000000+00:00","8732.401447540000000000000000","20904.761767540000000000000001","13300.18968","-0.0024876623606059765597146548","0.0149971393013077900650607656"
"2022-08-31T13:30:00.0000000+00:00","8732.401447540000000000000000","20867.077447540000000000000001","13229.376","-0.0018026667999878651727859489","0.016772771256182394475809186"
"2022-08-31T20:00:00.0000000+00:00","17533.280919540000000000000001","20782.174919540000000000000001","8148.146","-0.0040687311490286857888003175","0.0207732585083455179572065222"
"2022-09-01T13:30:00.0000000+00:00","17529.266624540000000000000001","20781.198624540000000000000001","8111.048","-0.000046977518175061614694586","0.0208192601503914485170041152"
"2022-09-01T20:00:00.0000000+00:00","17299.547848540000000000000001","20793.922848540000000000000001","8301.7850","0.0006122949994315669893049069","0.0202197126798418311049411959"
"2022-09-02T13:30:00.0000000+00:00","17181.903456540000000000000001","20841.062456540000000000000001","6879.6410","0.0022669896557450103695747681","0.0179985609035841583891338913"
"2022-09-02T20:00:00.0000000+00:00","19577.544232540000000000000001","20802.880232540000000000000001","6873.5440","-0.001832067058942970608224101","0.0197976533919872936327201945"
"2022-09-06T13:30:00.0000000+00:00","19553.894672540000000000000001","20805.314672540000000000000001","8413.020","0.0001170241799590824535984905","0.0196829460161815226393281846"
"2022-09-06T20:00:00.0000000+00:00","18391.182176540000000000000001","20810.242176540000000000000001","7204.440","0.0002368387153741823056478471","0.0194507689844565921448312563"
"2022-09-07T13:30:00.0000000+00:00","18411.914672540000000000000001","20797.788672540000000000000001","5688.626","-0.0005984314788051434832780882","0.0200375605108144700507526872"
"2022-09-07T20:00:00.0000000+00:00","18411.914672540000000000000001","20847.239672540000000000000001","5657.3550","0.0023777047059475015834408585","0.0177074992067892398564458737"
"2022-09-08T13:30:00.0000000+00:00","18441.938666540000000000000001","20829.864666540000000000000001","5694.254","-0.0008334439605875674350180087","0.0185261849591057996586230198"
"2022-09-08T20:00:00.0000000+00:00","17221.654658540000000000000001","20872.354658540000000000000001","6883.300","0.0020398592444171608238145782","0.0165241165243412529607957777"
"2022-09-09T13:30:00.0000000+00:00","17221.654658540000000000000001","20892.682658540000000000000001","6884.412","0.0009739198251732812853972936","0.0155662898638445010368737356"
"2022-09-09T20:00:00.0000000+00:00","18447.929354540000000000000001","20896.868834540000000000000001","5670.54052","0.0002003656528181112885919095","0.015369043160856914900417799"
"2022-09-12T13:30:00.0000000+00:00","18447.929354540000000000000001","20911.337354540000000000000001","5660.232","0.0006923774137915477618177868","0.0146873069254215319239171819"
"2022-09-12T20:00:00.0000000+00:00","15977.235314540000000000000001","20908.283314540000000000000001","5977.832","-0.0001460470914997192278853114","0.0148312089784628296534397553"
"2022-09-13T13:30:00.0000000+00:00","15997.011358540000000000000001","20851.905358540000000000000001","6010.046","-0.0026964411736660247632523709","0.0174876586695840820201158788"
"2022-09-13T20:00:00.0000000+00:00","15256.223230540000000000000000","20830.941230540000000000000001","6801.7020","-0.001005381889066268884985806","0.0184754587833417783462349241"
"2022-09-14T13:30:00.0000000+00:00","15165.404578540000000000000000","20836.802578540000000000000001","6790.662","0.0002813770119713431889671495","0.0181992803407576915745025051"
"2022-09-14T20:00:00.0000000+00:00","15165.404578540000000000000000","20827.076578540000000000000001","6779.868","-0.0004667702716546774805895305","0.0186575557293837939560484408"
"2022-09-15T13:30:00.0000000+00:00","15057.533008540000000000000000","20819.523008540000000000000001","6883.390","-0.0003626802816763596502436966","0.0190134692834928283140757834"
"2022-09-15T20:00:00.0000000+00:00","13834.808512540000000000000000","20798.925012540000000000000001","8075.9045","-0.0009893596501490869213346914","0.019984017774323478360412783"
"2022-09-16T13:30:00.0000000+00:00","13834.808512540000000000000000","20744.586512540000000000000001","8066.422","-0.0026125629073251844093933791","0.0225443711780721380622052803"
"2022-09-16T20:00:00.0000000+00:00","15063.702684540000000000000000","20779.608024540000000000000001","6826.61466","0.0016882241532666688303493527","0.0208942069767484995604019113"
"2022-09-19T13:30:00.0000000+00:00","15063.702684540000000000000000","20753.176684540000000000000001","6831.166","-0.0012719845325660377987317871","0.0221396144012198798731152933"
"2022-09-19T20:00:00.0000000+00:00","15797.795836540000000000000001","20804.217176540000000000000001","6070.13866","0.0024594062285424679245980956","0.0197346584782333006425501812"
"2022-09-20T13:30:00.0000000+00:00","15797.795836540000000000000001","20771.881436540000000000000001","6068.7856","-0.0015542877545262116721788949","0.0212582728947470374123476494"
"2022-09-20T20:00:00.0000000+00:00","15797.795836540000000000000001","20743.099836540000000000000001","6060.296","-0.0013856039034273531606416988","0.0226144212522713051796417584"
"2022-09-21T13:30:00.0000000+00:00","15757.826860540000000000000001","20770.368860540000000000000001","6104.038","0.0013146069881013762781383191","0.0213295433403800330360232843"
"2022-09-21T20:00:00.0000000+00:00","13164.828364539999999999999999","20719.584364540000000000000001","8719.944","-0.0024450454559081756939876312","0.0237224370932672160394378481"
"2022-09-22T13:30:00.0000000+00:00","10129.581436539999999999999999","20654.909436540000000000000001","11633.512","-0.0031214394488861582984986501","0.0267698283911867297600950476"
"2022-09-22T20:00:00.0000000+00:00","8900.565682540000000000000000","20591.505682540000000000000001","12806.320","-0.0030696699104298303759634984","0.0297573237648967640371208186"
"2022-09-23T13:30:00.0000000+00:00","8900.565682540000000000000000","20510.173682540000000000000001","12764.052","-0.0039497840155012670545336625","0.0335895727786473458689010001"
"2022-09-23T20:00:00.0000000+00:00","9330.588990540000000000000000","20461.116090540000000000000001","12347.6791","-0.0023918662396195106111537542","0.0359010972531343673766234805"
"2022-09-26T13:30:00.0000000+00:00","9340.407470540000000000000000","20411.769470540000000000000001","12229.818","-0.0024117267006180046350377888","0.038226240318925504154666078"
"2022-09-26T20:00:00.0000000+00:00","9340.407470540000000000000000","20321.493470540000000000000001","12162.294","-0.0044227424834624942028080946","0.0424799179853464396467944858"
"2022-09-27T13:30:00.0000000+00:00","9254.660324540000000000000000","20359.318324540000000000000001","12168.482","0.0018613225477170052612394347","0.0406976642668007288539683175"
"2022-09-27T20:00:00.0000000+00:00","9254.660324540000000000000000","20218.974324540000000000000001","12095.626","-0.0068933545692852141748646291","0.0473104754061531566388421407"
"2022-09-28T13:30:00.0000000+00:00","9215.509334540000000000000000","20319.045334540000000000000001","12223.304","0.0049493613471056577059909097","0.0425952706973359062085823062"
"2022-09-28T20:00:00.0000000+00:00","9215.509334540000000000000000","20473.779334540000000000000001","12319.430","0.0076152199796990610528927967","0.035304423074091887505505109"
"2022-09-29T13:30:00.0000000+00:00","9160.610294540000000000000000","20357.638294540000000000000001","12300.812","-0.0056726722556819736885971331","0.0407768249084986016469015499"
"2022-09-29T20:00:00.0000000+00:00","7907.1196465399999999999999995","20335.249846540000000000000001","13535.4662","-0.0010997566454456886231313708","0.041831736969770993648949395"
"2022-09-30T13:30:00.0000000+00:00","7907.1196465399999999999999995","20337.799646540000000000000001","13549.560","0.0001253881815685605214350105","0.041711593993632927038578654"
"2022-09-30T20:00:00.0000000+00:00","17791.042466540000000000000001","20207.846466540000000000000001","7246.276","-0.0063897364640480411146938515","0.0478348043645662845840719364"
"2022-10-03T13:30:00.0000000+00:00","17845.796582540000000000000001","20207.988582540000000000000001","7194.808","0.0000070327137646910868293939","0.0478281080592886794878293103"
"2022-10-03T20:00:00.0000000+00:00","17845.796582540000000000000001","20262.543582540000000000000001","7222.0030","0.0026996749219828995814962716","0.0452575534811993297628407719"
"2022-10-04T13:30:00.0000000+00:00","17904.483164540000000000000001","20302.897164540000000000000001","5692.266","0.0019915358521312307492437074","0.0433561496694056540694304075"
"2022-10-04T20:00:00.0000000+00:00","17904.483164540000000000000001","20346.757164540000000000000001","5727.366","0.0021602828229167031836533308","0.0412895283918875736196458361"
"2022-10-05T13:30:00.0000000+00:00","17950.993860540000000000000001","20325.181860540000000000000001","5760.0320","-0.00106038047368064585725315","0.0423061262558939792557734891"
"2022-10-05T20:00:00.0000000+00:00","17950.993860540000000000000001","20350.985860540000000000000001","5763.0880","0.0012695581361609739912296693","0.0410902782065306288698582798"
"2022-10-06T13:30:00.0000000+00:00","17950.993860540000000000000001","20347.313860540000000000000001","5751.7600","-0.000180433519297947460692654","0.0412632976623228402563518719"
"2022-10-06T20:00:00.0000000+00:00","16724.948700540000000000000001","20331.274500540000000000000001","7006.69420","-0.000788278989056412449024342","0.0420190496608128630297913763"
"2022-10-07T13:30:00.0000000+00:00","16724.948700540000000000000001","20313.268700540000000000000001","6987.100","-0.0008856208202551081958517771","0.0428674575358410220120697856"
"2022-10-07T20:00:00.0000000+00:00","17936.826276540000000000000001","20273.372276540000000000000001","5788.434","-0.0019640573158439738971918515","0.0447473207081000964601025255"
"2022-10-10T13:30:00.0000000+00:00","17805.308634540000000000000001","20275.552634540000000000000001","7198.416","0.0001075478697011386222699966","0.0446445853174159476490370583"
"2022-10-10T20:00:00.0000000+00:00","17805.308634540000000000000001","20263.834634540000000000000001","7179.9340","-0.0005779373914592119427116783","0.0451967209336940339853474917"
"2022-10-11T13:30:00.0000000+00:00","17765.417382540000000000000001","20250.705382540000000000000001","5632.7920","-0.0006479154728997343654810119","0.0458153527517764966570642036"
"2022-10-11T20:00:00.0000000+00:00","15268.168032540000000000000001","20246.112292540000000000000001","6147.14894","-0.0002268113585791498562214014","0.0460317726679542330942074096"
"2022-10-12T13:30:00.0000000+00:00","15296.911408540000000000000001","20234.698408540000000000000001","6044.823","-0.0005637568257588705521583605","0.0465695787676697638319299113"
"2022-10-12T20:00:00.0000000+00:00","14499.701998540000000000000000","20245.703578540000000000000001","6842.29842","0.000543876156580386571158555","0.0460510306946031050671429603"
"2022-10-13T13:30:00.0000000+00:00","14499.701998540000000000000000","20171.055998540000000000000001","6796.606","-0.0036870825313833395804276453","0.0495683192751601755601144554"
"2022-10-13T20:00:00.0000000+00:00","13276.977502539999999999999999","20286.878502540000000000000001","8060.2190","0.0057420148954216051825603748","0.0441109264073575539694282876"
"2022-10-14T13:30:00.0000000+00:00","13298.402544539999999999999999","20307.300544540000000000000001","8029.822","0.0010066626069379316772847855","0.043148668620591300100187991"
"2022-10-14T20:00:00.0000000+00:00","14505.101156540000000000000000","20210.912636540000000000000001","6791.46852","-0.0047464658233915636510199746","0.0476903307630503791410095571"
"2022-10-17T13:30:00.0000000+00:00","14505.101156540000000000000000","20266.023156540000000000000001","6797.578","0.0027267704824157127161358294","0.0450936008668559942119292648"
"2022-10-17T20:00:00.0000000+00:00","14505.101156540000000000000000","20252.443156540000000000000001","6790.2080","-0.0006700870661749752608575137","0.0457334712943228326184061112"
"2022-10-18T13:30:00.0000000+00:00","14529.516272540000000000000000","20273.772272540000000000000001","6804.0840","0.0010531626152527832917899981","0.0447284734613029664530894833"
"2022-10-18T20:00:00.0000000+00:00","15358.700402540000000000000001","20279.215422540000000000000001","5981.18498","0.0002684823488607754216375851","0.0444719999180580385096274475"
"2022-10-19T13:30:00.0000000+00:00","15358.700402540000000000000001","20249.886402540000000000000001","5964.0340","-0.0014462600938397891609184817","0.0458539419331230939558960451"
"2022-10-19T20:00:00.0000000+00:00","15358.700402540000000000000001","20228.111402540000000000000001","5942.2590","-0.0010753146742229971585160886","0.0468799491907144346260752298"
"2022-10-20T13:30:00.0000000+00:00","15358.700402540000000000000001","20227.986402540000000000000001","5933.4540","-0.0000061795190619873697938282","0.0468858390142367729766503112"
"2022-10-20T20:00:00.0000000+00:00","11568.691152259999999999999999","20214.375452260000000000000001","9698.56830","-0.0006728771717134876056594413","0.047527167775200947048767453"
"2022-10-21T13:30:00.0000000+00:00","8685.424614260000000000000000","20141.862614260000000000000001","12500.642","-0.003587191608825735299383382","0.0509438703265922286202721443"
"2022-10-21T20:00:00.0000000+00:00","9934.234802259999999999999999","20197.566802260000000000000001","11311.008","0.0027655926895540757112978658","0.0483191676323909671799181925"
"2022-10-24T13:30:00.0000000+00:00","9934.234802259999999999999999","20162.414802260000000000000001","11256.760","-0.0017404076611875188196291153","0.0499754802440488687752402913"
"2022-10-24T20:00:00.0000000+00:00","9135.415070260000000000000000","20153.791730260000000000000001","12039.15334","-0.0004276805176646520549749768","0.0503817872224522064182016398"
"2022-10-25T13:30:00.0000000+00:00","9076.269074260000000000000000","20303.195074260000000000000001","12322.894","0.0074131630414577365293245981","0.0433421125839945402153097327"
"2022-10-25T20:00:00.0000000+00:00","9076.269074260000000000000000","20396.706074260000000000000001","12347.7330","0.004605728293403014497565144","0.0389360062848154882102982175"
"2022-10-26T13:30:00.0000000+00:00","9051.600668260000000000000000","20431.748668260000000000000001","12489.672","0.0017180516242386141362257471","0.0372848487294158662116402576"
"2022-10-26T20:00:00.0000000+00:00","9051.600668260000000000000000","20508.449868260000000000000001","12514.7008","0.0037540203359662800406100203","0.0336707964738032398506047727"
"2022-10-27T13:30:00.0000000+00:00","9062.132500260000000000000000","20572.642500260000000000000001","12557.790","0.0031300577280269257350149424","0.030646130282487963706979249"
"2022-10-27T20:00:00.0000000+00:00","7840.7032632599999999999999995","20587.042203260000000000000001","13772.86106","0.0006999442584888166161830162","0.0299676366069352747966508349"
"2022-10-28T13:30:00.0000000+00:00","7871.8670292599999999999999995","20507.731029260000000000000001","13724.736","-0.0038524802745797506698106449","0.0337046671526110332713171004"
"2022-10-28T20:00:00.0000000+00:00","9080.230308260000000000000000","20569.565308260000000000000001","12539.9550","0.0030151692018866518754706001","0.0307911232250827748564419368"
"2022-10-31T13:30:00.0000000+00:00","9081.351670260000000000000000","20514.795670260000000000000001","12496.1160","-0.0026626541290110042770018628","0.0333717912427016258525563497"
"2022-10-31T20:00:00.0000000+00:00","17959.935598260000000000000001","20499.289598260000000000000001","5485.146","-0.0007558482301863199332636374","0.0341024154635390024315839819"
"2022-11-01T13:30:00.0000000+00:00","17930.682308260000000000000001","20509.054308260000000000000001","5591.868","0.0004763438241698306586222142","0.033642316114364502309631955"
"2022-11-01T20:00:00.0000000+00:00","18809.266556260000000000000001","20497.156556260000000000000001","6447.2600","-0.0005801219218190959163716421","0.0342029213911048875514829646"
"2022-11-02T13:30:00.0000000+00:00","18815.667786260000000000000001","20402.163786260000000000000001","8083.864","-0.0046344364760676244949603349","0.0386788466006895019383475871"
"2022-11-02T20:00:00.0000000+00:00","18936.063702260000000000000001","20367.484702260000000000000001","8177.7690","-0.0016997748064033730500674809","0.0403128760781002822264651642"
"2022-11-03T13:30:00.0000000+00:00","18936.063702260000000000000001","20376.803702260000000000000001","8103.560","0.0004575429973916196350890073","0.0398737779548629135143916936"
"2022-11-03T20:00:00.0000000+00:00","17630.612664260000000000000001","20441.815664260000000000000001","9197.6270","0.0031904887022486993646073127","0.0368105060906951775245527181"
"2022-11-04T13:30:00.0000000+00:00","17630.612664260000000000000001","20467.394664260000000000000001","9278.578","0.0012513076343175197910872544","0.0356052597236720361696726554"
"2022-11-04T20:00:00.0000000+00:00","18942.145305260000000000000001","20385.325305260000000000000001","8162.640","-0.0040097609073473750339409433","0.0394722520524834810721863686"
"2022-11-07T14:30:00.0000000+00:00","18991.891965260000000000000001","20248.445965260000000000000001","6771.266","-0.0067146017024649194607178784","0.0459218133041166705394324989"
"2022-11-07T21:00:00.0000000+00:00","18851.079808460000000000000001","20323.120808460000000000000001","6533.1090","0.0036879295985538186117472748","0.0424032401200663663271058153"
"2022-11-08T14:30:00.0000000+00:00","18878.764270460000000000000001","20425.282270460000000000000001","6479.502","0.0050268589633868029348006261","0.0375895362643537618997549398"
"2022-11-08T21:00:00.0000000+00:00","18837.666052460000000000000001","20457.434052460000000000000001","6453.1120","0.0015741168995495065060957528","0.0360745896890842036763181983"
"2022-11-09T14:30:00.0000000+00:00","19007.582062460000000000000001","20557.552662460000000000000001","6166.5894","0.0048939964681426294852637754","0.0313571421354696468021593727"
"2022-11-09T21:00:00.0000000+00:00","16621.495546460000000000000001","20526.547546460000000000000001","6859.8280","-0.0015082104620662468614742701","0.0328180594277066800087919038"
"2022-11-10T14:30:00.0000000+00:00","16539.089610460000000000000001","20590.297210460000000000000001","6896.2524","0.0031057177957329819449786019","0.0298142652631597492609867214"
"2022-11-10T21:00:00.0000000+00:00","14532.421062460000000000000000","20618.511622460000000000000001","9233.14944","0.0013702770635902672601950498","0.0284848420034273858487804467"
"2022-11-11T14:30:00.0000000+00:00","14718.831486460000000000000000","20568.587686460000000000000001","9188.3002","-0.0024213161897494695193336319","0.0308371873840715009244278739"
"2022-11-11T21:00:00.0000000+00:00","15980.364366460000000000000000","20743.748366460000000000000001","7755.576","0.0085159313157560988018315705","0.0225838634380492555099506423"
"2022-11-14T14:30:00.0000000+00:00","15980.364366460000000000000000","20616.928366460000000000000001","7866.516","-0.0061136491708052047714195458","0.0285594427908728524694052557"
"2022-11-14T21:00:00.0000000+00:00","15980.364366460000000000000000","20707.556526460000000000000001","7772.82784","0.0043958129159257091468653636","0.0242891718424389035889686825"
"2022-11-15T14:30:00.0000000+00:00","15980.364366460000000000000000","20810.910366460000000000000001","7745.714","0.0049911171251873701693167992","0.0194192848187909490993616914"
"2022-11-15T21:00:00.0000000+00:00","15980.364366460000000000000000","20722.656206460000000000000001","7844.80816","-0.0042407640245395139168469678","0.0235776962388886480256763182"
"2022-11-16T14:30:00.0000000+00:00","15986.915772460000000000000000","20835.078372460000000000000001","7756.7574","0.0054250847420300276258255938","0.0182805224969764339735323203"
"2022-11-16T21:00:00.0000000+00:00","16822.668588460000000000000001","20711.440268460000000000000001","7024.62832","-0.0059341319379641016167969571","0.0241061754025485564662553393"
"2022-11-17T14:30:00.0000000+00:00","16922.848548460000000000000001","20602.845148460000000000000001","6966.8634","-0.0052432432796753344595238048","0.0292230241400458033566796326"
"2022-11-17T21:00:00.0000000+00:00","14593.772826460000000000000001","20640.168826460000000000000001","9270.444","0.0018115788247231393373877605","0.0274643851270491441253560003"
"2022-11-18T14:30:00.0000000+00:00","14619.987582460000000000000001","20712.118182460000000000000001","9160.4294","0.0034858898977494483138892545","0.0240742330519619766215212933"
"2022-11-18T21:00:00.0000000+00:00","13159.139488459999999999999999","20616.851488460000000000000001","10540.928","-0.0045995630751410223382161624","0.0285630651736948550911293446"
"2022-11-21T14:30:00.0000000+00:00","10179.273634460000000000000000","20536.393634460000000000000001","13586.340","-0.0039025286690858291743164793","0.032354125662063373084495085"
"2022-11-21T21:00:00.0000000+00:00","10179.273634460000000000000000","20512.609134460000000000000001","13612.06450","-0.0011581634255436985954420033","0.0334748177225998250785192788"
"2022-11-22T14:30:00.0000000+00:00","10227.498064460000000000000000","20594.068064460000000000000001","13666.630","0.0039711637591316307422015859","0.0296365879464517199920311366"
"2022-11-22T21:00:00.0000000+00:00","10449.171872140000000000000000","20550.752272140000000000000001","13411.6796","-0.0021033140312259033789331116","0.0316775669264121909862837741"
"2022-11-23T14:30:00.0000000+00:00","10374.304200140000000000000000","20398.748200140000000000000001","13735.276","-0.007396521060986515649798588","0.0388397841964666889796911242"
"2022-11-23T21:00:00.0000000+00:00","11359.593470139999999999999999","20596.670470140000000000000001","14672.053","0.0097026674410658996495800058","0.0295139662649418725486837512"
"2022-11-25T14:30:00.0000000+00:00","11359.593470139999999999999999","20602.251170140000000000000001","14606.0423","0.0002709515602577908691260384","0.0292510115598929634842488958"
"2022-11-25T18:00:00.0000000+00:00","10251.711938140000000000000000","20708.095378140000000000000001","13456.90156","0.0051375069222244002489213699","0.0242637819120395792870821897"
"2022-11-28T14:30:00.0000000+00:00","10251.711938140000000000000000","20773.409938140000000000000001","13360.222","0.0031540592607540206445100157","0.0211862520573261429755846663"
"2022-11-28T21:00:00.0000000+00:00","10251.711938140000000000000000","20641.413938140000000000000001","13382.9880","-0.0063540843989053150597943616","0.0274057172225627263556522515"
"2022-11-29T14:30:00.0000000+00:00","10251.711938140000000000000000","20648.169938140000000000000001","13332.082","0.0003273031595726423321175407","0.0270873840408273831837702505"
"2022-11-29T21:00:00.0000000+00:00","10299.792320140000000000000000","20621.713380140000000000000001","13353.15894","-0.001281302802101173679700361","0.0283339797018554541246820517"
"2022-11-30T14:30:00.0000000+00:00","10299.792320140000000000000000","20624.454320140000000000000001","13358.498","0.0001329152408179475854147231","0.0282048304787729094956799422"
"2022-11-30T21:00:00.0000000+00:00","19406.660582140000000000000001","20905.608582140000000000000001","8006.5120","0.0136320824607441787800713951","0.0149572385929066737338055868"
"2022-12-01T14:30:00.0000000+00:00","19574.780820140000000000000001","20877.934820140000000000000001","6495.806","-0.0013237482128906853772354487","0.0162611871879402193121045193"
"2022-12-01T21:00:00.0000000+00:00","18406.463090140000000000000001","20924.131090140000000000000001","7782.592","0.0022126838884196796364757137","0.014084484166417871515935584"
"2022-12-02T14:30:00.0000000+00:00","18388.224662140000000000000001","20982.850662140000000000000001","9157.834","0.0028063087421427121624910457","0.0113177008353199484362977015"
"2022-12-02T21:00:00.0000000+00:00","19672.412773140000000000000001","21062.120773140000000000000001","7903.5680","0.003777852317417932575645831","0.0075826051202305721991487526"
"2022-12-05T14:30:00.0000000+00:00","19708.755503140000000000000001","21192.345203140000000000000001","7818.0903","0.006182873576818151393060833","0.0014466138322537404329075435"
"2022-12-05T21:00:00.0000000+00:00","19849.320384540000000000000001","21209.131404540000000000000001","7868.46898","0.0007920879562452976566930292","0.0006556717214023088193305621"
"2022-12-06T14:30:00.0000000+00:00","19849.320384540000000000000001","21224.004384540000000000000001","7849.556","0.0007012536117729134632336227","0"
"2022-12-06T21:00:00.0000000+00:00","20029.499341540000000000000001","21205.730521540000000000000001","8008.76882","-0.0008609997750147025281302383","0.0008609997750147025281302383"
"2022-12-07T14:30:00.0000000+00:00","19996.919241540000000000000001","21092.049241540000000000000001","8077.710","-0.0053608754428208329329489149","0.0062172595052853848801365708"
"2022-12-07T21:00:00.0000000+00:00","20086.901241540000000000000001","21003.838001540000000000000001","8265.86324","-0.0041822033975850611454251946","0.0103734610590437734724940378"
"2022-12-08T14:30:00.0000000+00:00","20195.579501540000000000000001","21014.965501540000000000000001","8384.034","0.0005297841279857582429888258","0.0098491726260793749552363991"
"2022-12-08T21:00:00.0000000+00:00","18826.235687540000000000000001","20972.705687540000000000000001","9533.150","-0.0020109390137663159103830017","0.0118403055543585886115997875"
"2022-12-09T14:30:00.0000000+00:00","18826.235687540000000000000001","20893.765687540000000000000001","9625.930","-0.0037639397212777695596577703","0.0155596790792482420784448114"
"2022-12-09T21:00:00.0000000+00:00","17345.778795140000000000000001","20900.140795140000000000000001","6919.9580","0.0003051200867922911704438204","0.0152593065630870713287887427"
"2022-12-12T14:30:00.0000000+00:00","17325.820719140000000000000001","20745.288719140000000000000001","7118.492","-0.0074091403267488237202688741","0.0225553885462211036351169557"
"2022-12-12T21:00:00.0000000+00:00","16424.540499140000000000000000","20818.656499140000000000000001","7652.7440","0.0035365996103158344312921","0.019098558314248356994228648"
"2022-12-13T14:30:00.0000000+00:00","16424.540499140000000000000000","20806.044499140000000000000001","7810.496","-0.0006058027808144579546475746","0.0196927911353264962078573462"
"2022-12-13T21:00:00.0000000+00:00","16382.982189140000000000000000","20761.758949140000000000000001","7753.94324","-0.0021284944383268287836720273","0.021779369577246650668063055"
"2022-12-14T14:30:00.0000000+00:00","16382.982189140000000000000000","20862.934189140000000000000001","7610.848","0.00487315358240352328533643","0.017012350207720977206891566"
"2022-12-14T21:00:00.0000000+00:00","16278.786354140000000000000000","20976.123614140000000000000001","7428.73974","0.0054253837918407310118147398","0.0116792649449583338782692601"
"2022-12-15T14:30:00.0000000+00:00","16308.562117140000000000000000","20891.920317140000000000000001","7548.7502","-0.0040142448885664736107709655","0.0156466264039172949005118647"
"2022-12-15T21:00:00.0000000+00:00","15185.117902140000000000000000","20821.241582140000000000000001","8913.52632","-0.0033830655070043636539215214","0.0189767583488335822279120514"
"2022-12-16T14:30:00.0000000+00:00","15138.488578140000000000000000","20906.890578140000000000000001","8768.518","0.0041135393229127994128468591","0.0149412806676101235222723809"
"2022-12-16T21:00:00.0000000+00:00","17147.026790140000000000000001","20890.934790140000000000000001","6794.812","-0.0007631832165746916528239144","0.0156930609495451632247102353"
"2022-12-19T14:30:00.0000000+00:00","17147.026790140000000000000001","20991.000790140000000000000001","6678.946","0.0047899244818488761637909051","0.0109783050445336600094414975"
"2022-12-19T21:00:00.0000000+00:00","15981.893810140000000000000001","21018.357810140000000000000001","7781.0360","0.0013032737349450379243736713","0.0096893390462073774190494445"
"2022-12-20T14:30:00.0000000+00:00","15937.544942140000000000000001","21125.516942140000000000000001","7707.908","0.0050983589188068080448844089","0.0046403798555441438075989309"
"2022-12-20T21:00:00.0000000+00:00","13583.022622139999999999999999","21160.289962140000000000000001","10334.37266","0.0016460198391944068349090997","0.0030019981736533607090979003"
"2022-12-21T14:30:00.0000000+00:00","10610.398216140000000000000000","21184.188216140000000000000001","13362.190","0.0011293916124381455285777364","0.0018759969927730939175772142"
"2022-12-21T21:00:00.0000000+00:00","10739.672356140000000000000000","21239.606336140000000000000001","13465.04602","0.0026160133885978950993283742","0"
"2022-12-22T14:30:00.0000000+00:00","10787.752738140000000000000000","21243.554738140000000000000001","13433.898","0.0001858980782182221265181103","0"
"2022-12-22T21:00:00.0000000+00:00","10026.187960140000000000000000","21296.178960140000000000000001","14126.7790","0.0024771853227332124312959393","0"
"2022-12-23T14:30:00.0000000+00:00","9989.580640140000000000000000","21315.542640140000000000000001","13968.058","0.0009092560705957132955139573","0"
"2022-12-23T21:00:00.0000000+00:00","12560.277097999999999999999999","21304.062598000000000000000001","14162.9345","-0.0005385761148009225320818701","0.0005385761148009225320818701"
"2022-12-27T14:30:00.0000000+00:00","12560.277097999999999999999999","21285.603098000000000000000001","14116.814","-0.0008664779271599096716097623","0.0014045873776452616627886919"
"2022-12-27T21:00:00.0000000+00:00","11355.686227999999999999999999","21225.720228000000000000000001","12869.9500","-0.0028133038901597581597450493","0.0042139397366714211145630962"
"2022-12-28T14:30:00.0000000+00:00","11355.686227999999999999999999","21348.040228000000000000000001","12769.606","0.005762819762348560811342472","0"
"2022-12-28T21:00:00.0000000+00:00","11355.686227999999999999999999","21249.928228000000000000000001","12688.958","-0.0045958316994042718926808273","0.0045958316994042718926808273"
"2022-12-29T14:30:00.0000000+00:00","11355.686227999999999999999999","21355.796228000000000000000001","12659.390","0.0049820403562823741693439474","0"
"2022-12-29T21:00:00.0000000+00:00","10205.476865000000000000000000","21411.795865000000000000000001","14131.3110","0.0026222219205565272356559217","0"
"2022-12-30T14:30:00.0000000+00:00","10233.471265000000000000000000","21396.761265000000000000000001","14064.990","-0.0007021643628022697852298995","0.0007021643628022697852298995"
"2022-12-30T21:00:00.0000000+00:00","21393.988715000000000000000001","21412.381715000000000000000001","7822.617","0.0007300380560655846528649858","0"
"2023-01-03T14:30:00.0000000+00:00","21393.988715000000000000000001","21563.836715000000000000000001","7673.652","0.0070732439770537688642171677","0"
"2023-01-03T21:00:00.0000000+00:00","20252.560475000000000000000001","21629.368675000000000000000001","6433.1318","0.003038974968420873613538675","0"
"2023-01-04T14:30:00.0000000+00:00","20323.141383000000000000000001","21602.497383000000000000000001","7848.924","-0.0012423521187217453539475534","0.0012423521187217453539475534"
"2023-01-04T21:00:00.0000000+00:00","20549.146173000000000000000001","21596.291173000000000000000001","8068.0650","-0.0002872913205342615826021322","0.0015292865222752508286051488"
"2023-01-05T14:30:00.0000000+00:00","20506.901508400000000000000001","21711.268508400000000000000001","8026.595","0.0053239389337251736636418242","0"
"2023-01-05T21:00:00.0000000+00:00","19269.394056400000000000000001","21726.611056400000000000000001","9223.583","0.0007066629015280259477775139","0"
"2023-01-06T14:30:00.0000000+00:00","19269.394056400000000000000001","21809.248056400000000000000001","9170.186","0.003803492398583609230168683","0"
"2023-01-06T21:00:00.0000000+00:00","20650.958688200000000000000001","21777.484788200000000000000001","8118.3939","-0.001456412807899580839947514","0.001456412807899580839947514"
"2023-01-09T14:30:00.0000000+00:00","20650.958688200000000000000001","21753.762688200000000000000001","8159.276","-0.0010892947569800934097019828","0.002544121102044030580271116"
"2023-01-09T21:00:00.0000000+00:00","19485.750693200000000000000001","21680.374693200000000000000001","9371.426","-0.0033735770704076039880130589","0.0059091153838374387026810121"
"2023-01-10T14:30:00.0000000+00:00","19485.750693200000000000000001","21807.474693200000000000000001","9265.876","0.0058624448054333961615961874","0.000081312441190726902497647"
"2023-01-10T21:00:00.0000000+00:00","19485.750693200000000000000001","21908.144133200000000000000001","9165.08656","0.0046162814088414700112031769","0"
"2023-01-11T14:30:00.0000000+00:00","19502.894795200000000000000001","21932.894795200000000000000001","7822.340","0.0011297470862669922248656315","0"
"2023-01-11T21:00:00.0000000+00:00","16967.094045400000000000000001","21894.755045400000000000000001","8119.3090","-0.0017389291361734366160199016","0.0017389291361734366160199016"
"2023-01-12T14:30:00.0000000+00:00","16967.094045400000000000000001","21849.444045400000000000000001","8234.450","-0.0020694910678856696737639036","0.003804821505744109219343528"
"2023-01-12T21:00:00.0000000+00:00","16174.974364780000000000000000","21991.503964780000000000000001","8908.14160","0.0065017635727856477169639463","0"
"2023-01-13T14:30:00.0000000+00:00","16240.126768780000000000000000","22041.950768780000000000000001","8847.776","0.0022939224202579299551992575","0"
"2023-01-13T21:00:00.0000000+00:00","18661.682360780000000000000000","22114.076360780000000000000001","8730.006","0.0032721964020606547979561611","0"
"2023-01-17T14:30:00.0000000+00:00","18717.795200780000000000000000","21991.280200780000000000000001","8759.3850","-0.0055528505010402693847435277","0.0055528505010402693847435277"
"2023-01-17T21:00:00.0000000+00:00","17600.289048780000000000000000","22032.989048780000000000000001","7616.3600","0.0018966084565882001450675529","0.0036667736276705122388578476"
"2023-01-18T14:30:00.0000000+00:00","17600.289048780000000000000000","22201.269048780000000000000001","7538.040","0.007637638253594916513126747","0"
"2023-01-18T21:00:00.0000000+00:00","17560.402673100000000000000000","22166.402473100000000000000001","7506.2846","-0.0015704766967776547696974439","0.0015704766967776547696974439"
"2023-01-19T14:30:00.0000000+00:00","17538.705715100000000000000000","22126.785715100000000000000001","7567.520","-0.0017872434666868856709552768","0.0033549133392486405759711894"
"2023-01-19T21:00:00.0000000+00:00","17155.649426300000000000000001","22170.215266300000000000000001","8105.91416","0.0019627591535069794065047871","0.0013987390726074941048733042"
"2023-01-20T14:30:00.0000000+00:00","17155.649426300000000000000001","22128.929426300000000000000001","8123.040","-0.0018622209799990912594326215","0.0032583552913600312165695428"
"2023-01-20T21:00:00.0000000+00:00","15868.427102299999999999999999","22226.917102300000000000000001","9308.922","0.004428035089828732389444215","0"
"2023-01-23T14:30:00.0000000+00:00","15922.180694299999999999999999","22138.246694300000000000000001","9284.594","-0.0039893255367756129915748005","0.0039893255367756129915748005"
"2023-01-23T21:00:00.0000000+00:00","15986.607806299999999999999999","22082.644806300000000000000001","9434.6530","-0.002511575951238992332760582","0.0064908819939347761104462847"
"2023-01-24T14:30:00.0000000+00:00","12946.389884299999999999999999","22132.495884300000000000000001","12437.874","0.0022574776906151155657371608","0.0042480573246133836596434338"
"2023-01-24T21:00:00.0000000+00:00","12829.786568299999999999999999","22284.365568300000000000000001","12282.7110","0.0068618417368703054981188903","0"
"2023-01-25T14:30:00.0000000+00:00","12877.746974299999999999999999","22319.754974300000000000000001","12299.572","0.001588082276407375409516428","0"
"2023-01-25T21:00:00.0000000+00:00","12145.203236299999999999999999","22411.407236300000000000000001","13097.616","0.0041063292184673470167844951","0"
"2023-01-26T14:30:00.0000000+00:00","12145.203236299999999999999999","22496.923236300000000000000001","12978.160","0.0038157354019915717254785298","0"
"2023-01-26T21:00:00.0000000+00:00","11041.112132600000000000000000","22426.377832600000000000000001","14361.8543","-0.0031357800779695591070740289","0.0031357800779695591070740289"
"2023-01-27T14:30:00.0000000+00:00","10975.519016600000000000000000","22348.741016600000000000000001","14396.058","-0.0034618526709713952525285878","0.0065867771403024565513483563"
"2023-01-27T21:00:00.0000000+00:00","12198.954280599999999999999999","22376.179780600000000000000001","13208.25450","0.0012277543499931060004728875","0.0053671097345957920429835823"
"2023-01-30T14:30:00.0000000+00:00","12224.199230599999999999999999","22434.009230600000000000000001","13121.110","0.002584420154245352953070204","0.0027965604469185748821356928"
"2023-01-30T21:00:00.0000000+00:00","12224.199230599999999999999999","22436.577230600000000000000001","13055.4920","0.0001144690622885742016174991","0.0026824115042819927657735731"
"2023-01-31T14:30:00.0000000+00:00","12224.199230599999999999999999","22493.208230600000000000000001","13076.931","0.0025240480942326679096346461","0.0001651339456946556038953808"
"2023-01-31T21:00:00.0000000+00:00","21341.395426600000000000000001","22497.931426600000000000000001","6705.384","0.0002099832070008809977481577","0"
"2023-02-01T14:30:00.0000000+00:00","21338.364970600000000000000001","22591.482970600000000000000001","6615.062","0.0041582286933896116669569154","0"
"2023-02-01T21:00:00.0000000+00:00","21338.364970600000000000000001","22705.972970600000000000000001","6519.1720","0.005067839067890959995675991","0"
"2023-02-02T14:30:00.0000000+00:00","21338.364970600000000000000001","22692.240970600000000000000001","6531.264","-0.0006047747884567808999257314","0.0006047747884567808999257314"
"2023-02-02T21:00:00.0000000+00:00","20257.035166600000000000000001","22714.507166600000000000000001","7860.888","0.000981225081685322194557535","0"
"2023-02-03T14:30:00.0000000+00:00","20257.035166600000000000000001","22705.228166600000000000000001","7824.089","-0.0004085054512494148264740014","0.0004085054512494148264740014"
"2023-02-03T21:00:00.0000000+00:00","21441.278270600000000000000001","22719.473470600000000000000001","6573.3448","0.0006274019311972924589231641","0"
"2023-02-06T14:30:00.0000000+00:00","21441.278270600000000000000001","22700.751270600000000000000001","6586.447","-0.0008240595902993681589849089","0.0008240595902993681589849089"
"2023-02-06T21:00:00.0000000+00:00","21516.623198600000000000000001","22630.037998600000000000000001","6728.90280","-0.0031150190210480636920071043","0.0039365116500491722447461498"
"2023-02-07T14:30:00.0000000+00:00","21516.623198600000000000000001","22634.305198600000000000000001","6737.098","0.0001885635366703312186810497","0.0037486903959377182592091721"
"2023-02-07T21:00:00.0000000+00:00","21441.918260600000000000000001","22584.085260600000000000000001","6710.0430","-0.0022187532402411121741142537","0.0059591262172161828832061525"
"2023-02-08T14:30:00.0000000+00:00","21441.918260600000000000000001","22629.620260600000000000000001","6684.598","0.0020162428309390049788289099","0.0039548984317913007048629116"
"2023-02-08T21:00:00.0000000+00:00","21371.580595880000000000000001","22708.976995880000000000000001","6542.5036","0.0035067638946715556447078033","0.0004620034321474439495763338"
"2023-02-09T14:30:00.0000000+00:00","21371.580595880000000000000001","22724.218595880000000000000001","6563.842","0.0006711707005896929344914804","0"
"2023-02-09T21:00:00.0000000+00:00","17774.228611880000000000000001","22674.861891880000000000000001","8131.53672","-0.0021719868514620162045098223","0.0021719868514620162045098223"
"2023-02-10T14:30:00.0000000+00:00","17730.459859880000000000000001","22658.161859880000000000000001","8116.638","-0.0007364998331469608044295662","0.0029068870166552778412640224"
"2023-02-10T21:00:00.0000000+00:00","18183.071929880000000000000000","22559.461929880000000000000001","7770.3100","-0.0043560431163996780263960901","0.0072502676078759030484088338"
"2023-02-13T14:30:00.0000000+00:00","18079.341187880000000000000000","22664.237187880000000000000001","7767.284","0.0046444041230090335091055553","0.0026395366576378072260521101"
"2023-02-13T21:00:00.0000000+00:00","16812.165903500000000000000000","22691.234803500000000000000001","8782.4511","0.001191198953496539090068209","0.0014514819174455620445349754"
"2023-02-14T14:30:00.0000000+00:00","16812.165903500000000000000000","22627.665903500000000000000001","8763.860","-0.0028014738091818097826859412","0.004248889438051147091357884"
"2023-02-14T21:00:00.0000000+00:00","16904.128907220000000000000000","22614.416407220000000000000001","8889.0125","-0.0005855441005937159275416911","0.0048319456265003372208882636"
"2023-02-15T14:30:00.0000000+00:00","16948.220087220000000000000000","22643.375087220000000000000001","8868.975","0.001280540672752204931661605","0.0035575924566513931053894958"
"2023-02-15T21:00:00.0000000+00:00","16875.965639220000000000000000","22703.826859220000000000000001","8736.89378","0.0026697332781507113440330762","0.0008973570014723019275156015"
"2023-02-16T14:30:00.0000000+00:00","16875.965639220000000000000000","22645.091639220000000000000001","8767.674","-0.0025870184953488442179906625","0.00348205401766140652038812"
"2023-02-16T21:00:00.0000000+00:00","15055.280755859999999999999999","22643.519555860000000000000001","10657.07480","-0.0000694226980860276926884232","0.0035512349821626468655124672"
"2023-02-17T14:30:00.0000000+00:00","15055.280755859999999999999999","22680.122755860000000000000001","10562.418","0.0016164978200364316939672265","0.0019404777257333182065948473"
"2023-02-17T21:00:00.0000000+00:00","17404.580801859999999999999999","22783.640401860000000000000001","10453.1204","0.0045642454017694204034072609","0"
"2023-02-21T14:30:00.0000000+00:00","17322.376620859999999999999999","22745.164220860000000000000001","10409.9924","-0.0016887635303820411348087026","0.0016887635303820411348087026"
"2023-02-21T21:00:00.0000000+00:00","16335.529796859999999999999999","22754.130396860000000000000001","9364.9846","0.0003942014185053435846367085","0.001295227824855894242685117"
"2023-02-22T14:30:00.0000000+00:00","13195.361888859999999999999999","22720.787888860000000000000001","12463.654","-0.001465338706356414461699628","0.0027586685837469975357507216"
"2023-02-22T21:00:00.0000000+00:00","13350.853984219999999999999999","22721.319384220000000000000001","12624.9946","0.0000233924704812103862454824","0.0027353406453391998936073924"
"2023-02-23T14:30:00.0000000+00:00","13350.853984219999999999999999","22671.593984220000000000000001","12705.140","-0.0021884908688240343080623769","0.004917845246137786121404186"
"2023-02-23T21:00:00.0000000+00:00","11206.805260220000000000000000","22664.084260220000000000000001","14717.0610","-0.0003312393475830132149005468","0.0052474556098699544329905191"
"2023-02-24T14:30:00.0000000+00:00","11255.665486220000000000000000","22496.043486220000000000000001","14756.6420","-0.0074144082801062102201334048","0.0126229571116528550798372717"
"2023-02-24T21:00:00.0000000+00:00","12340.558667219999999999999999","22438.304667220000000000000001","13433.8440","-0.0025666210609598100314851446","0.0151571798250383044812026068"
"2023-02-27T14:30:00.0000000+00:00","12340.558667219999999999999999","22392.362667220000000000000001","13531.236","-0.0020474808895485060223556028","0.0171736266785555944070240239"
"2023-02-27T21:00:00.0000000+00:00","12243.414242219999999999999999","22382.320242220000000000000001","13412.554","-0.0004484754534054160065310811","0.017614400181949729844822055"
"2023-02-28T14:30:00.0000000+00:00","12243.414242219999999999999999","22357.310242220000000000000001","13358.424","-0.0011173997927535403925615149","0.0187121176475904816850726675"
"2023-02-28T21:00:00.0000000+00:00","21086.895475220000000000000001","22386.948475220000000000000001","8090.607","0.0013256618385171646085496148","0.0174112617493565713557433419"
"2023-03-01T14:30:00.0000000+00:00","21082.399687220000000000000001","22450.481687220000000000000001","8039.938","0.0028379576640525434234693498","0.0146227165090264393083210189"
"2023-03-01T21:00:00.0000000+00:00","19995.632377220000000000000001","22362.558377220000000000000001","7056.654","-0.003916321762042664417258595","0.0184817710081846229422044688"
"2023-03-02T14:30:00.0000000+00:00","20044.325213220000000000000001","22369.873213220000000000000001","5607.172","0.0003271019297797063309349126","0.0181607145013674404300840598"
"2023-03-02T21:00:00.0000000+00:00","18804.947387220000000000000001","22388.050387220000000000000001","6789.0670","0.0008125738499607487137441129","0.0173628975731071058562713614"
"2023-03-03T14:30:00.0000000+00:00","18842.531868820000000000000001","22389.506268820000000000000001","6842.5656","0.0000650294051880049277673014","0.0172989972668206203379032284"
"2023-03-03T21:00:00.0000000+00:00","20094.501424820000000000000001","22411.442424820000000000000001","5601.739","0.0009797516629720708424673557","0.0163361943251884663065148032"
"2023-03-06T14:30:00.0000000+00:00","20121.616000820000000000000001","22408.618000820000000000000001","5624.258","-0.000126025980231956653117643","0.0164601615205173313555211205"
"2023-03-06T21:00:00.0000000+00:00","20121.616000820000000000000001","22412.385000820000000000000001","5583.9010","0.0001681049674666306474891652","0.0162948235879676027596704984"
"2023-03-07T14:30:00.0000000+00:00","20188.262668820000000000000001","22395.878668820000000000000001","5513.704","-0.0007364826188465031388915489","0.0170193053524643977458675226"
"2023-03-07T21:00:00.0000000+00:00","20188.262668820000000000000001","22362.758668820000000000000001","5522.424","-0.0014788435180313037189389693","0.0184729799810938140173229519"
"2023-03-08T14:30:00.0000000+00:00","20059.470252820000000000000001","22371.838252820000000000000001","7113.672","0.0004060135931556379864078573","0.0180744666689165920998215517"
"2023-03-08T21:00:00.0000000+00:00","20059.470252820000000000000001","22382.498252820000000000000001","7067.692","0.0004764919127133548270736465","0.0176065870933975831187311267"
"2023-03-09T14:30:00.0000000+00:00","20059.470252820000000000000001","22390.062252820000000000000001","7050.7280","0.0003379426154561187924772314","0.0172745944940330630499724049"
"2023-03-09T21:00:00.0000000+00:00","16271.152740820000000000000001","22298.555540820000000000000001","7275.9508","-0.0040869342374639822830484346","0.0212909285998210748096398502"
"2023-03-10T14:30:00.0000000+00:00","16197.638040820000000000000001","22320.018040820000000000000001","7239.580","0.0009625062915268432154663229","0.0203489149610240081814359809"
"2023-03-10T21:00:00.0000000+00:00","16689.211672820000000000000000","22303.182672820000000000000001","6892.8990","-0.0007542721501931858132513224","0.0210878384913754441281491466"
"2023-03-13T13:30:00.0000000+00:00","16630.661572820000000000000000","22200.455572820000000000000001","6861.546","-0.0046059390494608387602162985","0.0255966482420601333871898782"
"2023-03-13T20:00:00.0000000+00:00","16630.661572820000000000000000","22297.629572820000000000000001","6836.752","0.0043771173830761405847909491","0.0213315703929527995477451353"
"2023-03-14T13:30:00.0000000+00:00","16602.405922820000000000000000","22322.895922820000000000000001","6708.110","0.001133140629028960203779111","0.0202226014330170854230383754"
"2023-03-14T20:00:00.0000000+00:00","16602.405922820000000000000000","22341.977922820000000000000001","6748.168","0.0008548174065755091740559916","0.0193850706581527580893453651"
"2023-03-15T13:30:00.0000000+00:00","16654.635474820000000000000000","22311.143474820000000000000001","6902.432","-0.0013801127235250656858432396","0.0207384297990160747346517153"
"2023-03-15T20:00:00.0000000+00:00","16654.635474820000000000000000","22349.022474820000000000000001","6919.32300","0.0016977614815103329017820258","0.0190758772248055173993117332"
"2023-03-16T13:30:00.0000000+00:00","16668.288438820000000000000000","22320.868438820000000000000001","6818.980","-0.0012597435092170291368262211","0.0203115900215059768306384823"
"2023-03-16T20:00:00.0000000+00:00","16197.529324820000000000000001","22406.122444820000000000000001","7174.40688","0.0038194753144876732614752804","0.0165696943237034397961228181"
"2023-03-17T13:30:00.0000000+00:00","16306.718802820000000000000001","22431.014802820000000000000001","7277.544","0.001110962330108786175537638","0.0154771402998097055219653988"
"2023-03-17T20:00:00.0000000+00:00","17601.049884820000000000000001","22440.817724820000000000000001","6115.01216","0.0004370253457622251011555003","0.0150468788566384152256306041"
"2023-03-20T13:30:00.0000000+00:00","17484.427360820000000000000001","22444.927360820000000000000001","6070.700","0.0001831321857516207686872646","0.0148665022387005504983311173"
"2023-03-20T20:00:00.0000000+00:00","17484.427360820000000000000001","22480.821360820000000000000001","6028.0260","0.001599203215184237217488991","0.0132910735816949868616275793"
"2023-03-21T13:30:00.0000000+00:00","14537.446924819999999999999999","22512.854924820000000000000001","8984.272","0.001424928541793793187088832","0.0118850838699988323201327463"
"2023-03-21T20:00:00.0000000+00:00","14537.446924819999999999999999","22515.260924820000000000000001","8925.2060","0.0001068722739978850998312298","0.0117794817819407895801230312"
"2023-03-22T13:30:00.0000000+00:00","14624.440364819999999999999999","22508.460364820000000000000001","8969.780","-0.0003020422469323156469015167","0.0120779661277279895535230594"
"2023-03-22T20:00:00.0000000+00:00","11292.534116819999999999999999","22437.522116820000000000000001","12299.652","-0.0031516259597601887183880173","0.0151915268558989264967519412"
"2023-03-23T13:30:00.0000000+00:00","11245.539770819999999999999999","22472.231770820000000000000001","12327.068","0.0015469468428503677820670231","0.0136680804975563681330989211"
"2023-03-23T20:00:00.0000000+00:00","9976.325978820000000000000000","22452.199718820000000000000001","13674.57366","-0.0008914135544833356302342758","0.0145473101398204126825989596"
"2023-03-24T13:30:00.0000000+00:00","9836.898098820000000000000000","22434.208098820000000000000001","13754.110","-0.0008013299465227440679873321","0.0153369828910867646867608838"
"2023-03-24T20:00:00.0000000+00:00","11091.527122819999999999999999","22501.904122820000000000000001","12455.3530","0.0030175357071578868047696458","0.0123657270774428017936921261"
"2023-03-27T13:30:00.0000000+00:00","11117.721882819999999999999999","22461.515882820000000000000001","12406.466","-0.0017948809922730412737084413","0.0141384130612289049166222899"
"2023-03-27T20:00:00.0000000+00:00","11117.721882819999999999999999","22446.595882820000000000000001","12361.126","-0.000664247243055032079811027","0.0147932689023868424398745546"
"2023-03-28T13:30:00.0000000+00:00","11204.022688819999999999999999","22433.544688820000000000000001","12329.298","-0.0005814331076361124667989596","0.0153661007137129434623842608"
"2023-03-28T20:00:00.0000000+00:00","11204.022688819999999999999999","22475.101648820000000000000001","12325.66104","0.0018524473317277568341090707","0.0135421182742513641503002506"
"2023-03-29T13:30:00.0000000+00:00","11135.789044819999999999999999","22489.625044820000000000000001","12365.544","0.0006461993465894965253238624","0.0129046698356421265367981161"
"2023-03-29T20:00:00.0000000+00:00","11135.789044819999999999999999","22545.658044820000000000000001","12411.9110","0.0024915044109597546557927843","0.0104453174664998535314097686"
"2023-03-30T13:30:00.0000000+00:00","11181.979804819999999999999999","22592.571804820000000000000001","12495.368","0.002080833476083822596879766","0.0083862189566686468919425324"
"2023-03-30T20:00:00.0000000+00:00","9923.328124820000000000000000","22609.074424820000000000000001","13777.5663","0.0007304445081581751339472382","0.0076619001160915823524000869"
"2023-03-31T13:30:00.0000000+00:00","9923.328124820000000000000000","22643.260124820000000000000001","13804.708","0.0015120344759656018605756705","0.0061614506972529158116061899"
"2023-03-31T20:00:00.0000000+00:00","19042.871754820000000000000001","22717.445754820000000000000001","6889.246","0.0032762786626596566628136432","0.0029053586640436983408884351"
"2023-04-03T13:30:00.0000000+00:00","19040.184204820000000000000001","22768.194204820000000000000001","6937.430","0.0022338977078544410323128688","0.0006779512302493595673032213"
"2023-04-03T20:00:00.0000000+00:00","19040.184204820000000000000001","22774.305904820000000000000001","6911.83830","0.0002684314770429250941935967","0.000409701736656533376896997"
"2023-04-04T13:30:00.0000000+00:00","19067.238792820000000000000001","22790.544792820000000000000001","6951.974","0.000713035473742502467070188","0"
"2023-04-04T20:00:00.0000000+00:00","19067.238792820000000000000001","22783.219092820000000000000001","6986.97970","-0.0003214359317249805274415976","0.0003214359317249805274415976"
"2023-04-05T13:30:00.0000000+00:00","19060.045658820000000000000001","22795.883658820000000000000001","8542.702","0.0005558725458594727239080545","0"
"2023-04-05T20:00:00.0000000+00:00","20274.227673840000000000000001","22810.757073840000000000000001","7334.6934","0.0006524605600996431590367916","0"
"2023-04-06T13:30:00.0000000+00:00","20274.227673840000000000000001","22798.135673840000000000000001","7340.532","-0.0005533091233729619025857184","0.0005533091233729619025857184"
"2023-04-06T20:00:00.0000000+00:00","20182.872081840000000000000001","22821.931081840000000000000001","9698.761","0.0010437435911614620464244297","0"
"2023-04-10T13:30:00.0000000+00:00","20182.872081840000000000000001","22835.836081840000000000000001","9704.696","0.0006092823587161109093999751","0"
"2023-04-10T20:00:00.0000000+00:00","20257.626955840000000000000001","22820.156955840000000000000001","7260.4600","-0.0006866017930680755132112834","0.0006866017930680755132112834"
"2023-04-11T13:30:00.0000000+00:00","20272.774125840000000000000001","22823.586125840000000000000001","5745.648","0.0001502693433106483097639613","0.0005364356249579874567954642"
"2023-04-11T20:00:00.0000000+00:00","20272.774125840000000000000001","22833.192085840000000000000001","5754.20204","0.0004208786448823875147402496","0.0001157827543744988964709245"
"2023-04-12T13:30:00.0000000+00:00","20272.774125840000000000000001","22841.870125840000000000000001","5736.784","0.0003800624970602198436535167","0"
"2023-04-12T20:00:00.0000000+00:00","17706.901053840000000000000001","22825.858713840000000000000001","6180.22234","-0.0007009676489617632468204973","0.0007009676489617632468204973"
"2023-04-13T13:30:00.0000000+00:00","17706.901053840000000000000001","22863.611053840000000000000001","6193.270","0.0016539285760631484373153517","0"
"2023-04-13T20:00:00.0000000+00:00","15631.446045840000000000000000","22856.761045840000000000000001","8231.0250","-0.0002996030672438124869948643","0.0002996030672438124869948643"
"2023-04-14T13:30:00.0000000+00:00","15676.756981840000000000000000","22834.808981840000000000000001","8265.508","-0.0009604188430711770680726479","0.0012597341658837666766119316"
"2023-04-14T20:00:00.0000000+00:00","16910.310221840000000000000000","22834.342221840000000000000001","6991.168","-0.0000204407227742173593648095","0.0012801491387811299959583795"
"2023-04-17T13:30:00.0000000+00:00","16977.416797840000000000000000","22817.906797840000000000000001","6902.250","-0.0007197677883744893470984749","0.0019989955170412093418883522"
"2023-04-17T20:00:00.0000000+00:00","16977.416797840000000000000000","22833.370197840000000000000001","6877.3934","0.0006776870524102501826857379","0.0013226631580106841204000876"
"2023-04-18T13:30:00.0000000+00:00","17015.209237840000000000000000","22844.547237840000000000000001","6921.0020","0.0004895046111527298742824174","0.0008338059965728023077597114"
"2023-04-18T20:00:00.0000000+00:00","17015.209237840000000000000000","22858.506277840000000000000001","6929.15616","0.0006110447212925309259922924","0.0002232707680330592507500276"
"2023-04-19T13:30:00.0000000+00:00","17015.209237840000000000000000","22844.721237840000000000000001","6932.728","-0.0006030595277069262891418888","0.0008261956501760647604842767"
"2023-04-19T20:00:00.0000000+00:00","15233.044433839999999999999999","22862.594433840000000000000001","8712.550","0.0007823775048038159125454158","0.0000444645422635133638571983"
"2023-04-20T13:30:00.0000000+00:00","15233.044433839999999999999999","22882.846433840000000000000001","8767.458","0.0008858137276854311624023304","0"
"2023-04-20T20:00:00.0000000+00:00","14000.547983839999999999999999","22888.411983840000000000000001","10004.0760","0.0002432193047351599898761802","0"
"2023-04-21T13:30:00.0000000+00:00","13967.906675839999999999999999","22895.724675840000000000000001","10033.922","0.0003194932005402126683463159","0"
"2023-04-21T20:00:00.0000000+00:00","15187.512705839999999999999999","22869.498705840000000000000001","8767.8740","-0.0011454527153566856786593667","0.0011454527153566856786593667"
"2023-04-24T13:30:00.0000000+00:00","12281.184353839999999999999999","22886.196353840000000000000001","11693.788","0.00073012741620506337943308","0.0004161616255830707500639623"
"2023-04-24T20:00:00.0000000+00:00","12281.184353839999999999999999","22923.044953840000000000000001","11721.9726","0.0016100796930293440385853947","0"
"2023-04-25T13:30:00.0000000+00:00","12259.342293839999999999999999","22974.278293840000000000000001","11815.264","0.002235014593531019706910311","0"
"2023-04-25T20:00:00.0000000+00:00","11502.871029839999999999999999","22959.611309840000000000000001","12664.73292","-0.0006384089115840735199659305","0.0006384089115840735199659305"
"2023-04-26T13:30:00.0000000+00:00","11406.401739839999999999999999","22968.115739840000000000000001","12644.746","0.0003704082741311558084848513","0.0002682371093960475177964416"
"2023-04-26T20:00:00.0000000+00:00","11406.401739839999999999999999","22889.010739840000000000000001","12552.4010","-0.0034441223170425846857356011","0.0037114355850239022830914013"
"2023-04-27T13:30:00.0000000+00:00","11406.401739839999999999999999","22881.905739840000000000000001","12492.336","-0.0003104109688599703000977138","0.004020694483568063943004437"
"2023-04-27T20:00:00.0000000+00:00","10182.897087840000000000000000","22909.265087840000000000000001","13727.312","0.0011956761080596649716506326","0.0028298258238402085986246491"
"2023-04-28T13:30:00.0000000+00:00","10253.525511840000000000000000","22992.453511840000000000000001","13823.612","0.0036312131218978103126615517","0"
"2023-04-28T20:00:00.0000000+00:00","20444.691870840000000000000001","23067.548870840000000000000001","5783.9970","0.0032660872386380830168700829","0"
"2023-05-01T13:30:00.0000000+00:00","20473.586604640000000000000001","23091.487004640000000000000001","5806.8796","0.0010377406777822206400147505","0"
"2023-05-01T20:00:00.0000000+00:00","20473.586604640000000000000001","23091.972604640000000000000001","5750.034","0.0000210293949411929862928647","0"
"2023-05-02T13:30:00.0000000+00:00","20473.586604640000000000000001","23069.296604640000000000000001","5771.950","-0.0009819862680524566236596263","0.0009819862680524566236596263"
"2023-05-02T20:00:00.0000000+00:00","20473.586604640000000000000001","23040.765604640000000000000001","5820.0510","-0.0012367520557285422591263387","0.0022175238502452878077146976"
"2023-05-03T13:30:00.0000000+00:00","20450.945280640000000000000001","23033.279280640000000000000001","7341.926","-0.0003249164601758019544621503","0.0025417198004213126481037445"
"2023-05-03T20:00:00.0000000+00:00","20450.945280640000000000000001","23016.615280640000000000000001","7368.070","-0.000723474924997174611951382","0.0032633558548765136172633851"
"2023-05-04T13:30:00.0000000+00:00","20406.936480640000000000000001","23004.076480640000000000000001","7321.820","-0.0005447716724251275806895234","0.0038063497434748617876965886"
"2023-05-04T20:00:00.0000000+00:00","19145.604264640000000000000001","22998.791664640000000000000001","8619.0394","-0.0002297338910539463790604418","0.0040352091869915274961117576"
"2023-05-05T13:30:00.0000000+00:00","19106.696484640000000000000001","23002.437084640000000000000001","8481.1526","0.000158504849000599081936169","0.0038773439382137983364265717"
"2023-05-05T20:00:00.0000000+00:00","20347.688236640000000000000001","23043.483836640000000000000001","7241.5516","0.0017844523103775463638763352","0.0020998105631849259593709176"
"2023-05-08T13:30:00.0000000+00:00","20449.492971640000000000000001","23083.170971640000000000000001","5788.622","0.0017222714794928696064343039","0.0003811555275373676111250285"
"2023-05-08T20:00:00.0000000+00:00","20449.492971640000000000000001","23080.770771640000000000000001","5769.7818","-0.0001039805147632830601431106","0.0004850964095526924650722783"
"2023-05-09T13:30:00.0000000+00:00","20449.492971640000000000000001","23069.734971640000000000000001","5786.838","-0.0004781382783611369501716054","0.0009630027447517267218804853"
"2023-05-09T20:00:00.0000000+00:00","17975.798331640000000000000001","23066.891151640000000000000001","6190.58718","-0.0001232705968879119819859736","0.0010861546317164884609656731"
"2023-05-10T13:30:00.0000000+00:00","17975.798331640000000000000001","23103.854331640000000000000001","6176.844","0.001602434405096328187929305","0"
"2023-05-10T20:00:00.0000000+00:00","17207.164635640000000000000000","23100.222635640000000000000001","6947.822","-0.0001571900492389491411430711","0.0001571900492389491411430711"
"2023-05-11T13:30:00.0000000+00:00","17207.164635640000000000000000","23109.994635640000000000000001","6978.510","0.0004230262259430930898210549","0"
"2023-05-11T20:00:00.0000000+00:00","15967.846821640000000000000000","23100.188321640000000000000001","8171.41850","-0.000424332162538748569293002","0.000424332162538748569293002"
"2023-05-12T13:30:00.0000000+00:00","15964.409735640000000000000000","23119.891735640000000000000001","8242.106","0.0008529546913495099292847152","0"
"2023-05-12T20:00:00.0000000+00:00","17201.062355640000000000000000","23093.597395640000000000000001","6994.96736","-0.001137303768575459792831582","0.001137303768575459792831582"
"2023-05-15T13:30:00.0000000+00:00","17243.594297640000000000000000","23100.142297640000000000000001","6943.172","0.0002834076427276617077550943","0.0008542184464279153422379179"
"2023-05-15T20:00:00.0000000+00:00","17243.594297640000000000000000","23112.224297640000000000000001","6929.910","0.000523027081146350510208995","0.0003316381446622613947727534"
"2023-05-16T13:30:00.0000000+00:00","17243.594297640000000000000000","23091.524297640000000000000001","6925.050","-0.0008956299373623544598507188","0.0012269710569738850260034193"
"2023-05-16T20:00:00.0000000+00:00","18006.641657640000000000000001","23077.432857640000000000000001","6175.4728","-0.0006102429540106268935855863","0.0018364652605422186347990258"
"2023-05-17T13:30:00.0000000+00:00","18006.641657640000000000000001","23088.637657640000000000000001","6146.444","0.0004855306077205440186998548","0.0013518263129156833467210854"
"2023-05-17T20:00:00.0000000+00:00","18006.641657640000000000000001","23097.342657640000000000000001","6139.3090","0.0003770252766351299591081593","0.0009753107089701430708822957"
"2023-05-18T13:30:00.0000000+00:00","18006.641657640000000000000001","23078.835657640000000000000001","6114.466","-0.000801261005403076787221689","0.0017757902359339700536449013"
"2023-05-18T20:00:00.0000000+00:00","16802.360849640000000000000001","23110.856849640000000000000001","7293.7440","0.0013874699952378112817135609","0.0003907840963663534291340631"
"2023-05-19T13:30:00.0000000+00:00","13854.469217639999999999999999","23113.037217640000000000000001","10345.192","0.0000943438840967925340368696","0.0002964770803590553521495634"
"2023-05-19T20:00:00.0000000+00:00","12541.415428639999999999999999","23106.503428640000000000000001","11704.632","-0.0002826884644573399244549532","0.0005790817341658017798729924"
"2023-05-22T13:30:00.0000000+00:00","12440.145178639999999999999999","23123.349178640000000000000001","11826.276","0.0007290479951683241445514078","0"
"2023-05-22T20:00:00.0000000+00:00","10516.050436640000000000000000","23067.487836640000000000000001","13692.3926","-0.0024157980562608744619802861","0.0024157980562608744619802861"
"2023-05-23T13:30:00.0000000+00:00","10516.050436640000000000000000","23035.696436640000000000000001","13687.414","-0.0013781908210005897702713163","0.0037906594465549344287207927"
"2023-05-23T20:00:00.0000000+00:00","10516.050436640000000000000000","23054.133436640000000000000001","13712.907","0.00080036651163168529230204","0.0029933268518012720040778163"
"2023-05-24T13:30:00.0000000+00:00","10481.443516640000000000000000","23067.829516640000000000000001","13737.874","0.0005940834877893428432837332","0.0024010216500681407538253795"
"2023-05-24T20:00:00.0000000+00:00","10481.443516640000000000000000","22980.183676640000000000000001","13670.22944","-0.0037994836027714091111122419","0.0061913826104502168119839937"
"2023-05-25T13:30:00.0000000+00:00","10383.552038640000000000000000","23013.314038640000000000000001","13690.638","0.0014416926542531485683186053","0.0047586160270262250045196812"
"2023-05-25T20:00:00.0000000+00:00","10299.497726260000000000000000","22956.077726260000000000000001","13726.9000","-0.0024870956127352464544615381","0.0072338765067179629058015388"
"2023-05-26T13:30:00.0000000+00:00","10371.322966260000000000000000","22974.422966260000000000000001","13641.940","0.000799145229370540346129322","0.0064405121952476218492816431"
"2023-05-26T20:00:00.0000000+00:00","12774.622210259999999999999999","23060.221410260000000000000001","13626.9192","0.0037345200846176945403591208","0.0027300443327783047512920226"
"2023-05-30T13:30:00.0000000+00:00","12816.893754259999999999999999","23134.285754260000000000000001","13628.468","0.0032117793963178143378007301","0"
"2023-05-30T20:00:00.0000000+00:00","11694.719364259999999999999999","23194.968564260000000000000001","12556.0732","0.0026230682306163582049458481","0"
"2023-05-31T13:30:00.0000000+00:00","11629.790866259999999999999999","23172.132866260000000000000001","12611.878","-0.0009845108406478471130482175","0.0009845108406478471130482175"
"2023-05-31T20:00:00.0000000+00:00","20543.077852260000000000000001","23243.461852260000000000000001","7244.8360","0.0030782227260512231386765553","0"
"2023-06-01T13:30:00.0000000+00:00","20467.951233260000000000000001","23237.579233260000000000000001","7356.332","-0.0002530870417406442958782469","0.0002530870417406442958782469"
"2023-06-01T20:00:00.0000000+00:00","19211.383169900000000000000001","23279.845469900000000000000001","8576.88630","0.0018188743421046302181769433","0"
"2023-06-02T13:30:00.0000000+00:00","19230.118613900000000000000001","23301.556613900000000000000001","8631.502","0.0009326154689502439187322932","0"
"2023-06-02T20:00:00.0000000+00:00","20467.311125900000000000000001","23307.344125900000000000000001","7341.6742","0.0002483744796923822133099849","0"
"2023-06-05T13:30:00.0000000+00:00","20589.683709720000000000000001","23316.972989720000000000000001","5856.49072","0.0004131257413108704779472688","0"
"2023-06-05T20:00:00.0000000+00:00","20589.683709720000000000000001","23336.394709720000000000000001","5849.6390","0.0008329434531902000615086382","0"
"2023-06-06T13:30:00.0000000+00:00","20589.683709720000000000000001","23335.245709720000000000000001","5842.778","-0.0000492363972366915022593168","0.0000492363972366915022593168"
"2023-06-06T20:00:00.0000000+00:00","20589.683709720000000000000001","23352.099709720000000000000001","5782.764","0.0007222550904179972067376632","0"
"2023-06-07T13:30:00.0000000+00:00","20556.111017720000000000000001","23375.093017720000000000000001","5968.558","0.0009846355696412747956487531","0"
"2023-06-07T20:00:00.0000000+00:00","20556.111017720000000000000001","23360.010837720000000000000001","5932.26238","-0.0006452243842865833265536844","0.0006452243842865833265536844"
"2023-06-08T13:30:00.0000000+00:00","20556.111017720000000000000001","23364.291017720000000000000001","5946.060","0.0001832267985547628753028806","0.0004621158081301027499627308"
"2023-06-08T20:00:00.0000000+00:00","19307.848615160000000000000001","23366.565835160000000000000001","7167.40618","0.0000973629988718565292647101","0.0003647978022391518589603998"
"2023-06-09T13:30:00.0000000+00:00","19307.848615160000000000000001","23373.416615160000000000000001","7160.8320","0.0002931872851290597035385602","0.0000717174711873516999722794"
"2023-06-09T20:00:00.0000000+00:00","18002.819969160000000000000001","23349.795569160000000000000001","6421.44440","-0.0010105944881279952696337767","0.0010822394820342625536656846"
"2023-06-12T13:30:00.0000000+00:00","18002.819969160000000000000001","23356.281969160000000000000001","6435.798","0.0002777925819859049741936632","0.0008047475381483989656858422"
"2023-06-12T20:00:00.0000000+00:00","16131.765833160000000000000000","23357.053833160000000000000001","8312.392","0.0000330473831844974854049931","0.0007717267497641614514294792"
"2023-06-13T13:30:00.0000000+00:00","16131.765833160000000000000000","23388.279833160000000000000001","8324.546","0.0013368980618466726428126965","0"
"2023-06-13T20:00:00.0000000+00:00","16131.765833160000000000000000","23372.681113160000000000000001","8322.20232","-0.0006669460136133684439922214","0.0006669460136133684439922214"
"2023-06-14T13:30:00.0000000+00:00","16131.765833160000000000000000","23403.671833160000000000000001","8349.474","0.0013259377411584441344367153","0"
"2023-06-14T20:00:00.0000000+00:00","16131.765833160000000000000000","23418.102833160000000000000001","8320.9930","0.0006166126453522188206433669","0"
"2023-06-15T13:30:00.0000000+00:00","16244.803221160000000000000000","23441.323221160000000000000001","8286.140","0.0009915571797353269761876935","0"
"2023-06-15T20:00:00.0000000+00:00","16130.526645520000000000000000","23478.436645520000000000000001","8488.2100","0.0015832478401431910508605622","0"
"2023-06-16T13:30:00.0000000+00:00","16130.526645520000000000000000","23461.066645520000000000000001","8470.840","-0.0007398277944249081217689845","0.0007398277944249081217689845"
"2023-06-16T20:00:00.0000000+00:00","19335.925437520000000000000001","23475.237577520000000000000001","7500.85186","0.0006040190846440481639058528","0.0001362555798880427159062327"
"2023-06-20T13:30:00.0000000+00:00","19335.925437520000000000000001","23481.197437520000000000000001","7498.268","0.0002538785807947345545190832","0"
"2023-06-20T20:00:00.0000000+00:00","18219.702237520000000000000001","23519.686577520000000000000001","6384.48566","0.0016391472412092236620705692","0"
"2023-06-21T13:30:00.0000000+00:00","18179.735693520000000000000001","23505.111693520000000000000001","6394.724","-0.0006196887000156967217561846","0.0006196887000156967217561846"
"2023-06-21T20:00:00.0000000+00:00","15589.717793519999999999999999","23516.419653520000000000000001","8974.30814","0.0004810851421360159595004768","0.000138901680906007896668447"
"2023-06-22T13:30:00.0000000+00:00","12607.921553519999999999999999","23472.941553520000000000000001","11929.300","-0.0018488401142940176608765807","0.0019874849882004236627347545"
"2023-06-22T20:00:00.0000000+00:00","11392.478513519999999999999999","23480.127513520000000000000001","13096.1810","0.0003061380263575186275373968","0.0016819554065746079090950636"
"2023-06-23T13:30:00.0000000+00:00","11469.480327919999999999999999","23561.977927920000000000000001","13234.5824","0.0034859442033638886488380536","0"
"2023-06-23T20:00:00.0000000+00:00","11931.645415919999999999999999","23520.653415920000000000000001","12711.1920","-0.0017538643031760125984722924","0.0017538643031760125984722924"
"2023-06-26T13:30:00.0000000+00:00","11900.839177919999999999999999","23537.705977920000000000000001","12763.4732","0.0007250037530189505811916903","0.0010301321083591505929819464"
"2023-06-26T20:00:00.0000000+00:00","11900.839177919999999999999999","23508.112773920000000000000001","12725.096004","-0.001257267977931259611821229","0.0022861049341775314303203435"
"2023-06-27T13:30:00.0000000+00:00","11826.944401919999999999999999","23530.514401920000000000000001","12809.170","0.0009529317906306992494798917","0.0013353516456153276527103462"
"2023-06-27T20:00:00.0000000+00:00","10695.458149920000000000000000","23514.605149920000000000000001","13894.3430","-0.0006761115260064975829881358","0.0020105603249829529687520823"
"2023-06-28T13:30:00.0000000+00:00","10732.541125920000000000000000","23522.287525920000000000000001","13853.3336","0.000326706570279200989501724","0.0016845106179718665955554387"
"2023-06-28T20:00:00.0000000+00:00","10732.541125920000000000000000","23578.303725920000000000000001","13863.4674","0.0023814095435349927013507079","0"
"2023-06-29T13:30:00.0000000+00:00","10721.197993920000000000000000","23467.779593920000000000000001","13846.8184","-0.0046875353411661706587048862","0.0046875353411661706587048862"
"2023-06-29T20:00:00.0000000+00:00","9471.898183920000000000000000","23462.511283920000000000000001","15118.1187","-0.000224491199898813882476755","0.0049109742306316780516329894"
"2023-06-30T13:30:00.0000000+00:00","9529.900783920000000000000000","23514.537583920000000000000001","15089.0232","0.0022174224817808038096516687","0.0027044414535173231111121444"
"2023-06-30T20:00:00.0000000+00:00","20885.889131920000000000000001","23599.578495920000000000000001","5869.170636","0.0036165249559554903300230868","0"
"2023-07-03T13:30:00.0000000+00:00","20813.117975920000000000000001","23596.306975920000000000000001","5930.741","-0.000138626204725037564347946","0.000138626204725037564347946"
"2023-07-03T17:00:00.0000000+00:00","21919.264902280000000000000001","23618.115338280000000000000001","7038.809564","0.0009242277777728271160724293","0"
"2023-07-05T13:30:00.0000000+00:00","21919.264902280000000000000001","23599.546502280000000000000001","7067.2984","-0.0007862115894532795491826758","0.0007862115894532795491826758"
"2023-07-05T20:00:00.0000000+00:00","20802.321558280000000000000001","23590.739558280000000000000001","5924.8820","-0.0003731827643022353542849183","0.0011591009531412362744182841"
"2023-07-06T13:30:00.0000000+00:00","20802.321558280000000000000001","23555.217958280000000000000001","5947.8316","-0.0015057433834257410885295821","0.0026630990279760624764617153"
"2023-07-06T20:00:00.0000000+00:00","19551.701484280000000000000001","23561.642484280000000000000001","7204.1610","0.0002727432202656263741427455","0.0023910821499152125530205056"
"2023-07-07T13:30:00.0000000+00:00","19510.573260280000000000000001","23575.914860280000000000000001","7185.4984","0.0006057462254391785574330774","0.0017867843134630601316707967"
"2023-07-07T20:00:00.0000000+00:00","20770.426239280000000000000001","23582.960803280000000000000001","5879.375436","0.0002988619123269228952648356","0.0014884564029129745545992543"
"2023-07-10T13:30:00.0000000+00:00","20770.426239280000000000000001","23576.569439280000000000000001","5867.9368","-0.0002710161821204005445594892","0.0017590691892618049601552291"
"2023-07-10T20:00:00.0000000+00:00","20770.426239280000000000000001","23579.308639280000000000000001","5862.1976","0.000116183145603716460999878","0.0016430904178498315149095936"
"2023-07-11T13:30:00.0000000+00:00","20770.426239280000000000000001","23592.254239280000000000000001","5852.4920","0.0005490237308499515482915349","0.0010949687826312116869408804"
"2023-07-11T20:00:00.0000000+00:00","20770.426239280000000000000001","23583.359439280000000000000001","5863.486800","-0.0003770220475663819344398433","0.001471578002825144733367165"
"2023-07-12T13:30:00.0000000+00:00","20770.426239280000000000000001","23616.529439280000000000000001","5849.7768","0.0014065002098366304741816026","0.0000671475677582787948457974"
"2023-07-12T20:00:00.0000000+00:00","18249.172089280000000000000001","23627.877729280000000000000001","6347.43236","0.0004805231873369610863061093","0"
"2023-07-13T13:30:00.0000000+00:00","18300.311859280000000000000001","23641.709859280000000000000001","6386.2220","0.0005854156754357598957455646","0"
"2023-07-13T20:00:00.0000000+00:00","16266.125103280000000000000000","23649.549903280000000000000001","8466.8552","0.0003316191615016616144311821","0"
"2023-07-14T13:30:00.0000000+00:00","16266.125103280000000000000000","23648.936303280000000000000001","8465.6288","-0.0000259455254966564364242284","0.0000259455254966564364242284"
"2023-07-14T20:00:00.0000000+00:00","17506.836911280000000000000000","23634.840111280000000000000001","7192.4368","-0.0005960602971409298533810906","0.0006219903575399492751982128"
"2023-07-17T13:30:00.0000000+00:00","17506.836911280000000000000000","23615.814511280000000000000001","7175.8624","-0.0008049811173006333559603331","0.0014264707843476199023703114"
"2023-07-17T20:00:00.0000000+00:00","17506.836911280000000000000000","23653.845831280000000000000001","7204.671080","0.0016104174591070949960786645","0"
"2023-07-18T13:30:00.0000000+00:00","17506.836911280000000000000000","23668.855311280000000000000001","7215.421600","0.0006345471306045026198103971","0"
"2023-07-18T20:00:00.0000000+00:00","17506.836911280000000000000000","23703.259511280000000000000001","7232.6674","0.0014535641689272482972381279","0"
"2023-07-19T13:30:00.0000000+00:00","17523.463585280000000000000000","23728.280385280000000000000001","7257.1632","0.0010555879029250373120627388","0"
"2023-07-19T20:00:00.0000000+00:00","18322.503745280000000000000001","23714.452745280000000000000001","6493.021000","-0.000582749351216284111759894","0.000582749351216284111759894"
"2023-07-20T13:30:00.0000000+00:00","18240.641217280000000000000001","23710.880017280000000000000001","6582.7012","-0.0001506561436763956949482036","0.0007333177001226956398326311"
"2023-07-20T20:00:00.0000000+00:00","14487.125664279999999999999999","23692.969664280000000000000001","10306.9160","-0.0007553643300859058953575551","0.0014881281081753082179667995"
"2023-07-21T13:30:00.0000000+00:00","14568.503280279999999999999999","23713.192080280000000000000001","10225.5112","0.0008535196848070811123904378","0.000635878570002069452552089"
"2023-07-21T20:00:00.0000000+00:00","15775.401852279999999999999999","23690.453452280000000000000001","8994.6084","-0.000958902029006442705451159","0.0015941708537575354582926676"
"2023-07-24T13:30:00.0000000+00:00","12817.245339279999999999999999","23711.601139280000000000000001","11972.0142","0.0008926670417093565233088718","0.0007029268758281819533871843"
"2023-07-24T20:00:00.0000000+00:00","12817.245339279999999999999999","23659.584339280000000000000001","11895.9510","-0.0021937278589690162128991384","0.0028951127045268758291745243"
"2023-07-25T13:30:00.0000000+00:00","12817.245339279999999999999999","23615.810139280000000000000001","11854.0752","-0.0018501677532569923746320995","0.004739924013615907939136886"
"2023-07-25T20:00:00.0000000+00:00","12018.635649279999999999999999","23655.346649280000000000000001","12687.1590","0.0016741542960763907586688873","0.0030737050816899879016296782"
"2023-07-26T13:30:00.0000000+00:00","12018.635649279999999999999999","23666.744449280000000000000001","12717.5408","0.0004818276463662355971174783","0.0025933584314088869293005664"
"2023-07-26T20:00:00.0000000+00:00","12018.635649279999999999999999","23680.296249280000000000000001","12671.6094","0.0005726093856737561873528027","0.0020222340271133716406650703"
"2023-07-27T13:30:00.0000000+00:00","11966.902891279999999999999999","23659.400091280000000000000001","12736.6828","-0.0008824280650895720194743971","0.002902877616143239714481311"
"2023-07-27T20:00:00.0000000+00:00","10732.416043280000000000000000","23482.148643280000000000000001","13904.2574","-0.0074917980724848758609085831","0.0103729279156988341607378695"
"2023-07-28T13:30:00.0000000+00:00","10732.416043280000000000000000","23542.996043280000000000000001","13903.8800","0.0025912194375540244533952835","0.0078085870105843152795767333"
"2023-07-28T20:00:00.0000000+00:00","11976.007275279999999999999999","23581.989075280000000000000001","12691.2082","0.0016562476554945513931275279","0.0061652723090187693663952271"
"2023-07-31T13:30:00.0000000+00:00","11976.007275279999999999999999","23569.865275280000000000000001","12673.7020","-0.0005141126968254287703629122","0.0066762153610707453589835938"
"2023-07-31T20:00:00.0000000+00:00","20785.644995280000000000000001","23614.180395280000000000000001","6099.8146","0.0018801600892677803044847918","0.0048086076254722067532104384"
"2023-08-01T13:30:00.0000000+00:00","20782.616893280000000000000001","23577.480493280000000000000001","6080.1364","-0.0015541467620589352623442385","0.0063552811055600024801562627"
"2023-08-01T20:00:00.0000000+00:00","20782.616893280000000000000001","23619.386093280000000000000001","6087.350800","0.0017773570001232251699170347","0.0045892197087974952501614542"
"2023-08-02T13:30:00.0000000+00:00","20782.616893280000000000000001","23566.656893280000000000000001","6113.1400","-0.0022324542979972749114991472","0.0068114287835314113910076002"
"2023-08-02T20:00:00.0000000+00:00","20782.616893280000000000000001","23545.965493280000000000000001","6141.3174","-0.0008779947064065809192924697","0.0076834430915229863141375537"
"2023-08-03T13:30:00.0000000+00:00","20724.525277280000000000000001","23546.502877280000000000000001","6102.5384","0.0000228227634221824104089962","0.0076607956855047495346788768"
"2023-08-03T20:00:00.0000000+00:00","19496.119645280000000000000001","23561.933045280000000000000001","7276.9386","0.0006553061437793616302430666","0.0070105097082043375930759757"
"2023-08-04T13:30:00.0000000+00:00","19419.044233280000000000000001","23598.141833280000000000000001","7339.2824","0.001536749464927855631711825","0.005484533640319436514476713"
"2023-08-04T20:00:00.0000000+00:00","20651.597673280000000000000001","23523.424273280000000000000001","6178.8034","-0.0031662476023695763957626739","0.0086334158512002362096862054"
"2023-08-07T13:30:00.0000000+00:00","20499.758257280000000000000001","23542.785057280000000000000001","7570.1132","0.0008230427583620001490783229","0.0078174787632344941184533437"
"2023-08-07T20:00:00.0000000+00:00","20499.758257280000000000000001","23569.769857280000000000000001","7531.0484","0.0011462025386693001097798111","0.0066802366385696067263156841"
"2023-08-08T13:30:00.0000000+00:00","20547.728647280000000000000001","23521.375047280000000000000001","6072.7152","-0.0020532576386210357667467364","0.0087197780302847033367740729"
"2023-08-08T20:00:00.0000000+00:00","20547.728647280000000000000001","23541.025647280000000000000001","6050.05300","0.0008354358518794327679882838","0.0078916269935922010322196462"
"2023-08-09T13:30:00.0000000+00:00","20535.556259280000000000000001","23537.525859280000000000000001","7599.4304","-0.000148667609153400497522386","0.0080391213734281337393864466"
"2023-08-09T20:00:00.0000000+00:00","18008.370923280000000000000001","23522.707523280000000000000001","6621.05340","-0.0006295621761009202675303046","0.0086636224227832591721804491"
"2023-08-10T13:30:00.0000000+00:00","18008.370923280000000000000001","23540.985723280000000000000001","6585.405200","0.0007770449036068826109422894","0.0078933095428267746056477874"
"2023-08-10T20:00:00.0000000+00:00","15974.219174280000000000000000","23501.843174280000000000000001","8639.8560","-0.0016627404417178420237861424","0.0095429254595487611805429341"
"2023-08-11T13:30:00.0000000+00:00","15989.411114280000000000000000","23476.642314280000000000000001","8631.3288","-0.00107229291818181196339682","0.0106049855663415620938358346"
"2023-08-11T20:00:00.0000000+00:00","17242.170512280000000000000000","23523.233712280000000000000001","7330.1768","0.0019845852475956547953339158","0.0086414468166518336129033181"
"2023-08-14T13:30:00.0000000+00:00","17242.170512280000000000000000","23505.263312280000000000000001","7334.2672","-0.0007639425862873090037953347","0.0093987878337087653815905272"
"2023-08-14T20:00:00.0000000+00:00","17242.170512280000000000000000","23536.419552280000000000000001","7315.41896","0.0013255005734704045181992678","0.008085745358901868492882253"
"2023-08-15T13:30:00.0000000+00:00","17276.363672280000000000000000","23512.597672280000000000000001","7352.5220","-0.001012128456798024197291321","0.0090896900027277255557108184"
"2023-08-15T20:00:00.0000000+00:00","17276.363672280000000000000000","23472.915272280000000000000001","7375.5084","-0.001687708034352293907203864","0.0107620572942326441561734293"
"2023-08-16T13:30:00.0000000+00:00","17240.256452280000000000000000","23464.494452280000000000000001","7330.3420","-0.0003587462359200199414387591","0.011116942682607602541985466"
"2023-08-16T20:00:00.0000000+00:00","18009.002672280000000000000001","23441.580672280000000000000001","6569.3220","-0.000976529882056483508380519","0.0120826165379374105608781782"
"2023-08-17T13:30:00.0000000+00:00","18079.228624280000000000000001","23454.166224280000000000000001","6487.7824","0.0005368900747756567829396081","0.0115522135000582925815752779"
"2023-08-17T20:00:00.0000000+00:00","16842.141256280000000000000001","23383.990856280000000000000001","7758.8704","-0.002992021431456971582482635","0.0145096704611423231996202724"
"2023-08-18T13:30:00.0000000+00:00","16790.251964280000000000000001","23371.045564280000000000000001","7769.926400","-0.000553596350578601723938255","0.0150552343111055383962621044"
"2023-08-18T20:00:00.0000000+00:00","18026.844596280000000000000001","23417.754260280000000000000001","6486.670336","0.0019985710896644247411341002","0.0130867521774834130859544226"
"2023-08-21T13:30:00.0000000+00:00","15061.131572279999999999999999","23409.691172280000000000000001","9428.8604","-0.0003443151683283396002665229","0.0134265613785328912200482998"
"2023-08-21T20:00:00.0000000+00:00","15061.131572279999999999999999","23426.967572280000000000000001","9416.9240","0.0007380020467957909986091284","0.0126984681615158868123251719"
"2023-08-22T13:30:00.0000000+00:00","15091.009088279999999999999999","23449.562688280000000000000001","9375.8464","0.0009644917094065435163170408","0.0117462240193732883216086238"
"2023-08-22T20:00:00.0000000+00:00","11714.283878279999999999999999","23464.175878280000000000000001","12806.7080","0.0006231753740680040649149081","0.0111303686028524437798698625"
"2023-08-23T13:30:00.0000000+00:00","11600.501126279999999999999999","23570.570726280000000000000001","13007.4104","0.0045343526468571239908637376","0.0066464849723301591965636053"
"2023-08-23T20:00:00.0000000+00:00","11600.501126279999999999999999","23689.011926280000000000000001","13092.6292","0.0050249610573894175337810598","0.0016549222430952246930781258"
"2023-08-24T13:30:00.0000000+00:00","11618.336636279999999999999999","23667.193436280000000000000001","13098.5832","-0.0009210384151056596181212297","0.0025744364112409807823017481"
"2023-08-24T20:00:00.0000000+00:00","10363.095638280000000000000000","23585.945638280000000000000001","14362.6580","-0.0034329291396018815993299711","0.0059985276930686611256486455"
"2023-08-25T13:30:00.0000000+00:00","10363.095638280000000000000000","23570.105638280000000000000001","14325.3700","-0.0006715863863559353384710086","0.0066660855498877524767596609"
"2023-08-25T20:00:00.0000000+00:00","11616.184970279999999999999999","23629.114570280000000000000001","13076.7504","0.0025035497466826841750334309","0.0041792246799948548858822599"
"2023-08-28T13:30:00.0000000+00:00","11616.184970279999999999999999","23687.060970280000000000000001","13103.4440","0.0024523305698844621345636969","0.0017371429505515597426992206"
"2023-08-28T20:00:00.0000000+00:00","10559.523680280000000000000000","23686.236080280000000000000001","14128.0276","-0.0000348244976882097813356243","0.0017719069531091039513240922"
"2023-08-29T13:30:00.0000000+00:00","10622.167184280000000000000000","23652.271584280000000000000001","14126.0956","-0.0014339338628933609158889148","0.0032033000186205055244582259"
"2023-08-29T20:00:00.0000000+00:00","10622.167184280000000000000000","23812.021984280000000000000001","14244.8052","0.0067541250501357698677929228","0"
"2023-08-30T13:30:00.0000000+00:00","10622.167184280000000000000000","23809.806384280000000000000001","14228.4608","-0.0000930454373619625530049507","0.0000930454373619625530049507"
"2023-08-30T20:00:00.0000000+00:00","10622.167184280000000000000000","23844.828252280000000000000001","14227.238932","0.0014709009991413690665919199","0"
"2023-08-31T13:30:00.0000000+00:00","10689.947012280000000000000000","23872.989012280000000000000001","14278.5780","0.0011810007479213996139703463","0"
"2023-08-31T20:00:00.0000000+00:00","19709.230088280000000000000001","23874.800408280000000000000001","7355.30968","0.0000758763805851139145757911","0"
"2023-09-01T13:30:00.0000000+00:00","19679.393889280000000000000001","23902.231489280000000000000001","8900.8824","0.0011489554061564698667396788","0"
"2023-09-01T20:00:00.0000000+00:00","22048.360001280000000000000001","23912.432001280000000000000001","8784.2080","0.0004267598196668317460998751","0"
"2023-09-05T13:30:00.0000000+00:00","22111.875539280000000000000001","23891.237139280000000000000001","7279.3984","-0.0008863532575383996002728141","0.0008863532575383996002728141"
"2023-09-05T20:00:00.0000000+00:00","20975.057821200000000000000001","23896.133821200000000000000001","6087.7040","0.0002049572356363781507238512","0.0006815776864154838186842802"
"2023-09-06T13:30:00.0000000+00:00","20975.057821200000000000000001","23891.367021200000000000000001","6104.5308","-0.0001994799675824975790540247","0.0008809216929031902833255905"
"2023-09-06T20:00:00.0000000+00:00","20975.057821200000000000000001","23880.774221200000000000000001","6107.5436","-0.0004433735411875126662624508","0.0013239046567202115635665218"
"2023-09-07T13:30:00.0000000+00:00","20975.057821200000000000000001","23856.319821200000000000000001","6143.2380","-0.0010240204012435563120745309","0.0023465693525859850319151954"
"2023-09-07T20:00:00.0000000+00:00","19718.661592200000000000000001","23866.412192200000000000000001","7352.7594","0.0004230481095005852528262801","0.0019245139548138232923292079"
"2023-09-08T13:30:00.0000000+00:00","19694.744854200000000000000001","23868.368054200000000000000001","8889.8968","0.0000819503989225164355284046","0.0018427212705776357993892309"
"2023-09-08T20:00:00.0000000+00:00","20951.133526200000000000000001","23869.568526200000000000000001","7605.1650","0.0000502955207190530486637094","0.0017925184304844265279658687"
"2023-09-11T13:30:00.0000000+00:00","20951.133526200000000000000001","23908.660326200000000000000001","7590.7732","0.001637725456037950290211811","0.000157728627510497776085116"
"2023-09-11T20:00:00.0000000+00:00","20951.133526200000000000000001","23904.483262200000000000000001","7576.570264","-0.0001747092452278732562455505","0.0003324103160889078448986786"
"2023-09-12T13:30:00.0000000+00:00","20917.504204200000000000000001","23877.144204200000000000000001","6107.1400","-0.0011436791040461882785371026","0.0014757092494026158510671207"
"2023-09-12T20:00:00.0000000+00:00","18372.920389200000000000000001","23876.427189200000000000000001","6576.1532","-0.0000300293449613575123930566","0.0015056942797818603863412646"
"2023-09-13T13:30:00.0000000+00:00","18343.824087200000000000000001","23880.873287200000000000000001","6597.3308","0.0001862128686494225141613216","0.0013197617907835850785815935"
"2023-09-13T20:00:00.0000000+00:00","17563.968147200000000000000001","23888.570947200000000000000001","7366.3372","0.0003223357834290715837386113","0.0009978514138052854762045632"
"2023-09-14T13:30:00.0000000+00:00","17590.402859200000000000000001","23911.682059200000000000000001","7395.8008","0.0009674547737108934666680219","0.0000313620162081320971139025"
"2023-09-14T20:00:00.0000000+00:00","16339.947818200000000000000001","23923.106018200000000000000001","8629.23180","0.000477756394205845555449171","0"
"2023-09-15T13:30:00.0000000+00:00","16402.476178200000000000000001","23925.229778200000000000000001","8632.2464","0.00008877442579505794316716","0"
"2023-09-15T20:00:00.0000000+00:00","17660.844454200000000000000001","23881.704206200000000000000001","7381.580248","-0.0018192331862015922396362818","0.0018192331862015922396362818"
"2023-09-18T13:30:00.0000000+00:00","17633.078902200000000000000001","23881.225702200000000000000001","7376.3132","-0.0000200364260384639618206779","0.0018392331613088741541171511"
"2023-09-18T20:00:00.0000000+00:00","17633.078902200000000000000001","23907.118102200000000000000001","7368.8808","0.0010842157066341333328383102","0.0007570115801563942532083598"
"2023-09-19T13:30:00.0000000+00:00","17601.314754200000000000000001","23892.457554200000000000000001","7386.7972","-0.0006132294129860384674065217","0.0013697767713755097815606399"
"2023-09-19T20:00:00.0000000+00:00","18376.809624200000000000000001","23885.775624200000000000000001","6594.0540","-0.0002796669193548655667156167","0.0016490606094805209054533451"
"2023-09-20T13:30:00.0000000+00:00","18411.592410200000000000000001","23906.162410200000000000000001","6551.210","0.0008535115761258771876661929","0.0007969565256745685368382792"
"2023-09-20T20:00:00.0000000+00:00","15804.551106199999999999999999","23849.360706200000000000000001","9191.6704","-0.0023760276963468012539420642","0.0031710906312435826953315242"
"2023-09-21T13:30:00.0000000+00:00","15773.732890199999999999999999","23726.655290200000000000000001","9179.4376","-0.0051450190850650718563117105","0.0082997943944904352726380705"
"2023-09-21T20:00:00.0000000+00:00","14554.609114199999999999999999","23660.667114200000000000000001","10389.4692","-0.0027811832385517732766070647","0.0110578943839888257863653373"
"2023-09-22T13:30:00.0000000+00:00","12268.846180199999999999999999","23681.169380200000000000000001","12525.7168","0.0008665125924406214728976587","0.0102009635962778090599094784"
"2023-09-22T20:00:00.0000000+00:00","13491.001700199999999999999999","23717.529700200000000000000001","11352.7520","0.0015354106639007924644648541","0.0086812156006648053217232946"
"2023-09-25T13:30:00.0000000+00:00","13491.001700199999999999999999","23577.547300200000000000000001","11259.8144","-0.0059020649186251292863891712","0.014532043421242229681032389"
"2023-09-25T20:00:00.0000000+00:00","12686.200772199999999999999999","23564.079572200000000000000001","12006.2412","-0.0005712098815251134295760686","0.0150949524559663775325605036"
"2023-09-26T13:30:00.0000000+00:00","12720.017774199999999999999999","23551.084574200000000000000001","11998.6332","-0.0005514748819355966577964533","0.0156381028507784966874997885"
"2023-09-26T20:00:00.0000000+00:00","12720.017774199999999999999999","23490.178786200000000000000001","12054.034988","-0.0025861139349277247095930052","0.0181837748700079901496358537"
"2023-09-27T13:30:00.0000000+00:00","11974.077896199999999999999999","23542.595096200000000000000001","12626.8228","0.0022314138379735751932222558","0.015992936558905946934066633"
"2023-09-27T20:00:00.0000000+00:00","11974.077896199999999999999999","23460.359096200000000000000001","12523.1388","-0.0034930728606581556028418036","0.0194301449269079605415783108"
"2023-09-28T13:30:00.0000000+00:00","12756.941292199999999999999999","23400.439692200000000000000001","11715.4616","-0.0025540701979154899957212872","0.0219345891707244560686223019"
"2023-09-28T20:00:00.0000000+00:00","11534.211795199999999999999999","23491.983195200000000000000001","12953.7986","0.0039120420045147240389339713","0.0181083562003973798892691464"
"2023-09-29T13:30:00.0000000+00:00","11467.130565199999999999999999","23566.356565200000000000000001","13128.0340","0.0031659042738969922520081473","0.0149997812487884748017588007"
"2023-09-29T20:00:00.0000000+00:00","21457.312129200000000000000001","23455.610529200000000000000001","5426.6616","-0.0046993278614623275953860853","0.0196286202203125305322172147"
"2023-10-02T13:30:00.0000000+00:00","20678.301904200000000000000001","23452.140504200000000000000001","6183.6514","-0.0001479400843427268515220431","0.0197736564449243329942582394"
"2023-10-02T20:00:00.0000000+00:00","20678.301904200000000000000001","23458.953304200000000000000001","6166.978600","0.0002904980037442598633704292","0.0194889026489040484679527825"
"2023-10-03T13:30:00.0000000+00:00","20678.301904200000000000000001","23438.129304200000000000000001","6177.4906","-0.0008876781384901666443208828","0.0203592809145696198887760616"
"2023-10-03T20:00:00.0000000+00:00","20678.301904200000000000000001","23431.736424200000000000000001","6248.285480","-0.0002727555564280647032270672","0.0206264833640033558772870452"
"2023-10-04T13:30:00.0000000+00:00","20606.007448200000000000000001","23446.002648200000000000000001","6177.3448","0.0006088419458860942507682239","0.0200301996863853885810200858"
"2023-10-04T20:00:00.0000000+00:00","20606.007448200000000000000001","23455.720648200000000000000001","6141.5868","0.0004144843001946036093427758","0.0196240175894905545881483692"
"2023-10-05T13:30:00.0000000+00:00","20606.007448200000000000000001","23468.725648200000000000000001","6150.5618","0.0005544489634343427488842393","0.0190804491422671221866977956"
"2023-10-05T20:00:00.0000000+00:00","19378.021900200000000000000001","23466.253500200000000000000001","7349.9284","-0.0001053379734825784352832401","0.0191837772199039168014137689"
"2023-10-06T13:30:00.0000000+00:00","20164.024668200000000000000001","23467.420668200000000000000001","6641.5240","0.0000497381484432550074647131","0.0191349932370197277088235142"
"2023-10-06T20:00:00.0000000+00:00","21397.637896200000000000000001","23488.806296200000000000000001","5369.1716","0.0009112900945683828392472026","0.0182411406722478739433049731"
"2023-10-09T13:30:00.0000000+00:00","20643.197038200000000000000001","23485.843038200000000000000001","6198.2540","-0.0001261561768032202416285513","0.0183649956164833536704143636"
"2023-10-09T20:00:00.0000000+00:00","20643.197038200000000000000001","23525.466638200000000000000001","6190.47040","0.0016871270039381489712573958","0.0167088526925769794987790735"
"2023-10-10T13:30:00.0000000+00:00","20643.197038200000000000000001","23534.959438200000000000000001","6157.8976","0.0004035116559424948767220921","0.0163120832534533655733280927"
"2023-10-10T20:00:00.0000000+00:00","18128.684236200000000000000001","23544.690036200000000000000001","6413.4842","0.0004134529326702852936298289","0.0159053745994421824223330794"
"2023-10-11T13:30:00.0000000+00:00","18173.735224200000000000000001","23577.502424200000000000000001","6474.3928","0.0013936215745270334416006917","0.0145339190981078658788368869"
"2023-10-11T20:00:00.0000000+00:00","17361.252760200000000000000001","23585.073160200000000000000001","7285.1796","0.0003210999987950114694574571","0.0142174859407177436392960711"
"2023-10-12T13:30:00.0000000+00:00","17303.359480200000000000000001","23588.593480200000000000000001","7329.4860","0.000149260507952994956849623","0.0140703475419380747772065299"
"2023-10-12T20:00:00.0000000+00:00","16080.134884200000000000000001","23536.499884200000000000000001","8552.29500","-0.0022084231534926734160370746","0.0162476974141414434242250608"
"2023-10-13T13:30:00.0000000+00:00","16049.765572200000000000000001","23610.089972200000000000000001","8650.1956","0.003126636856034862784561728","0.0131718612076673376122451271"
"2023-10-13T20:00:00.0000000+00:00","17311.763122200000000000000001","23561.816322200000000000000001","7541.6468","-0.0020446194850100284108734355","0.0151895492485983216604023345"
"2023-10-16T13:30:00.0000000+00:00","17146.149784200000000000000001","23559.174184200000000000000001","7457.2356","-0.0001121364314138452570234424","0.015299982378164644246969333"
"2023-10-16T20:00:00.0000000+00:00","17146.149784200000000000000001","23611.769884200000000000000001","7419.74970","0.0022324933628307479102016155","0.0131016461244445763071789498"
"2023-10-17T13:30:00.0000000+00:00","17201.852976200000000000000001","23576.384176200000000000000001","7512.1088","-0.0014986469956950843626501007","0.0145806583775366016601561719"
"2023-10-17T20:00:00.0000000+00:00","18013.050704200000000000000001","23612.037504200000000000000001","6716.4732","0.0015122474987488323366490698","0.0130904604429493102572538285"
"2023-10-18T13:30:00.0000000+00:00","18013.050704200000000000000001","23601.789104200000000000000001","6745.0216","-0.0004340328528690953509602803","0.0135188116059269822774788234"
"2023-10-18T20:00:00.0000000+00:00","18013.050704200000000000000001","23562.196404200000000000000001","6779.5585","-0.0016775296069802765778753119","0.0151736630061871277631314281"
"2023-10-19T13:30:00.0000000+00:00","17961.110318200000000000000001","23567.871918200000000000000001","6702.1384","0.0002408737242759053802828499","0.0149364442186304302066157533"
"2023-10-19T20:00:00.0000000+00:00","16707.579662200000000000000001","23531.949262200000000000000001","8025.740400","-0.0015242214538793029310124809","0.0164378992237870251544483451"
"2023-10-20T13:30:00.0000000+00:00","13949.420890199999999999999999","23543.028090200000000000000001","10721.1128","0.0004707994172754833350339264","0.0159748387598873338706884177"
"2023-10-20T20:00:00.0000000+00:00","12625.324768439999999999999999","23547.327168440000000000000001","12061.3640","0.0001826051527241532068127082","0.0157951506950346736126963297"
"2023-10-23T13:30:00.0000000+00:00","12512.034058439999999999999999","23504.196858440000000000000001","12161.7572","-0.0018316435530656180177744719","0.0175978631621600314549575898"
"2023-10-23T20:00:00.0000000+00:00","11731.557994439999999999999999","23625.822394440000000000000001","12974.9388","0.0051746305875721134390044628","0.012514295015582739829721666"
"2023-10-24T13:30:00.0000000+00:00","11731.557994439999999999999999","23654.475194440000000000000001","12961.5028","0.0012127747141087045253690046","0.0113166973220338306476929851"
"2023-10-24T20:00:00.0000000+00:00","11731.557994439999999999999999","23737.195538440000000000000001","13015.792456","0.0034970272356515215112539237","0.0078592448851350860795470761"
"2023-10-25T13:30:00.0000000+00:00","11765.791146439999999999999999","23631.094346440000000000000001","12948.6568","-0.0044698284524884076674662603","0.0122939438612208429519291128"
"2023-10-25T20:00:00.0000000+00:00","11765.791146439999999999999999","23545.433746440000000000000001","12955.70140","-0.0036249104143966435086089041","0.015874289830480939343139955"
"2023-10-26T13:30:00.0000000+00:00","11747.137416439999999999999999","23530.921416440000000000000001","12926.6560","-0.0006163543282439730552234377","0.0164808599714800961860882982"
"2023-10-26T20:00:00.0000000+00:00","10526.733384440000000000000000","23604.676584440000000000000001","14234.2968","0.0031343935366878821097439567","0.0133981239357658793229102514"
"2023-10-27T13:30:00.0000000+00:00","10526.733384440000000000000000","23584.190584440000000000000001","14177.0428","-0.0008678788682707135750503061","0.0142543748553982696478711472"
"2023-10-27T20:00:00.0000000+00:00","11760.906500439999999999999999","23573.090500440000000000000001","13023.99600","-0.0004706578315782198545900957","0.0147183237538165446516714616"
"2023-10-30T13:30:00.0000000+00:00","11723.519024439999999999999999","23578.147424440000000000000001","12925.1916","0.0002145210446591892879022357","0.014506960099344656249266768"
"2023-10-30T20:00:00.0000000+00:00","11723.519024439999999999999999","23603.612224440000000000000001","12889.3668","0.0010800169980108099828324851","0.0134426108648306030838335834"
"2023-10-31T13:30:00.0000000+00:00","11770.900771439999999999999999","23631.818371440000000000000001","12927.8024","0.0011949928143114627013838099","0.0122636818739081981503558524"
"2023-10-31T20:00:00.0000000+00:00","20734.647663440000000000000001","23596.749663440000000000000001","6179.4780","-0.0014839614729936287792689723","0.0137294445154838968542550405"
"2023-11-01T13:30:00.0000000+00:00","20777.670181440000000000000001","23589.764981440000000000000001","6220.1652","-0.0002960018688854350277933195","0.0140213824431339897625694269"
"2023-11-01T20:00:00.0000000+00:00","21697.426193440000000000000001","23590.744193440000000000000001","7116.4516","0.0000415100362708329766399394","0.0139804544349569384985410363"
"2023-11-02T13:30:00.0000000+00:00","21640.367519440000000000000001","23607.137919440000000000000001","7241.4296","0.0006949219518288315806500558","0.0132952478078115012383409052"
"2023-11-02T20:00:00.0000000+00:00","20446.382071440000000000000001","23586.024871440000000000000001","8612.05720","-0.0008943501779863721870301323","0.014177707378554584284598593"
"2023-11-03T13:30:00.0000000+00:00","20469.306013440000000000000001","23583.242413440000000000000001","10267.7236","-0.0001179706209573806112001005","0.0142940054465687647746313004"
"2023-11-03T20:00:00.0000000+00:00","21734.013021440000000000000001","23623.168421440000000000000001","8959.9218","0.0016929821311274110534371472","0.0126252228112446325295121299"
"2023-11-06T14:30:00.0000000+00:00","21759.344439440000000000000001","23723.114039440000000000000001","7267.1904","0.0042308303533615328765098561","0.008447807633770865867135992"
"2023-11-06T21:00:00.0000000+00:00","21759.344439440000000000000001","23745.780039440000000000000001","7203.9644","0.0009554394908829197751854012","0.0075004395119126329712283641"
"2023-11-07T14:30:00.0000000+00:00","21792.199459440000000000000001","23771.709859440000000000000001","7201.0696","0.0010919759198026962990047772","0.0064166538914448819560971752"
"2023-11-07T21:00:00.0000000+00:00","21849.188059440000000000000001","23758.721059440000000000000001","7269.3610","-0.0005463973806176171516315935","0.0069595452291838837843141079"
"2023-11-08T14:30:00.0000000+00:00","21883.796515440000000000000001","23805.496115440000000000000001","8776.9804","0.0019687531110356199342566778","0.0050044937444696127277923808"
"2023-11-08T21:00:00.0000000+00:00","21937.925687440000000000000001","23766.454887440000000000000001","8828.0108","-0.001640009005091822512423182","0.0066362953347545793812040974"
"2023-11-09T14:30:00.0000000+00:00","21962.440783440000000000000001","23829.394383440000000000000001","8794.8864","0.0026482492360803045306167486","0.0040056206627249419542630155"
"2023-11-09T21:00:00.0000000+00:00","18059.069645440000000000000001","23834.228845440000000000000001","8785.1608","0.0002028780892291438660159413","0.0038035552261620285014078411"
"2023-11-10T14:30:00.0000000+00:00","18021.784430440000000000000001","23846.902630440000000000000001","8782.6118","0.000531747222961852501332597","0.0032738305331290696995609931"
"2023-11-10T21:00:00.0000000+00:00","18484.491405240000000000000000","23857.920405240000000000000001","8368.33900","0.0004620212096616721358982151","0.0028133219026105411734398387"
"2023-11-13T14:30:00.0000000+00:00","18484.491405240000000000000000","23786.435005240000000000000001","8408.5764","-0.0029962963571753473990298492","0.0058011887136175349904836552"
"2023-11-13T21:00:00.0000000+00:00","18484.491405240000000000000000","23799.343405240000000000000001","8449.9080","0.0005426790520376997127700075","0.0052616578451716330442410881"
"2023-11-14T14:30:00.0000000+00:00","18484.491405240000000000000000","23925.385805240000000000000001","8445.0056","0.0052960452670408009155708978","0"
"2023-11-14T21:00:00.0000000+00:00","18484.491405240000000000000000","23966.764405240000000000000001","8462.1170","0.0017294851726460978403672992","0"
"2023-11-15T14:30:00.0000000+00:00","18484.491405240000000000000000","23925.065005240000000000000001","8479.0864","-0.0017398844205637956551300563","0.0017398844205637956551300563"
"2023-11-15T21:00:00.0000000+00:00","18484.491405240000000000000000","23940.834405240000000000000001","8433.76500","0.0006591162864780610066829478","0.0010819149202439176903629875"
"2023-11-16T14:30:00.0000000+00:00","18519.464409240000000000000000","23964.186009240000000000000001","8478.11840","0.0009753880589428815635239221","0.0001075821481950341842329798"
"2023-11-16T21:00:00.0000000+00:00","17022.511001240000000000000001","24031.152401240000000000000001","9912.42860","0.0027944363298707249356182806","0"
"2023-11-17T14:30:00.0000000+00:00","17022.511001240000000000000001","24128.202601240000000000000001","9867.2684","0.0040385162716954114869288453","0"
"2023-11-17T21:00:00.0000000+00:00","18324.970457240000000000000001","24149.750857240000000000000001","8681.5196","0.0008930734027777348396666567","0"
"2023-11-20T14:30:00.0000000+00:00","18292.202523240000000000000001","24206.439723240000000000000001","8710.98280","0.0023473892685317249016600232","0"
"2023-11-20T21:00:00.0000000+00:00","15841.318099239999999999999999","24236.503099240000000000000001","11353.6522","0.0012419577742007595329095153","0"
"2023-11-21T14:30:00.0000000+00:00","12918.918199239999999999999999","24253.143399240000000000000001","14263.9548","0.0006865800702297602022205348","0"
"2023-11-21T21:00:00.0000000+00:00","14106.430649239999999999999999","24302.703897240000000000000001","13134.146752","0.0020434669924704702366241548","0"
"2023-11-22T14:30:00.0000000+00:00","14074.840345239999999999999999","24350.508745240000000000000001","13254.6316","0.0019670588179049937870253928","0"
"2023-11-22T21:00:00.0000000+00:00","14419.364503239999999999999999","24293.194803240000000000000001","15226.759900","-0.0023537061422260280798854313","0.0023537061422260280798854313"
"2023-11-24T14:30:00.0000000+00:00","14419.364503239999999999999999","24307.289303240000000000000001","15122.1352","0.0005801830559610136950240203","0.0017748886666874452901700561"
"2023-11-24T18:00:00.0000000+00:00","13299.540583239999999999999999","24288.124383240000000000000001","13952.4462","-0.0007884433250006796778856702","0.0025619325925662558956028127"
"2023-11-27T14:30:00.0000000+00:00","13399.671535239999999999999999","24378.494335240000000000000001","13910.5372","0.0037207464262806439720171885","0"
"2023-11-27T21:00:00.0000000+00:00","13399.671535239999999999999999","24443.184935240000000000000001","13997.9966","0.0026535929213022555479691178","0"
"2023-11-28T14:30:00.0000000+00:00","13335.607967239999999999999999","24452.500867240000000000000001","14001.947100","0.0003811259467488265670555621","0"
"2023-11-28T21:00:00.0000000+00:00","13371.710745239999999999999999","24566.637045240000000000000001","14019.9135","0.0046676689071469509034200306","0"
"2023-11-29T14:30:00.0000000+00:00","13371.710745239999999999999999","24583.360345240000000000000001","14103.0704","0.0006807321640810533772682498","0"
"2023-11-29T21:00:00.0000000+00:00","13479.689145239999999999999999","24655.804745240000000000000001","14238.0500","0.0029468876094486889389381529","0"
"2023-11-30T14:30:00.0000000+00:00","13479.689145239999999999999999","24593.702345240000000000000001","14209.8268","-0.0025187740023772440139604724","0.0025187740023772440139604724"
"2023-11-30T21:00:00.0000000+00:00","21215.147027240000000000000001","24589.804827240000000000000001","10089.3322","-0.000158476261332582444787663","0.0026768510978227880079897401"
"2023-12-01T14:30:00.0000000+00:00","21273.283591240000000000000001","24614.681191240000000000000001","8527.9424","0.0010116535765441520127454326","0.0016679055672656245584595803"
"2023-12-01T21:00:00.0000000+00:00","22505.437111240000000000000001","24633.706711240000000000000001","7356.0944","0.0007729338378256509947954436","0.0008962609100912109523431461"
"2023-12-04T14:30:00.0000000+00:00","22501.240363240000000000000001","24672.404363240000000000000001","8761.9560","0.0015709228194367852690854086","0"
"2023-12-04T21:00:00.0000000+00:00","22501.240363240000000000000001","24670.040963240000000000000001","8785.4094","-0.0000957912315802218965286155","0.0000957912315802218965286155"
"2023-12-05T14:30:00.0000000+00:00","22501.240363240000000000000001","24588.894963240000000000000001","8845.585400","-0.0032892527467186994528861704","0.0033847288967273345375166118"
"2023-12-05T21:00:00.0000000+00:00","22568.906827240000000000000001","24624.215227240000000000000001","8877.49000","0.0014364315294690234361194881","0.0019531592985642751468204191"
"2023-12-06T14:30:00.0000000+00:00","22576.981627240000000000000001","24639.177727240000000000000001","8890.183900","0.0006076335778387796635107235","0.0013467125258981711750808029"
"2023-12-06T21:00:00.0000000+00:00","22576.981627240000000000000001","24695.552827240000000000000001","8789.2488","0.0022880268418078801724439588","0"
"2023-12-07T14:30:00.0000000+00:00","22672.142591240000000000000001","24726.369391240000000000000001","8880.7532","0.0012478588438809243862191908","0"
"2023-12-07T21:00:00.0000000+00:00","21544.878889240000000000000001","24719.669289240000000000000001","10256.5936","-0.0002709699064179513705809658","0.0002709699064179513705809658"
"2023-12-08T14:30:00.0000000+00:00","21544.878889240000000000000001","24710.164089240000000000000001","10209.7948","-0.0003845197073141035932345484","0.0006553854204629482031136939"
"2023-12-08T21:00:00.0000000+00:00","22775.952625240000000000000001","24740.322625240000000000000001","8941.1500","0.00122049112628646948236343","0"
"2023-12-11T14:30:00.0000000+00:00","22799.716979240000000000000001","24915.456179240000000000000001","7270.6808","0.0070788710661893024098797324","0"
"2023-12-11T21:00:00.0000000+00:00","20157.948731240000000000000001","24835.888531240000000000000001","7521.5102","-0.0031935055664883702013169867","0.0031935055664883702013169867"
"2023-12-12T14:30:00.0000000+00:00","20187.834127240000000000000001","24899.735127240000000000000001","7410.83900","0.0025707393524371033728012143","0.0006309758844832654262968137"
"2023-12-12T21:00:00.0000000+00:00","19452.327973240000000000000000","24948.038773240000000000000001","8253.1492","0.0019399260977341246131458822","0"
"2023-12-13T14:30:00.0000000+00:00","19495.919253240000000000000000","24961.208453240000000000000001","8300.8508","0.0005278843808005535902173927","0"
"2023-12-13T21:00:00.0000000+00:00","19623.943643240000000000000000","24984.306443240000000000000001","8538.41720","0.0009253554387508769984430445","0"
"2023-12-14T14:30:00.0000000+00:00","19640.131509240000000000000000","25016.663509240000000000000001","8543.3680","0.0012950956262688190983815449","0"
"2023-12-14T21:00:00.0000000+00:00","18360.155565240000000000000000","24943.610765240000000000000001","9866.2520","-0.0029201633532392395419185067","0.0029201633532392395419185067"
"2023-12-15T14:30:00.0000000+00:00","18360.155565240000000000000000","24921.198765240000000000000001","9880.9568","-0.0008985066440834656924787035","0.0038160462111480107252908599"
"2023-12-15T21:00:00.0000000+00:00","19516.850585240000000000000000","24894.395785240000000000000001","8575.0724","-0.0010755092583020003764256129","0.0048874512764198131459809149"
"2023-12-18T14:30:00.0000000+00:00","19516.850585240000000000000000","24832.332585240000000000000001","8650.8180","-0.0024930591019524784909549234","0.0073683256734822639628591511"
"2023-12-18T21:00:00.0000000+00:00","19215.829199240000000000000001","24910.839199240000000000000001","8915.2500","0.0031614675637303304016095402","0.0042301528323676491802722982"
"2023-12-19T14:30:00.0000000+00:00","19198.836183240000000000000001","24993.338583240000000000000001","8852.8576","0.0033117866218861449610510701","0.000932375574040273184146554"
"2023-12-19T21:00:00.0000000+00:00","16627.181955239999999999999999","24984.927555240000000000000001","11561.3744","-0.0003365307908740233709732813","0.0012685925918249731604511228"
"2023-12-20T14:30:00.0000000+00:00","16627.181955239999999999999999","25035.614355240000000000000001","11525.88760","0.0020286950957906474977173591","0"
"2023-12-20T21:00:00.0000000+00:00","16627.181955239999999999999999","25034.541355240000000000000001","11546.2506","-0.0000428589442533659707101361","0.0000428589442533659707101361"
"2023-12-21T14:30:00.0000000+00:00","13547.546983239999999999999999","25010.148583240000000000000001","14516.7384","-0.0009743646449865688975472434","0.0010171818289999329381761447"
"2023-12-21T21:00:00.0000000+00:00","13472.769269239999999999999999","24952.827669240000000000000001","14744.7016","-0.0022919061759757935828239861","0.0033067567196597512211232357"
"2023-12-22T14:30:00.0000000+00:00","13454.214933239999999999999999","25054.141733240000000000000001","14772.0932","0.0040602237687431506260326285","0"
"2023-12-22T21:00:00.0000000+00:00","14961.388265239999999999999999","24956.280665240000000000000001","15305.6476","-0.0039059836510050992263921977","0.0039059836510050992263921977"
"2023-12-26T14:30:00.0000000+00:00","14989.252691239999999999999999","25005.727091240000000000000001","15304.6856","0.0019813219230568579894782312","0.0019324007389870793073733387"
"2023-12-26T21:00:00.0000000+00:00","13866.728231239999999999999999","25052.121031240000000000000001","14202.7272","0.0018553325736428081447434096","0.0000806534113806453248289623"
"2023-12-27T14:30:00.0000000+00:00","13866.728231239999999999999999","25043.425031240000000000000001","14290.3032","-0.0003471163175826943450702888","0.0004277417328481807381222911"
"2023-12-27T21:00:00.0000000+00:00","13866.728231239999999999999999","25125.250031240000000000000001","14248.3394","0.0032673246529948989740995633","0"
"2023-12-28T14:30:00.0000000+00:00","13934.381483239999999999999999","25069.094683240000000000000001","14314.8668","-0.0022350164846191813024943742","0.0022350164846191813024943742"
"2023-12-28T21:00:00.0000000+00:00","12704.735603240000000000000000","25026.272803240000000000000001","15547.04280","-0.0017081542249959534761712867","0.0039393529567639969206552268"
"2023-12-29T14:30:00.0000000+00:00","12693.700531240000000000000000","25021.943731240000000000000001","15513.4368","-0.0001729810920721499232473097","0.0041116526152596281549154423"
"2023-12-29T21:00:00.0000000+00:00","24001.341086180000000000000001","25016.860586180000000000000001","8523.1205","-0.0002031474898432319795083478","0.0043139648331949627809072293"
"2024-01-02T14:30:00.0000000+00:00","24001.341086180000000000000001","24927.282486180000000000000001","8611.578600","-0.0035807090858349108587285516","0.0078792268659556801507465419"
"2024-01-02T21:00:00.0000000+00:00","22852.941452180000000000000001","24966.822652180000000000000001","7399.5588","0.0015862204803881677450786895","0.0063055045765919159820208175"
"2024-01-03T14:30:00.0000000+00:00","22852.941452180000000000000001","24872.781852180000000000000001","7465.3796","-0.0037666306726374228934433681","0.0100483847422846921185272273"
"2024-01-03T21:00:00.0000000+00:00","22852.941452180000000000000001","24838.955652180000000000000001","7491.8878","-0.0013599685069820715954528055","0.0113946877624712173729773502"
"2024-01-04T14:30:00.0000000+00:00","22866.532520180000000000000001","24784.882920180000000000000001","9085.3096","-0.0021769325875524193771462258","0.013546814882908528395058261"
"2024-01-04T21:00:00.0000000+00:00","21540.147296180000000000000001","24750.970096180000000000000001","10292.713200","-0.0013682866329938551271583375","0.0148965655901784575661068043"
"2024-01-05T14:30:00.0000000+00:00","21531.960072180000000000000001","24851.806472180000000000000001","8666.8336","0.0040740373249274307264919198","0.0108832174294786434962074876"
"2024-01-05T21:00:00.0000000+00:00","22681.917546180000000000000001","24763.878746180000000000000001","7343.1788","-0.0035380818733812947448093007","0.01438279358854863248300975"
"2024-01-08T14:30:00.0000000+00:00","22681.917546180000000000000001","24857.778746180000000000000001","7234.6988","0.003791813106599252997360486","0.0106455173471879498939850726"
"2024-01-08T21:00:00.0000000+00:00","21564.494106180000000000000001","24780.179806180000000000000001","8426.534300","-0.0031217165778307909884069437","0.0137340016370364389949943442"
"2024-01-09T14:30:00.0000000+00:00","21564.494106180000000000000001","24722.294106180000000000000001","8516.1600","-0.0023359677150350506948736258","0.0160378871676491340337963225"
"2024-01-09T21:00:00.0000000+00:00","21564.494106180000000000000001","24722.701506180000000000000001","8521.0846","0.0000164790532080175945797219","0.016021672403637096311892503"
"2024-01-10T14:30:00.0000000+00:00","21603.336336180000000000000001","24829.893536180000000000000001","8490.2828","0.0043357733366317156229717047","0.011755365407021318581293878"
"2024-01-10T21:00:00.0000000+00:00","19034.122596180000000000000001","24848.286796180000000000000001","8725.9458","0.000740770796024514265429011","0.0110233026423869225361671044"
"2024-01-11T14:30:00.0000000+00:00","19808.055180180000000000000001","24868.218180180000000000000001","7978.23700","0.0008021230664105225199545023","0.0102300216212938826300545908"
"2024-01-11T21:00:00.0000000+00:00","19013.968841180000000000000001","24916.541441180000000000000001","8915.9374","0.0019431734372715813442043364","0.0083067268902995135151707226"
"2024-01-12T14:30:00.0000000+00:00","19013.968841180000000000000001","24890.105641180000000000000001","9018.1432","-0.0010609738940858419074785809","0.0093588875640094467716876402"
"2024-01-12T21:00:00.0000000+00:00","21375.291482180000000000000001","24848.358882180000000000000001","8880.5626","-0.0016772431423887220227957742","0.0110204335764110468581573873"
"2024-01-16T14:30:00.0000000+00:00","21375.291482180000000000000001","24942.898282180000000000000001","8800.4332","0.0038046536774627369267588119","0.0072577088320820360428555813"
"2024-01-16T21:00:00.0000000+00:00","20243.945258180000000000000001","24964.290258180000000000000001","7613.2450","0.0008576379439947886153225078","0.0064062953745681070834516009"
"2024-01-17T14:30:00.0000000+00:00","20243.945258180000000000000001","24937.662058180000000000000001","7654.6632","-0.0010666515941215188346917243","0.0074661136835159295341125904"
"2024-01-17T21:00:00.0000000+00:00","20371.639714180000000000000001","24904.081714180000000000000001","7787.6980","-0.001346571459732531160008558","0.0088026314876471196237213155"
"2024-01-18T14:30:00.0000000+00:00","19597.955008180000000000000001","24936.098208180000000000000001","8393.8768","0.0012855922321267642704706708","0.0075283558501831489533548294"
"2024-01-18T21:00:00.0000000+00:00","19131.280898180000000000000001","24977.930898180000000000000001","8834.6300","0.0016775956547314714835497625","0.0058633897325132169732156735"
"2024-01-19T14:30:00.0000000+00:00","19864.874150180000000000000001","25055.127750180000000000000001","8023.5264","0.0030906023527202926276792179","0.0027909087858951457011825016"
"2024-01-19T21:00:00.0000000+00:00","21111.754724180000000000000001","25131.634884180000000000000001","6704.19984","0.0030535519420550693719943251","0"
"2024-01-22T14:30:00.0000000+00:00","20410.298884180000000000000001","25235.843284180000000000000001","7391.9156","0.004146503022196843939156305","0"
"2024-01-22T21:00:00.0000000+00:00","17994.520420059999999999999999","25240.221020060000000000000001","10054.639400","0.000173472938102462455882382","0"
"2024-01-23T14:30:00.0000000+00:00","15112.982374059999999999999999","25231.679974060000000000000001","12927.2624","-0.0003383903014641547929643348","0.0003383903014641547929643348"
"2024-01-23T21:00:00.0000000+00:00","15211.082750059999999999999999","25181.176950060000000000000001","13079.5358","-0.0020015719940931708680031156","0.0023392849830068422634208609"
"2024-01-24T14:30:00.0000000+00:00","15973.720192059999999999999999","25188.996192060000000000000001","12415.6440","0.0003105193222503989767112524","0.0020294920539439171074565878"
"2024-01-24T21:00:00.0000000+00:00","15182.141908059999999999999999","25034.820508060000000000000001","13193.2514","-0.006120755381613769814694455","0.0081378254111465673082814869"
"2024-01-25T14:30:00.0000000+00:00","15182.141908059999999999999999","25098.194708060000000000000001","13248.0672","0.0025314421559202542004758033","0.0056269836895296086031907586"
"2024-01-25T21:00:00.0000000+00:00","13842.694472139999999999999999","25199.058672140000000000000001","14315.375800","0.0040187736709050505617643205","0.001630823592522651791915594"
"2024-01-26T14:30:00.0000000+00:00","13058.457656139999999999999999","25213.210056140000000000000001","15081.4276","0.0005615838347027512434350831","0.0010701556019867131363131303"
"2024-01-26T21:00:00.0000000+00:00","14372.182058699999999999999999","25180.231658700000000000000001","13901.810400","-0.0013079809102676712603263502","0.0023767367691559697678848076"
"2024-01-29T14:30:00.0000000+00:00","14406.315962699999999999999999","25282.479162700000000000000001","13863.73680","0.0040606260254429610689719862","0"
"2024-01-29T21:00:00.0000000+00:00","14406.315962699999999999999999","25376.559462700000000000000001","13878.076500","0.003721165926591546016652697","0"
"2024-01-30T14:30:00.0000000+00:00","14406.315962699999999999999999","25400.891162700000000000000001","13942.6248","0.0009588258028344702301242113","0"
"2024-01-30T21:00:00.0000000+00:00","14496.343153659999999999999999","25435.095253660000000000000001","14048.557900","0.0013465705097082215765766779","0"
"2024-01-31T14:30:00.0000000+00:00","14525.501173659999999999999999","25445.867573660000000000000001","14065.0136","0.0004235219051695868851554355","0"
"2024-01-31T21:00:00.0000000+00:00","23529.140085660000000000000001","25408.430885660000000000000001","8995.6892","-0.00147122859504119093952155","0.00147122859504119093952155"
"2024-02-01T14:30:00.0000000+00:00","23491.451349660000000000000001","25427.264549660000000000000001","8941.78680","0.0007412367998934296926801482","0.0007310823239234612857980905"
"2024-02-01T21:00:00.0000000+00:00","22227.638637660000000000000001","25481.857437660000000000000001","10195.3492","0.0021470216701202327077625375","0"
"2024-02-02T14:30:00.0000000+00:00","22227.638637660000000000000001","25467.398237660000000000000001","10144.1804","-0.0005674311629508821599193855","0.0005674311629508821599193855"
"2024-02-02T21:00:00.0000000+00:00","23479.168281660000000000000001","25486.038221660000000000000001","8950.462060","0.0007319155190511789913636564","0"
"2024-02-05T14:30:00.0000000+00:00","23468.077591660000000000000001","25525.235591660000000000000001","7392.8020","0.0015379938482038001986478105","0"
"2024-02-05T21:00:00.0000000+00:00","23468.077591660000000000000001","25537.974591660000000000000001","7347.5330","0.0004990747276065214155452649","0"
"2024-02-06T14:30:00.0000000+00:00","23504.770251660000000000000001","25597.372651660000000000000001","7324.2576","0.002325871998455107417450231","0"
"2024-02-06T21:00:00.0000000+00:00","23504.770251660000000000000001","25623.835451660000000000000001","7301.6228","0.0010338092256622234503196448","0"
"2024-02-07T14:30:00.0000000+00:00","23504.770251660000000000000001","25634.810451660000000000000001","7313.8898","0.0004283121479102771023480382","0"
"2024-02-07T21:00:00.0000000+00:00","23564.398323660000000000000001","25669.604123660000000000000001","7333.9522","0.0013572822028706247579542669","0"
"2024-02-08T14:30:00.0000000+00:00","23533.947431660000000000000001","25698.133431660000000000000001","7331.6340","0.0011114042843264643350240004","0"
"2024-02-08T21:00:00.0000000+00:00","22284.087509660000000000000001","25759.259109660000000000000001","8522.7284","0.0023786038064808786262591112","0"
"2024-02-09T14:30:00.0000000+00:00","22486.537011660000000000000001","25752.970611660000000000000001","8356.2264","-0.0002441257325464669682056628","0.0002441257325464669682056628"
"2024-02-09T21:00:00.0000000+00:00","21302.424990660000000000000001","25797.993990660000000000000001","7515.2610","0.0017482790501696556231467066","0"
"2024-02-12T14:30:00.0000000+00:00","21302.424990660000000000000001","25798.980990660000000000000001","7489.044","0.0000382587886623020800030383","0"
"2024-02-12T21:00:00.0000000+00:00","19390.402662660000000000000001","25916.141662660000000000000001","9395.04100","0.0045412906828535458426769692","0"
"2024-02-13T14:30:00.0000000+00:00","19488.406254660000000000000001","25944.212654660000000000000001","9278.7536","0.00108314703497877194760466","0"
"2024-02-13T21:00:00.0000000+00:00","19608.782174660000000000000001","25890.028374660000000000000001","9416.0838","-0.0020884919778156238394607513","0.0020884919778156238394607513"
"2024-02-14T14:30:00.0000000+00:00","19439.538332660000000000000001","25955.488732660000000000000001","9356.60960","0.0025284003961953810000297626","0"
"2024-02-14T21:00:00.0000000+00:00","19494.607316660000000000000001","26004.334516660000000000000001","9344.6728","0.0018819057696469786586345291","0"
"2024-02-15T14:30:00.0000000+00:00","19494.312492660000000000000001","26016.886892660000000000000001","9450.26560","0.0004827032198019974077051933","0"
"2024-02-15T21:00:00.0000000+00:00","19472.158987660000000000000001","26038.584987660000000000000001","9644.6020","0.0008340004355448677142421421","0"
"2024-02-16T14:30:00.0000000+00:00","19472.158987660000000000000001","26023.902587660000000000000001","9644.3964","-0.0005638708864924175695152572","0.0005638708864924175695152572"
"2024-02-16T21:00:00.0000000+00:00","22597.198854660000000000000001","25989.904254660000000000000001","8790.0846","-0.001306427154247084796705665","0.0018695613845018992961696435"
"2024-02-20T14:30:00.0000000+00:00","22652.619900660000000000000001","26055.301500660000000000000001","8722.8784","0.0025162557491251337799398348","0"
"2024-02-20T21:00:00.0000000+00:00","18943.162057440000000000000000","26057.008457440000000000000001","10215.4336","0.0000655128392951722906014036","0"
"2024-02-21T14:30:00.0000000+00:00","18934.883405440000000000000000","25827.952205440000000000000001","10448.3712","-0.0087905813276350253830614009","0.0087905813276350253830614009"
"2024-02-21T21:00:00.0000000+00:00","18934.883405440000000000000000","25781.853305440000000000000001","10414.539500","-0.0017848453347490104685483111","0.0105597368343116747138607594"
"2024-02-22T14:30:00.0000000+00:00","15996.378811439999999999999999","25888.064411440000000000000001","13274.8344","0.0041196071027830003734006383","0.0064836316983948239907771343"
"2024-02-22T21:00:00.0000000+00:00","14534.906575439999999999999999","25905.702575440000000000000001","14421.3720","0.0006813241700760622139957999","0.00580672498330474947995086"
"2024-02-23T14:30:00.0000000+00:00","14534.906575439999999999999999","25990.976575440000000000000001","14326.5500","0.0032917076752376652584530581","0.0025341313492626227690188313"
"2024-02-23T21:00:00.0000000+00:00","15017.902419439999999999999999","26114.879619440000000000000001","13856.1628","0.0047671561566902166811350875","0"
"2024-02-26T14:30:00.0000000+00:00","15011.377197439999999999999999","26036.827797440000000000000001","14005.40940","-0.002988787355615377748356039","0.002988787355615377748356039"
"2024-02-26T21:00:00.0000000+00:00","15134.952477439999999999999999","26025.103677440000000000000001","14034.9888","-0.000450289877523126764561511","0.0034377314124462017945526288"
"2024-02-27T14:30:00.0000000+00:00","15112.579727439999999999999999","25927.761327440000000000000001","14095.6984","-0.003740325157066779931540736","0.0071651983362277704831437225"
"2024-02-27T21:00:00.0000000+00:00","15112.579727439999999999999999","25901.352527440000000000000001","14048.8272","-0.0010185530353540745035277764","0.0081764532370675662265510316"
"2024-02-28T14:30:00.0000000+00:00","15161.182089439999999999999999","25866.790089440000000000000001","14119.3720","-0.001334387382411185293379451","0.0094999300634463334675532365"
"2024-02-28T21:00:00.0000000+00:00","15054.300717439999999999999999","25877.327517440000000000000001","14119.2132","0.0004073728500352990182718016","0.0090964272269961166011730528"
"2024-02-29T14:30:00.0000000+00:00","15033.786451439999999999999999","25925.425651440000000000000001","14125.1008","0.0018586978878550850676449226","0.0072546368492148767039026593"
"2024-02-29T21:00:00.0000000+00:00","22671.783620440000000000000001","25972.402220440000000000000001","9924.8414","0.0018119883403877975206876332","0.00545579382621160420814065"
"2024-03-01T14:30:00.0000000+00:00","22666.174174440000000000000001","26020.325074440000000000000001","9877.2285","0.0018451452273554131066419169","0.0036207153307960605711283686"
"2024-03-01T21:00:00.0000000+00:00","22993.867558440000000000000001","26040.291158440000000000000001","7739.2964","0.0007673264627893855326541133","0.0028561671386942220795758263"
"2024-03-04T14:30:00.0000000+00:00","23020.972236440000000000000001","26066.022236440000000000000001","6208.5900","0.0009881255875151849076530713","0.0018708638030110009647322342"
"2024-03-04T21:00:00.0000000+00:00","23020.972236440000000000000001","26084.295836440000000000000001","6237.29640","0.0007010505797257288024098454","0.001171124793438960906239315"
"2024-03-05T14:30:00.0000000+00:00","23020.972236440000000000000001","26088.399836440000000000000001","6282.5884","0.0001573360471654624634831257","0.0010139730064192355975943332"
"2024-03-05T21:00:00.0000000+00:00","23020.972236440000000000000001","26093.138000440000000000000001","6340.914236","0.0001816195715224274818773186","0.0008325375922397692848968327"
"2024-03-06T14:30:00.0000000+00:00","22997.999610440000000000000001","26098.310010440000000000000001","7798.8096","0.0001982134153398025985701868","0.0006344891970195233069326679"
"2024-03-06T21:00:00.0000000+00:00","22997.999610440000000000000001","26061.325010440000000000000001","7827.4086","-0.0014171415691362790164657117","0.002050731605139538058451833"
"2024-03-07T14:30:00.0000000+00:00","23159.343041440000000000000001","26088.902241440000000000000001","7673.9208","0.00105816688096068552779916","0.0009947347404451505357790841"
"2024-03-07T21:00:00.0000000+00:00","21917.604743440000000000000001","26118.982343440000000000000001","8955.86240","0.0011529845802488507544210743","0"
"2024-03-08T14:30:00.0000000+00:00","21933.624917440000000000000001","26126.874917440000000000000001","7387.8100","0.0003021776995833945922960918","0"
"2024-03-08T21:00:00.0000000+00:00","23185.449502440000000000000001","26156.290302440000000000000001","6226.96920","0.001125866950905976143981911","0"
"2024-03-11T13:30:00.0000000+00:00","23178.281058440000000000000001","26160.021058440000000000000001","7792.8200","0.0001426332234755773044283574","0"
"2024-03-11T20:00:00.0000000+00:00","20594.404386440000000000000001","26165.452386440000000000000001","6704.59200","0.0002076194047346797614308228","0"
"2024-03-12T13:30:00.0000000+00:00","20594.404386440000000000000001","26138.739586440000000000000001","6642.1648","-0.0010209187139391351689762747","0.0010209187139391351689762747"
"2024-03-12T20:00:00.0000000+00:00","19811.647866440000000000000001","26136.087266440000000000000001","7374.90860","-0.0001014708452650848039281339","0.0011222859657193696255431323"
"2024-03-13T13:30:00.0000000+00:00","19797.661988440000000000000001","26141.761988440000000000000001","7392.2400","0.0002171220941432429895291647","0.0009054075446552311973602618"
"2024-03-13T20:00:00.0000000+00:00","19797.661988440000000000000001","26143.128388440000000000000001","7387.3952","0.000052268856269299214738207","0.00085318601300274870601195"
"2024-03-14T13:30:00.0000000+00:00","19839.693530440000000000000001","26132.127130440000000000000001","7383.1440","-0.0004208087814335391289043936","0.0012736357662698200085628468"
"2024-03-14T20:00:00.0000000+00:00","18595.344710440000000000000001","26095.839910440000000000000001","8638.55680","-0.0013886056737314293596718076","0.0026604728621499398195290972"
"2024-03-15T13:30:00.0000000+00:00","18595.344710440000000000000001","26059.193202440000000000000001","8631.251508","-0.0014043122630185579876310574","0.0040610489905027525651044094"
"2024-03-15T20:00:00.0000000+00:00","19835.281673440000000000000001","26069.657709440000000000000001","7405.109964","0.0004015668067198710124150549","0.0036611129662579306988193921"
"2024-03-18T13:30:00.0000000+00:00","19807.116041440000000000000001","26087.800441440000000000000001","7373.8556","0.0006959328811375376670964746","0.002967727974015170910159601"
"2024-03-18T20:00:00.0000000+00:00","20585.010431440000000000000001","26080.827431440000000000000001","6575.0130","-0.0002672900697646973529033495","0.0032342247995626511040974605"
"2024-03-19T13:30:00.0000000+00:00","20585.010431440000000000000001","26076.229631440000000000000001","6573.5208","-0.0001762904191627536027297595","0.0034099450558798232343091612"
"2024-03-19T20:00:00.0000000+00:00","17982.730079440000000000000000","26103.051279440000000000000001","9156.038800","0.0010285861253369717307369317","0.0023848663527154908945056901"
"2024-03-20T13:30:00.0000000+00:00","18012.952043440000000000000000","26103.973243440000000000000001","9180.0988","0.0000353201620044390186219826","0.0023496304245769887226281617"
"2024-03-20T20:00:00.0000000+00:00","18012.952043440000000000000000","26132.403243440000000000000001","9167.7088","0.0010891062343218014482584952","0.0012630831873989462540739296"
"2024-03-21T13:30:00.0000000+00:00","15027.715115439999999999999999","26167.890915440000000000000001","12165.5742","0.0013579949639307837851991642","0"
"2024-03-21T20:00:00.0000000+00:00","13773.069236439999999999999999","26145.748836440000000000000001","13411.1404","-0.0008461545132372656871485435","0.0008461545132372656871485435"
"2024-03-22T13:30:00.0000000+00:00","13805.062836439999999999999999","26215.656836440000000000000001","13519.5860","0.00267378075255459615587336","0"
"2024-03-22T20:00:00.0000000+00:00","13125.449284439999999999999999","26195.589684440000000000000001","14177.39960","-0.0007654643988208785715781565","0.0007654643988208785715781565"
"2024-03-25T13:30:00.0000000+00:00","13087.257845239999999999999999","26174.857845240000000000000001","14196.5920","-0.000791424795156055212325616","0.0015562833864718977171292556"
"2024-03-25T20:00:00.0000000+00:00","13087.257845239999999999999999","26166.557245240000000000000001","14177.8946","-0.0003171211109942855520926086","0.0018729109671496433519478709"
"2024-03-26T13:30:00.0000000+00:00","13087.257845239999999999999999","26189.800645240000000000000001","14182.07720","0.0008882865171048913521636203","0.000986288131604608910058971"
"2024-03-26T20:00:00.0000000+00:00","13087.257845239999999999999999","26162.082245240000000000000001","14164.7556","-0.001058366208107728500430292","0.0020436104856823893842603909"
"2024-03-27T13:30:00.0000000+00:00","13087.257845239999999999999999","26208.179045240000000000000001","14190.0588","0.0017619698450564643593102675","0.0002852414206767385904494922"
"2024-03-27T20:00:00.0000000+00:00","14205.754101239999999999999999","26266.030901240000000000000001","13122.48320","0.0022073970076340427686576738","0"
"2024-03-28T13:30:00.0000000+00:00","14205.754101239999999999999999","26268.230901240000000000000001","13124.6832","0.0000837583724877190949362368","0"
"2024-03-28T20:00:00.0000000+00:00","23133.599604240000000000000001","26262.443636240000000000000001","10090.635968","-0.0002203142275457465374207318","0.0002203142275457465374207318"
"2024-04-01T13:30:00.0000000+00:00","23127.663529240000000000000001","26329.860729240000000000000001","10095.1228","0.0025670533151366763091095929","0"
"2024-04-01T20:00:00.0000000+00:00","23240.187617240000000000000001","26317.042217240000000000000001","7695.6254","-0.0004868431372204223878660645","0.0004868431372204223878660645"
"2024-04-02T13:30:00.0000000+00:00","23292.833971240000000000000001","26312.198235240000000000000001","6196.815736","-0.0001840625538392289986072862","0.0006708160814684954933263734"
"2024-04-02T20:00:00.0000000+00:00","23292.833971240000000000000001","26313.307171240000000000000001","6193.5668","0.0000421453194478749001919911","0.0006286990337786648545509335"
"2024-04-03T13:30:00.0000000+00:00","23428.136905240000000000000001","26308.601305240000000000000001","6064.7556","-0.0001788397775078395315175534","0.0008074263748911840159557616"
"2024-04-03T20:00:00.0000000+00:00","23428.136905240000000000000001","26324.222105240000000000000001","6059.194800","0.0005937525837562765627193229","0.0002141532026311920577332923"
"2024-04-04T13:30:00.0000000+00:00","23427.332843240000000000000001","26328.016843240000000000000001","6047.75600","0.0001441538513400034646789575","0.0000700302223001246755530444"
"2024-04-04T20:00:00.0000000+00:00","22203.718169240000000000000001","26348.618569240000000000000001","7398.97960","0.0007825020062340819096726761","0"
"2024-04-05T13:30:00.0000000+00:00","22100.504181240000000000000001","26367.668181240000000000000001","8875.9360","0.0007229833302243392462973628","0"
"2024-04-05T20:00:00.0000000+00:00","23344.010430240000000000000001","26428.519230240000000000000001","7694.4632","0.0023077903052228996922064424","0"
"2024-04-08T13:30:00.0000000+00:00","23351.160506240000000000000001","26434.350506240000000000000001","6008.750","0.0002206433114621021317526572","0"
"2024-04-08T20:00:00.0000000+00:00","23351.160506240000000000000001","26406.128506240000000000000001","5952.0720","-0.0010676260040260120533272677","0.0010676260040260120533272677"
"2024-04-09T13:30:00.0000000+00:00","23352.091586240000000000000001","26413.944386240000000000000001","5957.5472","0.0002959873499878272173096468","0.0007719546578298945886770117"
"2024-04-09T20:00:00.0000000+00:00","20861.113490240000000000000001","26407.842690240000000000000001","6603.6508","-0.0002310028336085465141833796","0.0010027791677250650812621855"
"2024-04-10T13:30:00.0000000+00:00","20753.026652080000000000000001","26347.583952080000000000000001","6693.9445","-0.0022818500877495327119786062","0.0032823410637427309501039323"
"2024-04-10T20:00:00.0000000+00:00","19974.691016080000000000000001","26344.702416080000000000000001","7453.6706","-0.0001093662327916225592211625","0.0033913483192574747197905754"
"2024-04-11T13:30:00.0000000+00:00","20032.130252080000000000000001","26354.665932080000000000000001","7413.74432","0.00037819808486121197540769","0.003014432835835703211409912"
"2024-04-11T20:00:00.0000000+00:00","18761.526182080000000000000001","26358.236342080000000000000001","8651.42984","0.0001354754413962784419136722","0.002879365776058419046739789"
"2024-04-12T13:30:00.0000000+00:00","18843.058140080000000000000001","26415.887500080000000000000001","8701.47064","0.0021872160660446749216236475","0.0006984475050991582928501025"
"2024-04-12T20:00:00.0000000+00:00","20097.227256080000000000000001","26307.645096080000000000000001","7404.80216","-0.0040976251129049588052253631","0.0047932106419671769727848927"
"2024-04-15T13:30:00.0000000+00:00","19972.978320080000000000000001","26320.889360080000000000000001","7410.38896","0.0005034378391387633676654682","0.0042921858864365424854541433"
"2024-04-15T20:00:00.0000000+00:00","19972.978320080000000000000001","26334.134440080000000000000001","7567.673880","0.0005032155190047781409191569","0.0037911302619802724929913863"
"2024-04-16T13:30:00.0000000+00:00","20034.889660080000000000000001","26320.604620080000000000000001","7402.62504","-0.000513775002963754065188212","0.0043029574769824416659539096"
"2024-04-16T20:00:00.0000000+00:00","20795.497508080000000000000001","26285.142460080000000000000001","6563.9570480","-0.0013473155541778817524620287","0.0056444755896226189601577257"
"2024-04-17T13:30:00.0000000+00:00","20759.624688080000000000000001","26290.325648080000000000000001","6592.69904","0.0001971907897349940684636183","0.0054483978384867824722170676"
"2024-04-17T20:00:00.0000000+00:00","20759.624688080000000000000001","26276.551328080000000000000001","6570.41336","-0.0005239311290541563819611333","0.0059694743823098842490715375"
"2024-04-18T13:30:00.0000000+00:00","21596.703810080000000000000001","26290.163650080000000000000001","5729.10016","0.0005180406602845716005056276","0.0054545261524758762962059738"
"2024-04-18T20:00:00.0000000+00:00","20369.518422080000000000000001","26257.451862080000000000000001","6959.26656","-0.0012442595807082569922893325","0.006691998886760691432407741"
"2024-04-19T13:30:00.0000000+00:00","17354.475534079999999999999999","26263.047054080000000000000001","9983.74848","0.0002130896794323123426943528","0.0064803352032259203165165816"
"2024-04-19T20:00:00.0000000+00:00","15998.782264079999999999999999","26222.128724080000000000000001","11333.39254","-0.0015580191405720107372867154","0.008028257857513982458888587"
"2024-04-22T13:30:00.0000000+00:00","15998.782264079999999999999999","26214.150904080000000000000001","11261.99136","-0.0003042399831053342822935481","0.0083300553235843814199570918"
"2024-04-22T20:00:00.0000000+00:00","15185.219584079999999999999999","26227.789904080000000000000001","12025.76968","0.0005202915040012686683540387","0.0078140978765958342441605287"
"2024-04-23T13:30:00.0000000+00:00","15124.303542079999999999999999","26243.111062080000000000000001","12139.75248","0.0005841574168480218662747512","0.007234505122978402213158775"
"2024-04-23T20:00:00.0000000+00:00","15124.303542079999999999999999","26302.738982080000000000000001","12173.16456","0.0022721360992203169418596265","0.0049788068040079988174095705"
"2024-04-24T13:30:00.0000000+00:00","15215.101930079999999999999999","26294.961210080000000000000001","12133.32072","-0.0002957019801359462785999647","0.0052730365411132856085665164"
"2024-04-24T20:00:00.0000000+00:00","15215.101930079999999999999999","26282.025930080000000000000001","12112.83600","-0.0004919299898050941296983032","0.0057623725661064679908627087"
"2024-04-25T13:30:00.0000000+00:00","15127.624438079999999999999999","26158.509158080000000000000001","12163.61528","-0.0046996670777435773815850776","0.0104349584112114220288499514"
"2024-04-25T20:00:00.0000000+00:00","13878.624688079999999999999999","26219.429728080000000000000001","13420.37496","0.0023289006889439829728726194","0.0081303597041004111467165964"
"2024-04-26T13:30:00.0000000+00:00","13878.624688079999999999999999","26285.055848080000000000000001","13437.55884","0.0025029575654621103967728154","0.0056477520839696071592918332"
"2024-04-26T20:00:00.0000000+00:00","15130.904182079999999999999999","26313.304982080000000000000001","12209.43920","0.0010747222362117776018926212","0.0045790996125070831007539149"
"2024-04-29T13:30:00.0000000+00:00","15163.087744079999999999999999","26354.023424080000000000000001","12267.88432","0.0015474468915147773453750796","0.00303873863445361636258131"
"2024-04-29T20:00:00.0000000+00:00","15163.087744079999999999999999","26355.837264080000000000000001","12260.33048","0.0000688259234960940257119926","0.0029701218549503018666984126"
"2024-04-30T13:30:00.0000000+00:00","15163.087744079999999999999999","26310.494464080000000000000001","12218.33328","-0.001720408255130527176394754","0.0046854202879228289495276817"
"2024-04-30T20:00:00.0000000+00:00","24135.102982080000000000000001","26209.711982080000000000000001","5128.74100","-0.0038305050533197595930873046","0.0084979778151527732233650566"
"2024-05-01T13:30:00.0000000+00:00","24082.064417080000000000000001","26204.659857080000000000000001","6619.20456","-0.0001927577458101874146850053","0.0086890975099153668079769205"
"2024-05-01T20:00:00.0000000+00:00","24082.064417080000000000000001","26220.904981880000000000000001","6626.4394352","0.0006199326718454190002903027","0.0080745514935051950181460892"
"2024-05-02T13:30:00.0000000+00:00","24082.064417080000000000000001","26248.365377080000000000000001","6603.25904","0.0010472710693615095198594615","0.0070357366683209032576638327"
"2024-05-02T20:00:00.0000000+00:00","22849.402934080000000000000001","26229.575694080000000000000001","7823.27724","-0.0007158420240677958251691315","0.0077465422164112402371903884"
"2024-05-03T13:30:00.0000000+00:00","22849.402934080000000000000001","26235.094614080000000000000001","7813.06832","0.0002104082835486209194991986","0.0075377638695138113362851044"
"2024-05-03T20:00:00.0000000+00:00","24081.031559080000000000000001","26228.638679080000000000000001","6571.09288","-0.0002460801112009404393110425","0.0077819890869435353858031178"
"2024-05-06T13:30:00.0000000+00:00","24078.558317080000000000000001","26252.592317080000000000000001","5196.9060","0.0009132627237381349944250741","0.0068758333637550428867230361"
"2024-05-06T20:00:00.0000000+00:00","24078.558317080000000000000001","26249.755837080000000000000001","5184.292480","-0.0001080457109050742869968438","0.0069831361703562654318658937"
"2024-05-07T13:30:00.0000000+00:00","23360.553199080000000000000001","26237.595839080000000000000001","5958.19736","-0.0004632423278704548741959547","0.0074431436139713280963275006"
"2024-05-07T20:00:00.0000000+00:00","23360.553199080000000000000001","26241.599519080000000000000001","5956.65368","0.0001525932491892666408742931","0.0072916861382502996809896324"
"2024-05-08T13:30:00.0000000+00:00","23302.812687080000000000000001","26232.274367080000000000000001","7445.59832","-0.0003553576066588386452948251","0.0076444525887745422701437985"
"2024-05-08T20:00:00.0000000+00:00","23302.812687080000000000000001","26247.501087080000000000000001","7437.91160","0.0005804574848114832315109523","0.0070684323836854997411720966"
"2024-05-09T13:30:00.0000000+00:00","24115.972381080000000000000001","26261.127181080000000000000001","5186.0452","0.0005191387155216567341924906","0.0065529631650722611796325047"
"2024-05-09T20:00:00.0000000+00:00","20232.815905080000000000000001","26261.791745080000000000000001","7085.98416","0.0000253059967844331319929586","0.006527822997552611875040081"
"2024-05-10T13:30:00.0000000+00:00","20232.815905080000000000000001","26286.096305080000000000000001","7109.5396","0.0009254722692161064587127131","0.0056083920474990915181973421"
"2024-05-10T20:00:00.0000000+00:00","20710.090300080000000000000001","26281.018820080000000000000001","6606.96148","-0.0001931623829217552967253446","0.0058004711000485924681863011"
"2024-05-13T13:30:00.0000000+00:00","20737.644788080000000000000001","26290.001108080000000000000001","6639.76368","0.0003417785307903317318021986","0.0054606750457487271236162183"
"2024-05-13T20:00:00.0000000+00:00","20737.644788080000000000000001","26268.389412080000000000000001","6641.115376","-0.0008220500224078665336740681","0.0062782361201128738385494157"
"2024-05-14T13:30:00.0000000+00:00","20737.644788080000000000000001","26278.916148080000000000000001","6651.16864","0.0004007377778235268449268456","0.0058800142686807724276574142"
"2024-05-14T20:00:00.0000000+00:00","20737.644788080000000000000001","26286.392588080000000000000001","6629.8422","0.0002845033622342238972245326","0.0055971837902759734213510533"
"2024-05-15T13:30:00.0000000+00:00","20737.644788080000000000000001","26320.189108080000000000000001","6630.49568","0.0012857039963454548585125302","0.0043186761154979563821434823"
"2024-05-15T20:00:00.0000000+00:00","20737.644788080000000000000001","26344.974948080000000000000001","6624.50584","0.000941704480093990958478355","0.0033810385520500047631284896"
"2024-05-16T13:30:00.0000000+00:00","20664.769275080000000000000001","26351.254995080000000000000001","6759.574280","0.0002383774139993131644590416","0.0031434671012773612609861273"
"2024-05-16T20:00:00.0000000+00:00","20238.224143080000000000000001","26341.754143080000000000000001","7171.02200","-0.0003605464711936448050869961","0.0035028802065003271978041586"
"2024-05-17T13:30:00.0000000+00:00","20238.224143080000000000000001","26356.850863080000000000000001","7186.53328","0.0005731098968580238034852939","0.002931777844956156809961099"
"2024-05-17T20:00:00.0000000+00:00","21483.635011080000000000000001","26368.902051080000000000000001","5934.93296","0.0004572317103664685050341131","0.0024758866363881521276241658"
"2024-05-20T13:30:00.0000000+00:00","21494.141395080000000000000001","26364.835795080000000000000001","5915.3856","-0.000154206496429890488514129","0.0026297113350142876129871564"
"2024-05-20T20:00:00.0000000+00:00","20413.285267080000000000000001","26368.882747080000000000000001","7006.09252","0.000153498092362676903697021","0.0024766168983249999107960682"
"2024-05-21T13:30:00.0000000+00:00","17530.341025080000000000000000","26365.681665080000000000000001","9887.07936","-0.0001213961937903674316981774","0.0025977124402504337820911202"
"2024-05-21T20:00:00.0000000+00:00","14965.028065079999999999999999","26370.152885080000000000000001","12427.429780","0.0001695848435400743966509843","0.0024285681293681013601125947"
"2024-05-22T13:30:00.0000000+00:00","14989.783113079999999999999999","26329.517833080000000000000001","12415.70528","-0.0015409486693947441672729013","0.0039657744999353612686796805"
"2024-05-22T20:00:00.0000000+00:00","14189.278044079999999999999999","26333.003164080000000000000001","13250.11488","0.0001323735216913499229541585","0.003833925941780801541664048"
"2024-05-23T13:30:00.0000000+00:00","14179.662452079999999999999999","26375.044532080000000000000001","13266.13792","0.0015965276629498633734704096","0.0022435192476546923252241329"
"2024-05-23T20:00:00.0000000+00:00","14030.321490079999999999999999","26249.852880480000000000000001","13349.4178096","-0.0047465948900192087231619186","0.0069794650606773235461704838"
"2024-05-24T13:30:00.0000000+00:00","14030.321490079999999999999999","26269.437330080000000000000001","13356.80416","0.0007460784519125229605127596","0.0062385938372524482663398415"
"2024-05-24T20:00:00.0000000+00:00","16359.295602079999999999999999","26289.365762080000000000000001","13259.74984","0.0007586166292637266269783062","0.0054847099090168835495971292"
"2024-05-28T13:30:00.0000000+00:00","16368.041538079999999999999999","26301.717218080000000000000001","13280.52432","0.0004698270818619688020091324","0.0050174596924063275743954638"
"2024-05-28T20:00:00.0000000+00:00","15226.603296079999999999999999","26184.885216080000000000000001","12071.19008","-0.0044419914118644996788836984","0.0094371635914077820519787479"
"2024-05-29T13:30:00.0000000+00:00","14467.511508079999999999999999","26087.472548080000000000000001","12807.17896","-0.003720186939760934831543358","0.0131222425184275742536217009"
"2024-05-29T20:00:00.0000000+00:00","14467.511508079999999999999999","26067.736828080000000000000001","12776.14468","-0.0007565209685846902888138393","0.0138688362353922205083553138"
"2024-05-30T13:30:00.0000000+00:00","15200.424026079999999999999999","26100.644266080000000000000001","12026.57976","0.0012623818560479066016262211","0.0126239621465723727997549398"
"2024-05-30T20:00:00.0000000+00:00","13947.238439079999999999999999","26109.312439080000000000000001","13281.3860","0.0003321057101745578628923349","0.0122960489263117190906511916"
"2024-05-31T13:30:00.0000000+00:00","13879.855487079999999999999999","26182.415487080000000000000001","13390.78000","0.0027998840708873103264766142","0.0095305923669480399614979846"
"2024-05-31T20:00:00.0000000+00:00","24066.507749080000000000000001","26180.096309080000000000000001","6620.39144","-0.0000885776944890521584151987","0.0096183258635381129039475426"
"2024-06-03T13:30:00.0000000+00:00","24060.650144080000000000000001","26187.195424080000000000000001","6617.21472","0.0002711645868750232806124089","0.0093497694260223052872670662"
"2024-06-03T20:00:00.0000000+00:00","24060.650144080000000000000001","26173.364802480000000000000001","6650.6993416","-0.0005281444376163429071216409","0.0098729758349232991667443697"
"2024-06-04T13:30:00.0000000+00:00","24060.650144080000000000000001","26150.377504080000000000000001","6676.57264","-0.0008782706607834346450272638","0.0107425753506962968434444836"
"2024-06-04T20:00:00.0000000+00:00","24060.650144080000000000000001","26149.304016880000000000000001","6672.6961272","-0.0000410505431454101870600807","0.0107831849052887804521998"
"2024-06-05T13:30:00.0000000+00:00","24060.650144080000000000000001","26167.298144080000000000000001","6687.03200","0.0006881302534241202489443256","0.0101024748876262557198525519"
"2024-06-05T20:00:00.0000000+00:00","24060.650144080000000000000001","26180.296104080000000000000001","6700.06404","0.0004967253374204632585473538","0.0096107677054531303698183342"
"2024-06-06T13:30:00.0000000+00:00","24085.385196080000000000000001","26204.744476080000000000000001","6725.42072","0.0009338462751836449702053113","0.0086858964098928780717448852"
"2024-06-06T20:00:00.0000000+00:00","22862.750718080000000000000001","26204.018678080000000000000001","7956.50204","-0.0000276971981414478961832058","0.0087133530330404250739517034"
"2024-06-07T13:30:00.0000000+00:00","22862.750718080000000000000001","26185.443678080000000000000001","7884.72704","-0.0007088607372860036678766834","0.0094160372164711944698327181"
"2024-06-07T20:00:00.0000000+00:00","24041.614898080000000000000001","26164.084498080000000000000001","6655.4504","-0.0008156890623121235958236503","0.0102240457202155186186948366"
"2024-06-10T13:30:00.0000000+00:00","24115.018956080000000000000001","26168.853596080000000000000001","5136.58536","0.0001822765096309779498874298","0.010043632813952729091676944"
"2024-06-10T20:00:00.0000000+00:00","24115.018956080000000000000001","26182.884216080000000000000001","5122.33694","0.0005361572278466847448433509","0.0095128605524330832396588507"
"2024-06-11T13:30:00.0000000+00:00","23329.791942080000000000000001","26177.913942080000000000000001","5926.75800","-0.0001898291249727005885180126","0.0097008838594111281348590184"
"2024-06-11T20:00:00.0000000+00:00","20666.203830980000000000000001","26179.597125380000000000000001","6569.7087056","0.0000642978391526586436078134","0.0096372097661285005303746032"
"2024-06-12T13:30:00.0000000+00:00","21465.024034980000000000000001","26236.066014980000000000000001","5791.82342","0.0021569808477020383971196511","0.0075010161953172883495367182"
"2024-06-12T20:00:00.0000000+00:00","19560.453196980000000000000001","26230.189676980000000000000001","7694.86352","-0.0002239793876355086457405649","0.0077233155099387257961182875"
"2024-06-13T13:30:00.0000000+00:00","19583.988488980000000000000001","26269.551368980000000000000001","7755.59712","0.0015006255190958226066350499","0.0062342797951891458077632636"
"2024-06-13T20:00:00.0000000+00:00","18351.462032980000000000000001","26265.548072980000000000000001","8985.48396","-0.0001523930098298987764565884","0.0063857227443569339853919517"
"2024-06-14T13:30:00.0000000+00:00","18356.761008980000000000000001","26309.217808980000000000000001","9061.5832","0.001662624205619531923487245","0.0047337155959425450866030742"
"2024-06-14T20:00:00.0000000+00:00","19604.991312980000000000000001","26299.191112980000000000000001","7814.690200","-0.000381109619936235261732966","0.0051130211513271244555722579"
"2024-06-17T13:30:00.0000000+00:00","18818.464038980000000000000001","26292.987958980000000000000001","8593.19608","-0.0002358686232345155768085958","0.0053476837733021075458084302"
"2024-06-17T20:00:00.0000000+00:00","19932.081270980000000000000001","26330.992090980000000000000001","7508.49178","0.0014454094019017805684926734","0.0039100039638046554336887888"
"2024-06-18T13:30:00.0000000+00:00","20731.180910980000000000000001","26338.885230980000000000000001","6701.37568","0.0002997661452605840336054207","0.0036114099053602547257800796"
"2024-06-18T20:00:00.0000000+00:00","20128.099882980000000000000000","26365.991622980000000000000001","9599.04886","0.0010291396831069088913963588","0.0025859868674989174387623693"
"2024-06-20T13:30:00.0000000+00:00","20114.398290980000000000000000","26309.221570980000000000000001","9576.37672","-0.0021531544427299487915359033","0.0047335732811162696327959515"
"2024-06-20T20:00:00.0000000+00:00","17713.448196979999999999999999","26345.396996980000000000000001","9786.5312","0.0013750093632531785631243169","0.0033650726254462710107901183"
"2024-06-21T13:30:00.0000000+00:00","17018.475504979999999999999999","26358.030464980000000000000001","10506.86504","0.0004795322690126167942133536","0.0028871540173451267104809861"
"2024-06-21T20:00:00.0000000+00:00","18260.766996980000000000000000","26310.837676980000000000000001","9172.37932","-0.0017904519862628442044986936","0.0046724366929629685827125231"
"2024-06-24T13:30:00.0000000+00:00","15298.234608979999999999999999","26305.789168980000000000000001","12143.04544","-0.0001918794096174696866224884","0.0048634195581863175324439077"
"2024-06-24T20:00:00.0000000+00:00","15298.234608979999999999999999","26312.242208980000000000000001","12129.952400","0.0002453087401616324485643578","0.0046193038573493812125302591"
"2024-06-25T13:30:00.0000000+00:00","15293.892776979999999999999999","26313.555896980000000000000001","12131.51688","0.0000499268739458341057671782","0.0045696076108049504945686904"
"2024-06-25T20:00:00.0000000+00:00","14536.601348979999999999999999","26344.593628980000000000000001","12887.11772","0.0011795339300213010157499971","0.0033954636880074774898226964"
"2024-06-26T13:30:00.0000000+00:00","14554.898348979999999999999999","26275.805688980000000000000001","12805.94206","-0.0026110837376641404436959396","0.0059976815856540325023502596"
"2024-06-26T20:00:00.0000000+00:00","14554.898348979999999999999999","26302.850414580000000000000001","12812.0679344","0.0010292634189840459536205273","0.0049745913609248144722840517"
"2024-06-27T13:30:00.0000000+00:00","15361.577656979999999999999999","26327.875176980000000000000001","12030.42248","0.0009514087639006782406490861","0.0040279154668417447021029517"
"2024-06-27T20:00:00.0000000+00:00","12958.662169979999999999999999","26330.860989980000000000000001","14422.68698","0.0001134088102411952640884713","0.0039149634577013960688742206"
"2024-06-28T13:30:00.0000000+00:00","12958.662169979999999999999999","26360.590809980000000000000001","14452.87136","0.0011290865122607820098572939","0.0027902972778766985398808797"
"2024-06-28T20:00:00.0000000+00:00","22866.830139980000000000000001","26216.861187180000000000000001","6073.1989528","-0.0054524431503099929520512215","0.0082275264909066040679434432"
"2024-07-01T13:30:00.0000000+00:00","22061.819757980000000000000001","26267.525677980000000000000001","6883.75408","0.001932515507416076521207432","0.0063109108060218811341864996"
"2024-07-01T20:00:00.0000000+00:00","22061.819757980000000000000001","26285.639757980000000000000001","6851.86320","0.0006895997827151640405699846","0.0056256630260272845636055913"
"2024-07-02T13:30:00.0000000+00:00","22917.828521980000000000000001","26295.150441980000000000000001","6115.39808","0.0003618205258676525916998513","0.0052658779805140633737754307"
"2024-07-02T20:00:00.0000000+00:00","24097.562527980000000000000001","26283.479407980000000000000001","4894.36312","-0.0004438473940566351123628659","0.00570738812835162710273838"
"2024-07-03T13:30:00.0000000+00:00","24025.068031980000000000000001","26288.297631980000000000000001","4982.4304","0.0001833175861235908386898633","0.0055251168068427961233736744"
"2024-07-03T17:00:00.0000000+00:00","25132.526495980000000000000001","26305.286455980000000000000001","6125.63004","0.0006462504433658309932234153","0.0048824369726630352915454707"
"2024-07-05T13:30:00.0000000+00:00","25226.627671980000000000000001","26279.952711980000000000000001","6038.43496","-0.0009630666460292760452621845","0.0058408015064925994152754455"
"2024-07-05T20:00:00.0000000+00:00","24117.125815980000000000000001","26312.092026380000000000000001","4950.4837896","0.0012229593695329956493032315","0.0046249851998875513265476933"
"2024-07-08T13:30:00.0000000+00:00","24117.125815980000000000000001","26317.602775980000000000000001","4938.40304","0.000209437911454362043726281","0.0044165159356739610667337744"
"2024-07-08T20:00:00.0000000+00:00","24117.125815980000000000000001","26304.822415980000000000000001","4922.61340","-0.0004856202181022580688396224","0.0048999914043442850482326646"
"2024-07-09T13:30:00.0000000+00:00","24087.023951980000000000000001","26314.082911980000000000000001","6430.88104","0.0003520455623518793236033013","0.0045496708622218674833616792"
"2024-07-09T20:00:00.0000000+00:00","24087.023951980000000000000001","26316.103271980000000000000001","6434.400680","0.0000767786590457306670806356","0.0044732415208040376445104186"
"2024-07-10T13:30:00.0000000+00:00","24117.401975980000000000000001","26321.410855980000000000000001","4933.39112","0.0002016857870310622983688609","0.0042724579230096787345094635"
"2024-07-10T20:00:00.0000000+00:00","21616.161827980000000000000001","26311.518067980000000000000001","5754.70376","-0.0003758456586590016682642667","0.0046466977969065139598305377"
"2024-07-11T13:30:00.0000000+00:00","21616.161827980000000000000001","26358.188307980000000000000001","5785.05352","0.0017737570245631588975670829","0.0028811828852016401460796915"
"2024-07-11T20:00:00.0000000+00:00","19600.078691980000000000000001","26353.823011980000000000000001","7820.01568","-0.0001656144173868883450253154","0.0030463201371636107474665991"
"2024-07-12T13:30:00.0000000+00:00","19574.734387980000000000000001","26360.538147980000000000000001","7828.33624","0.0002548069020933855901256239","0.0027922894584671605144663917"
"2024-07-12T20:00:00.0000000+00:00","20817.935697980000000000000001","26377.479017980000000000000001","6601.08668","0.0006426602486223587852745398","0.0021514237032824058261434412"
"2024-07-15T13:30:00.0000000+00:00","20838.771529980000000000000001","26365.580009980000000000000001","6599.15152","-0.0004511048228638201279549313","0.0026015580085376517205037836"
"2024-07-15T20:00:00.0000000+00:00","20838.771529980000000000000001","26379.728769980000000000000001","6650.86316","0.0005366375401051051162064726","0.0020663165621226889857707841"
"2024-07-16T13:30:00.0000000+00:00","20080.066921980000000000000001","26400.335001980000000000000001","7420.91192","0.0007811388881090312581618776","0.0012867917542354755208973503"
"2024-07-16T20:00:00.0000000+00:00","20080.066921980000000000000001","26437.945481980000000000000001","7478.590240","0.0014246213162514509680965081","0"
"2024-07-17T13:30:00.0000000+00:00","20080.066921980000000000000001","26438.078601980000000000000001","7525.54832","0.000005035187022786398820234","0"
"2024-07-17T20:00:00.0000000+00:00","20855.591785980000000000000001","26432.213865980000000000000001","6754.44992","-0.0002218291309399760359566692","0.0002218291309399760359566692"
"2024-07-18T13:30:00.0000000+00:00","20804.951943980000000000000001","26411.872183980000000000000001","6703.35976","-0.0007695791999542302577402687","0.0009912376158090909647533161"
"2024-07-18T20:00:00.0000000+00:00","19594.584918980000000000000001","26401.436598980000000000000001","7990.82832","-0.0003951096282500434120897229","0.0013859555965332445875572885"
"2024-07-19T13:30:00.0000000+00:00","19625.748914980000000000000001","26359.291154980000000000000001","7892.41776","-0.0015963314663577154773344747","0.002980074618361239468273793"
"2024-07-19T20:00:00.0000000+00:00","20814.011214980000000000000001","26358.854174980000000000000001","6751.64904","-0.0000165778357783131196919156","0.0029966030509519222761942766"
"2024-07-22T13:30:00.0000000+00:00","17749.748484979999999999999999","26367.925924980000000000000001","9694.58256","0.0003441632910056828472066963","0.0026534710807140927124782092"
"2024-07-22T20:00:00.0000000+00:00","15155.729784979999999999999999","26362.041424980000000000000001","12221.87836","-0.0002231688611664841582424663","0.00287604776976135570668409"
"2024-07-23T13:30:00.0000000+00:00","15208.312214979999999999999999","26360.899734980000000000000001","12216.71248","-0.0000433081027980694845621563","0.0029192313163869602079764533"
"2024-07-23T20:00:00.0000000+00:00","14436.677918979999999999999999","26351.996998980000000000000001","12967.17092","-0.0003377250431322106199294583","0.0032559704619969311417829765"
"2024-07-24T13:30:00.0000000+00:00","14436.677918979999999999999999","26335.960018980000000000000001","13003.8629","-0.0006085679199424900996437325","0.0038625569027679695805322033"
"2024-07-24T20:00:00.0000000+00:00","14436.677918979999999999999999","26259.816498980000000000000001","13090.90642","-0.0028912376820561813123415163","0.0067426270147577819256040638"
"2024-07-25T13:30:00.0000000+00:00","14551.461556979999999999999999","26262.926056980000000000000001","12841.14050","0.0001184150696605508789847698","0.0066250103737448787015855661"
"2024-07-25T20:00:00.0000000+00:00","13334.158144979999999999999999","26253.044944980000000000000001","14085.87320","-0.0003762380466883985470505096","0.0069987558394709690982554035"
"2024-07-26T13:30:00.0000000+00:00","13307.202754979999999999999999","26335.773404980000000000000001","14091.90985","0.0031511948489548065982248329","0.0038696154338665957911534517"
"2024-07-26T20:00:00.0000000+00:00","14536.496846979999999999999999","26347.033826980000000000000001","12830.08002","0.0004275713428590897092303252","0.0034436986276749126813324351"
"2024-07-29T13:30:00.0000000+00:00","15320.190076979999999999999999","26386.991296980000000000000001","12124.34378","0.0015165832428196370290733142","0.0019323380404873284051676543"
"2024-07-29T20:00:00.0000000+00:00","15320.190076979999999999999999","26343.958516980000000000000001","12071.36156","-0.0016308331448506263045400288","0.0035600198644144722630660212"
"2024-07-30T13:30:00.0000000+00:00","15320.190076979999999999999999","26379.322726980000000000000001","12093.45985","0.0013424030400444943147038622","0.0022223958058585867243922937"
"2024-07-30T20:00:00.0000000+00:00","15320.190076979999999999999999","26328.522936980000000000000001","12101.94214","-0.0019257427692805570055371654","0.0041438588124855321199959912"
"2024-07-31T13:30:00.0000000+00:00","15320.190076979999999999999999","26437.380136980000000000000001","12163.12494","0.004134572997526704794801172","0.000026418901710493083056846"
"2024-07-31T20:00:00.0000000+00:00","24309.451864980000000000000001","26467.550964980000000000000001","6431.1559","0.0011412185263318788118587863","0"
"2024-08-01T13:30:00.0000000+00:00","24304.099312980000000000000001","26497.134372980000000000000001","6473.72994","0.0011177236624250835545051534","0"
"2024-08-01T20:00:00.0000000+00:00","23093.607262980000000000000001","26404.744762980000000000000001","7745.23750","-0.0034867774265511792877275387","0.0034867774265511792877275387"
"2024-08-02T13:30:00.0000000+00:00","23061.490840980000000000000001","26346.449760980000000000000001","7849.55108","-0.0022077472258596039262353536","0.0056868267292201249590041622"
"2024-08-02T20:00:00.0000000+00:00","24268.999290980000000000000001","26242.865590980000000000000001","6860.08870","-0.0039316177678486201697449635","0.0095960860680574668315420838"
"2024-08-05T13:30:00.0000000+00:00","24070.439004980000000000000001","25809.366284980000000000000001","7042.05272","-0.0165187488575561319300113441","0.0259563195898398641672539929"
"2024-08-05T20:00:00.0000000+00:00","24070.439004980000000000000001","25866.064684980000000000000001","7022.49432","0.002196814883943747179752921","0.0238165259351034778601000707"
"2024-08-06T13:30:00.0000000+00:00","23947.070346980000000000000001","26032.728206980000000000000001","6319.64714","0.0064433273491648993201682043","0.0175266562588583259069083322"
"2024-08-06T20:00:00.0000000+00:00","23947.070346980000000000000001","26086.884626980000000000000001","6206.89572","0.0020803205706837657689917922","0.0154827967517251664856111383"
"2024-08-07T13:30:00.0000000+00:00","23368.271394980000000000000001","26128.448834980000000000000001","6867.36256","0.001593299031077585712995669","0.0139141664457104756717804569"
"2024-08-07T20:00:00.0000000+00:00","23368.271394980000000000000001","26129.144242180000000000000001","7027.2921528","0.0000266149439024106652015896","0.0138879218265674663956813738"
"2024-08-08T13:30:00.0000000+00:00","23264.163578980000000000000001","26158.513678980000000000000001","7135.21490","0.0011240106651709331583500557","0.012779521333646655256242827"
"2024-08-08T20:00:00.0000000+00:00","22015.393874980000000000000001","26174.000404980000000000000001","8359.34597","0.0005920338666812156027671844","0.0121950533763949335679933414"
"2024-08-09T13:30:00.0000000+00:00","21960.363136980000000000000001","26178.854256980000000000000001","6977.12888","0.0001854455537899541386927628","0.0120118693410318630377887557"
"2024-08-09T20:00:00.0000000+00:00","20611.402842980000000000000001","26245.243122980000000000000001","6464.10972","0.002535972940156420668322724","0.0095063581764849937104377796"
"2024-08-12T13:30:00.0000000+00:00","20727.068440980000000000000001","26231.445500980000000000000001","6567.34794","-0.0005257189630649288300464603","0.0100270794667868570418913253"
"2024-08-12T20:00:00.0000000+00:00","19924.808020980000000000000001","26251.180080980000000000000001","7389.34294","0.0007523252959606332487456164","0.0092822977963536950039954826"
"2024-08-13T13:30:00.0000000+00:00","19924.808020980000000000000001","26286.482940980000000000000001","7384.93508","0.0013448104005647461852102212","0.0079499703264066244921755386"
"2024-08-13T20:00:00.0000000+00:00","19924.808020980000000000000001","26322.398740980000000000000001","7337.52928","0.0013663220020966792919290881","0.0065945105436829302903906762"
"2024-08-14T13:30:00.0000000+00:00","19951.862080980000000000000001","26342.904540980000000000000001","7455.63254","0.0007790247462544348550762306","0.0058206230843314602253229336"
"2024-08-14T20:00:00.0000000+00:00","19951.862080980000000000000001","26386.036120980000000000000001","7421.65596","0.0016373129976196403611282552","0.0041928402685420406840675548"
"2024-08-15T13:30:00.0000000+00:00","19997.612928980000000000000001","26412.008788980000000000000001","7454.42914","0.0009843338302470023620341325","0.0032126335928161861789059481"
"2024-08-15T20:00:00.0000000+00:00","18781.119678980000000000000001","26441.171698980000000000000001","8682.130180","0.001104153426306891536318962","0.0021120274068982712536036081"
"2024-08-16T13:30:00.0000000+00:00","19048.676156980000000000000001","26449.950096980000000000000001","8493.71106","0.0003319973146401313698565383","0.001780731279685676469871662"
"2024-08-16T20:00:00.0000000+00:00","21124.960816980000000000000001","26510.036996980000000000000001","6449.988820","0.0022717207321635210423755708","0"
"2024-08-19T13:30:00.0000000+00:00","21124.960816980000000000000001","26497.541116980000000000000001","6435.5947","-0.0004713641101830042565671513","0.0004713641101830042565671513"
"2024-08-19T20:00:00.0000000+00:00","21124.960816980000000000000001","26555.595496980000000000000001","6459.95532","0.0021909346132799443140218979","0"
"2024-08-20T13:30:00.0000000+00:00","21147.026402980000000000000001","26562.674442980000000000000001","6507.14196","0.0002665707873432943267183276","0"
"2024-08-20T20:00:00.0000000+00:00","21147.026402980000000000000001","26538.019382980000000000000001","6532.93202","-0.0009281843984846132267890662","0.0009281843984846132267890662"
"2024-08-21T13:30:00.0000000+00:00","18168.390794980000000000000000","26547.276134980000000000000001","9514.88966","0.0003488109593414783067040776","0.0005796972000336161310080727"
"2024-08-21T20:00:00.0000000+00:00","15601.157450979999999999999999","26543.583730980000000000000001","12106.62052","-0.0001390878665376409909155734","0.0007187044377244666021506639"
"2024-08-22T13:30:00.0000000+00:00","15577.892798979999999999999999","26537.677018980000000000000001","12063.61078","-0.0002225288062028360391982843","0.0009410733114867631352774825"
"2024-08-22T20:00:00.0000000+00:00","13575.062312979999999999999999","26432.180472980000000000000001","14044.94184","-0.0039753496858277332625229263","0.0049126819018213366294065236"
"2024-08-23T13:30:00.0000000+00:00","13550.937488979999999999999999","26512.444378980000000000000001","14057.90561","0.0030365979863843952485155873","0.0018910017554077591130121489"
"2024-08-23T20:00:00.0000000+00:00","14794.563713979999999999999999","26580.221193980000000000000001","12823.87252","0.0025564151698413687901997287","0"
"2024-08-26T13:30:00.0000000+00:00","14817.189187979999999999999999","26603.204547980000000000000001","12859.94464","0.0008646788088131247917927414","0"
"2024-08-26T20:00:00.0000000+00:00","13676.121019979999999999999999","26546.550119980000000000000001","13952.4259","-0.0021296091565894384139639548","0.0021296091565894384139639548"
"2024-08-27T13:30:00.0000000+00:00","13676.121019979999999999999999","26483.026119980000000000000001","13912.6299","-0.0023929286371636397992622957","0.0045174417910163094399788369"
"2024-08-27T20:00:00.0000000+00:00","13676.121019979999999999999999","26547.244149980000000000000001","13919.426170","0.0024248750769290294949699117","0.0021035209460977930311450972"
"2024-08-28T13:30:00.0000000+00:00","13676.121019979999999999999999","26519.914419980000000000000001","13897.3166","-0.0010294752195594882305096512","0.0031308306429694492537666214"
"2024-08-28T20:00:00.0000000+00:00","13676.121019979999999999999999","26441.181999980000000000000001","13901.15762","-0.0029688036979743532699514453","0.006090339519353223400640789"
"2024-08-29T13:30:00.0000000+00:00","13675.369347979999999999999999","26473.792487980000000000000001","13883.74186","0.0012333218688946911086417352","0.0048645289993767442042519281"
"2024-08-29T20:00:00.0000000+00:00","13553.485929619999999999999999","26478.231209620000000000000001","14003.89472","0.0001676647439922077738875659","0.004697679865393859602831028"
"2024-08-30T13:30:00.0000000+00:00","13552.093569619999999999999999","26520.057410420000000000000001","14020.0111592","0.0015796448210182490143754181","0.0031254557100457817039298177"
"2024-08-30T20:00:00.0000000+00:00","24720.214498620000000000000001","26495.672998620000000000000001","6593.62650","-0.0009194705510109158684726775","0.0040420524965728215642005091"
"2024-09-03T13:30:00.0000000+00:00","24740.207742620000000000000001","26499.227742620000000000000001","6590.9400","0.0001341631895964727977146734","0.0039084316016318053621587572"
"2024-09-03T20:00:00.0000000+00:00","23678.175378620000000000000001","26377.625958620000000000000001","5661.804420","-0.0045888802942140808828400638","0.0084793765710878744746409698"
"2024-09-04T13:30:00.0000000+00:00","23501.486894620000000000000001","26344.229354620000000000000001","7136.09254","-0.0012660958970451339411563286","0.0097347367642468534214153025"
"2024-09-04T20:00:00.0000000+00:00","23501.486894620000000000000001","26362.145394620000000000000001","7181.78650","0.0006800745529061397867603075","0.0090612825580933177754086961"
"2024-09-05T13:30:00.0000000+00:00","23556.785832620000000000000001","26396.724732620000000000000001","7151.2061","0.001311704244187082316666325","0.0077614640366954648459493516"
"2024-09-05T20:00:00.0000000+00:00","22311.036732620000000000000001","26373.750052620000000000000001","8325.376680","-0.0008703610100388259098119661","0.0086250697710559324680128802"
"2024-09-06T13:30:00.0000000+00:00","22311.036732620000000000000001","26378.444952620000000000000001","8298.98678","0.0001780141235369599249058313","0.0084485910317547121925258632"
"2024-09-06T20:00:00.0000000+00:00","23547.164457620000000000000001","26311.306277620000000000000001","7146.93318","-0.0025452097392621906805440046","0.0109722973348398375795060551"
"2024-09-09T13:30:00.0000000+00:00","23517.828591620000000000000001","26332.638851620000000000000001","7094.19474","0.0008107759369646031398018356","0.0101704174725275434268878573"
"2024-09-09T20:00:00.0000000+00:00","23517.828591620000000000000001","26365.115291620000000000000001","7071.06830","0.0012333150575223124516749241","0.0089496457440153872140531687"
"2024-09-10T13:30:00.0000000+00:00","23544.753205620000000000000001","26377.450665620000000000000001","7091.08754","0.0004678672504770243716323692","0.0084859657396853587247316949"
"2024-09-10T20:00:00.0000000+00:00","23544.753205620000000000000001","26355.848625620000000000000001","7082.13958","-0.0008189585973960628643493831","0.0092979746824816978245807996"
"2024-09-11T13:30:00.0000000+00:00","23544.753205620000000000000001","26372.440645620000000000000001","7069.69256","0.0006295384465014427575909294","0.0086742896685174743405265926"
"2024-09-11T20:00:00.0000000+00:00","20928.890137620000000000000001","26387.984317620000000000000001","6441.15402","0.0005893907283314535164227118","0.0080900114860915063407992645"
"2024-09-12T13:30:00.0000000+00:00","21046.605525620000000000000001","26391.672345620000000000000001","6444.93818","0.0001397616413443674771139016","0.0079513805180309297981330027"
"2024-09-12T20:00:00.0000000+00:00","19003.697025620000000000000001","26411.532565620000000000000001","8475.54946","0.0007525184361155510764813702","0.0072048456423477670173213208"
"2024-09-13T13:30:00.0000000+00:00","19003.697025620000000000000001","26423.403065620000000000000001","8498.28396","0.000449443816654997083228665","0.0067586399990166768385808501"
"2024-09-13T20:00:00.0000000+00:00","20282.941125620000000000000001","26455.991364420000000000000001","7235.1322612","0.0012333119514950466350944668","0.005533663559008269941269038"
"2024-09-16T13:30:00.0000000+00:00","20282.941125620000000000000001","26472.963645620000000000000001","7261.64748","0.0006415288305100369736870687","0.0048956847332096795519727548"
"2024-09-16T20:00:00.0000000+00:00","20282.941125620000000000000001","26466.358745620000000000000001","7262.647380","-0.0002494960552364447008914934","0.0051439593344175071516158141"
"2024-09-17T13:30:00.0000000+00:00","20282.941125620000000000000001","26485.722685620000000000000001","7277.44844","0.0007316435247521383589805064","0.0044160793542039836811874623"
"2024-09-17T20:00:00.0000000+00:00","20282.941125620000000000000001","26437.920945620000000000000001","7265.71518","-0.0018048116174663865622653611","0.0062129207803482494358486397"
"2024-09-18T13:30:00.0000000+00:00","20282.941125620000000000000001","26439.442865620000000000000001","7261.15326","0.0000575657973685006495366661","0.0061557126347184568605713812"
"2024-09-18T20:00:00.0000000+00:00","21063.984885620000000000000001","26407.292445620000000000000001","6439.70244","-0.0012160021738508777254528754","0.0073642294486239156284734243"
"2024-09-19T13:30:00.0000000+00:00","21063.984885620000000000000001","26438.124585620000000000000001","6410.56530","0.0011675615765414799162892477","0.0062052660634274842444920237"
"2024-09-19T20:00:00.0000000+00:00","17252.002641619999999999999999","26441.640441620000000000000001","10217.37220","0.0001329843192399628266624731","0.0060731069472706691658124604"
"2024-09-20T13:30:00.0000000+00:00","17224.907669619999999999999999","26447.543249620000000000000001","10308.57942","0.0002232390994436483101538344","0.0058512236027527545239868692"
"2024-09-20T20:00:00.0000000+00:00","18471.218357620000000000000000","26470.533297620000000000000001","9068.44006","0.0008692697005167133051647945","0.0049870401936248624300083511"
"2024-09-23T13:30:00.0000000+00:00","15515.627357619999999999999999","26471.914597620000000000000001","12009.50276","0.000052182552745327366545119","0.0049351178773674819604498479"
"2024-09-23T20:00:00.0000000+00:00","15515.627357619999999999999999","26480.759057620000000000000001","12037.89330","0.0003341073033227137783947089","0.0046026594329703551467298746"
"2024-09-24T13:30:00.0000000+00:00","15515.627357619999999999999999","26438.001937620000000000000001","11985.59042","-0.0016146485796333839540446864","0.0062098763350877573204569925"
"2024-09-24T20:00:00.0000000+00:00","14718.427949619999999999999999","26485.543029620000000000000001","12841.69492","0.0017982104741565708852691248","0.0044228325256001582599458801"
"2024-09-25T13:30:00.0000000+00:00","14724.209949619999999999999999","26432.921929620000000000000001","12792.38302","-0.0019867857699255554433905715","0.0064008310748010874040021692"
"2024-09-25T20:00:00.0000000+00:00","14724.209949619999999999999999","26414.486934620000000000000001","12784.857465","-0.0006974255456541963050147213","0.0070937925173503002248294034"
"2024-09-26T13:30:00.0000000+00:00","14724.209949619999999999999999","26450.122589620000000000000001","12810.94736","0.001349095104069363069744832","0.0057542676140353783273959552"
"2024-09-26T20:00:00.0000000+00:00","13505.656287619999999999999999","26441.554427620000000000000001","14032.29686","-0.0003239365704627192012109246","0.0060763401667816822141789305"
"2024-09-27T13:30:00.0000000+00:00","13505.656287619999999999999999","26473.954427620000000000000001","14064.69686","0.0012253439974072023084850516","0.0048584417763240501185476387"
"2024-09-27T20:00:00.0000000+00:00","14714.064557619999999999999999","26435.228072620000000000000001","12894.837435","-0.0014628096118348378858400458","0.006314144412829941260362804"
"2024-09-30T13:30:00.0000000+00:00","14688.059357619999999999999999","26419.416357620000000000000001","12861.2130","-0.0005981304551851705740708161","0.0069084981859433609600842463"
"2024-09-30T20:00:00.0000000+00:00","23525.211573620000000000000001","26427.839813620000000000000001","5750.63176","0.0003188358094659601036897768","0.0065918650530887102248454198"
"2024-10-01T13:30:00.0000000+00:00","23522.369778620000000000000001","26417.479338620000000000000001","5759.04044","-0.0003920288254002723067077276","0.0069813096773750230608326299"
"2024-10-01T20:00:00.0000000+00:00","23522.369778620000000000000001","26359.687038620000000000000001","5819.69774","-0.0021876538355236946801383473","0.0091536908240060295843002936"
"2024-10-02T13:30:00.0000000+00:00","23386.440044620000000000000001","26364.319064620000000000000001","7250.43598","0.0001757238617140463185546752","0.0089795754841925140359855211"
"2024-10-02T20:00:00.0000000+00:00","23386.440044620000000000000001","26373.969104620000000000000001","7242.135940","0.0003660265215402440767792799","0.0086168357254316569980804041"
"2024-10-03T13:30:00.0000000+00:00","23395.566668620000000000000001","26362.040008620000000000000001","5693.80166","-0.0004523056788562912119163715","0.0090652439605555637018293813"
"2024-10-03T20:00:00.0000000+00:00","22184.144432620000000000000001","26357.590552620000000000000001","6927.433880","-0.0001687826889931542938588596","0.009232496593296676475708987"
"2024-10-04T13:30:00.0000000+00:00","22209.747584720000000000000001","26366.745529720000000000000001","6791.173305","0.0003473374048254944152836157","0.0088883659798779579462111633"
"2024-10-04T20:00:00.0000000+00:00","23418.040877720000000000000001","26383.464557720000000000000001","5576.25632","0.0006340952462697639069965088","0.0082599068042231405443420817"
"2024-10-07T13:30:00.0000000+00:00","23418.040877720000000000000001","26365.963117720000000000000001","5579.07776","-0.0006633488168967159824185165","0.0089177764217135979722360729"
"2024-10-07T20:00:00.0000000+00:00","23418.040877720000000000000001","26342.793977720000000000000001","5667.78190","-0.0008787518929823775887918264","0.0097886918017842011232291219"
"2024-10-08T13:30:00.0000000+00:00","23341.505573720000000000000001","26358.919573720000000000000001","5632.6060","0.0006121444829898673269439166","0.0091825394124764841389456782"
"2024-10-08T20:00:00.0000000+00:00","23341.505573720000000000000001","26347.038413720000000000000001","5620.47716","-0.0004507453337292924316369099","0.0096291457594138174768879831"
"2024-10-09T13:30:00.0000000+00:00","24144.764889720000000000000001","26349.418629720000000000000001","4802.60126","0.0000903409317823183654655694","0.0095396747336316723152788741"
"2024-10-09T20:00:00.0000000+00:00","21688.443723720000000000000001","26353.011003720000000000000001","5717.642720","0.0001363359871609498989695571","0.0094046393474427264621334616"
"2024-10-10T13:30:00.0000000+00:00","20926.211307720000000000000001","26356.812287720000000000000001","6492.10402","0.0001442447695811081874916789","0.0092617511478972835743862486"
"2024-10-10T20:00:00.0000000+00:00","18875.721291720000000000000001","26337.151151720000000000000001","8533.79514","-0.0007459603151311432555070569","0.0100008025642234751444532805"
"2024-10-11T13:30:00.0000000+00:00","18875.721291720000000000000001","26336.084891720000000000000001","8539.0964","-0.0000404850165402329694094799","0.0100408826981064799221782133"
"2024-10-11T20:00:00.0000000+00:00","20138.588667720000000000000001","26377.876827720000000000000001","7293.861840","0.0015868697329852274811400568","0.0084699465379673326613088051"
"2024-10-14T13:30:00.0000000+00:00","20946.996953720000000000000001","26352.530623720000000000000001","6439.69383","-0.0009608887085773395149922055","0.0094226965705540856382476393"
"2024-10-14T20:00:00.0000000+00:00","20946.996953720000000000000001","26386.938933720000000000000001","6437.76982","0.0013056928190808728756926933","0.0081293068987217631995923574"
"2024-10-15T13:30:00.0000000+00:00","20920.421249720000000000000001","26398.667809720000000000000001","6503.31344","0.0004444955145976258446472568","0.0076884248245774067149232351"
"2024-10-15T20:00:00.0000000+00:00","20920.421249720000000000000001","26360.845729720000000000000001","6543.811520","-0.0014327268433626751075110994","0.0091101362553107338054026909"
"2024-10-16T13:30:00.0000000+00:00","20920.421249720000000000000001","26374.341449720000000000000001","6552.76980","0.0005119608125768333999321012","0.0086028394754938549589319151"
"2024-10-16T20:00:00.0000000+00:00","21731.518997720000000000000001","26378.073297720000000000000001","5732.580700","0.0001414954002591643368624306","0.0084625613374496409644622409"
"2024-10-17T13:30:00.0000000+00:00","21625.197737720000000000000001","26390.137977720000000000000001","5836.95976","0.0004573753307844062952917962","0.0080090565734562340264523355"
"2024-10-17T20:00:00.0000000+00:00","20398.247396720000000000000001","26386.354571720000000000000001","7049.473575","-0.0001433643887422702594877595","0.0081512727486984484714030764"
"2024-10-18T13:30:00.0000000+00:00","20398.247396720000000000000001","26410.557596720000000000000001","7061.8398","0.000917255353869154074334303","0.007241494193398885784632504"
"2024-10-18T20:00:00.0000000+00:00","21637.469502720000000000000001","26417.905182720000000000000001","5803.92432","0.0002782063942834935440079409","0.0069653024291041626000951231"
"2024-10-21T13:30:00.0000000+00:00","19439.907074720000000000000000","26403.616634720000000000000001","8051.10044","-0.0005408660490365513662056599","0.0075024011825355397039459966"
"2024-10-21T20:00:00.0000000+00:00","19439.907074720000000000000000","26385.762014720000000000000001","8024.54006","-0.0006762187259044537798885235","0.0081735466442711152338009465"
"2024-10-22T13:30:00.0000000+00:00","18661.991522720000000000000000","26380.036062720000000000000001","8819.53046","-0.0002170091580756934438022215","0.0083887820678710429934689769"
"2024-10-22T20:00:00.0000000+00:00","15287.981855719999999999999999","26397.839525720000000000000001","12181.90983","0.000674883952306633641869478","0.0077195595699614131761176138"
"2024-10-23T13:30:00.0000000+00:00","16015.535527719999999999999999","26376.248167720000000000000001","11453.90736","-0.0008179214052332980302194645","0.0085311669821834662134344489"
"2024-10-23T20:00:00.0000000+00:00","16015.535527719999999999999999","26328.142362720000000000000001","11466.327315","-0.0018238304664904255586399485","0.010339438046417068384859766"
"2024-10-24T13:30:00.0000000+00:00","15241.940839719999999999999999","26360.574155720000000000000001","12235.4786840","0.0012318299009930384875546888","0.0091203445743690714899316716"
"2024-10-24T20:00:00.0000000+00:00","13994.631427719999999999999999","26365.384917720000000000000001","13495.040210","0.0001824983769921456465547025","0.0089395106454593573203130486"
"2024-10-25T13:30:00.0000000+00:00","13994.631427719999999999999999","26391.230667720000000000000001","13502.23076","0.000980291017205261553952234","0.0079679829502380503840271702"
"2024-10-25T20:00:00.0000000+00:00","15244.201463719999999999999999","26320.321723720000000000000001","12279.0697400","-0.0026868373397505524184269221","0.0106334116158754074408704392"
"2024-10-28T13:30:00.0000000+00:00","15986.442103719999999999999999","26372.455503720000000000000001","11459.2166","0.0019807425056289029995587942","0.0086737311606139169780747377"
"2024-10-28T20:00:00.0000000+00:00","15986.442103719999999999999999","26350.799193720000000000000001","11428.48541","-0.0008211715438080933289292646","0.0094877800832142726116840248"
"2024-10-29T13:30:00.0000000+00:00","15216.208087719999999999999999","26327.793847720000000000000001","12180.05424","-0.0008730416800976078839769299","0.0103525385358476344851625111"
"2024-10-29T20:00:00.0000000+00:00","15216.208087719999999999999999","26375.922554920000000000000001","12215.9555328","0.001828056975771555956055131","0.0085434065903634786476328555"
"2024-10-30T13:30:00.0000000+00:00","15216.208087719999999999999999","26409.679297720000000000000001","12265.88529","0.0012798317378173840539252899","0.0072745089754495199763596912"
"2024-10-30T20:00:00.0000000+00:00","15216.208087719999999999999999","26378.766597720000000000000001","12256.673390","-0.0011705064514989682100917313","0.0084365005672612373739714639"
"2024-10-31T13:30:00.0000000+00:00","15970.137271719999999999999999","26338.555836720000000000000001","11505.540485","-0.0015243609230567870032471296","0.0099480012185259449302479768"
"2024-10-31T20:00:00.0000000+00:00","23644.303227720000000000000001","26274.036187720000000000000001","6993.40704","-0.0024496274359146783800960343","0.0123732597577232095037438218"
"2024-11-01T13:30:00.0000000+00:00","22872.039100720000000000000001","26287.262940720000000000000001","7664.91616","0.0005034153453051092485115302","0.011876073301251584297145443"
"2024-11-01T20:00:00.0000000+00:00","25034.246572720000000000000001","26288.688811120000000000000001","7413.4027616","0.0000542418738388800036416422","0.0118224756078824120730944976"
"2024-11-04T14:30:00.0000000+00:00","25860.735886720000000000000001","26260.703846720000000000000001","5135.78204","-0.0010645249217664474338467997","0.0128744152097272927491605191"
"2024-11-04T21:00:00.0000000+00:00","25860.735886720000000000000001","26210.593753920000000000000001","5153.2371328","-0.0019081778269343235167074389","0.0147580263630236686374426952"
"2024-11-05T14:30:00.0000000+00:00","25037.396814720000000000000001","26212.943574720000000000000001","7423.04324","0.0000896515669221940406315671","0.0146696978762895987171630039"
"2024-11-05T21:00:00.0000000+00:00","25037.396814720000000000000001","26292.017934720000000000000001","7320.74888","0.0030166150464787948643426652","0.0116973356611517170789684609"
"2024-11-06T14:30:00.0000000+00:00","25901.204018720000000000000001","26330.342798720000000000000001","6402.13622","0.0014576615646298487601460081","0.0102567248531237032571442556"
"2024-11-06T21:00:00.0000000+00:00","25901.204018720000000000000001","26348.476098720000000000000001","6465.16792","0.0006886845393019917769664035","0.0095751039616519322670297215"
"2024-11-07T14:30:00.0000000+00:00","25990.295730720000000000000001","26401.336210720000000000000001","5071.11952","0.0020061923809919286469728573","0.0075881210812750753587005612"
"2024-11-07T21:00:00.0000000+00:00","24758.169354720000000000000001","26386.471614720000000000000001","6281.83274","-0.0005630243818479300538807649","0.0081468731659418332666694661"
"2024-11-08T14:30:00.0000000+00:00","24001.209554720000000000000001","26359.172754720000000000000001","7089.89680","-0.0010345778851603263821920016","0.0091730224762914701342665416"
"2024-11-08T21:00:00.0000000+00:00","25224.794788720000000000000001","26377.507748720000000000000001","5809.52704","0.0006955830583384620052100254","0.0084838200169812744019329872"
"2024-11-11T14:30:00.0000000+00:00","25224.794788720000000000000001","26223.635048720000000000000001","5920.78474","-0.0058334813685143114459590413","0.0142678111794926968143232672"
"2024-11-11T21:00:00.0000000+00:00","22647.159364720000000000000001","26201.745404720000000000000001","6837.42396","-0.0008347295849462507627725395","0.015090631000334998161741259"
"2024-11-12T14:30:00.0000000+00:00","22647.159364720000000000000001","26200.231764720000000000000001","6831.42760","-0.0000577686706217415529373619","0.0151475279052650071199274117"
"2024-11-12T21:00:00.0000000+00:00","21775.253418400000000000000001","26192.584418400000000000000001","7518.971000","-0.0002918808653554567761396872","0.0154349874970674792162990119"
"2024-11-13T14:30:00.0000000+00:00","21775.253418400000000000000001","26248.630358400000000000000001","7515.45806","0.0021397636485473479610789685","0.0133282510736821390627858748"
"2024-11-13T21:00:00.0000000+00:00","21775.253418400000000000000001","26125.037678400000000000000001","7539.835940","-0.0047085382479946531273714597","0.0179740327417174840366466046"
"2024-11-14T14:30:00.0000000+00:00","21795.099448400000000000000001","26176.358648400000000000000001","7518.60080","0.0019644362098827448633104667","0.0160449053725901870289018312"
"2024-11-14T21:00:00.0000000+00:00","20535.367552400000000000000001","26254.181272400000000000000001","8621.71628","0.0029730118327499619177322029","0.0131195952333682891736967058"
"2024-11-15T14:30:00.0000000+00:00","20535.367552400000000000000001","26249.491732400000000000000001","8630.10082","-0.0001786206909803708512921039","0.0132958724931826930014049394"
"2024-11-15T21:00:00.0000000+00:00","21833.727828400000000000000001","26149.162588400000000000000001","7553.47124","-0.0038221366349795936439661102","0.0170671904868120756070102988"
"2024-11-18T14:30:00.0000000+00:00","21731.910614400000000000000001","26139.676594400000000000000001","7618.98902","-0.0003627647335906684411244494","0.017423763845592654474706776"
"2024-11-18T21:00:00.0000000+00:00","22508.315302400000000000000001","26128.923207400000000000000001","6864.0613450","-0.0004113817920112958870831346","0.0178279778184095688274211059"
"2024-11-19T14:30:00.0000000+00:00","22508.315302400000000000000001","26101.875642400000000000000001","6952.464660","-0.0010351580424998084301270179","0.0188446810862891424031209078"
"2024-11-19T21:00:00.0000000+00:00","19924.493641400000000000000000","26088.940288600000000000000001","9417.1595528","-0.0004955718116665821204563904","0.0193309140052095132385291236"
"2024-11-20T14:30:00.0000000+00:00","19924.493641400000000000000000","25985.139761400000000000000001","9462.18388","-0.0039787176501514467880370938","0.0232327194066148731394602626"
"2024-11-20T21:00:00.0000000+00:00","19875.683881400000000000000000","25918.944141400000000000000001","9534.22474","-0.0025474413687137922125919207","0.0257209767848045348771828753"
"2024-11-21T14:30:00.0000000+00:00","16952.376141399999999999999999","25873.055841400000000000000001","12510.06530","-0.0017704540643962113307693291","0.0274458930413118484232926719"
"2024-11-21T21:00:00.0000000+00:00","14449.640694399999999999999999","25869.336369400000000000000001","14662.500475","-0.0001437585116655759547755142","0.027585705972242472798786558"
"2024-11-22T14:30:00.0000000+00:00","14449.640694399999999999999999","26001.540114400000000000000001","14543.87558","0.0051104420736660074301009062","0.0226162390510087929569762212"
"2024-11-22T21:00:00.0000000+00:00","14823.647367399999999999999999","26058.879567400000000000000001","14083.055800","0.0022052329495761155134846776","0.0204608801769834520915829508"
"2024-11-25T14:30:00.0000000+00:00","14823.647367399999999999999999","26099.909627400000000000000001","14245.20114","0.0015745135892691696158024741","0.0189185825216013510933830236"
"2024-11-25T21:00:00.0000000+00:00","14921.087875399999999999999999","26143.305335400000000000000001","14331.557540","0.0016626765617012965519767346","0.017287361443639332920745875"
"2024-11-26T14:30:00.0000000+00:00","14903.713319399999999999999999","26083.476199400000000000000001","14426.97712","-0.0022885069516816932061940944","0.0195363061484810234419646887"
"2024-11-26T21:00:00.0000000+00:00","15952.684375619999999999999999","26089.807595620000000000000001","13286.1407800","0.000242735905735817587973243","0.0192983124057128896172600393"
"2024-11-27T14:30:00.0000000+00:00","15952.684375619999999999999999","26288.195255620000000000000001","13205.14912","0.0076040292467816300838072696","0.011841028090877829105124601"
"2024-11-27T21:00:00.0000000+00:00","17043.626143619999999999999999","26317.188848620000000000000001","14253.029745","0.0011029130268576207714015732","0.0107511746881530245148631581"
"2024-11-29T14:30:00.0000000+00:00","17043.626143619999999999999999","26312.418393620000000000000001","14372.565050","-0.0001812676508665229021296399","0.0109304934988397702963065153"
"2024-11-29T18:00:00.0000000+00:00","25273.990566620000000000000001","26334.989506620000000000000001","7450.51606","0.0008578121806345570163344801","0.0100820576286688648721422964"
"2024-12-02T14:30:00.0000000+00:00","25239.942803820000000000000001","26414.039273820000000000000001","7434.93503","0.0030017011087142730267772278","0.0071106198435166883714354521"
"2024-12-02T21:00:00.0000000+00:00","25197.694355820000000000000001","26428.727395820000000000000001","7389.06696","0.0005560725433825631956925083","0.0065585013205955360241592768"
"2024-12-03T14:30:00.0000000+00:00","25197.694355820000000000000001","26470.969955820000000000000001","7369.60440","0.0015983577024855587710360067","0.00497062644921251283719537"
"2024-12-03T21:00:00.0000000+00:00","25197.694355820000000000000001","26550.575695820000000000000001","7284.503660","0.003007284588848154530616425","0.0019782899486819961205138962"
"2024-12-04T14:30:00.0000000+00:00","25277.801919820000000000000001","26566.327239820000000000000001","5729.54468","0.0005932656293580801839531026","0.0013861979707553735251389425"
"2024-12-04T21:00:00.0000000+00:00","25393.278819820000000000000001","26547.656379820000000000000001","5909.71244","-0.0007028017019987029379963237","0.0020880254504609224383808703"
"2024-12-05T14:30:00.0000000+00:00","25360.302381820000000000000001","26522.562501820000000000000001","7467.18988","-0.0009452389183052301886579919","0.0030312906858479651537097582"
"2024-12-05T21:00:00.0000000+00:00","24161.302629820000000000000001","26540.859144620000000000000001","8667.4603852","0.0006898520004899401918313251","0.002343529827301723703475771"
"2024-12-06T14:30:00.0000000+00:00","24161.302629820000000000000001","26557.573549820000000000000001","8644.91908","0.00062976127143902633010062","0.0017152444201863941886947043"
"2024-12-06T21:00:00.0000000+00:00","25360.282785820000000000000001","26544.207425820000000000000001","7466.47536","-0.0005032885995750388102727671","0.0022176697567992684892066705"
"2024-12-09T14:30:00.0000000+00:00","25360.282785820000000000000001","26510.316365820000000000000001","7523.04142","-0.0012767779974109753266488046","0.0034916162822592387611500609"
"2024-12-09T21:00:00.0000000+00:00","25360.282785820000000000000001","26497.424505820000000000000001","7533.36828","-0.0004862959695426945654624213","0.0039762142928766810114088641"
"2024-12-10T14:30:00.0000000+00:00","25393.628391820000000000000001","26566.167371820000000000000001","5935.92602","0.0025943225533070598140492074","0.0013922073219864130537767321"
"2024-12-10T21:00:00.0000000+00:00","22745.508873820000000000000001","26523.074393820000000000000001","6905.95448","-0.0016220999211843698530249999","0.0030120489437835164435647924"
"2024-12-11T14:30:00.0000000+00:00","22746.006873820000000000000001","26484.405463820000000000000001","6930.875710","-0.001457935434853285371298936","0.0044655930057501474149141667"
"2024-12-11T21:00:00.0000000+00:00","21945.146733820000000000000001","26448.249953820000000000000001","7774.115780","-0.0013651622291235334487568332","0.0058246589759715925325042323"
"2024-12-12T14:30:00.0000000+00:00","21945.146733820000000000000001","26429.538403820000000000000001","7744.382230","-0.0007074778116764370173156206","0.006528015970661947650992186"
"2024-12-12T21:00:00.0000000+00:00","20632.624281820000000000000001","26377.112541820000000000000001","8906.84074","-0.0019836086880890290089780724","0.008498675629555587684706288"
"2024-12-13T14:30:00.0000000+00:00","20541.806121820000000000000001","26405.886621820000000000000001","8940.12450","0.001090873004176620582155599","0.0074170736011945030387105337"
"2024-12-13T21:00:00.0000000+00:00","21747.914851820000000000000001","26373.777051820000000000000001","7713.42780","-0.0012160004494401968004064255","0.0086240548858021163044179305"
"2024-12-16T14:30:00.0000000+00:00","21747.914851820000000000000001","26435.975471820000000000000001","7691.19438","0.0023583432846114779461217562","0.0062860500831166905856044968"
"2024-12-16T21:00:00.0000000+00:00","21747.914851820000000000000001","26412.879771820000000000000001","7719.00508","-0.0008736465966470335506822287","0.0071542048935022564371807816"
"2024-12-17T14:30:00.0000000+00:00","21747.914851820000000000000001","26437.466851820000000000000001","7693.22800","0.0009308746419325335138071084","0.0062299899194882738153951575"
"2024-12-17T21:00:00.0000000+00:00","22542.845833820000000000000001","26357.051713820000000000000001","6963.36412","-0.0030417111613121166215821448","0.0092527512509274209796982293"
"2024-12-18T14:30:00.0000000+00:00","22529.832467820000000000000001","26357.644627820000000000000001","6945.92784","0.0000224954599033970383013307","0.0092304639359187852859837499"
"2024-12-18T21:00:00.0000000+00:00","21435.663677820000000000000001","26193.999977820000000000000001","8160.2387","-0.0062086219125693855964777556","0.015381777387832444055068604"
"2024-12-19T14:30:00.0000000+00:00","21253.543613820000000000000001","26170.260813820000000000000001","8020.12280","-0.0009062825082118556170168343","0.0162741196602524984800641262"
"2024-12-19T21:00:00.0000000+00:00","17471.107277820000000000000000","26011.723457820000000000000001","11978.22882","-0.0060579203672391197769322713","0.0222334527065428880622284519"
"2024-12-20T14:30:00.0000000+00:00","14418.215203819999999999999999","26080.098343820000000000000001","14940.00186","0.0026286180579643294180385784","0.0196632779038538731743046656"
"2024-12-20T21:00:00.0000000+00:00","15614.685733819999999999999999","25934.523713820000000000000001","13374.67702","-0.0055818282615677213754252778","0.0251353491251028028964543545"
"2024-12-23T14:30:00.0000000+00:00","15558.439929819999999999999999","25910.780209820000000000000001","13538.84332","-0.0009155172565342910660316502","0.0260278545357640482511812051"
"2024-12-23T21:00:00.0000000+00:00","15803.960900319999999999999999","25851.116240320000000000000001","13087.31566","-0.0023026697388829605047620036","0.0282705907216394572757480716"
"2024-12-24T14:30:00.0000000+00:00","15764.009276319999999999999999","25795.238176320000000000000001","13231.65610","-0.0021615338958882925650144284","0.030371016777426141088344968"
"2024-12-24T18:00:00.0000000+00:00","16877.266580319999999999999999","25866.689400320000000000000001","14403.66218","0.0027699385255373274391675869","0.0276852041013203468483900035"
"2024-12-26T14:30:00.0000000+00:00","16914.979036319999999999999999","25889.400956320000000000000001","14320.33808","0.0008780233004892784054477196","0.0268314890551108290407564405"
"2024-12-26T21:00:00.0000000+00:00","14512.238584319999999999999999","25993.461784320000000000000001","14437.77680","0.0040194374591968747449089104","0.0229198990881080977200537428"
"2024-12-27T14:30:00.0000000+00:00","14512.238584319999999999999999","25903.327884320000000000000001","14454.11570","-0.0034675604483882692312544557","0.0263079834009373929529062518"
"2024-12-27T21:00:00.0000000+00:00","15806.607258799999999999999999","25832.081658800000000000000001","13270.86160","-0.0027504661114654425784332576","0.0289860902955975618507623389"
"2024-12-30T14:30:00.0000000+00:00","15806.607258799999999999999999","25616.767158800000000000000001","13617.53510","-0.008335158693130354188875556","0.0370796453262207046240587517"
"2024-12-30T21:00:00.0000000+00:00","15806.607258799999999999999999","25685.479578800000000000000001","13523.92768","0.0026823220734313293609261816","0.0344967828039229018845372244"
"2024-12-31T14:30:00.0000000+00:00","15779.604690799999999999999999","25812.215860800000000000000001","13449.485730","0.0049341606260918018939053098","0.0297328348452690571214452995"
"2024-12-31T21:00:00.0000000+00:00","25574.158414800000000000000001","25722.276754800000000000000001","8497.78666","-0.0034843620743381041266609614","0.033113596957509747292988043"
"2025-01-02T14:30:00.0000000+00:00","25574.158414800000000000000001","25692.047134800000000000000001","8543.61128","-0.0011752311153544715145131364","0.0342499119433784461927021668"
"2025-01-02T21:00:00.0000000+00:00","23151.033486720000000000000001","25674.373006720000000000000001","8682.84048","-0.0006879221413252161398179314","0.0349142728119393733368906316"
"2025-01-03T14:30:00.0000000+00:00","23130.179216700000000000000001","25742.074743900000000000000001","8572.0744728","0.0026369382871503726579943937","0.0323694013075348169151757445"
"2025-01-03T21:00:00.0000000+00:00","24384.408320700000000000000001","25854.035750700000000000000001","7227.1054700","0.0043493388902746064487546832","0.0281608479132219773420006423"
"2025-01-06T14:30:00.0000000+00:00","24410.189720700000000000000001","25755.071000700000000000000001","5701.45872","-0.0038278259902738984108818783","0.0318808790779454941918811017"
"2025-01-06T21:00:00.0000000+00:00","24521.477458700000000000000001","25736.288018700000000000000001","5828.369440","-0.0007292925730816077035409017","0.0325869211626922434330806336"
"2025-01-07T14:30:00.0000000+00:00","24540.673618700000000000000001","25764.290518700000000000000001","5827.22810","0.0010880551219994650828670398","0.0315343224071740384096881876"
"2025-01-07T21:00:00.0000000+00:00","24488.383162700000000000000001","25780.268569900000000000000001","5786.3795928","0.0006201626700491891313708081","0.0309337161467070743030597902"
"2025-01-08T14:30:00.0000000+00:00","24466.818850700000000000000001","25759.334670700000000000000001","5842.17918","-0.0008120124560859530737467641","0.0317206100399688740611039329"
"2025-01-08T21:00:00.0000000+00:00","25602.031762700000000000000001","25701.935422700000000000000001","7002.87134","-0.0022282892292745772823762065","0.0338782165755453696830144339"
"2025-01-10T14:30:00.0000000+00:00","25602.031762700000000000000001","25548.711482700000000000000001","7252.09028","-0.0059615720559577904133148727","0.0396378212022607027929861412"
"2025-01-10T21:00:00.0000000+00:00","24366.084622700000000000000001","25518.558702700000000000000001","6037.92592","-0.0011802074644906295621087542","0.0407712478142922793331253172"
"2025-01-13T14:30:00.0000000+00:00","24359.624060700000000000000001","25462.485880700000000000000001","7539.17318","-0.0021973349926721055574265374","0.0428789947174471343652185395"
"2025-01-13T21:00:00.0000000+00:00","20630.638412700000000000000001","25510.427472700000000000000001","8056.37594","0.0018828323449886982267619783","0.0410768963306330451301919848"
"2025-01-14T14:30:00.0000000+00:00","20545.391366700000000000000001","25595.610936700000000000000001","8073.86293","0.0033391625479878429148264219","0.0378748962164600313294681359"
"2025-01-14T21:00:00.0000000+00:00","19754.852790600000000000000001","25526.911530600000000000000001","8922.735860","-0.0026840307219038117393060585","0.0404572695533299459029918443"
"2025-01-15T14:30:00.0000000+00:00","19776.526308600000000000000001","25564.244038600000000000000001","8925.66477","0.0014624764909475327392037027","0.0390539608679920855983248083"
"2025-01-15T21:00:00.0000000+00:00","19776.526308600000000000000001","25576.150968600000000000000001","9004.586340","0.0004657649951244977628986168","0.03860638584076086049559533"
"2025-01-16T14:30:00.0000000+00:00","19852.671076600000000000000001","25566.179456600000000000000001","9043.88662","-0.0003898753965067725573841294","0.0389812095572802729626685576"
"2025-01-16T21:00:00.0000000+00:00","19667.291626600000000000000001","25451.462076600000000000000001","9185.46005","-0.0044870755990248398669687057","0.0432933735220801666359627317"
"2025-01-17T14:30:00.0000000+00:00","19665.136474600000000000000001","25624.831674600000000000000001","9028.28480","0.0068117736214217533200683598","0.0367765045603984779800524041"
"2025-01-17T21:00:00.0000000+00:00","21953.691694600000000000000001","25612.107634600000000000000001","8851.16906","-0.0004965511641823739107809359","0.0372547943084268276433269838"
"2025-01-21T14:30:00.0000000+00:00","21954.904984600000000000000001","25700.181164600000000000000001","8822.28882","0.0034387458953600285522985626","0.033944158184077383998155828"
"2025-01-21T21:00:00.0000000+00:00","21723.480721600000000000000001","25757.054421600000000000000001","6916.63130","0.0022129515988913917307616207","0.0318063233643124686343815368"
"2025-01-22T14:30:00.0000000+00:00","21905.284353600000000000000001","25750.914733600000000000000001","6786.72462","-0.0002383691822637617158234812","0.0320371108992850624086396323"
"2025-01-22T21:00:00.0000000+00:00","19435.953115600000000000000000","25661.828395600000000000000001","9468.34472","-0.003459540716188983839709979","0.0353858179258889077034253602"
"2025-01-23T14:30:00.0000000+00:00","19435.953115600000000000000000","25584.732455600000000000000001","9437.79566","-0.0030043042456483318499960299","0.0382838124085067526598100619"
"2025-01-23T21:00:00.0000000+00:00","18169.199815600000000000000000","25667.681095600000000000000001","10513.39872","0.0032421148098362919196724594","0.0351658181138570748834839633"
"2025-01-24T14:30:00.0000000+00:00","15220.130119599999999999999999","25730.466719600000000000000001","13430.15340","0.0024460964652846191254593826","0.0328057406319596033808099408"
"2025-01-24T21:00:00.0000000+00:00","16427.688559599999999999999999","25741.097229600000000000000001","12288.76883","0.0004131487436993237523940152","0.0324061455387884995978182925"
"2025-01-27T14:30:00.0000000+00:00","16427.688559599999999999999999","25824.247304600000000000000001","12377.394905","0.0032302459471068979905656787","0.0292805794119696294412087529"
"2025-01-27T21:00:00.0000000+00:00","15637.030459599999999999999999","25886.142759600000000000000001","13125.62270","0.0023967960912833551582390774","0.0269539628989713949726376937"
"2025-01-28T14:30:00.0000000+00:00","15616.460185599999999999999999","25892.669565600000000000000001","12983.23562","0.0002521351311631588194356873","0.0267086238087791352224043946"
"2025-01-28T21:00:00.0000000+00:00","15721.879097599999999999999999","25971.842177600000000000000001","13071.24692","0.0030577230284970566410926878","0.0237325683543616473104857786"
"2025-01-29T14:30:00.0000000+00:00","15721.879097599999999999999999","25955.513637600000000000000001","13142.86046","-0.0006287016488219275001451832","0.0243463492983284085443993395"
"2025-01-29T21:00:00.0000000+00:00","15833.416785599999999999999999","25913.468505600000000000000001","13218.57828","-0.0016198921195337878540584755","0.0259268029584944172440368175"
"2025-01-30T14:30:00.0000000+00:00","15833.416785599999999999999999","25992.154260600000000000000001","13210.363875","0.0030364810092093887913317132","0.0229690481940980105478337188"
"2025-01-30T21:00:00.0000000+00:00","14559.422037599999999999999999","26046.223090400000000000000001","14469.5239472","0.0020801980958523243676104824","0.0209366302685625891314847793"
"2025-01-31T14:30:00.0000000+00:00","14559.422037599999999999999999","26102.128677600000000000000001","14461.29336","0.0021463990001915260566833834","0.0188351696306468854577862015"
"2025-01-31T21:00:00.0000000+00:00","24701.643187600000000000000001","25981.211042600000000000000001","7130.511295","-0.0046324817601473090364196895","0.0233803978110309422696327952"
"2025-02-03T14:30:00.0000000+00:00","24680.430967600000000000000001","25756.112767600000000000000001","5782.56820","-0.0086638869385618097792772979","0.0318417196263793819397327587"
"2025-02-03T21:00:00.0000000+00:00","24680.430967600000000000000001","25750.805367600000000000000001","5730.17560","-0.0002060637040957696074658803","0.03204122190778416084665725"
"2025-02-04T14:30:00.0000000+00:00","24678.925549600000000000000001","25893.196589600000000000000001","7187.02896","0.0055295832486528167874839077","0.0266888132630589950033436543"
"2025-02-04T21:00:00.0000000+00:00","24564.342637600000000000000001","25850.607337600000000000000001","7114.49030","-0.001644804721295244369382749","0.0282897200982933928010019625"
"2025-02-05T14:30:00.0000000+00:00","25375.540365600000000000000001","25860.570445600000000000000001","6318.28992","0.0003854109835751729909097144","0.0279152122835663694061550215"
"2025-02-05T21:00:00.0000000+00:00","25375.540365600000000000000001","25766.084645600000000000000001","6394.10572","-0.003653662636667634514664683","0.0314668821521188920808895619"
"2025-02-06T14:30:00.0000000+00:00","24601.085505600000000000000001","25808.938505600000000000000001","7127.59700","0.0016631886679499063952263926","0.0298560288459801049896028338"
"2025-02-06T21:00:00.0000000+00:00","23356.296597600000000000000001","25768.166257600000000000000001","8419.16534","-0.001579772371930495115759574","0.0313886354884041608320669927"
"2025-02-07T14:30:00.0000000+00:00","23356.296597600000000000000001","25805.919637600000000000000001","8402.59696","0.0014651170604297506168384759","0.0299695064533320818689014217"
"2025-02-07T21:00:00.0000000+00:00","24603.007205600000000000000001","25803.908445600000000000000001","7149.541560","-0.0000779352965615545376373857","0.0300451060675203925482124368"
"2025-02-10T14:30:00.0000000+00:00","24603.007205600000000000000001","25796.617005600000000000000001","7184.66020","-0.0002825711467459230210407161","0.0303191873341907134422670611"
"2025-02-10T21:00:00.0000000+00:00","23494.810610600000000000000001","25758.344890600000000000000001","8321.61572","-0.0014836098466590322622035835","0.0317578153359780405469489066"
"2025-02-11T14:30:00.0000000+00:00","23581.529910600000000000000001","25728.575690600000000000000001","6899.17922","-0.001155710901707185482870351","0.0328768233842870325648892477"
"2025-02-11T21:00:00.0000000+00:00","20948.288367600000000000000001","25737.256687600000000000000001","7957.451680","0.0003374068236187525974092796","0.0325505094252170469831213787"
"2025-02-12T14:30:00.0000000+00:00","20948.288367600000000000000001","25674.471827600000000000000001","7968.82154","-0.0024394542418442456844621147","0.0349105581887697558428657388"
"2025-02-12T21:00:00.0000000+00:00","20153.209383600000000000000001","25668.567033600000000000000001","8721.04485","-0.0002299869707018611229473719","0.0351325161859482707580660807"
"2025-02-13T14:30:00.0000000+00:00","20153.209383600000000000000001","25604.428803600000000000000001","8793.69558","-0.0024987070729754194049097446","0.0375434373922384378137753951"
"2025-02-13T21:00:00.0000000+00:00","19975.869223600000000000000001","25716.350503600000000000000001","8836.21872","0.0043711851905973287446994176","0.0333363615191741797237254954"
"2025-02-14T14:30:00.0000000+00:00","19993.825631600000000000000001","25709.572751600000000000000001","8927.73288","-0.0002635580814257136099800565","0.0335911335331161857993868899"
"2025-02-14T21:00:00.0000000+00:00","22293.390626600000000000000001","25662.182266600000000000000001","8792.35836","-0.0018433011492596942577034653","0.0353725161073293511377675472"
"2025-02-18T14:30:00.0000000+00:00","22219.892690600000000000000001","25657.722730600000000000000001","8865.939960","-0.0001737785178856048613363331","0.0355401476417919396194102382"
"2025-02-18T21:00:00.0000000+00:00","21033.085376600000000000000001","25526.731876600000000000000001","7813.93450","-0.0051053187913585660891263696","0.0404640226495472074905384043"
"2025-02-19T14:30:00.0000000+00:00","21022.000910600000000000000001","25452.169470600000000000000001","7923.25144","-0.0029209538596811258991025932","0.0432667829660919139755103551"
"2025-02-19T21:00:00.0000000+00:00","19175.348718600000000000000000","25375.462838600000000000000001","9656.15588","-0.0030137561392793816847249042","0.0461501435725803675789356114"
"2025-02-20T14:30:00.0000000+00:00","19192.765234600000000000000000","25489.041474600000000000000001","9607.62376","0.004475923719004224208530965","0.0418807843758281061835151275"
"2025-02-20T21:00:00.0000000+00:00","17793.080353600000000000000000","25482.818173600000000000000001","10650.61718","-0.0002441559446714212848942986","0.0421147148780266670563044582"
"2025-02-21T14:30:00.0000000+00:00","17812.474363600000000000000000","25450.513738600000000000000001","10702.076975","-0.0012676947573038503878202","0.0433290210320742965713425708"
"2025-02-21T21:00:00.0000000+00:00","19033.170175600000000000000000","25448.294695600000000000000001","9534.00548","-0.0000871904992878177829271176","0.043412433652384675438576705"
"2025-02-24T14:30:00.0000000+00:00","15972.298123599999999999999999","25546.699983600000000000000001","12434.88314","0.0038668715989450654638700914","0.0397134323601711032728779146"
"2025-02-24T21:00:00.0000000+00:00","15972.298123599999999999999999","25488.547503600000000000000001","12439.45562","-0.0022763206221285589999063819","0.0418993524772426971398086795"
"2025-02-25T14:30:00.0000000+00:00","15232.017335599999999999999999","25519.040535600000000000000001","13244.57680","0.0011963424748190600931909276","0.0407531359774595776911570733"
"2025-02-25T21:00:00.0000000+00:00","14518.369009599999999999999999","25456.505729600000000000000001","14140.12328","-0.002450515563575426981148245","0.0431037853470577343059618967"
"2025-02-26T14:30:00.0000000+00:00","15272.718109599999999999999999","25514.001834600000000000000001","13367.404525","0.0022586016168411280477313353","0.0409425380094934437805981068"
"2025-02-26T21:00:00.0000000+00:00","15272.718109599999999999999999","25549.311009600000000000000001","13342.93210","0.0013839136341252663962446606","0.0396152853119352073068245877"
"2025-02-27T14:30:00.0000000+00:00","14510.715739599999999999999999","25557.068379600000000000000001","14102.54736","0.0003036234518060081879570968","0.0393236899897998887423280657"
"2025-02-27T21:00:00.0000000+00:00","13315.366717599999999999999999","25405.858477600000000000000001","15190.62824","-0.005916558963417643114877758","0.0450075880227337246785151725"
"2025-02-28T14:30:00.0000000+00:00","14007.131461599999999999999999","25440.866941600000000000000001","14427.79452","0.0013779681576541287408749633","0.043691638888227738359220338"
"2025-02-28T21:00:00.0000000+00:00","24244.803517600000000000000001","25560.284257600000000000000001","7350.08426","0.0046939169279932460082750154","0.0392028068836237125389813198"
"2025-03-03T14:30:00.0000000+00:00","23438.116308600000000000000001","25544.909488600000000000000001","8139.52182","-0.0006015100945298964459510182","0.0397807360940792032105034501"
"2025-03-03T21:00:00.0000000+00:00","22391.819091000000000000000001","25355.252091000000000000000001","7327.27700","-0.0074244693520890708426199516","0.0469098545902342395165424973"
"2025-03-04T14:30:00.0000000+00:00","22399.198283000000000000000001","25322.749803000000000000000001","7261.36848","-0.0012818759554568532015941454","0.0481315979310178941514268117"
"2025-03-04T21:00:00.0000000+00:00","22399.198283000000000000000001","25331.321603000000000000000001","7206.60668","0.0003385019425885767813507469","0.04780938862782885925027458"
"2025-03-05T14:30:00.0000000+00:00","23129.832809000000000000000001","25335.952689000000000000000001","6424.41012","0.0001828205441697735331539385","0.0476353086221044495715329523"
"2025-03-05T21:00:00.0000000+00:00","23129.832809000000000000000001","25384.299309000000000000000001","6381.958500","0.0019082219087419768113224234","0.0458179854529048580583449979"
"2025-03-06T14:30:00.0000000+00:00","23162.336713000000000000000001","25352.625593000000000000000001","5007.851120","-0.001247767985022540611739365","0.0470085832225410354975274169"
"2025-03-06T21:00:00.0000000+00:00","21952.284751000000000000000001","25339.026291000000000000000001","6281.72426","-0.0005364060598029279625626032","0.0475197735934406421973231829"
"2025-03-07T14:30:00.0000000+00:00","21868.853827000000000000000001","25338.389827000000000000000001","7676.42400","-0.0000251179343945849020075118","0.0475436979292796615292402778"
"2025-03-07T21:00:00.0000000+00:00","23079.261697000000000000000001","25352.668677000000000000000001","6373.648020","0.0005635263368150090147399483","0.0470069637183973788116876583"
"2025-03-10T13:30:00.0000000+00:00","23162.813469000000000000000001","25296.418269000000000000000001","4950.35520","-0.0022187174343121716803399063","0.0491213859827734625182665219"
"2025-03-10T20:00:00.0000000+00:00","23162.813469000000000000000001","25274.231010600000000000000001","5013.7288584","-0.0008770909052840029160888793","0.0499553929671570297268438362"
"2025-03-11T13:30:00.0000000+00:00","23038.077449000000000000000001","25284.486169000000000000000001","6500.91128","0.0004057555062980547907962311","0.0495699071366246820222258471"
"2025-03-11T20:00:00.0000000+00:00","20506.371209000000000000000001","25278.765389000000000000000001","5920.31082","-0.0002262565259093124187427105","0.0497849481475556145080297231"
"2025-03-12T13:30:00.0000000+00:00","19699.449857000000000000000001","25288.586223400000000000000001","6671.4986336","0.0003885013468368797320776464","0.0494157883201262643528655293"
"2025-03-12T20:00:00.0000000+00:00","18902.310461000000000000000001","25289.757261000000000000000001","7450.79320","0.0000463069619493563104126818","0.0493717696532063455753670404"
"2025-03-13T13:30:00.0000000+00:00","18902.310461000000000000000001","25289.200121000000000000000001","7455.62534","-0.0000220302628550405365632584","0.0493927122429983074625818558"
"2025-03-13T20:00:00.0000000+00:00","17661.592367000000000000000001","25260.791607000000000000000001","8730.740760","-0.0011233456916025485707769175","0.0504605728441061194315815747"
"2025-03-14T13:30:00.0000000+00:00","18467.831087000000000000000001","25297.646767000000000000000001","7905.18432","0.0014589867401379097248494236","0.0490752074106475236258523599"
"2025-03-14T20:00:00.0000000+00:00","19709.102783000000000000000001","25338.813003000000000000000001","6614.70478","0.0016272753105913426401982301","0.047527790973437676994681609"
"2025-03-17T13:30:00.0000000+00:00","19830.817817000000000000000001","25340.825857000000000000000001","6570.04196","0.0000794375805907596089141082","0.0474521288855726706183167995"
"2025-03-17T20:00:00.0000000+00:00","19830.817817000000000000000001","25372.338007000000000000000001","6559.507310","0.0012435328737044799147328752","0.0462676042940646622466394041"
"2025-03-18T13:30:00.0000000+00:00","19053.838580000000000000000001","25366.157900000000000000000001","7365.130680","-0.0002435765674529073366368385","0.0464999111572793519169367997"
"2025-03-18T20:00:00.0000000+00:00","19853.803555000000000000000001","25344.718215000000000000000001","6595.69034","-0.0008452082134204486679474624","0.0473058172638663469162029963"
"2025-03-19T13:30:00.0000000+00:00","19797.742227000000000000000001","25364.012127000000000000000001","6655.38510","0.0007612596769208151955774269","0.0465805695981122977377620788"
"2025-03-19T20:00:00.0000000+00:00","19797.742227000000000000000001","25386.004367000000000000000001","6637.98886","0.0008670647171229370544922859","0.0457538932493913732044649701"
"2025-03-20T13:30:00.0000000+00:00","19842.478179000000000000000001","25365.273459000000000000000001","6601.94472","-0.0008166274495307621483952453","0.0465331568137717821202791526"
"2025-03-20T20:00:00.0000000+00:00","16079.605754999999999999999999","25387.791475000000000000000001","10328.96428","0.0008877497826466464510430966","0.0456867168309724238841205428"
"2025-03-21T13:30:00.0000000+00:00","13064.571740999999999999999999","25357.058001000000000000000001","13396.83874","-0.0012105611482693966785860407","0.046841971414854259813523315"
"2025-03-21T20:00:00.0000000+00:00","14260.932420999999999999999999","25365.339681000000000000000001","12171.66774","0.000326602557744411731134408","0.0465306675647837301044570262"
"2025-03-24T13:30:00.0000000+00:00","14333.549196999999999999999999","25421.401237000000000000000001","12092.79796","0.0022101638182276388968023613","0.0444233441444457545687585379"
"2025-03-24T20:00:00.0000000+00:00","13510.874694999999999999999999","25428.777155000000000000000001","12878.83254","0.0002901460045902032272777506","0.0441460873956695978770441995"
"2025-03-25T13:30:00.0000000+00:00","13466.004646599999999999999999","25446.676794600000000000000001","13047.312852","0.0007039127163250332082278221","0.0434732496716383727665135557"
"2025-03-25T20:00:00.0000000+00:00","13466.004646599999999999999999","25452.706946600000000000000001","13076.41270","0.000236972082786057519583253","0.043246579535372481683280987"
"2025-03-26T13:30:00.0000000+00:00","13591.325346599999999999999999","25440.252446600000000000000001","12919.22790","-0.0004893192706822755259168902","0.0437147374212970057244859229"
"2025-03-26T20:00:00.0000000+00:00","13591.325346599999999999999999","25364.100606600000000000000001","12914.05974","-0.0029933602333485265706702918","0.0465772436980373491234173683"
"2025-03-27T13:30:00.0000000+00:00","13502.457576599999999999999999","25330.844477800000000000000001","12988.3655988","-0.0013111495383103161579146202","0.0478273235047772165282114473"
"2025-03-27T20:00:00.0000000+00:00","12230.653266599999999999999999","25326.991306600000000000000001","14250.93196","-0.0001521138074720298616920989","0.0479721621159697382199115133"
"2025-03-28T13:30:00.0000000+00:00","12230.653266599999999999999999","25380.185546600000000000000001","14327.41772","0.0021002984269251922703623202","0.0459726195456729174937783686"
"2025-03-28T20:00:00.0000000+00:00","13511.921961599999999999999999","25266.189841600000000000000001","13059.70212","-0.0044915237042178038999537784","0.0502576561394563447583498664"
"2025-03-31T13:30:00.0000000+00:00","13412.737483599999999999999999","25258.468263600000000000000001","13055.38422","-0.0003056091182884512598413405","0.0505479060597647725954400046"
"2025-03-31T20:00:00.0000000+00:00","22270.655545600000000000000001","25354.201445600000000000000001","7108.06910","0.0037901420229017279576538257","0.0469493477797898480059303793"
"2025-04-01T13:30:00.0000000+00:00","22265.446233600000000000000001","25337.598833600000000000000001","7127.537400","-0.0006548268552501083863992284","0.0475734309412772729479832568"
"2025-04-01T20:00:00.0000000+00:00","22265.446233600000000000000001","25347.068233600000000000000001","7123.71800","0.000373729178608775650782865","0.047217481341937782165070573"
"2025-04-02T13:30:00.0000000+00:00","23028.083675600000000000000001","25275.095222000000000000000001","6388.0034536","-0.0028395004478108748274703662","0.0499229077303337230332003037"
"2025-04-02T20:00:00.0000000+00:00","23028.083675600000000000000001","25349.949775600000000000000001","6317.43890","0.0029615933369400304607881093","0.047109165744288520865561018"
"2025-04-03T13:30:00.0000000+00:00","22298.977883600000000000000001","25248.474863600000000000000001","7219.44802","-0.004002963039306385457184448","0.0509235525343079608850845031"
"2025-04-03T20:00:00.0000000+00:00","21068.131763600000000000000001","25189.643013600000000000000001","8527.741650","-0.0023301149997307831844607972","0.0531350098004389745519167813"
"2025-04-04T13:30:00.0000000+00:00","21730.286311600000000000000001","25033.389091600000000000000001","7666.67222","-0.0062031018826125409715599956","0.0590085098037257767054806211"
"2025-04-04T20:00:00.0000000+00:00","22932.645791600000000000000001","24896.635271600000000000000001","6437.44052","-0.0054628568069470065153245613","0.0641490115712237006941282897"
"2025-04-07T13:30:00.0000000+00:00","22084.798829600000000000000001","24857.838869600000000000000001","7055.50996","-0.0015582990061414319618690268","0.0656073472363887395444435379"
"2025-04-07T20:00:00.0000000+00:00","22084.798829600000000000000001","24895.065809600000000000000001","6872.43802","0.0014975935838705127721164686","0.0642080067947942073664762428"
"2025-04-08T13:30:00.0000000+00:00","22226.705549600000000000000001","25039.081389600000000000000001","6684.68416","0.0057849045711084208549213459","0.0587945394156947520677430343"
"2025-04-08T20:00:00.0000000+00:00","22226.705549600000000000000001","25034.868829600000000000000001","7049.59672","-0.0001682393988203452922091459","0.0589528872565498817794952737"
"2025-04-09T13:30:00.0000000+00:00","22075.775369600000000000000001","25115.629469600000000000000001","7012.65090","0.00322592622912058495062018","0.0559171386927125897755531648"
"2025-04-09T20:00:00.0000000+00:00","19587.197753600000000000000001","25045.543773600000000000000001","6224.41898","-0.0027905211806390058386323057","0.0585516219134688522426598822"
"2025-04-10T13:30:00.0000000+00:00","19799.868135600000000000000001","25101.396575600000000000000001","6523.34156","0.0022300494852450880467794165","0.0564521454425321604270382894"
"2025-04-10T20:00:00.0000000+00:00","17777.383719600000000000000001","25157.981099600000000000000001","8787.0876200","0.0022542380791275736877012173","0.054325163939309590849926588"
"2025-04-11T13:30:00.0000000+00:00","17985.089743600000000000000001","25189.045703600000000000000001","8403.23404","0.0012347812758510225810742981","0.0531574623586983649292946062"
"2025-04-11T20:00:00.0000000+00:00","18137.708323600000000000000001","25242.317583600000000000000001","8205.04574","0.0021148828195736856299218486","0.0511550013429992253588434118"
"2025-04-14T13:30:00.0000000+00:00","18137.708323600000000000000001","25221.221783600000000000000001","8042.55154","-0.0008357315024713101874817345","0.0519479809993392289132575663"
"2025-04-14T20:00:00.0000000+00:00","18137.708323600000000000000001","25221.397903600000000000000001","8000.44542","0.0000069830082583279663095695","0.0519413607442612227970636594"
"2025-04-15T13:30:00.0000000+00:00","18204.434975600000000000000001","25233.821615600000000000000001","8079.07336","0.0004925861781129383696370542","0.0514743601625232854711970042"
"2025-04-15T20:00:00.0000000+00:00","18204.434975600000000000000001","25228.232295600000000000000001","8063.73268","-0.0002215011299178156341282082","0.0516844596635033056015906429"
"2025-04-16T13:30:00.0000000+00:00","18209.971575600000000000000001","25263.726575600000000000000001","8154.71500","0.0014069269532685601041647957","0.0503502489696004499923522525"
"2025-04-16T20:00:00.0000000+00:00","20128.347823600000000000000001","25259.924455600000000000000001","6297.6033680","-0.0001504971955986941203127228","0.050493168593931523206656007"
"2025-04-17T13:30:00.0000000+00:00","20093.083891600000000000000001","25259.157671600000000000000001","6290.31122","-0.0000303557519084348563565385","0.0505219915877410499032244189"
"2025-04-17T20:00:00.0000000+00:00","20016.989237600000000000000001","25265.593987600000000000000001","8712.95275","0.0002548111890222150110821354","0.0502800539674670775334952457"
"2025-04-21T13:30:00.0000000+00:00","20016.989237600000000000000001","25308.838277600000000000000001","8751.53096","0.0017115880996593110945966858","0.0486545246098287110193968717"
"2025-04-21T20:00:00.0000000+00:00","17644.534588600000000000000000","25276.680068600000000000000001","8849.964520","-0.0012706315733370562189237291","0.0498633342080108140618789417"
"2025-04-22T13:30:00.0000000+00:00","14771.838304599999999999999999","25346.781364600000000000000001","11656.86194","0.0027733585189885540979822187","0.0472282645917332201422817352"
"2025-04-22T20:00:00.0000000+00:00","14771.838304599999999999999999","25392.076684600000000000000001","11652.37662","0.0017870245278266639520970463","0.045525638131138670999877724"
"2025-04-23T13:30:00.0000000+00:00","14782.796080599999999999999999","25603.965280600000000000000001","11774.07080","0.0083446737591379430533432629","0.0375608609698816505607464847"
"2025-04-23T20:00:00.0000000+00:00","13978.638581259999999999999999","25492.856821260000000000000001","12488.32816","-0.0043395020311243094601370829","0.0417373675685363807980961259"
"2025-04-24T13:30:00.0000000+00:00","14011.312045259999999999999999","25536.931005260000000000000001","12553.60104","0.0017288836754946951672745748","0.0400806429464890498972578806"
"2025-04-24T20:00:00.0000000+00:00","12753.450523259999999999999999","25651.034343260000000000000001","13882.47118","0.004468169568868609468684828","0.0357915604867346310797435099"
"2025-04-25T13:30:00.0000000+00:00","12784.684275259999999999999999","25647.046555260000000000000001","13907.52772","-0.0001554630486488674850608263","0.0359414592702743304556500938"
"2025-04-25T20:00:00.0000000+00:00","14027.985565259999999999999999","25713.828078060000000000000001","12671.7874872","0.0026038679602390184194188536","0.0334311781242734150165015477"
"2025-04-28T13:30:00.0000000+00:00","14056.934774259999999999999999","25711.543034260000000000000001","12681.236740","-0.0000888643959609298643239667","0.0335170716787840690715263406"
"2025-04-28T20:00:00.0000000+00:00","14056.934774259999999999999999","25757.005894260000000000000001","12753.46888","0.0017681887057273013502839038","0.0318081474806482461117981915"
"2025-04-29T13:30:00.0000000+00:00","14056.934774259999999999999999","25715.206754260000000000000001","12725.14302","-0.0016228260447506059505491078","0.0333793544352319877177792333"
"2025-04-29T20:00:00.0000000+00:00","14056.934774259999999999999999","25818.883636660000000000000001","12796.8811376","0.0040317343504471264524091466","0.0294821967746571357128029681"
"2025-04-30T13:30:00.0000000+00:00","14115.331046259999999999999999","25715.932546260000000000000001","12752.37350","-0.0039874338429497654700089975","0.0333520723084231288994473683"
"2025-04-30T20:00:00.0000000+00:00","23287.316282260000000000000001","25769.564282260000000000000001","6478.33200","0.0020855450566889878746402613","0.0313360845012673065618540289"
"2025-05-01T13:30:00.0000000+00:00","23365.782056260000000000000001","25792.875276260000000000000001","4941.85178","0.0009045940297891454101325042","0.0304598369064349757274259898"
"2025-05-01T20:00:00.0000000+00:00","22150.964141260000000000000001","25779.498141260000000000000001","6152.36600","-0.0005186368272913116545752361","0.0309626761405533231448208262"
"2025-05-02T13:30:00.0000000+00:00","22150.964141260000000000000001","25820.781941260000000000000001","6146.29220","0.001601419848198108133972789","0.0294108405364800270982275199"
"2025-05-02T20:00:00.0000000+00:00","23367.290827260000000000000001","25817.431047260000000000000001","4893.278780","-0.0001297750783699342685845045","0.0295367988207144140316675916"
"2025-05-05T13:30:00.0000000+00:00","23437.732267260000000000000001","25822.988827260000000000000001","4906.48344","0.0002152723866997544025418178","0.0293278848911922653122707496"
"2025-05-05T20:00:00.0000000+00:00","23437.732267260000000000000001","25819.898087260000000000000001","4904.70918","-0.0001196894759423535390996817","0.0294440641279614943808896218"
"2025-05-06T13:30:00.0000000+00:00","23437.732267260000000000000001","25826.989127260000000000000001","4947.13814","0.0002746347013468208108520187","0.0291775157883728929149820503"
"2025-05-06T20:00:00.0000000+00:00","23437.732267260000000000000001","25818.199852260000000000000001","4971.729665","-0.0003403135749464133992669231","0.0295078998586133097155169183"
"2025-05-07T13:30:00.0000000+00:00","23408.146351260000000000000001","25816.264611260000000000000001","4922.78674","-0.0000749564652483158460228127","0.0295806445159913226289237577"
"2025-05-07T20:00:00.0000000+00:00","23408.146351260000000000000001","25832.530311260000000000000001","4914.54604","0.000630056293771701043540228","0.0289692256934707452715808594"
"2025-05-08T13:30:00.0000000+00:00","23408.146351260000000000000001","25835.837561260000000000000001","4891.44129","0.0001280265603156350863099907","0.0288449079634756525633007178"
"2025-05-08T20:00:00.0000000+00:00","22229.450659260000000000000001","25847.759419260000000000000001","6032.86124","0.0004614465457809054808252967","0.028396771800837861055264956"
"2025-05-09T13:30:00.0000000+00:00","22256.535241260000000000000001","25863.276221260000000000000001","6067.60402","0.0006003151665222452470205815","0.0278135036471079299868465665"
"2025-05-09T20:00:00.0000000+00:00","21004.960339260000000000000001","25852.314339260000000000000001","5912.66600","-0.0004238396522629708061846102","0.0282255548336568956977022127"
"2025-05-12T13:30:00.0000000+00:00","21004.960339260000000000000001","25886.149159260000000000000001","5820.63618","0.0013087733483349132245530261","0.0269537223392302383031988934"
"2025-05-12T20:00:00.0000000+00:00","20172.663913260000000000000001","25881.920173260000000000000001","6565.648740","-0.0001633686792879815432027398","0.0271126876244977648379388747"
"2025-05-13T13:30:00.0000000+00:00","20209.006520140000000000000001","25895.290540140000000000000001","6735.245780","0.0005165909944275944097452968","0.0266101028003317144609433927"
"2025-05-13T20:00:00.0000000+00:00","20209.006520140000000000000001","25893.519740140000000000000001","6748.31178","-0.0000683830906339939589382665","0.0266766662098941334397996857"
"2025-05-14T13:30:00.0000000+00:00","20209.006520140000000000000001","25890.510920140000000000000001","6742.33560","-0.0001161997299013676708369277","0.0267897661183872424707249123"
"2025-05-14T20:00:00.0000000+00:00","20209.006520140000000000000001","25852.753600140000000000000001","6738.70292","-0.0014583458826464839642658351","0.0282090432559179141212502607"
"2025-05-15T13:30:00.0000000+00:00","20209.006520140000000000000001","25850.538800140000000000000001","6753.79772","-0.000085669791089023732823862","0.0282922963841643821325281676"
"2025-05-15T20:00:00.0000000+00:00","18992.953358140000000000000001","25897.083998140000000000000001","7973.36936","0.0018005504008971729031765634","0.0265426876888640180429505932"
"2025-05-16T13:30:00.0000000+00:00","18992.953358140000000000000001","25885.579458140000000000000001","7946.03890","-0.0004442407492992758487286311","0.0269751370946959762759590507"
"2025-05-16T20:00:00.0000000+00:00","21042.508365140000000000000001","25908.251085140000000000000001","5929.54128","0.0008758400420072752923466343","0.0261229229578948715174596378"
"2025-05-19T13:30:00.0000000+00:00","21042.508365140000000000000001","25857.672165140000000000000001","5947.70620","-0.0019522321222604705007197723","0.0280241570708296041456808556"
"2025-05-19T20:00:00.0000000+00:00","19896.769263140000000000000001","25911.066543140000000000000001","7095.652720","0.0020649336745781620627008617","0.026017091421888665840154024"
"2025-05-20T13:30:00.0000000+00:00","19896.769263140000000000000001","25911.200993140000000000000001","7094.55077","0.00000518890257860095194303","0.026012037519462831623016443"
"2025-05-20T20:00:00.0000000+00:00","17333.356683140000000000000000","25929.958283140000000000000001","9662.37840","0.0007239066226596752281550119","0.0253069611830323674893416321"
"2025-05-21T13:30:00.0000000+00:00","14368.963923139999999999999999","25887.997463140000000000000001","12622.89146","-0.0016182370809012630453784916","0.0268842456009423186619035895"
"2025-05-21T20:00:00.0000000+00:00","14368.963923139999999999999999","25786.458973140000000000000001","12594.54785","-0.0039222226494951232462221245","0.0307010222534268363151732489"
"2025-05-22T13:30:00.0000000+00:00","14344.979127139999999999999999","25742.256687140000000000000001","12535.27244","-0.0017141665726978067885421217","0.0323625621600301673267125609"
"2025-05-22T20:00:00.0000000+00:00","13438.214964519999999999999999","25809.511744520000000000000001","13486.03822","0.0026126325363540662080925209","0.0298344811065351768621874938"
"2025-05-23T13:30:00.0000000+00:00","13438.214964519999999999999999","25834.458584520000000000000001","13628.20138","0.0009665754333883062849868874","0.028896742949652335051428897"
"2025-05-23T20:00:00.0000000+00:00","15839.144682519999999999999999","25826.292039720000000000000001","13487.3351428","-0.0003161105456606468713389958","0.029203718930131351872752688"
"2025-05-27T13:30:00.0000000+00:00","15814.704516519999999999999999","25942.464536520000000000000001","13406.82498","0.0044982259405001099516467804","0.0248368579156818328861692454"
"2025-05-27T20:00:00.0000000+00:00","14691.389898519999999999999999","26026.778388520000000000000001","12287.94401","0.0032500324663182564759819667","0.021667546043950875948468425"
"2025-05-28T13:30:00.0000000+00:00","14785.633508519999999999999999","26014.482148520000000000000001","12310.45136","-0.0004724457178850716630115321","0.0221297550224904053953692063"
"2025-05-28T20:00:00.0000000+00:00","14785.633508519999999999999999","25993.464108520000000000000001","12310.69940","-0.0008079361288072284564247879","0.0229198117226933106327538457"
"2025-05-29T13:30:00.0000000+00:00","14785.633508519999999999999999","26059.843128520000000000000001","12335.53538","0.0025536811762708701984116148","0.0204246604381823547676750979"
"2025-05-29T20:00:00.0000000+00:00","13537.748981519999999999999999","26077.648661520000000000000001","13643.510320","0.0006832555711171396542958916","0.0197553601300977790460509583"
"2025-05-30T13:30:00.0000000+00:00","13518.095189519999999999999999","26048.614769520000000000000001","13656.385420","-0.0011133631094141632658107325","0.020846728350329900059640236"
"2025-05-30T20:00:00.0000000+00:00","23769.004597520000000000000001","26067.539887520000000000000001","6520.47721","0.0007265306876181629189204182","0.0201353434505946913741337705"
"2025-06-02T13:30:00.0000000+00:00","23763.253021520000000000000001","26085.921381520000000000000001","6524.66164","0.0007051487819454821971397315","0.019444393081557449966107412"
"2025-06-02T20:00:00.0000000+00:00","23763.253021520000000000000001","26124.477601520000000000000001","6521.40042","0.0014780470827959448689463988","0.0179950857272324387390018217"
"2025-06-03T13:30:00.0000000+00:00","23793.379349520000000000000001","26118.958129520000000000000001","4951.03622","-0.0002112758801989924063437552","0.0182025596798551537864752241"
"2025-06-03T20:00:00.0000000+00:00","23793.379349520000000000000001","26128.130549520000000000000001","4927.178800","0.00035117863256701678183027","0.017857773397305728052320583"
"2025-06-04T13:30:00.0000000+00:00","23793.379349520000000000000001","26126.269489520000000000000001","4933.98486","-0.0000712282111601049674545832","0.0179277296312114404223173599"
"2025-06-04T20:00:00.0000000+00:00","23793.379349520000000000000001","26136.191549520000000000000001","4953.80780","0.0003797733160480498125529771","0.0175547647884946486596389829"
"2025-06-05T13:30:00.0000000+00:00","23789.146517520000000000000001","26147.969987520000000000000001","6518.37403","0.0004506562472073830128727972","0.0171120197057074569539228334"
"2025-06-05T20:00:00.0000000+00:00","22592.447225520000000000000001","26119.523065520000000000000001","7726.18416","-0.0010879208601500327686880629","0.0181813240426603521554388797"
"2025-06-06T13:30:00.0000000+00:00","22592.447225520000000000000001","26154.203925520000000000000001","7693.71830","0.001327775392873911068701421","0.0168776893644601523208680327"
"2025-06-06T20:00:00.0000000+00:00","23773.011065520000000000000001","26153.562618320000000000000001","6474.0984472","-0.0000245202339870969511195592","0.0169017957535548711714198672"
"2025-06-09T13:30:00.0000000+00:00","23815.136397520000000000000001","26164.173797520000000000000001","4932.21260","0.0004057259561482113524130272","0.0165029272946493926475181642"
"2025-06-09T20:00:00.0000000+00:00","23815.136397520000000000000001","26171.064357520000000000000001","4939.022040","0.000263358593064120729499168","0.0162439148892990302582319558"
"2025-06-10T13:30:00.0000000+00:00","23835.352353520000000000000001","26173.677193520000000000000001","4969.00516","0.0000998368260574479489233303","0.0161456998041468772454473607"
"2025-06-10T20:00:00.0000000+00:00","21258.737133520000000000000001","26175.165093520000000000000001","5995.17004","0.0000568471899840030804344275","0.016089770451827065183870515"
"2025-06-11T13:30:00.0000000+00:00","21258.737133520000000000000001","26193.553993520000000000000001","5984.15814","0.0007025323406480599263688858","0.0153985416952750173183348897"
"2025-06-11T20:00:00.0000000+00:00","20469.779373520000000000000001","26180.052293520000000000000001","6798.63708","-0.0005154588798198279447390944","0.015906063260041739888260353"
"2025-06-12T13:30:00.0000000+00:00","20464.715619520000000000000001","26191.688219520000000000000001","6838.85740","0.0004444577065600470912164337","0.0154686751258786499746803951"
"2025-06-12T20:00:00.0000000+00:00","18139.910751520000000000000001","26205.198516520000000000000001","9175.568885","0.0005158238326130928355886746","0.0149608304045544346805843719"
"2025-06-13T13:30:00.0000000+00:00","18139.910751520000000000000001","26220.381791520000000000000001","9273.60896","0.0005793993504925491302751661","0.0143900993494811135708067113"
"2025-06-13T20:00:00.0000000+00:00","19363.306023520000000000000001","26180.219023520000000000000001","8059.7650000","-0.0015317384895207415473689208","0.0158997959699602275117386059"
"2025-06-16T13:30:00.0000000+00:00","19357.311009520000000000000001","26202.213989520000000000000001","7881.34202","0.0008401368216301010299134634","0.0150730171523808959566793772"
"2025-06-16T20:00:00.0000000+00:00","19357.311009520000000000000001","26225.359969520000000000000001","7854.18464","0.0008833597042317725403032345","0.0142029723441227310389991313"
"2025-06-17T13:30:00.0000000+00:00","19412.430321520000000000000001","26242.722501520000000000000001","7928.3632200","0.0006620512366724163822260305","0.0135503242028551652394736571"
"2025-06-17T20:00:00.0000000+00:00","21374.587811520000000000000001","26216.590491520000000000000001","6003.107320","-0.0009957812112857731342030395","0.0145326122558929043289600112"
"2025-06-18T13:30:00.0000000+00:00","21349.915172520000000000000001","26224.033072520000000000000001","5990.587100","0.0002838882120238851058059035","0.0142528496811783810592089113"
"2025-06-18T20:00:00.0000000+00:00","19877.279750520000000000000000","26232.908370520000000000000001","9684.53838","0.0003384413822029674445056106","0.0139192320531218427498542134"
"2025-06-20T13:30:00.0000000+00:00","19877.279750520000000000000000","26224.544300520000000000000001","9669.00295","-0.000318838837153083983599505","0.0142336328985130454314007202"
"2025-06-20T20:00:00.0000000+00:00","18733.376015520000000000000000","26203.870715520000000000000001","8563.47230","-0.0007883296183564214916960315","0.0150107417224787567285538572"
"2025-06-23T13:30:00.0000000+00:00","15776.824823519999999999999999","26229.233163520000000000000001","11538.95666","0.0009678893731138108893688616","0.0140573810867606891289063367"
"2025-06-23T20:00:00.0000000+00:00","15776.824823519999999999999999","26239.174803520000000000000001","11530.10502","0.0003790289993619400927330035","0.013683680242485713402140538"
"2025-06-24T13:30:00.0000000+00:00","15792.770243519999999999999999","26237.985503520000000000000001","11432.109740","-0.0000453253583203559716638782","0.0137283853830959375333545595"
"2025-06-24T20:00:00.0000000+00:00","14994.062733959999999999999999","26337.294793960000000000000001","12305.398540","0.0037849434144506634924824417","0.0099954031304920637586720344"
"2025-06-25T13:30:00.0000000+00:00","15055.498973959999999999999999","26314.851673960000000000000001","12318.56230","-0.0008521421875547726645346593","0.0108390278133577270931814344"
"2025-06-25T20:00:00.0000000+00:00","15055.498973959999999999999999","26352.404873960000000000000001","12354.729100","0.0014270724557099049411206039","0.0094274234356869385248585632"
"2025-06-26T13:30:00.0000000+00:00","15087.513177959999999999999999","26356.214117960000000000000001","12323.47406","0.0001445501470632035495753111","0.0092842360240677906139174853"
"2025-06-26T20:00:00.0000000+00:00","13834.212567959999999999999999","26395.381527960000000000000001","13610.95104","0.0014860787602006171844990785","0.0078119543698272299991412502"
"2025-06-27T13:30:00.0000000+00:00","13850.204053959999999999999999","26341.512733960000000000000001","13527.78132","-0.0020408416503825893728909658","0.0098368530583609876870224341"
"2025-06-27T20:00:00.0000000+00:00","13939.694832959999999999999999","26334.535157960000000000000001","13442.958725","-0.000264888963305602825389057","0.0100991363478577717218158479"
"2025-06-30T13:30:00.0000000+00:00","13939.694832959999999999999999","26404.917932960000000000000001","13493.93190","0.0026726416311444089650502338","0.007453486088955251140964129"
"2025-06-30T20:00:00.0000000+00:00","22960.600290960000000000000001","26438.140070960000000000000001","5929.745220","0.0012581799377051041409691248","0.0062046839779132345781773397"
"2025-07-01T13:30:00.0000000+00:00","22976.870102960000000000000001","26445.828402960000000000000001","5964.95670","0.000290804571704533964637689","0.0059156837566754596557986631"
"2025-07-01T20:00:00.0000000+00:00","22976.870102960000000000000001","26468.651362960000000000000001","5976.543740","0.0008630079440977351454594897","0.0050577810946545053652644302"
"2025-07-02T13:30:00.0000000+00:00","22976.870102960000000000000001","26481.319512960000000000000001","5975.800290","0.0004786095757688545736213207","0.0045815922213496951173548145"
"2025-07-02T20:00:00.0000000+00:00","24148.154899140000000000000001","26494.686559140000000000000001","4819.813340","0.0005047726633658925599526123","0.004079132220491829698967356"
"2025-07-03T13:30:00.0000000+00:00","24148.154899140000000000000001","26502.116699140000000000000001","4791.50820","0.0002804388715229691484793226","0.0037998372962055682625774213"
"2025-07-03T17:00:00.0000000+00:00","24067.235575140000000000000001","26505.384340140000000000000001","7107.521085","0.0001232973591164526012686432","0.0036770084469928100095341889"
"2025-07-07T13:30:00.0000000+00:00","24139.401139140000000000000001","26477.651139140000000000000001","7037.23000","-0.0010463232920565721832167207","0.0047194843994662048518858505"
"2025-07-07T20:00:00.0000000+00:00","24198.427225140000000000000001","26482.404875140000000000000001","4736.64485","0.0001795376778332461405387559","0.0045407940469026091059673963"
"2025-07-08T13:30:00.0000000+00:00","24198.427225140000000000000001","26500.414380140000000000000001","4716.231795","0.0006800554966556749401131647","0.0038638265421977116518182535"
"2025-07-08T20:00:00.0000000+00:00","24198.427225140000000000000001","26491.361605140000000000000001","4706.08062","-0.0003416088092110873160886191","0.0042041154342247206146123451"
"2025-07-09T13:30:00.0000000+00:00","24215.803749140000000000000001","26508.571109140000000000000001","4705.15264","0.0006496270088533658902037598","0.0035572195323057643991711384"
"2025-07-09T20:00:00.0000000+00:00","24215.803749140000000000000001","26528.404874140000000000000001","4721.505125","0.0007482019652564914763570816","0.0028116790856941928732079109"
"2025-07-10T13:30:00.0000000+00:00","24249.796949140000000000000001","26535.820074140000000000000001","4754.055125","0.0002795192562530726439079818","0.0025329457478879757893954062"
"2025-07-10T20:00:00.0000000+00:00","20475.562253140000000000000001","26533.969678140000000000000001","7130.813825","-0.0000697320073331093207718199","0.0026025011278296190177666333"
"2025-07-11T13:30:00.0000000+00:00","20475.562253140000000000000001","26512.595713140000000000000001","7143.07154","-0.0008055321257719282113062167","0.0034059368553357227953870001"
"2025-07-11T20:00:00.0000000+00:00","20943.745876140000000000000001","26521.320756140000000000000001","6658.86512","0.0003290904856847249784034806","0.0030779672310649317548757923"
"2025-07-14T13:30:00.0000000+00:00","20943.745876140000000000000001","26518.378756140000000000000001","6671.78712","-0.0001109296187415135477718283","0.0031885554120750043976334238"
"2025-07-14T20:00:00.0000000+00:00","20943.745876140000000000000001","26515.379116140000000000000001","6677.03676","-0.0001131155123616096159008106","0.0033013102493574837661315549"
"2025-07-15T13:30:00.0000000+00:00","20943.745876140000000000000001","26541.329956140000000000000001","6669.35592","0.0009787089932349349985038739","0.0023258322781530536027799391"
"2025-07-15T20:00:00.0000000+00:00","20943.745876140000000000000001","26504.247876140000000000000001","6655.11800","-0.0013971447573003601950314396","0.0037197275110796323058900382"
"2025-07-16T13:30:00.0000000+00:00","20943.745876140000000000000001","26521.010896140000000000000001","6666.16998","0.0006324654100103940200034124","0.0030896147000546602079977772"
"2025-07-16T20:00:00.0000000+00:00","20943.745876140000000000000001","26513.222056140000000000000001","6676.14882","-0.0002936856377949615247090205","0.0033823929623858954910760745"
"2025-07-17T13:30:00.0000000+00:00","20943.745876140000000000000001","26522.385296140000000000000001","6680.23558","0.0003456102008498794799171435","0.0030379517510470994193485289"
"2025-07-17T20:00:00.0000000+00:00","20552.927824140000000000000001","26532.664964140000000000000001","7081.96786","0.0003875845963785194140144358","0.0026515446179718270116561236"
"2025-07-18T13:30:00.0000000+00:00","20552.927824140000000000000001","26564.647924140000000000000001","7093.64490","0.0012054183039369132493542473","0.0014493225344511224126039082"
"2025-07-18T20:00:00.0000000+00:00","21746.089144140000000000000001","26551.616014140000000000000001","5881.74063","-0.0004905734131020632804139743","0.0019391849484507742732020066"
"2025-07-21T13:30:00.0000000+00:00","21746.089144140000000000000001","26589.062424140000000000000001","5905.22672","0.0014103250807806953579684554","0.0005315947488391514620239646"
"2025-07-21T20:00:00.0000000+00:00","21746.089144140000000000000001","26587.131244140000000000000001","5907.10290","-0.0000726306166496001346056735","0.0006041867554343357197536324"
"2025-07-22T13:30:00.0000000+00:00","18728.745796140000000000000000","26608.445916140000000000000001","8940.04988","0.0008016913071318257045800118","0"
"2025-07-22T20:00:00.0000000+00:00","16132.926736139999999999999999","26625.310376140000000000000001","11553.36796","0.0006338010139017721300147559","0"
"2025-07-23T13:30:00.0000000+00:00","16132.926736139999999999999999","26601.714416140000000000000001","11505.658720","-0.0008862229084527509807240647","0.0008862229084527509807240647"
"2025-07-23T20:00:00.0000000+00:00","15324.760135139999999999999999","26606.352535140000000000000001","12277.85160","0.0001743541385131901199720087","0.0007120232865712947939037396"
"2025-07-24T13:30:00.0000000+00:00","15430.216034139999999999999999","26562.090634140000000000000001","12211.91540","-0.0016635839482898552162343368","0.0023744227243508014164976691"
"2025-07-24T20:00:00.0000000+00:00","14229.015842139999999999999999","26589.294262140000000000000001","13444.486580","0.0010241523671723127917023685","0.0013527021278323002300126681"
"2025-07-25T13:30:00.0000000+00:00","14229.015842139999999999999999","26569.985362140000000000000001","13428.65048","-0.0007261907672176761173710886","0.0020779105752539488262852034"
"2025-07-25T20:00:00.0000000+00:00","15418.217954139999999999999999","26630.522194140000000000000001","12283.315760","0.0022783916202776651410471758","0"
"2025-07-28T13:30:00.0000000+00:00","15418.217954139999999999999999","26610.258914140000000000000001","12229.01904","-0.0007609043432298484725668245","0.0007609043432298484725668245"
"2025-07-28T20:00:00.0000000+00:00","15418.217954139999999999999999","26599.080174140000000000000001","12206.03278","-0.0004200913653666070905351536","0.0011806760592519947546209473"
"2025-07-29T13:30:00.0000000+00:00","15447.252146139999999999999999","26652.364086140000000000000001","12271.69306","0.0020032238577860060349886127","0"
"2025-07-29T20:00:00.0000000+00:00","15447.252146139999999999999999","26719.214676140000000000000001","12393.2683700","0.0025082424127158100710563656","0"
"2025-07-30T13:30:00.0000000+00:00","15442.588904139999999999999999","26673.553524140000000000000001","12348.23038","-0.0017089256759022549651142181","0.0017089256759022549651142181"
"2025-07-30T20:00:00.0000000+00:00","15442.588904139999999999999999","26661.188024140000000000000001","12350.55608","-0.0004635865254627217657868456","0.0021717199664486111711757705"
"2025-07-31T13:30:00.0000000+00:00","15442.588904139999999999999999","26727.122584140000000000000001","12381.96632","0.0024730540867233851074639841","0"
"2025-07-31T20:00:00.0000000+00:00","23265.568756140000000000000001","26660.284316140000000000000001","7661.29444","-0.002500765572110712058980711","0.002500765572110712058980711"
"2025-08-01T13:30:00.0000000+00:00","23259.614320140000000000000001","26632.224300140000000000000001","7743.40502","-0.0010525025039966512879794777","0.0035506360140808082042966203"
"2025-08-01T20:00:00.0000000+00:00","24522.196753140000000000000001","26579.564573140000000000000001","6497.57678","-0.0019772936126751973508358246","0.0055209089768444290509878024"
"2025-08-04T13:30:00.0000000+00:00","24438.830083140000000000000001","26620.051823140000000000000001","6405.23326","0.0015232473010831194167526953","0.0040060713854598134770180102"
"2025-08-04T20:00:00.0000000+00:00","24438.830083140000000000000001","26663.836443140000000000000001","6386.26364","0.0016447984508407066228002625","0.0023678621146278684387072028"
"2025-08-05T13:30:00.0000000+00:00","24485.440759140000000000000001","26676.377639140000000000000001","6432.52312","0.0004703447692811874083209412","0.0018986310569066753396993012"
"2025-08-05T20:00:00.0000000+00:00","24485.440759140000000000000001","26649.262739140000000000000001","6443.885020","-0.0010164386022267353536353293","0.002913139817235784203023768"
"2025-08-06T13:30:00.0000000+00:00","24485.440759140000000000000001","26655.933359140000000000000001","6430.13740","0.0002503116151953728679050136","0.0026635573947733535775791064"
"2025-08-06T20:00:00.0000000+00:00","24485.440759140000000000000001","26683.555239140000000000000001","6407.18552","0.0010362375846249926370155621","0.0016300798884296309184623543"
"2025-08-07T13:30:00.0000000+00:00","24479.490392140000000000000001","26702.575552140000000000000001","4832.11484","0.0007128102994349345502550073","0.0009184315267280707581259496"
"2025-08-07T20:00:00.0000000+00:00","23267.668076140000000000000001","26698.068356140000000000000001","6067.14972","-0.000168792556777871710899264","0.0010870690591003206337419609"
"2025-08-08T13:30:00.0000000+00:00","23267.668076140000000000000001","26706.015876140000000000000001","6045.72220","0.0002976814612197303715461817","0.0007897111981865500030758524"
"2025-08-08T20:00:00.0000000+00:00","24478.825796140000000000000001","26740.982631140000000000000001","4839.099715","0.0013093212840946599540704455","0"
"2025-08-11T13:30:00.0000000+00:00","24522.077144140000000000000001","26728.634384140000000000000001","4870.35276","-0.0004617723727781195411902836","0.0004617723727781195411902836"
"2025-08-11T20:00:00.0000000+00:00","21899.252684140000000000000001","26722.310544140000000000000001","5923.206340","-0.0002365942048933253428618164","0.0006982573250040657406273991"
"2025-08-12T13:30:00.0000000+00:00","21899.252684140000000000000001","26730.257364140000000000000001","5901.72532","0.0002973852125127210358433824","0.0004010797638943296029941165"
"2025-08-12T20:00:00.0000000+00:00","21081.349136140000000000000001","26754.145056140000000000000001","6703.524880","0.0008936573888752210057305855","0"
"2025-08-13T13:30:00.0000000+00:00","21108.063792140000000000000001","26774.657712140000000000000001","6728.12608","0.0007667094559350310444907642","0"
"2025-08-13T20:00:00.0000000+00:00","21108.063792140000000000000001","26789.689319340000000000000001","6754.2894728","0.0005614117409681940196996851","0"
"2025-08-14T13:30:00.0000000+00:00","21080.329574140000000000000001","26761.890374140000000000000001","6785.99920","-0.0010376732954469687883261723","0.0010376732954469687883261723"
"2025-08-14T20:00:00.0000000+00:00","19890.651686140000000000000001","26770.677946140000000000000001","7959.03874","0.0003283614078507483166069745","0.0007096526194604025638937072"
"2025-08-15T13:30:00.0000000+00:00","19890.651686140000000000000001","26775.267806140000000000000001","7954.09388","0.0001714510185074263661461986","0.0005383232716173691468276969"
"2025-08-15T20:00:00.0000000+00:00","21080.393690140000000000000001","26769.705330140000000000000001","6763.556760","-0.0002077467923112401025250991","0.000745958228995704248470813"
"2025-08-18T13:30:00.0000000+00:00","21030.823778140000000000000001","26773.263058140000000000000001","6814.30072","0.0001329012761300123665329042","0.0006131560916662650950257356"
"2025-08-18T20:00:00.0000000+00:00","21849.390032140000000000000001","26775.799779340000000000000001","5960.1402528","0.0000947483014861256826109187","0.0005184658856783706622151945"
"2025-08-19T13:30:00.0000000+00:00","21788.567608140000000000000001","26786.249918140000000000000001","6068.422790","0.0003902829751536776229808448","0.0001283852589330712802344595"
"2025-08-19T20:00:00.0000000+00:00","21788.567608140000000000000001","26765.396268140000000000000001","6095.556340","-0.0007785206986319363251672148","0.0009068060069835289887045666"
"2025-08-20T13:30:00.0000000+00:00","21416.741596140000000000000001","26759.481576140000000000000001","6466.475020","-0.0002209827921374925338766799","0.0011275884105976712517916749"
"2025-08-20T20:00:00.0000000+00:00","18811.020556140000000000000000","26771.667686140000000000000001","9073.950170","0.0004553940989225181103766705","0.0006727078087833527422854418"
"2025-08-21T13:30:00.0000000+00:00","15867.391948139999999999999999","26751.135648140000000000000001","12018.74530","-0.0007669316024951882997779518","0.0014391234904007397986377428"
"2025-08-21T20:00:00.0000000+00:00","14677.624042139999999999999999","26730.570962140000000000000001","13188.78308","-0.0007687406721901115869177542","0.0022067578498314761412428643"
"2025-08-22T13:30:00.0000000+00:00","14677.624042139999999999999999","26764.384202140000000000000001","13215.91984","0.0012649651235617667717628812","0.0009445841979858923414596242"
"2025-08-22T20:00:00.0000000+00:00","15056.569096139999999999999999","26866.768616140000000000000001","12804.16048","0.0038253977086389922957208392","0"
"2025-08-25T13:30:00.0000000+00:00","15064.047803139999999999999999","26825.429443140000000000000001","12869.82836","-0.0015386730570629851205478957","0.0015386730570629851205478957"
"2025-08-25T20:00:00.0000000+00:00","13967.328503139999999999999999","26844.472283140000000000000001","13973.70122","0.0007098801545885327051298086","0.000829885175942061497499745"
"2025-08-26T13:30:00.0000000+00:00","13967.328503139999999999999999","26841.662423140000000000000001","13981.86608","-0.0001046718285374813282934951","0.000934470138880700820807512"
"2025-08-26T20:00:00.0000000+00:00","13967.328503139999999999999999","26842.630364740000000000000001","13959.3115384","0.0000360611643474639878117118","0.0008984426726144928074454807"
"2025-08-27T13:30:00.0000000+00:00","13967.328503139999999999999999","26794.487103140000000000000001","13917.771400","-0.0017935374047112807875237056","0.0026903686867864507306348217"
"2025-08-27T20:00:00.0000000+00:00","13967.328503139999999999999999","26854.329383140000000000000001","13976.699120","0.0022333803132580651568571983","0.0004629969899888603864917269"
"2025-08-28T13:30:00.0000000+00:00","13967.328503139999999999999999","26860.518858140000000000000001","13962.310995","0.0002304833202755734715850387","0.000232620382796817143899448"
"2025-08-28T20:00:00.0000000+00:00","13835.735701399999999999999999","26929.821521400000000000000001","14162.749180","0.0025800939894725092000854546","0"
"2025-08-29T13:30:00.0000000+00:00","13835.735701399999999999999999","26888.292661400000000000000001","14120.76304","-0.0015421141936272676837600454","0.0015421141936272676837600454"
"2025-08-29T20:00:00.0000000+00:00","25085.765245400000000000000001","26864.811407000000000000000001","6384.2238384","-0.0008732891558305954254604266","0.002414056637855515973245198"
"2025-09-02T13:30:00.0000000+00:00","24984.928960400000000000000001","26800.813260400000000000000001","6560.552300","-0.0023822295131885568870094544","0.0047905353140748647100686462"
"2025-09-02T20:00:00.0000000+00:00","23795.791180400000000000000001","26818.378820400000000000000001","5375.72236","0.000655411454470834793548786","0.0041382636313219216209699302"
"2025-09-03T13:30:00.0000000+00:00","23795.791180400000000000000001","26831.865305400000000000000001","5382.294125","0.0005028821872611182365681697","0.0036374625031271856901494214"
"2025-09-03T20:00:00.0000000+00:00","23795.791180400000000000000001","26852.207820400000000000000001","5376.983360","0.0007581476266544168591986092","0.0028820726100365591411446093"
"2025-09-04T13:30:00.0000000+00:00","23782.175248400000000000000001","26866.562188400000000000000001","6968.32806","0.0005345693767904918683622717","0.0023490439010050794625018699"
"2025-09-04T20:00:00.0000000+00:00","22587.346330400000000000000001","26873.063810400000000000000001","8136.732520","0.0002419967971491031646367319","0.0021076155649563821620553044"
"2025-09-05T13:30:00.0000000+00:00","22587.346330400000000000000001","26881.324790400000000000000001","8139.49654","0.0003074074492690692948677359","0.0018008560124121758970581901"
"2025-09-05T20:00:00.0000000+00:00","23797.079335400000000000000001","26873.372740400000000000000001","6974.761245","-0.0002958206138277782311066258","0.0020961438959089469132778521"
"2025-09-08T13:30:00.0000000+00:00","23797.079335400000000000000001","26873.793035400000000000000001","6979.611300","0.0000156398307000799657616764","0.0020805368485445219694882578"
"2025-09-08T20:00:00.0000000+00:00","23797.079335400000000000000001","26880.976575400000000000000001","6987.932760","0.0002673065164466121071108173","0.0018137864731552331111618401"
"2025-09-09T13:30:00.0000000+00:00","23831.212507400000000000000001","26878.997867400000000000000001","7017.95464","-0.0000736099744906889049734505","0.0018872629348699015028296459"
"2025-09-09T20:00:00.0000000+00:00","23831.212507400000000000000001","26880.512067400000000000000001","6999.250440","0.0000563339454644061199223368","0.001831035306372745338977581"
"2025-09-10T13:30:00.0000000+00:00","23831.212507400000000000000001","26909.948827400000000000000001","7012.526880","0.0010950966977931998679466496","0.0007379437692970970244656885"
"2025-09-10T20:00:00.0000000+00:00","21228.522073400000000000000001","26892.023073400000000000000001","6747.699000","-0.0006661385391319586616153031","0.001403590735644614586740029"
"2025-09-11T13:30:00.0000000+00:00","21228.522073400000000000000001","26901.261213400000000000000001","6732.08586","0.0003435271483586455102494676","0.00106054575880884768439667"
"2025-09-11T20:00:00.0000000+00:00","19190.279506400000000000000001","26921.050624800000000000000001","8778.3938816","0.0007356313610360595198457388","0.0003256945684927817376826828"
"2025-09-12T13:30:00.0000000+00:00","19240.839392400000000000000001","26922.376922400000000000000001","8728.21497","0.0000492661901827188900075308","0.0002764444240406156916239056"
"2025-09-12T20:00:00.0000000+00:00","20467.144082400000000000000001","26921.070142400000000000000001","7499.62894","-0.0000485388048672898109146042","0.0003249698106259503447731602"
"2025-09-15T13:30:00.0000000+00:00","20582.092550400000000000000001","26946.417150400000000000000001","7434.68540","0.0009415304765347759261221009","0"
"2025-09-15T20:00:00.0000000+00:00","20582.092550400000000000000001","26942.564630400000000000000001","7465.32792","-0.0001429696563553278227735693","0.0001429696563553278227735693"
"2025-09-16T13:30:00.0000000+00:00","20582.092550400000000000000001","26945.977350400000000000000001","7469.75520","0.0001266664865359305405287109","0.0000163212792834490609927569"
"2025-09-16T20:00:00.0000000+00:00","20582.092550400000000000000001","26938.530350400000000000000001","7487.672200","-0.0002763677822170162585367568","0.0002926845508247068081802525"
"2025-09-17T13:30:00.0000000+00:00","20516.659252400000000000000001","26945.426912400000000000000001","7547.82734","0.0002560110707708891614308738","0.0000367484105390723766697262"
"2025-09-17T20:00:00.0000000+00:00","21331.536244400000000000000001","26951.831643600000000000000001","6689.4996008","0.0002376926971994869583872268","0"
"2025-09-18T13:30:00.0000000+00:00","21410.754708400000000000000001","26964.761088400000000000000001","6597.98862","0.0004797241601600102984104261","0"
"2025-09-18T20:00:00.0000000+00:00","20183.279262400000000000000001","26952.721952400000000000000001","7836.759810","-0.0004464766426274449379222708","0.0004464766426274449379222708"
"2025-09-19T13:30:00.0000000+00:00","20183.279262400000000000000001","26964.582622400000000000000001","7834.41664","0.0004400546267997199034541546","0.0000066184899400712466651457"
"2025-09-19T20:00:00.0000000+00:00","18841.084916400000000000000000","26974.928416400000000000000001","9199.131500","0.0003836808507247410143024354","0"
"2025-09-22T13:30:00.0000000+00:00","16087.114232399999999999999999","26964.298532400000000000000001","11957.69070","-0.000394065327474134412509662","0.000394065327474134412509662"
"2025-09-22T20:00:00.0000000+00:00","16087.114232399999999999999999","26966.228672400000000000000001","11971.79556","0.0000715813169654966299352423","0.0003225122182237488208172786"
"2025-09-23T13:30:00.0000000+00:00","16087.114232399999999999999999","26991.265072400000000000000001","11991.75916","0.0009284353516450305750541545","0"
"2025-09-23T20:00:00.0000000+00:00","15290.099861399999999999999999","27003.306201400000000000000001","12826.1786600","0.0004461120650588805856167559","0"
"2025-09-24T13:30:00.0000000+00:00","15295.598061399999999999999999","26995.034701400000000000000001","12802.26336","-0.0003063143430774102735498228","0.0003063143430774102735498228"
"2025-09-24T20:00:00.0000000+00:00","15295.598061399999999999999999","26970.365661400000000000000001","12770.4924000","-0.0009138362025784182198658265","0.0012198706245197553300222305"
"2025-09-25T13:30:00.0000000+00:00","15219.278553399999999999999999","26921.940913400000000000000001","12831.86764","-0.0017954798465823369268618484","0.003013160217980329227049521"
"2025-09-25T20:00:00.0000000+00:00","13958.306409399999999999999999","26945.973629400000000000000001","14104.697780","0.0008926814035179042084911524","0.0021231686065548360130369232"
"2025-09-26T13:30:00.0000000+00:00","13958.306409399999999999999999","26966.867389400000000000000001","14108.34402","0.0007753945093007662349434452","0.0013494203905339121567733259"
"2025-09-26T20:00:00.0000000+00:00","15225.742871399999999999999999","26989.512851400000000000000001","12812.82502","0.0008397513019588387118617897","0.0005108022661049141022388259"
"2025-09-29T13:30:00.0000000+00:00","15306.890853399999999999999999","27045.801043400000000000000001","12780.86331","0.0020855579094707601929443842","0"
"2025-09-29T20:00:00.0000000+00:00","15306.890853399999999999999999","27056.983873400000000000000001","12818.931980","0.0004134774925710307793219829","0"
"2025-09-30T13:30:00.0000000+00:00","15230.578739399999999999999999","27056.469879400000000000000001","12903.35386","-0.0000189967219703787015378338","0.0000189967219703787015378338"
"2025-09-30T20:00:00.0000000+00:00","24159.072683400000000000000001","27061.677583400000000000000001","7180.50010","0.0001924753681175899662809432","0"
"2025-10-01T13:30:00.0000000+00:00","24230.872859400000000000000001","27041.928779400000000000000001","5676.50408","-0.0007297701311804181784205035","0.0007297701311804181784205035"
"2025-10-01T20:00:00.0000000+00:00","24230.872859400000000000000001","27060.753719400000000000000001","5668.494140","0.0006961389534588399049868108","0.0000341391991369637300561735"
"2025-10-02T13:30:00.0000000+00:00","24230.872859400000000000000001","27069.302179400000000000000001","5670.64068","0.0003158988137818039788238789","0"
"2025-10-02T20:00:00.0000000+00:00","23009.508635400000000000000001","27049.341615400000000000000001","6904.852020","-0.0007373874608112425481256623","0.0007373874608112425481256623"
"2025-10-03T13:30:00.0000000+00:00","23009.508635400000000000000001","27064.296915400000000000000001","6911.66172","0.0005528896123477364036781161","0.0001849055423308641540089571"
"2025-10-03T20:00:00.0000000+00:00","24240.142459400000000000000001","27070.624489400000000000000001","5681.355470","0.0002337978340903994943614385","0"
"2025-10-06T13:30:00.0000000+00:00","24240.142459400000000000000001","27093.966259400000000000000001","5683.1662","0.0008622545818675109829030954","0"
"2025-10-06T20:00:00.0000000+00:00","24240.142459400000000000000001","27106.547065000000000000000001","5698.0703944","0.0004643397529748973656463444","0"
"2025-10-07T13:30:00.0000000+00:00","24397.810919400000000000000001","27111.461404400000000000000001","5546.163765","0.0001812971378543968008711773","0"
"2025-10-07T20:00:00.0000000+00:00","24397.810919400000000000000001","27083.824919400000000000000001","5560.26600","-0.001019365374214567140724325","0.001019365374214567140724325"
"2025-10-08T13:30:00.0000000+00:00","24338.212339400000000000000001","27096.393089400000000000000001","7064.287150","0.0004640470848339256008933156","0.0005557913229109264533852064"
"2025-10-08T20:00:00.0000000+00:00","24338.212339400000000000000001","27129.267679400000000000000001","7065.939660","0.0012132459804349534400802041","0"
"2025-10-09T13:30:00.0000000+00:00","24404.553667400000000000000001","27138.372467400000000000000001","5572.36120","0.0003356075846792398397245474","0"
"2025-10-09T20:00:00.0000000+00:00","20637.700447400000000000000001","27111.328952400000000000000001","7537.901945","-0.0009965046736861634706417612","0.0009965046736861634706417612"
"2025-10-10T13:30:00.0000000+00:00","20637.700447400000000000000001","27141.618947400000000000000001","7569.20650","0.0011172449367266672536853269","0"
"2025-10-10T20:00:00.0000000+00:00","21047.560978400000000000000001","27023.491196800000000000000001","7244.0997816","-0.0043522735629340898717328958","0.0043522735629340898717328958"
"2025-10-13T13:30:00.0000000+00:00","20828.958428400000000000000001","27092.356428400000000000000001","7292.14200","0.0025483469585215810408415719","0.0018150177075092658037454354"
"2025-10-13T20:00:00.0000000+00:00","20828.958428400000000000000001","27120.247908400000000000000001","7283.356520","0.0010294962741137683326493143","0.000787389987362828773599865"
"2025-10-14T13:30:00.0000000+00:00","20877.188780400000000000000001","27070.239100400000000000000001","7368.36968","-0.0018439657398747703845676104","0.0026299038070769816735047838"
"2025-10-14T20:00:00.0000000+00:00","20877.188780400000000000000001","27110.381100400000000000000001","7384.14768","0.001482883097231558873120828","0.0011509205497482821830473577"
"2025-10-15T13:30:00.0000000+00:00","20877.188780400000000000000001","27159.795980400000000000000001","7388.73280","0.0018227290799416651641250198","0"
"2025-10-15T20:00:00.0000000+00:00","20877.188780400000000000000001","27124.044840400000000000000001","7414.378940","-0.0013163257936768002806819788","0.0013163257936768002806819788"
"2025-10-16T13:30:00.0000000+00:00","20853.504044400000000000000001","27144.912024400000000000000001","7397.92702","0.0007693241964015375194107438","0.0005480142785586857817249526"
"2025-10-16T20:00:00.0000000+00:00","20365.000102400000000000000001","27051.379442400000000000000001","7968.59566","-0.0034456763726449176371418706","0.0039918023713521017049797132"
"2025-10-17T13:30:00.0000000+00:00","20238.684844400000000000000001","27068.415824400000000000000001","7916.35402","0.0006297786786169352985615936","0.0033645376447578964818901722"
"2025-10-17T20:00:00.0000000+00:00","21493.033924400000000000000001","27072.489904400000000000000001","6564.25902","0.0001505104704475370339582303","0.0032145335724541104071658183"
"2025-10-20T13:30:00.0000000+00:00","22269.991910400000000000000001","27124.274170400000000000000001","5890.18274","0.0019128002700477017746265781","0.0013078820630918762584446796"
"2025-10-20T20:00:00.0000000+00:00","22269.991910400000000000000001","27174.111770400000000000000001","5857.273540","0.0018373800414680385891193336","0"
"2025-10-21T13:30:00.0000000+00:00","18772.049980400000000000000000","27141.239160400000000000000001","9466.435820","-0.0012097032012581627325623065","0.0012097032012581627325623065"
"2025-10-21T20:00:00.0000000+00:00","18772.049980400000000000000000","27146.321860400000000000000001","9443.61812","0.0001872685314757416767632102","0.0010226612091244421755151345"
"2025-10-22T13:30:00.0000000+00:00","18729.775214800000000000000000","27143.993574800000000000000001","9492.69564","-0.0000857679950887347506740461","0.0011083414926116153014908775"
"2025-10-22T20:00:00.0000000+00:00","15352.904975799999999999999999","27105.884415800000000000000001","12845.660560","-0.0014039628654856396742680532","0.0025107482877993513414065221"
"2025-10-23T13:30:00.0000000+00:00","15352.904975799999999999999999","27091.932145800000000000000001","12840.83933","-0.0005147321439866847556175065","0.003024188068936846239093292"
"2025-10-23T20:00:00.0000000+00:00","14130.010445799999999999999999","27146.181700200000000000000001","14073.8703456","0.0020024247110928256103206676","0.0010278190667642518632834158"
"2025-10-24T13:30:00.0000000+00:00","14180.287241799999999999999999","27196.660401800000000000000001","14033.97684","0.001859513877770445234456156","0"
"2025-10-24T20:00:00.0000000+00:00","15398.643521799999999999999999","27179.629501800000000000000001","12817.359020","-0.000626212915423719331077771","0.000626212915423719331077771"
"2025-10-27T13:30:00.0000000+00:00","15427.917665799999999999999999","27224.442385800000000000000001","12845.29528","0.0016487672871711595216223206","0"
"2025-10-27T20:00:00.0000000+00:00","15427.917665799999999999999999","27260.721945800000000000000001","12879.42572","0.00133260984691179790063019","0"
"2025-10-28T13:30:00.0000000+00:00","15355.545395799999999999999999","27263.942645800000000000000001","12995.09325","0.000118144339918928897906884","0"
"2025-10-28T20:00:00.0000000+00:00","15355.545395799999999999999999","27252.763745800000000000000001","13028.496750","-0.000410025070300025198125925","0.000410025070300025198125925"
"2025-10-29T13:30:00.0000000+00:00","15355.545395799999999999999999","27276.273555800000000000000001","13038.63184","0.0008626578287357429163744951","0"
"2025-10-29T20:00:00.0000000+00:00","15355.545395799999999999999999","27186.656915800000000000000001","12991.36848","-0.0032855162497424068307708419","0.0032855162497424068307708419"
"2025-10-30T13:30:00.0000000+00:00","15334.871261799999999999999999","27141.841131800000000000000001","12917.527630","-0.0016484477712283383108642628","0.004928548019031522782539962"
"2025-10-30T20:00:00.0000000+00:00","14060.536445799999999999999999","27119.571485800000000000000001","14194.84496","-0.0008204913547264255010209926","0.0057449955427169788687003956"
"2025-10-31T13:30:00.0000000+00:00","14060.536445799999999999999999","27176.623565800000000000000001","14213.21288","0.0021037235057299070444886889","0.0036533579191505990769375652"
"2025-10-31T20:00:00.0000000+00:00","24245.738997800000000000000001","27123.781387400000000000000001","5282.8126104","-0.0019443982168005012592725883","0.0055906525533277699215147714"
"2025-11-03T14:30:00.0000000+00:00","24243.463122800000000000000001","27135.426182800000000000000001","5272.78194","0.0004293205004745185826478801","0.0051637322346054251622391628"
"2025-11-03T21:00:00.0000000+00:00","25300.571658800000000000000001","27148.782218800000000000000001","6345.06944","0.0004921992346840613410584963","0.0046740745849753500293350361"
"2025-11-04T14:30:00.0000000+00:00","25300.571658800000000000000001","27109.508578800000000000000001","6354.53308","-0.0014466077956455731352054246","0.0061139208278888689763211647"
"2025-11-04T21:00:00.0000000+00:00","25267.815108800000000000000001","27077.388208800000000000000001","6352.12190","-0.001184837781423989402972379","0.0072915146049233406112194026"
"2025-11-05T14:30:00.0000000+00:00","25170.979370800000000000000001","27091.237910800000000000000001","7799.07646","0.0005114858897468894053166979","0.0067837582220117528595592133"
"2025-11-05T21:00:00.0000000+00:00","25170.979370800000000000000001","27157.767470800000000000000001","7719.856900","0.002455759320377080271401239","0.00434465817911556260078385"
"2025-11-06T14:30:00.0000000+00:00","25235.999714800000000000000001","27113.899534800000000000000001","6265.19518","-0.0016152997865957411178439333","0.0059529400402817469091691914"
"2025-11-06T21:00:00.0000000+00:00","24054.063374800000000000000001","27035.872574800000000000000001","7510.490800","-0.0028777476253408102599974527","0.0088135566065578401446250537"
"2025-11-07T14:30:00.0000000+00:00","23972.871244800000000000000001","27043.689204800000000000000001","9014.822040","0.0002891206850592216973049498","0.008526984103022514679336372"
"2025-11-07T21:00:00.0000000+00:00","25095.890398800000000000000001","27089.262658800000000000000001","7756.472740","0.0016851788842445039397814992","0.0068561747123347128430767137"
"2025-11-10T14:30:00.0000000+00:00","25095.890398800000000000000001","27147.911998800000000000000001","7720.91840","0.002165040102372356270063455","0.0047059785031634324800079625"
"2025-11-10T21:00:00.0000000+00:00","25095.890398800000000000000001","27158.333078800000000000000001","7770.497320","0.0003838630389129239717108081","0.0043239219154597917166853317"
"2025-11-11T14:30:00.0000000+00:00","25227.956082800000000000000001","27140.422832800000000000000001","6292.072350","-0.0006594751580678150438856529","0.0049805455544389360248315214"
"2025-11-11T21:00:00.0000000+00:00","22708.852362800000000000000001","27114.562582800000000000000001","7608.56478","-0.0009528315074276266085425113","0.0059286314411381146176178797"
"2025-11-12T14:30:00.0000000+00:00","22708.852362800000000000000001","27113.597662800000000000000001","7613.55970","-0.0000355867809799038629099754","0.0059640072412094121266424024"
"2025-11-12T21:00:00.0000000+00:00","21884.507526800000000000000001","27109.392226800000000000000001","8388.23030","-0.0001551043152701893385417843","0.0061181865132201872283731703"
"2025-11-13T14:30:00.0000000+00:00","21884.507526800000000000000001","27086.003906800000000000000001","8407.67862","-0.0008627386333242323532030561","0.006975646750673581246808299"
"2025-11-13T21:00:00.0000000+00:00","20648.110296800000000000000001","26994.446736800000000000000001","9668.143560","-0.0033802391196220116466338662","0.0103323065162643018809901563"
"2025-11-14T14:30:00.0000000+00:00","20540.721552800000000000000001","26953.900572800000000000000001","9585.43598","-0.001502018707600541838862734","0.011818805906184751756316377"
"2025-11-14T21:00:00.0000000+00:00","21719.036835800000000000000001","27001.622375800000000000000001","8319.25946","0.0017704971075005567588987526","0.010069233960355205596988149"
"2025-11-17T14:30:00.0000000+00:00","21689.501991800000000000000001","26986.953691800000000000000001","8344.05330","-0.0005432519496734647019616809","0.0106070157790479890711288773"
"2025-11-17T21:00:00.0000000+00:00","21689.501991800000000000000001","26988.186451800000000000000001","8299.37054","0.0000456798501260471933530455","0.010561820455813013407628203"
"2025-11-18T14:30:00.0000000+00:00","21592.176699800000000000000001","26989.496939800000000000000001","8380.13976","0.0000485578385320735729036831","0.010513775476453237954734151"
"2025-11-18T21:00:00.0000000+00:00","19837.214575800000000000000000","26936.300615800000000000000001","10278.203960","-0.0019710009459848124234507115","0.012464053761028089124221189"
"2025-11-19T14:30:00.0000000+00:00","19765.880311800000000000000000","26905.589591800000000000000001","10376.53072","-0.0011401351818143083882622667","0.0135899782366414244378143707"
"2025-11-19T21:00:00.0000000+00:00","19765.880311800000000000000000","26889.101451800000000000000001","10345.463860","-0.0006128146697452443224626828","0.0141944647683617362879652572"
"2025-11-20T14:30:00.0000000+00:00","20597.863881800000000000000000","26999.616369800000000000000001","9450.697512","0.0041100264431707870402747349","0.0101427779507355720842495247"
"2025-11-20T21:00:00.0000000+00:00","18226.408485560000000000000000","26919.463729400000000000000001","11881.75475616","-0.0029686584913722509938860457","0.0130813259982182686831989937"
"2025-11-21T14:30:00.0000000+00:00","14419.187193559999999999999999","26917.344009560000000000000001","15663.923184","-0.0000787430188546050137571876","0.0131590389539731527610726618"
"2025-11-21T21:00:00.0000000+00:00","15626.745633559999999999999999","26962.540033560000000000000001","14488.9756000","0.0016790669979901478949488548","0.01150206686401588798366879"
"2025-11-24T14:30:00.0000000+00:00","15626.745633559999999999999999","27060.350233560000000000000001","14465.06540","0.0036276330003870791293034567","0.0079161591409573716121661071"
"2025-11-24T21:00:00.0000000+00:00","14829.576231559999999999999999","27154.393361560000000000000001","15294.647370","0.0034753108214899808957681649","0.0044683594329945967010083509"
"2025-11-25T14:30:00.0000000+00:00","14957.841523559999999999999999","27245.246843560000000000000001","15151.984680","0.0033458115152965631943742809","0.0011374982061434308501561461"
"2025-11-25T21:00:00.0000000+00:00","16060.835880559999999999999999","27294.992096560000000000000001","14103.773784","0.0018258323474047863257765574","0"
"2025-11-26T14:30:00.0000000+00:00","16060.835880559999999999999999","27273.169812560000000000000001","14154.981068","-0.00079949772188247939310727","0.00079949772188247939310727"
"2025-11-26T21:00:00.0000000+00:00","17247.118576559999999999999999","27318.717420560000000000000001","15384.426156","0.0016700518609693893603164701","0"
"2025-11-28T14:30:00.0000000+00:00","17247.118576559999999999999999","27250.834644560000000000000001","15447.208932","-0.0024848449125547742075868409","0.0024848449125547742075868409"
"2025-11-28T18:00:00.0000000+00:00","25220.802965560000000000000001","27254.695124280000000000000001","6296.99284128","0.0001416646414817483636106064","0.0023435322857367006624276378"
"2025-12-01T14:30:00.0000000+00:00","25318.249199560000000000000001","27203.505103560000000000000001","6339.364096","-0.0018782092584993577566617355","0.0042173399001993955855299571"
"2025-12-01T21:00:00.0000000+00:00","25242.514055560000000000000001","27179.646931720000000000000001","6267.14712384","-0.0008770256534654348153710182","0.0050906668383829721743395644"
"2025-12-02T14:30:00.0000000+00:00","25242.514055560000000000000001","27186.214207560000000000000001","6257.169848","0.0002416247663738288818837506","0.0048502721031946545762180585"
"2025-12-02T21:00:00.0000000+00:00","25169.379431560000000000000001","27228.223991560000000000000001","6141.5354400","0.0015452605382737634109662223","0.003312506499001847955736092"
"2025-12-03T14:30:00.0000000+00:00","25169.379431560000000000000001","27174.630959560000000000000001","6205.778472","-0.0019682896694478628062608844","0.0052742761961277465173973919"
"2025-12-03T21:00:00.0000000+00:00","25169.379431560000000000000001","27167.718535560000000000000001","6213.083696","-0.0002543704829068973311451746","0.0055273050588516504801213715"
"2025-12-04T14:30:00.0000000+00:00","25169.379431560000000000000001","27197.872215560000000000000001","6178.447216","0.0011099084363867969259945586","0.004423531424980156422073021"
"2025-12-04T21:00:00.0000000+00:00","23879.156438560000000000000001","27149.491474560000000000000001","7436.639964","-0.0017788428674328870838191628","0.0061945055250888523194054929"
"2025-12-05T14:30:00.0000000+00:00","23879.156438560000000000000001","27068.382654560000000000000001","7533.423784","-0.0029874894738268572070366492","0.0091634889788639442712108185"
"2025-12-05T21:00:00.0000000+00:00","25126.606898560000000000000001","27067.135474560000000000000001","6263.551424","-0.000046075157718737853028044","0.0092091419273827270519300123"
"2025-12-08T14:30:00.0000000+00:00","25171.267964560000000000000001","27192.514012560000000000000001","6185.793952","0.0046321317642881505537773123","0.0046196681219382438288610763"
"2025-12-08T21:00:00.0000000+00:00","25061.521019560000000000000001","27234.507867560000000000000001","6019.375952","0.0015443167549937965116898686","0.0030824855978276672721342021"
"2025-12-09T14:30:00.0000000+00:00","25061.521019560000000000000001","27272.198199560000000000000001","5977.737820","0.0013839182328274896963687662","0.0017028332730214394291687795"
"2025-12-09T21:00:00.0000000+00:00","22728.742375560000000000000001","27324.304747560000000000000001","7471.522628","0.0019106104912672814403408671","0"
"2025-12-10T14:30:00.0000000+00:00","22732.272675560000000000000001","27292.575227560000000000000001","7486.2774480","-0.0011612196648053186415337787","0.0011612196648053186415337787"
"2025-12-10T21:00:00.0000000+00:00","22038.434247560000000000000001","27355.631195560000000000000001","8350.648052","0.0023103707683958742604475706","0"
"2025-12-11T14:30:00.0000000+00:00","21983.843331560000000000000001","27422.832507560000000000000001","8341.700824","0.002456580567254731001001761","0"
"2025-12-11T21:00:00.0000000+00:00","20714.139441560000000000000001","27476.593107560000000000000001","9580.084834","0.0019604320591309863280158876","0"
"2025-12-12T14:30:00.0000000+00:00","20800.052255560000000000000001","27545.136999560000000000000001","9443.685256","0.0024946284909369134490155162","0"
"2025-12-12T21:00:00.0000000+00:00","22157.610689560000000000000001","27528.807853560000000000000001","8186.567836","-0.0005928141145299381960014638","0.0005928141145299381960014638"
"2025-12-15T14:30:00.0000000+00:00","22157.610689560000000000000001","27588.750185560000000000000001","8177.210504","0.0021774401680909808450566852","0"
"2025-12-15T21:00:00.0000000+00:00","22235.895029560000000000000001","27568.107998360000000000000001","8238.3720312","-0.0007482103053296033978719149","0.0007482103053296033978719149"
"2025-12-16T14:30:00.0000000+00:00","22150.078933560000000000000001","27610.270741560000000000000001","8281.308192","0.0015294028593659100831061781","0"
"2025-12-16T21:00:00.0000000+00:00","22982.642387560000000000000001","27600.035579400000000000000001","7547.95180816","-0.0003707012602594170010661514","0.0003707012602594170010661514"
"2025-12-17T14:30:00.0000000+00:00","22982.642387560000000000000001","27566.179219560000000000000001","7586.583168","-0.0012266781230263909273487913","0.001596924652159669389124973"
"2025-12-17T21:00:00.0000000+00:00","22982.642387560000000000000001","27520.486047560000000000000001","7603.9913400","-0.0016575808941841935682460184","0.0032518585145509913503043199"
"2025-12-18T14:30:00.0000000+00:00","22982.642387560000000000000001","27553.313147560000000000000001","7590.319240","0.0011928241362913897697148772","0.0020629132735835626685785133"
"2025-12-18T21:00:00.0000000+00:00","20677.197590800000000000000001","27664.332422800000000000000001","9789.182768","0.0040292532025257143282662812","0"
"2025-12-19T14:30:00.0000000+00:00","17743.047880800000000000000000","27668.661740800000000000000001","12794.678340","0.0001564945769821621881902598","0"
"2025-12-19T21:00:00.0000000+00:00","16503.720824799999999999999999","27689.855884800000000000000001","14213.249940","0.0007659981606102500811270462","0"
"2025-12-22T14:30:00.0000000+00:00","16599.556914799999999999999999","27817.243590800000000000000001","14124.378324","0.0046005189239691163450341599","0"
"2025-12-22T21:00:00.0000000+00:00","15807.098454799999999999999999","27835.656198800000000000000001","14905.622256","0.0006619134616950186914850964","0"
"2025-12-23T14:30:00.0000000+00:00","15754.918020799999999999999999","27755.066672800000000000000001","14972.786348","-0.0028951904501347530129417859","0.0028951904501347530129417859"
"2025-12-23T21:00:00.0000000+00:00","16966.475860759999999999999999","27728.925116760000000000000001","14069.290744","-0.0009418660869447219726874747","0.0038343296553792468376030272"
"2025-12-24T14:30:00.0000000+00:00","16966.475860759999999999999999","27784.614648760000000000000001","14046.306212","0.0020083552379150811804292854","0.001833675113511439695688357"
"2025-12-24T18:00:00.0000000+00:00","17984.324440759999999999999999","27834.696580760000000000000001","15080.102860","0.0018025059059883383095048806","0.0000344744177448695928818751"
"2025-12-26T14:30:00.0000000+00:00","17984.324440759999999999999999","27827.524848760000000000000001","15122.609592","-0.000257654398322318003053836","0.0002921199335818260293176847"
"2025-12-26T21:00:00.0000000+00:00","16875.302680759999999999999999","27804.793652760000000000000001","13982.5340280","-0.0008168601456127315822183081","0.0011087414580630755796472185"
"2025-12-29T14:30:00.0000000+00:00","16875.302680759999999999999999","27762.939712760000000000000001","14015.132968","-0.0015052778496647981106281347","0.002612350343770046290934002"
"2025-12-29T21:00:00.0000000+00:00","16875.302680759999999999999999","27798.851616760000000000000001","14007.8710640","0.0012935195037539447284143208","0.0013222099661364064397146739"
"2025-12-30T14:30:00.0000000+00:00","16906.478740759999999999999999","27719.190876760000000000000001","14076.577864","-0.0028656126194785806366741779","0.004184033644050426243332482"
"2025-12-30T21:00:00.0000000+00:00","16906.478740759999999999999999","27787.038868760000000000000001","14024.359872","0.0024476902050154833474796637","0.0017465846572029403635414756"
"2025-12-31T14:30:00.0000000+00:00","16906.478740759999999999999999","27854.589280760000000000000001","13934.104460","0.0024310043369156752965587023","0"
"2025-12-31T21:00:00.0000000+00:00","26821.365366760000000000000001","27826.938738760000000000000001","8757.781628","-0.0009926745543183815108372702","0.0009926745543183815108372702"
"2026-01-02T14:30:00.0000000+00:00","26821.365366760000000000000001","27910.307250760000000000000001","8712.493116","0.00299596419076728795776087","0"
"2026-01-02T21:00:00.0000000+00:00","25782.141660760000000000000001","27910.453764760000000000000001","7654.317896","0.0000052494585130735316978664","0"
"2026-01-05T14:30:00.0000000+00:00","25790.406096760000000000000001","28052.450616760000000000000001","5960.385480","0.0050875866511094331825266283","0"
"2026-01-05T21:00:00.0000000+00:00","25848.099555760000000000000001","28028.230301520000000000000001","6071.77425424","-0.0008633939177324321868266452","0.0008633939177324321868266452"
"2026-01-06T14:30:00.0000000+00:00","25848.099555760000000000000001","28056.042403760000000000000001","6035.097152","0.0009922889151689224149461637","0"
"2026-01-06T21:00:00.0000000+00:00","25941.405890760000000000000001","28077.743598760000000000000001","6142.447292","0.0007734945181395812479879619","0"
"2026-01-07T14:30:00.0000000+00:00","25941.405890760000000000000001","28032.921346760000000000000001","6181.224544","-0.0015963623231454926912538802","0.0015963623231454926912538802"
"2026-01-07T21:00:00.0000000+00:00","25941.405890760000000000000001","27998.849206760000000000000001","6206.471684","-0.0012154330823582895396965418","0.0028098551339248008649123341"
"2026-01-08T14:30:00.0000000+00:00","25929.659216760000000000000001","28029.323412760000000000000001","7738.100804","0.0010884092333567178747656738","0.0017245041728402415204874903"
"2026-01-08T21:00:00.0000000+00:00","24689.291192760000000000000001","28081.320220760000000000000001","8934.495972","0.001855086090887556047117241","0"
"2026-01-09T14:30:00.0000000+00:00","24703.673972760000000000000001","28170.370032760000000000000001","7284.03894","0.0031711405055011310723844287","0"
"2026-01-09T21:00:00.0000000+00:00","25999.557944120000000000000001","28229.610412120000000000000001","6020.9725320","0.0021029322401909502719113902","0"
"2026-01-12T14:30:00.0000000+00:00","25999.557944120000000000000001","28193.784528120000000000000001","6095.163416","-0.001269088856593594471218265","0.001269088856593594471218265"
"2026-01-12T21:00:00.0000000+00:00","22454.629295120000000000000001","28120.217303120000000000000001","8973.811992","-0.002609341960694397166342587","0.0038751193304826322971340227"
"2026-01-13T14:30:00.0000000+00:00","22458.143433120000000000000001","28149.817841120000000000000001","8972.795592","0.001052642576724176137878585","0.0028265558693556090615905212"
"2026-01-13T21:00:00.0000000+00:00","21524.241690120000000000000001","28075.925418120000000000000001","9713.296272","-0.0026249698458816042474473292","0.0054441060913124551720094955"
"2026-01-14T14:30:00.0000000+00:00","21524.241690120000000000000001","28176.974586120000000000000001","9639.4871040","0.0035991393514239639257695767","0.0018645608363550608074767005"
"2026-01-14T21:00:00.0000000+00:00","21524.241690120000000000000001","28173.500534120000000000000001","9611.616156","-0.0001232940033849950933690281","0.0019876249505699868106961816"
"2026-01-15T14:30:00.0000000+00:00","21543.571533120000000000000001","28234.748597120000000000000001","9529.9329360","0.0021739599921502294352039844","0"
"2026-01-15T21:00:00.0000000+00:00","21578.640547120000000000000001","28209.068271120000000000000001","9634.5672760","-0.0009095291184076434050846839","0.0009095291184076434050846839"
"2026-01-16T14:30:00.0000000+00:00","21712.663737120000000000000001","28224.365869120000000000000001","9485.602868","0.0005422936288775421909976168","0.0003677287213762922867874843"
"2026-01-16T21:00:00.0000000+00:00","24048.746427120000000000000001","28162.251523120000000000000001","9477.8249040","-0.0022007348646213055443525807","0.0025676543125797424107480687"
"2026-01-20T14:30:00.0000000+00:00","24033.207605120000000000000001","27705.112809120000000000000001","9867.679796","-0.0162323212554475174889356199","0.0187582965783525302628568574"
"2026-01-20T21:00:00.0000000+00:00","23646.805943120000000000000001","27638.775851120000000000000001","7942.775092","-0.0023943940765389385464608136","0.0211077759006783008719246576"
"2026-01-21T14:30:00.0000000+00:00","23599.734113120000000000000001","27424.740493120000000000000001","8166.948620","-0.0077440245238403600473969182","0.0286883412903000816134790814"
"2026-01-21T21:00:00.0000000+00:00","20573.929073120000000000000000","27489.930549120000000000000001","10359.443524","0.002377052793493310291094057","0.0263794821986115686091853964"
"2026-01-22T14:30:00.0000000+00:00","20623.834855120000000000000000","27399.412179120000000000000001","10482.357676","-0.0032927827823449211605397646","0.0295854030761657272506884405"
"2026-01-22T21:00:00.0000000+00:00","19175.580262120000000000000000","27584.909562120000000000000001","11444.05570","0.0067701227233393044272433215","0.0230155771624715249714643463"
"2026-01-23T14:30:00.0000000+00:00","16188.763018119999999999999999","27477.934958120000000000000001","14563.99306","-0.0038780117715846741766239994","0.0268043342548903191811696924"
"2026-01-23T21:00:00.0000000+00:00","17470.306658119999999999999999","27522.924726120000000000000001","13280.126932","0.0016373052803484084645003835","0.0252109158525536663590252247"
"2026-01-26T14:30:00.0000000+00:00","17566.222487119999999999999999","27540.550719120000000000000001","13280.441768","0.0006404113362004894740871494","0.0245866498726611488806832907"
"2026-01-26T21:00:00.0000000+00:00","16700.009279119999999999999999","27456.719915120000000000000001","14113.8843640","-0.0030439044177065256554020624","0.0275557148782036776785477237"
"2026-01-27T14:30:00.0000000+00:00","16700.009279119999999999999999","27512.973335120000000000000001","14038.265944","0.002048803359392616057025211","0.0255633677600239904083604659"
"2026-01-27T21:00:00.0000000+00:00","16575.184319119999999999999999","27445.241511120000000000000001","13962.792808","-0.0024618140385990594104346052","0.0279622495409975521679719489"
"2026-01-28T14:30:00.0000000+00:00","16594.965299119999999999999999","27482.931377120000000000000001","13905.391422","0.0013732750715539952965733449","0.0266273743296827809569902248"
"2026-01-28T21:00:00.0000000+00:00","16594.965299119999999999999999","27479.539167120000000000000001","13931.801132","-0.0001234297009097097828805176","0.0267475174217429671102019214"
"2026-01-29T14:30:00.0000000+00:00","16507.797869119999999999999999","27421.243993120000000000000001","14046.448876","-0.0021214028970963140188510441","0.028812178057890661466938831"
"2026-01-29T21:00:00.0000000+00:00","15333.092975119999999999999999","27411.475911120000000000000001","15276.807064","-0.0003562231532038012314117533","0.029158137646176011513025723"
"2026-01-30T14:30:00.0000000+00:00","15333.092975119999999999999999","27159.343331120000000000000001","15255.734644","-0.0091980665622502106801107217","0.038088005717525441557020744"
"2026-01-30T21:00:00.0000000+00:00","25293.335528120000000000000001","26918.867052120000000000000001","6059.1734760","-0.0088542744229185755002689601","0.0466050384855993550740708965"
"2026-02-02T14:30:00.0000000+00:00","25385.444297120000000000000001","27394.609981120000000000000001","5453.859316","0.0176732151497636221611526225","0.0297554842080547440935669483"
"2026-02-02T21:00:00.0000000+00:00","25244.296073120000000000000001","27604.317489120000000000000001","5109.828584","0.0076550645599454644140497115","0.0223281998007343764848012496"
"2026-02-03T14:30:00.0000000+00:00","25244.296073120000000000000001","27624.272325120000000000000001","5136.398748","0.0007228882223900309746692175","0.0216214523710074678273742982"
"2026-02-03T21:00:00.0000000+00:00","25749.395033120000000000000001","27569.695497120000000000000001","5692.339536","-0.0019756838246331224560516645","0.0235544190419261153556276826"
"2026-02-04T14:30:00.0000000+00:00","25729.849319120000000000000001","27486.822391120000000000000001","7376.126928","-0.0030059492680525664090846194","0.026489564921300200525721861"
"2026-02-04T21:00:00.0000000+00:00","25729.849319120000000000000001","27473.890391120000000000000001","7356.088928","-0.000470479992775660468335833","0.0269475821037630572867518858"
"2026-02-05T14:30:00.0000000+00:00","25729.849319120000000000000001","27409.471527120000000000000001","7389.707792","-0.0023447303269733217434514879","0.0292291276177390822434696145"
"2026-02-05T21:00:00.0000000+00:00","24495.559710560000000000000001","27367.607154560000000000000001","8441.8525560","-0.0015273688337470409536637819","0.0307118527929251736296183809"
"2026-02-06T14:30:00.0000000+00:00","24456.331866560000000000000001","27401.288934560000000000000001","8437.197932","0.001230717022857730197130835","0.0295189333701031971683961517"
"2026-02-06T21:00:00.0000000+00:00","25632.576570560000000000000001","27527.737426560000000000000001","7204.755144","0.0046146913855762553459477819","0.0250404627520613565061435223"
"2026-02-09T14:30:00.0000000+00:00","25645.759950560000000000000001","27680.779014560000000000000001","5464.090936","0.0055595411140596897735073076","0.0196201351201868320919329197"
"2026-02-09T21:00:00.0000000+00:00","24515.773998560000000000000001","27724.312450560000000000000001","6579.936548","0.0015726954785882851718788177","0.0180782961393913559719616949"
"2026-02-10T14:30:00.0000000+00:00","24551.226906560000000000000001","27700.536430560000000000000001","6638.455476","-0.0008575873628029232182755307","0.0189203797838841282892664498"
"2026-02-10T21:00:00.0000000+00:00","22131.692930760000000000000001","27698.603458760000000000000001","8628.859472","-0.0000697810240911974507386437","0.0189888405244978119164324239"
"2026-02-11T14:30:00.0000000+00:00","22143.638438760000000000000001","27752.944142760000000000000001","8604.604296","0.0019618564553590927506149899","0.0170642374485014895387339942"
"2026-02-11T21:00:00.0000000+00:00","21342.178178760000000000000001","27672.805398760000000000000001","9441.01778","-0.0028875763085807979934310853","0.0199025394693019973860008002"
"2026-02-12T14:30:00.0000000+00:00","21342.178178760000000000000001","27616.136934760000000000000001","9480.806244","-0.0020478033644734579809514755","0.0219095863464886529458203612"
"2026-02-12T21:00:00.0000000+00:00","21264.246970760000000000000001","27540.860194760000000000000001","9493.476776","-0.0027258244039647103472385621","0.0245756890653093325048444341"
"2026-02-13T14:30:00.0000000+00:00","21224.579038760000000000000001","27618.637042760000000000000001","9467.546996","0.0028240529689337022798297564","0.021821039144044108568221749"
"2026-02-13T21:00:00.0000000+00:00","23570.839692760000000000000001","27573.131436760000000000000001","9462.008256","-0.0016476412622949807271179466","0.0234327271618592082745215064"
"2026-02-17T14:30:00.0000000+00:00","23570.839692760000000000000001","27623.542592760000000000000001","9384.52210","0.0018282709787830902231124029","0.021647297558099887489960781"
"2026-02-17T21:00:00.0000000+00:00","22415.288628760000000000000001","27666.914896760000000000000001","8193.928732","0.0015701209884414925099547661","0.0201111654458974058824871042"
"2026-02-18T14:30:00.0000000+00:00","22415.288628760000000000000001","27691.136188760000000000000001","8196.742440","0.0008754605307596652968221374","0.0192533114467132013694123708"
"2026-02-18T21:00:00.0000000+00:00","20683.451483760000000000000000","27697.902655760000000000000001","10088.5438280","0.0002443549789317258120738505","0.0190136611102944031170742523"
"2026-02-19T14:30:00.0000000+00:00","20683.451483760000000000000000","27639.228527760000000000000001","10134.007956","-0.0021183599613741239942759726","0.0210917432932533431760242281"
"2026-02-19T21:00:00.0000000+00:00","19495.573955760000000000000000","27689.618939760000000000000001","11299.865016","0.0018231482817760055675178519","0.0193070483870220930302394698"
"2026-02-20T14:30:00.0000000+00:00","19495.573955760000000000000000","27674.765343760000000000000001","11325.343612","-0.0005364319397935616251406042","0.0198331234093977162388853508"
"2026-02-20T21:00:00.0000000+00:00","20705.891843760000000000000000","27709.480007760000000000000001","10127.116836","0.001254379705439032001112868","0.0186036219714589005151546359"
"2026-02-23T14:30:00.0000000+00:00","17759.462675759999999999999999","27693.521307760000000000000001","13094.591368","-0.0005759292486012292194171259","0.0191688368500368460914189304"
"2026-02-23T21:00:00.0000000+00:00","17759.462675759999999999999999","27708.397635760000000000000001","13053.16504","0.0005371771915416009228713424","0.0186419567204394671095058259"
"2026-02-24T14:30:00.0000000+00:00","17689.420903759999999999999999","27723.594571760000000000000001","13093.411332","0.0005484595753161520096959488","0.018103721504789269415835815"
"2026-02-24T21:00:00.0000000+00:00","16893.511753759999999999999999","27824.866237760000000000000001","13883.820516","0.0036529053163675263861425439","0.0145169473689526248667425202"
"2026-02-25T14:30:00.0000000+00:00","16893.511753759999999999999999","27836.920985760000000000000001","13920.610768","0.0004332365121540454811266349","0.0140900001284438282680483376"
"2026-02-25T21:00:00.0000000+00:00","16959.938465759999999999999999","27886.452073760000000000000001","13991.0791920","0.0017793306962841784518872149","0.0123357402018988379369338055"
"2026-02-26T14:30:00.0000000+00:00","17042.253749759999999999999999","27957.052645760000000000000001","13877.821104","0.0025317158243458379286203564","0.0098352549662271664180050195"
"2026-02-26T21:00:00.0000000+00:00","15807.986945759999999999999999","27916.292961760000000000000001","15128.483984","-0.0014579392368881081734631844","0.0112788549989952133803346921"
"2026-02-27T14:30:00.0000000+00:00","15742.023637759999999999999999","27832.352825760000000000000001","15227.975812","-0.003006851092836071959484427","0.014251792254351616989163936"
"2026-02-27T21:00:00.0000000+00:00","25952.551123760000000000000001","27890.740179760000000000000001","7240.9049440","0.0020978231472389238946096329","0.0121838668467935123218616268"
"2026-03-02T14:30:00.0000000+00:00","25948.943527760000000000000001","27756.566711760000000000000001","7334.466816","-0.0048106815070246215158598888","0.0169359356508942139004763561"
"2026-03-02T21:00:00.0000000+00:00","24864.146611760000000000000001","27813.667467760000000000000001","6242.3751440","0.0020571980891212799193905256","0.0149135781362314345179735913"
"2026-03-03T14:30:00.0000000+00:00","24933.847891760000000000000001","27706.308611760000000000000001","4758.779280","-0.003859931672960575844097114","0.0187159444165867982943460661"
"2026-03-03T21:00:00.0000000+00:00","24933.847891760000000000000001","27735.042599440000000000000001","4734.84529232","0.0010370918797823467357813088","0.0176982626907813514779958158"
"2026-03-04T14:30:00.0000000+00:00","24815.688657760000000000000001","27744.011261760000000000000001","6185.812396","0.0003233693363853382661967063","0.0173806164298575045686076912"
"2026-03-04T21:00:00.0000000+00:00","24815.688657760000000000000001","27774.017957760000000000000001","6169.415700","0.0010815557893518697271009077","0.0163178587468278514507780747"
"2026-03-05T14:30:00.0000000+00:00","25660.346019760000000000000001","27751.555327760000000000000001","3919.465692","-0.0008087641490749447075653823","0.0171134255967586927874634958"
"2026-03-05T21:00:00.0000000+00:00","24455.185035760000000000000001","27727.289875760000000000000001","5161.745160","-0.0008743816954910330425037087","0.0179728436261607723202232806"
"2026-03-06T14:30:00.0000000+00:00","23734.140855760000000000000001","27693.045855760000000000000001","5980.025000","-0.0012350294656794825897525116","0.0191856761003798966770008394"
"2026-03-06T21:00:00.0000000+00:00","24957.536127760000000000000001","27657.366419760000000000000001","4828.7211080","-0.0012883897345867022109733226","0.0204493472068277639970084225"
"2026-03-09T13:30:00.0000000+00:00","24808.246873760000000000000001","27643.107595760000000000000001","6177.281778","-0.0005155524854966915030125709","0.0209543569805451906203255569"
"2026-03-09T20:00:00.0000000+00:00","24808.246873760000000000000001","27768.827332160000000000000001","6130.7245416","0.0045479595940683365382135888","0.0165016969553440574013607787"
"2026-03-10T13:30:00.0000000+00:00","24808.246873760000000000000001","27778.565677760000000000000001","6141.626196","0.0003506934406524865725466207","0.0161567905515734450983753941"
"2026-03-10T20:00:00.0000000+00:00","22335.632449760000000000000001","27752.114041760000000000000001","6523.908408","-0.0009522318865144875768759437","0.0170936374269409884453368232"
"2026-03-11T13:30:00.0000000+00:00","22328.567899760000000000000001","27758.925859760000000000000001","6509.252040","0.0002454522199552046843952375","0.0168523808782393357994811148"
"2026-03-11T20:00:00.0000000+00:00","21520.549428380000000000000001","27761.287706380000000000000001","7268.808422","0.0000850842223482353511125224","0.0167687305276128417137571037"
"2026-03-12T13:30:00.0000000+00:00","21417.128748380000000000000001","27700.264048380000000000000001","7386.54970","-0.0021981566073383462268279922","0.0189300268391452395399312424"
"2026-03-12T20:00:00.0000000+00:00","20209.845740060000000000000001","27669.788280060000000000000001","8593.450060","-0.0011001977550384513523495561","0.0200093978211524456684880503"
"2026-03-13T13:30:00.0000000+00:00","20193.339554060000000000000001","27720.385346060000000000000001","8617.754208","0.0018286032942457441818324334","0.018217383777678334464777689"
"2026-03-13T20:00:00.0000000+00:00","21384.221330060000000000000001","27617.134900060000000000000001","7395.9569300","-0.0037247117856056558909014692","0.0218742410592243705775572653"
"2026-03-16T13:30:00.0000000+00:00","21384.221330060000000000000001","27673.658470060000000000000001","7389.507860","0.0020466847920519517364010444","0.0198723259436860117365385613"
"2026-03-16T20:00:00.0000000+00:00","21384.221330060000000000000001","27714.504006060000000000000001","7362.142324","0.0014759716733582801095976127","0.0184256852605043550325874884"
"2026-03-17T13:30:00.0000000+00:00","21400.253564060000000000000001","27725.337664060000000000000001","7333.760900","0.0003909021066237062454323678","0.0180419857930649653131328784"
"2026-03-17T20:00:00.0000000+00:00","22201.443294060000000000000001","27736.654924060000000000000001","6542.77387","0.00040819196278609869348976","0.0176411584238722967152876373"
"2026-03-18T13:30:00.0000000+00:00","22248.713838060000000000000001","27702.204870060000000000000001","6601.978968","-0.0012420406892727536879761786","0.0188612880765766942107832644"
"2026-03-18T20:00:00.0000000+00:00","22248.713838060000000000000001","27638.513798060000000000000001","6629.2584400","-0.0022991336718051660261110361","0.0211170571258713854644524651"
"2026-03-19T13:30:00.0000000+00:00","22193.039352060000000000000001","27576.318548060000000000000001","6600.155804","-0.0022503109412621746407380493","0.0233198481224359533554556085"
"2026-03-19T20:00:00.0000000+00:00","20998.555503060000000000000001","27657.469728980000000000000001","7750.27577408","0.0029427851574375218118238916","0.0204456882679268333280512822"
"2026-03-20T13:30:00.0000000+00:00","18001.936299060000000000000000","27650.867779060000000000000001","10745.65852","-0.0002387040457675112902196372","0.0206795118451862891428095277"
"2026-03-20T20:00:00.0000000+00:00","16669.436677059999999999999999","27464.313549060000000000000001","11998.7131280","-0.0067467766831273738086689347","0.0272867684799781037619133233"
"2026-03-23T13:30:00.0000000+00:00","16669.436677059999999999999999","27583.102769060000000000000001","11993.228908","0.0043252207919853765121490267","0.0230795689863684197521326982"
"2026-03-23T20:00:00.0000000+00:00","15857.754373059999999999999999","27553.518329060000000000000001","12810.1010440","-0.0010725566390299245961402815","0.0241273714804560657523868822"
"2026-03-24T13:30:00.0000000+00:00","15867.163837059999999999999999","27462.400797060000000000000001","12757.723040","-0.003306929115614997156287957","0.027354513088839083826510733"
"2026-03-24T20:00:00.0000000+00:00","15867.163837059999999999999999","27503.555465060000000000000001","12787.063372","0.0014985823091040835726483901","0.0258969237691240906056828635"
"2026-03-25T13:30:00.0000000+00:00","15880.450237059999999999999999","27626.524095060000000000000001","12851.048642","0.0044710084903828901922872548","0.0215417006447877527004787543"
"2026-03-25T20:00:00.0000000+00:00","15880.450237059999999999999999","27609.430863060000000000000001","12841.6458740","-0.0006187253937985091452516328","0.0221470976413717259450700606"
"2026-03-26T13:30:00.0000000+00:00","15876.618709059999999999999999","27521.847617060000000000000001","12794.786092","-0.0031722220727549253239974223","0.0252490642021412333348052815"
"2026-03-26T20:00:00.0000000+00:00","14667.616957059999999999999999","27410.808381060000000000000001","13973.888576","-0.0040345850883633981896084777","0.0291817797925795424225108589"
"2026-03-27T13:30:00.0000000+00:00","14610.925621059999999999999999","27365.975513060000000000000001","13905.155108","-0.0016355908726492754999512265","0.0307696412125524137548775962"
"2026-03-27T20:00:00.0000000+00:00","14724.618179059999999999999999","27303.614821060000000000000001","13830.557858","-0.0022787673682686479848091458","0.0329782917264925631451274399"
"2026-03-30T13:30:00.0000000+00:00","14683.760504059999999999999999","27457.087722060000000000000001","13829.095282","0.0056209737064420603290349016","0.0275426881307284932516274666"
"2026-03-30T20:00:00.0000000+00:00","14683.760504059999999999999999","27374.561788060000000000000001","13804.003716","-0.0030056331842395554556820462","0.0304655380975391702166922361"
"2026-03-31T13:30:00.0000000+00:00","14683.760504059999999999999999","27468.291824060000000000000001","13818.898680","0.0034239830659456385456146708","0.0271458685181344274952115972"
"2026-03-31T20:00:00.0000000+00:00","23564.104080060000000000000001","27594.518568060000000000000001","7413.535512","0.0045953619835011214886308663","0.0226752516268306608788176815"
"2026-04-01T13:30:00.0000000+00:00","23616.405076060000000000000001","27578.594944060000000000000001","5864.305132","-0.0005770575036750674341309819","0.0232392242064067454000440941"
"2026-04-01T20:00:00.0000000+00:00","24709.806352060000000000000001","27562.450640060000000000000001","4740.5557120","-0.0005853925492849385259473683","0.0238110126869900912288814026"
"2026-04-02T13:30:00.0000000+00:00","24709.806352060000000000000001","27499.333820060000000000000001","4772.057532","-0.0022899567540001081193685901","0.0260464432516680441264776824"
"2026-04-02T20:00:00.0000000+00:00","24670.493328060000000000000001","27546.917349060000000000000001","7096.885829","0.0017303520627575762443046173","0.0243611607057184898339229148"
"2026-04-06T13:30:00.0000000+00:00","24670.493328060000000000000001","27547.728660060000000000000001","7081.289668","0.0000294519706041694299550334","0.0243324262193033086723355323"
"2026-04-06T20:00:00.0000000+00:00","24695.419384060000000000000001","27557.891356060000000000000001","4715.733028","0.000368912302186799064466638","0.0239724904484908632227613915"
"2026-04-07T13:30:00.0000000+00:00","24745.579350060000000000000001","27556.064598060000000000000001","4794.034752","-0.0000662880180634101603907998","0.0240371893776743988932737396"
"2026-04-07T20:00:00.0000000+00:00","24745.579350060000000000000001","27525.602659060000000000000001","4785.726541","-0.0011054531713554111479485172","0.0251160705618017892752899933"
"2026-04-08T13:30:00.0000000+00:00","24745.579350060000000000000001","27628.155310060000000000000001","4723.61404","0.0037257186434842686029267565","0.0214839273306606920067389158"
"2026-04-08T20:00:00.0000000+00:00","24745.579350060000000000000001","27623.534322060000000000000001","4719.620028","-0.0001672564797808777270556449","0.0216475904843843752373636152"
"2026-04-09T13:30:00.0000000+00:00","24781.179568060000000000000001","27615.301328060000000000000001","4773.478240","-0.0002980427451466692675189096","0.0219391813222372676698117769"
"2026-04-09T20:00:00.0000000+00:00","23554.384258060000000000000001","27654.482186060000000000000001","5966.1520720","0.0014188097219923578817115581","0.0205514991239974531764420479"
"2026-04-10T13:30:00.0000000+00:00","23595.126108060000000000000001","27669.822908060000000000000001","6012.063200","0.0005547282316402551029888803","0.0200081713891238094324904515"
"2026-04-10T20:00:00.0000000+00:00","22223.962188060000000000000001","27649.446328060000000000000001","6525.770860","-0.0007364188801535286959123457","0.0207298558741090397000182263"
"2026-04-13T13:30:00.0000000+00:00","22223.962188060000000000000001","27630.710260060000000000000001","6527.541928","-0.000677629048252793724336773","0.0213934377698554433304635012"
"2026-04-13T20:00:00.0000000+00:00","21428.803188060000000000000001","27694.837180060000000000000001","7302.696008","0.0023208567350038416491976117","0.0191222321389846562529788493"
"2026-04-14T13:30:00.0000000+00:00","21428.803188060000000000000001","27723.788712060000000000000001","7292.999476","0.0010453765014673856771853373","0.0180968455696509695588575133"
"2026-04-14T20:00:00.0000000+00:00","21428.803188060000000000000001","27743.456160060000000000000001","7330.282028","0.0007094069358364627975184452","0.0174002766615783785227450451"
"2026-04-15T13:30:00.0000000+00:00","21517.355474060000000000000001","27735.360010060000000000000001","7298.445464","-0.000291821968874064415839802","0.0176870208474581077035224372"
"2026-04-15T20:00:00.0000000+00:00","21517.355474060000000000000001","27745.927678060000000000000001","7329.382796","0.0003810178774015177792298615","0.0173127420411974448066680729"
"2026-04-16T13:30:00.0000000+00:00","21517.355474060000000000000001","27758.058598060000000000000001","7339.3918760","0.0004372144316368446613559211","0.0168830969902322175920443218"
"2026-04-16T20:00:00.0000000+00:00","20284.188890060000000000000001","27735.327742060000000000000001","8549.686148","-0.0008188921397258182440420414","0.0176881636945385060535042588"
"2026-04-17T13:30:00.0000000+00:00","20197.121480060000000000000001","27806.502908060000000000000001","8666.623572","0.0025662276884532524713474433","0.0151673278615160718746816215"
"2026-04-17T20:00:00.0000000+00:00","22268.557110060000000000000001","27807.240382060000000000000001","6617.426728","0.0000265216378499086844512812","0.0151412084860428571494276889"
"2026-04-20T13:30:00.0000000+00:00","22268.557110060000000000000001","27796.271792060000000000000001","6624.847418","-0.0003944508642100439604905271","0.0155296868874803970535775744"
"2026-04-20T20:00:00.0000000+00:00","22268.557110060000000000000001","27803.764080060000000000000001","6632.90553","0.0002695429105042846324953557","0.0152643298939789841123168164"
"2026-04-21T13:30:00.0000000+00:00","22268.557110060000000000000001","27794.798022060000000000000001","6621.959088","-0.0003224764090999527505505292","0.0155818839167874094575911237"
"2026-04-21T20:00:00.0000000+00:00","19758.105120060000000000000000","27758.293592060000000000000001","9128.441528","-0.001313354749727894918358559","0.0168747741252634829367936653"
"2026-04-22T13:30:00.0000000+00:00","16797.813180059999999999999999","27817.504008060000000000000001","12105.224172","0.0021330711775790347988097343","0.0147776980419992041424076185"
"2026-04-22T20:00:00.0000000+00:00","16797.813180059999999999999999","27781.370880060000000000000001","12093.987300","-0.0012989349436071109886252442","0.0160574377172334879803262157"
"2026-04-23T13:30:00.0000000+00:00","16907.551228059999999999999999","27783.351388060000000000000001","11994.0098400","0.0000712890666393105888373512","0.0159872933703416578289131278"
"2026-04-23T20:00:00.0000000+00:00","14905.575913059999999999999999","27755.986181060000000000000001","13959.991132","-0.0009849498218476371742849132","0.0169564965104323510764337095"
"2026-04-24T13:30:00.0000000+00:00","14905.575913059999999999999999","27758.224573060000000000000001","13953.17634","0.0000806453780960383768002798","0.0168772185954085806719304989"
"2026-04-24T20:00:00.0000000+00:00","16118.103359059999999999999999","27783.391583060000000000000001","12788.731776","0.0009066505652679662455184187","0.0159858697699202926473859393"
"2026-04-27T13:30:00.0000000+00:00","16118.103359059999999999999999","27758.537147060000000000000001","12751.429212","-0.0008945789042959811515154946","0.0168661480523532802551950984"
"2026-04-27T20:00:00.0000000+00:00","16118.103359059999999999999999","27789.319487060000000000000001","12742.603872","0.0011089323560863603047213855","0.0157759191135647174505767119"
"2026-04-28T13:30:00.0000000+00:00","16118.103359059999999999999999","27739.513961060000000000000001","12719.957898","-0.0017922542516088517394540209","0.017539898907069245477622543"
"2026-04-28T20:00:00.0000000+00:00","16118.103359059999999999999999","27784.851735060000000000000001","12707.581624","0.0016344112612659318585644791","0.0159341550540984936042888535"
"2026-04-29T13:30:00.0000000+00:00","16118.103359059999999999999999","27743.810211060000000000000001","12671.2081480","-0.001477118697315639027582562","0.0173877371130577972592823602"
"2026-04-29T20:00:00.0000000+00:00","16118.103359059999999999999999","27698.382867060000000000000001","12657.325492","-0.0016373866334296975486902497","0.0189966532981529844929690855"
"2026-04-30T13:30:00.0000000+00:00","16118.103359059999999999999999","27739.211779060000000000000001","12679.9065800","0.0014740539978799751046176194","0.017550601393013491609834233"
"2026-04-30T20:00:00.0000000+00:00","23694.360241560000000000000001","27738.430305560000000000000001","5759.7199360","-0.0000281721595488854164541784","0.0175782791142197541595590085"
"2026-05-01T13:30:00.0000000+00:00","23693.098857560000000000000001","27733.131625560000000000000001","5741.667232","-0.0001910230658920130658453448","0.0177659443233422634282362875"
"2026-05-01T20:00:00.0000000+00:00","24878.591711560000000000000001","27728.883219560000000000000001","4576.773492","-0.0001531888305064146990257689","0.0179164116096149432488905191"
"2026-05-04T13:30:00.0000000+00:00","24878.591711560000000000000001","27721.616983560000000000000001","4569.204728","-0.0002620457500024517803137504","0.018173762440099800847084129"
"2026-05-04T20:00:00.0000000+00:00","24878.591711560000000000000001","27716.958579560000000000000001","4578.198132","-0.0001680422899848380145844572","0.0183387507694265640536267606"
"2026-05-05T13:30:00.0000000+00:00","24878.591711560000000000000001","27738.522255560000000000000001","4566.929456","0.0007779957508000980001591518","0.0175750224888000619480544685"
"2026-05-05T20:00:00.0000000+00:00","24878.591711560000000000000001","27733.068359560000000000000001","4596.573352","-0.0001966181164862451629821944","0.0177681850374673558420812709"
"2026-05-06T13:30:00.0000000+00:00","24878.591711560000000000000001","27761.745567560000000000000001","4589.746144","0.0010340438219168251919184107","0.0167525142975151987426175905"
"2026-05-06T20:00:00.0000000+00:00","24878.591711560000000000000001","27768.309975560000000000000001","4605.531736","0.0002364551603581658569055867","0.0165200203556116543082718138"
"2026-05-07T13:30:00.0000000+00:00","24914.454537560000000000000001","27777.234365560000000000000001","4639.565172","0.0003213875820262274695406742","0.0162039421029825409267709831"
"2026-05-07T20:00:00.0000000+00:00","23704.562607560000000000000001","27764.334111560000000000000001","5832.728496","-0.000464418229339439343840879","0.0166608349262221943278616591"
"2026-05-08T13:30:00.0000000+00:00","23704.562607560000000000000001","27778.167215560000000000000001","5847.115392","0.0004982328747528084229420627","0.0161709030271504595836278607"
"2026-05-08T20:00:00.0000000+00:00","24919.559559560000000000000001","27784.692575560000000000000001","4648.296984","0.0002349096666228146825809661","0.0159397920619667426802753335"
"2026-05-11T13:30:00.0000000+00:00","24919.559559560000000000000001","27780.687594560000000000000001","4643.194915","-0.0001441434339828854369452956","0.0160816378795848430927132232"
"2026-05-11T20:00:00.0000000+00:00","22352.396229560000000000000001","27783.430581560000000000000001","6550.4456480","0.000098737188943340995917314","0.0159844885463593370551036141"
"2026-05-12T13:30:00.0000000+00:00","22352.396229560000000000000001","27762.169305560000000000000001","6539.331924","-0.000765250206866506032362266","0.0167375066200590863084847927"
"2026-05-12T20:00:00.0000000+00:00","21556.477077560000000000000001","27782.775833560000000000000001","7308.906244","0.0007422520831566673868547055","0.0160076779860580062894502648"
"2026-05-13T13:30:00.0000000+00:00","21556.477077560000000000000001","27778.665037560000000000000001","7309.64204","-0.0001479620331901607241900648","0.0161532714906666964937353855"
"2026-05-13T20:00:00.0000000+00:00","21556.477077560000000000000001","27781.821469560000000000000001","7336.425608","0.0001136279225705099661287411","0.0160414790307783884290948409"
"2026-05-14T13:30:00.0000000+00:00","21556.477077560000000000000001","27807.583665560000000000000001","7349.768412","0.0009273040656541233539532861","0.0151290502938486112409119874"
"2026-05-14T20:00:00.0000000+00:00","20359.197669560000000000000001","27818.613649560000000000000001","8533.239020","0.0003966538097181294182957859","0.0147383974795669540596211587"
"2026-05-15T13:30:00.0000000+00:00","20359.197669560000000000000001","27718.681321560000000000000001","8482.681348","-0.0035922828239710142580217058","0.0182777358114192622610030066"
"2026-05-15T20:00:00.0000000+00:00","21528.313799560000000000000001","27713.956319560000000000000001","7270.06748","-0.0001704627267504541643278033","0.0184450828654844774730027274"
"2026-05-18T13:30:00.0000000+00:00","21528.313799560000000000000001","27736.356947560000000000000001","7265.811852","0.000808279689182812534043874","0.017651711962147129953584348"
"2026-05-18T20:00:00.0000000+00:00","21220.084261560000000000000001","27731.341229560000000000000001","7562.967432","-0.0001808355008367902700373117","0.0178293554068106185854835124"
"2026-05-19T13:30:00.0000000+00:00","21220.084261560000000000000001","27704.570789560000000000000001","7548.313472","-0.0009653496301673380634130125","0.0187774934753298699889592793"
"2026-05-19T20:00:00.0000000+00:00","18646.104568560000000000000000","27703.367992560000000000000001","10123.816576","-0.0000434151104211747526078644","0.0188200933587983804068062195"
"2026-05-20T13:30:00.0000000+00:00","18646.104568560000000000000000","27699.406232560000000000000001","10107.738336","-0.0001430064388223109877772982","0.0189604084030911462126814368"
"2026-05-20T20:00:00.0000000+00:00","18646.104568560000000000000000","27723.220652560000000000000001","10110.348916","0.0008597447829768534845441434","0.018116964732321960834780985"
"2026-05-21T13:30:00.0000000+00:00","15753.412308559999999999999999","27711.594548560000000000000001","13075.45776","-0.0004193633974098326740630991","0.018528730537850892851548555"
"2026-05-21T20:00:00.0000000+00:00","15620.651448559999999999999999","27774.994064560000000000000001","13208.327384","0.002287833559664089424472194","0.0162832876297292715534793287"
"2026-05-22T13:30:00.0000000+00:00","15620.651448559999999999999999","27814.004532560000000000000001","13254.441916","0.0014045175998714650938285788","0.0149016401939175305339351415"
"2026-05-22T20:00:00.0000000+00:00","17127.268336559999999999999999","27805.825500560000000000000001","14045.6678360","-0.000294061647628817804829423","0.0151913198406785531336784856"
"2026-05-26T13:30:00.0000000+00:00","17127.268336559999999999999999","27935.579272560000000000000001","14056.219064","0.0046664240195777249105241085","0.0105957849608944582806512412"
"2026-05-26T20:00:00.0000000+00:00","16044.051736559999999999999999","27954.709264560000000000000001","12923.632472","0.0006847895228287112881321147","0.0099182513205931135439012964"
"2026-05-27T13:30:00.0000000+00:00","16074.425464879999999999999999","27961.984168880000000000000001","12956.072496","0.0002602389547732792398297276","0.0096605934811766841524414653"
"2026-05-27T20:00:00.0000000+00:00","16074.425464879999999999999999","27978.768592880000000000000001","12945.766872","0.0006002586904644646229094908","0.0090661336459043401895281795"
"2026-05-28T13:30:00.0000000+00:00","16061.830585879999999999999999","27979.161269880000000000000001","12966.984316","0.0000140348206782741654766505","0.0090522260667860315594360833"
"2026-05-28T20:00:00.0000000+00:00","14816.001469879999999999999999","28057.573061080000000000000001","14253.0934088","0.0028025068529988962325445672","0.0062750881393741984244689783"
"2026-05-29T13:30:00.0000000+00:00","14858.973895879999999999999999","28087.823115880000000000000001","14274.035780","0.0010781422446676721359933229","0.005203711332318598673022276"
"2026-05-29T20:00:00.0000000+00:00","25164.152447880000000000000001","28088.164110880000000000000001","4654.029487","0.0000121403142775850012125699","0.005191634192731997850162128"
"2026-06-01T13:30:00.0000000+00:00","25192.013497880000000000000001","28060.100521880000000000000001","4666.012976","-0.0009991250723691663141708671","0.0061855721732126365686447937"
"2026-06-01T20:00:00.0000000+00:00","25192.013497880000000000000001","28071.153381880000000000000001","4706.195116","0.000393899515483969082762578","0.0057941091516106870651095076"
"2026-06-02T13:30:00.0000000+00:00","25192.013497880000000000000001","28083.614917880000000000000001","4699.9335800","0.0004439267539339496032707786","0.0053527545577443509848110966"
"2026-06-02T20:00:00.0000000+00:00","25192.013497880000000000000001","28088.884889880000000000000001","4699.328608","0.0001876529077688202457545269","0.0051661061099328642719562465"
"2026-06-03T13:30:00.0000000+00:00","25192.013497880000000000000001","28084.495357880000000000000001","4700.523140","-0.0001562729178181609455176268","0.0053215717052754677798403825"
"2026-06-03T20:00:00.0000000+00:00","25192.013497880000000000000001","28084.179037880000000000000001","4689.079460","-0.0000112631541343058651549411","0.0053327749217274203664974361"
"2026-06-04T13:30:00.0000000+00:00","25178.877754880000000000000001","28084.503666880000000000000001","6255.3940880","0.0000115591415210015474970609","0.0053212774225064387142026313"
"2026-06-04T20:00:00.0000000+00:00","23937.669562880000000000000001","28127.313722880000000000000001","7471.395840","0.0015243301611374323462540575","0.0038050586450399125883385747"
"2026-06-05T13:30:00.0000000+00:00","23956.799710880000000000000001","28091.140850880000000000000001","5890.243860","-0.0012860407629533206131813442","0.0050862059474702839439737182"
"2026-06-05T20:00:00.0000000+00:00","25152.510520880000000000000001","27963.127343440000000000000001","4664.12817744","-0.004557077554078398056674548","0.0096201052665900451179430487"
"2026-06-08T13:30:00.0000000+00:00","25086.560566880000000000000001","27992.981588880000000000000001","6188.636478","0.0010676289913260952260083737","0.0085627469785461702782157221"
"2026-06-08T20:00:00.0000000+00:00","25086.560566880000000000000001","27977.816818880000000000000001","6174.462748","-0.0005417347184632911725741926","0.0090998429596857663440961187"
"2026-06-09T13:30:00.0000000+00:00","25000.853428880000000000000001","28005.669656880000000000000001","6279.908772","0.0009955329316905219798881143","0.0081133692213348236915927168"
"2026-06-09T20:00:00.0000000+00:00","22446.142588880000000000000001","27956.024192880000000000000001","6618.0333960","-0.0017726933370366264332903752","0.0098716800428118718409023904"
"2026-06-10T13:30:00.0000000+00:00","22446.142588880000000000000001","27909.116628880000000000000001","6609.775960","-0.0016779054015823425442329628","0.0115330216991276877348745985"
"2026-06-10T20:00:00.0000000+00:00","21661.425676880000000000000001","27848.236276160000000000000001","7392.08490072","-0.0021813787060892419277843675","0.0136892425172655873567694841"
"2026-06-11T13:30:00.0000000+00:00","21628.609114880000000000000001","27864.294728880000000000000001","7360.779886","0.0005766416429663496057133706","0.0131204946615953585868086898"
"2026-06-11T20:00:00.0000000+00:00","20379.609364880000000000000001","27966.355296880000000000000001","8642.229068","0.0036627723397649514102931234","0.0095057797067609323624532462"
"2026-06-12T13:30:00.0000000+00:00","20379.609364880000000000000001","27985.556804880000000000000001","8638.112560","0.000686593150811545708658433","0.0088257131591891720933709612"
"2026-06-12T20:00:00.0000000+00:00","20578.749364880000000000000001","28020.734875880000000000000001","8425.800039","0.0012570080790340323182104393","0.0075797990728994775370498782"
"2026-06-15T13:30:00.0000000+00:00","20703.100508880000000000000001","28085.672768880000000000000001","8403.032740","0.0023174942872714577592676758","0.0052798709266781298087716288"
"2026-06-15T20:00:00.0000000+00:00","20703.100508880000000000000001","28097.736624880000000000000001","8381.2088840","0.0004295377254899592085701266","0.0048526011049368964872674043"
"2026-06-16T13:30:00.0000000+00:00","20701.949666880000000000000001","28090.460054880000000000000001","8478.354612","-0.0002589735286206910562296753","0.0051103179383264533710911166"
"2026-06-16T20:00:00.0000000+00:00","21513.507322880000000000000001","28083.736746880000000000000001","7662.8225760","-0.0002393448874409586947753859","0.0053484396972956758087873163"
"2026-06-17T13:30:00.0000000+00:00","21513.507322880000000000000001","28086.206390880000000000000001","7649.855932","0.0000879385824706667063209984","0.005260971449030419125927957"
"2026-06-17T20:00:00.0000000+00:00","22514.907002880000000000000001","28021.790134880000000000000001","6671.159868","-0.0022935192850009425224194249","0.0075424245945551710289468946"
"2026-06-18T13:30:00.0000000+00:00","22489.478528880000000000000001","28103.358972880000000000000001","6661.854556","0.0029109074619207695702568109","0.0046534724326676668410669993"
"2026-06-18T20:00:00.0000000+00:00","19843.409522880000000000000000","28069.425914880000000000000001","11525.7436080","-0.0012074378024614677983067792","0.0058552914566012193710487478"
"2026-06-22T13:30:00.0000000+00:00","16824.725906879999999999999999","28052.107322880000000000000001","14495.7185840","-0.0006169913147678296204930467","0.0064686701073948917650110505"
"2026-06-22T20:00:00.0000000+00:00","16858.498456879999999999999999","28004.677608880000000000000001","12186.900848","-0.0016907718715775459613440787","0.0081485049335083399399739659"
"2026-06-23T13:30:00.0000000+00:00","16878.934274879999999999999999","27878.784754880000000000000001","12181.889520","-0.0044954223633012168443562155","0.012607296325503993097974724"
"2026-06-23T20:00:00.0000000+00:00","16081.334786879999999999999999","27872.429222880000000000000001","12972.7105640","-0.0002279701951100112227045028","0.0128323924328108694478156361"
"2026-06-24T13:30:00.0000000+00:00","16053.382820879999999999999999","27916.881760880000000000000001","12975.536060","0.0015948569693921645171963438","0.0112580012939241486189999775"
"2026-06-24T20:00:00.0000000+00:00","16053.382820879999999999999999","27916.580768880000000000000001","12978.05545200","-0.0000107817199133529620421421","0.0112686616332207663256359154"
"2026-06-25T13:30:00.0000000+00:00","16053.382820879999999999999999","28000.127372880000000000000001","13002.5754480","0.002992723381551567075645767","0.0083096622388177321064510937"
"2026-06-25T20:00:00.0000000+00:00","14858.468885879999999999999999","27919.493317880000000000000001","14150.095568","-0.0028797745783863642908224125","0.0111655068631337719708198593"
"2026-06-26T13:30:00.0000000+00:00","14858.468885879999999999999999","27863.961949880000000000000001","14146.136936","-0.0019889819406012287086187925","0.0131322808122265685319122168"
"2026-06-26T20:00:00.0000000+00:00","14961.936251879999999999999999","27921.663843880000000000000001","14054.842408","0.0020708431235942202819018459","0.011088632582049455961378825"
"2026-06-29T13:30:00.0000000+00:00","14961.936251879999999999999999","27990.415707880000000000000001","14085.720544","0.0024623125750820667142836564","0.0086536236864146343494226879"
"2026-06-29T20:00:00.0000000+00:00","14961.936251879999999999999999","28045.857875880000000000000001","14119.8083760","0.0019807554335247563752268574","0.0066900089650264222936724181"
"2026-06-30T13:30:00.0000000+00:00","15008.113211879999999999999999","28055.579451880000000000000001","14140.693760","0.0003466314363790864905388958","0.006345696496064271877691346"
"2026-06-30T20:00:00.0000000+00:00","23928.278821880000000000000001","28045.200249880000000000000001","5687.403572","-0.0003699514393492411468986226","0.0067133003358611206110501734"
"2026-07-01T13:30:00.0000000+00:00","23933.633225880000000000000001","28046.419545880000000000000001","5695.63368","0.0000434761024751540910212263","0.006670116101519314904485306"
"2026-07-01T20:00:00.0000000+00:00","25079.713963880000000000000001","28054.554623880000000000000001","4551.584340","0.0002900576305896072013238204","0.006381993189001871983529026"
"2026-07-02T13:30:00.0000000+00:00","25079.713963880000000000000001","28074.658083880000000000000001","4556.045880","0.0007165845357205550248512285","0.0056699818909076296094881459"
"2026-07-02T20:00:00.0000000+00:00","24994.751621880000000000000001","28072.234285880000000000000001","6917.127336","-0.0000863340167049693954878156","0.0057558263953013125117206739"
"2026-07-06T13:30:00.0000000+00:00","24994.751621880000000000000001","28063.392661880000000000000001","6938.818960","-0.0003149597538250538085602171","0.0060689732954618424720427688"
"2026-07-06T20:00:00.0000000+00:00","25057.629953880000000000000001","28088.247585880000000000000001","4549.092368","0.0008856706777923456930225054","0.0051886777293615921149218727"
"2026-07-07T13:30:00.0000000+00:00","25105.260425880000000000000001","28087.584733880000000000000001","4595.670692","-0.0000235989090445505968734431","0.0052121541912723460222650736"
"2026-07-07T20:00:00.0000000+00:00","25105.260425880000000000000001","28072.811053880000000000000001","4591.394372","-0.0005259861301701598396901313","0.0057353988006295883415733057"
"2026-07-08T13:30:00.0000000+00:00","25105.260425880000000000000001","28045.511249880000000000000001","4601.539176","-0.0009724642091454122072508232","0.0067022855397162127504964819"
"2026-07-08T20:00:00.0000000+00:00","25105.260425880000000000000001","28042.425973880000000000000001","4585.299452","-0.0001100096187411524243206277","0.0068115578425804466552477711"
"2026-07-09T13:30:00.0000000+00:00","25105.260425880000000000000001","28056.684145880000000000000001","4587.7662800","0.0005084500183144181062784155","0.0063065711609758382953553344"
"2026-07-09T20:00:00.0000000+00:00","23881.915805880000000000000001","28083.901405880000000000000001","5819.85440","0.0009700811349796206860786875","0.005342607911705886794604325"
"2026-07-10T13:30:00.0000000+00:00","23881.915805880000000000000001","28069.739893880000000000000001","5795.225912","-0.0005042572894460798505031445","0.0058441711521678366535285308"
"2026-07-10T20:00:00.0000000+00:00","22650.026894880000000000000001","28110.496158880000000000000001","6533.7307360","0.0014519644697130244001528389","0.0044006922113226817811513761"
"2026-07-13T13:30:00.0000000+00:00","22650.026894880000000000000001","28077.618234880000000000000001","6520.06366","-0.0011695960047867738356334009","0.0055651411840807963351284344"
"2026-07-13T20:00:00.0000000+00:00","21867.950510880000000000000001","28043.121798880000000000000001","7298.658712","-0.0012286097670900764411668698","0.0067869135643568758768883744"
"2026-07-14T13:30:00.0000000+00:00","21867.950510880000000000000001","28078.062386880000000000000001","7305.5931240","0.0012459592855099133221241832","0.0055494104968224261869591638"
"2026-07-14T20:00:00.0000000+00:00","21867.950510880000000000000001","28068.957098880000000000000001","7301.348412","-0.0003242847698869212635169728","0.0058718956774033773245964629"
"2026-07-15T13:30:00.0000000+00:00","21867.950510880000000000000001","28090.251574880000000000000001","7301.348936","0.0007586486353940697879238755","0.005117701747652145945908588"
"2026-07-15T20:00:00.0000000+00:00","21867.950510880000000000000001","28104.984978880000000000000001","7288.770532","0.000524502386912600667458761","0.0045958836075216956169272385"
"2026-07-16T13:30:00.0000000+00:00","21867.950510880000000000000001","28073.729650880000000000000001","7275.105860","-0.0011120919660155443001392207","0.0057028645283005725024059768"
"2026-07-16T20:00:00.0000000+00:00","20686.914350880000000000000001","28065.490278880000000000000001","8471.974072","-0.0002934904660856748112855253","0.0059946812580178129166374551"
"2026-07-17T13:30:00.0000000+00:00","20674.367270880000000000000001","27990.909142880000000000000001","8514.558128","-0.0026573965129026879802098013","0.0086361475258494812620519138"
"2026-07-17T20:00:00.0000000+00:00","22641.553754880000000000000001","28038.746970880000000000000001","6572.526784","0.0017090487399252062889235403","0.0069418583829711362169860748"
"2026-07-20T13:30:00.0000000+00:00","22617.478940880000000000000001","28062.714348880000000000000001","6511.324592","0.0008547949030993299229188982","0.0060929973450356073775596695"
"2026-07-20T20:00:00.0000000+00:00","22617.478940880000000000000001","28031.183664880000000000000001","6508.140276","-0.0011235792663534134850471378","0.0072097306459021924586995726"
"2026-07-21T13:30:00.0000000+00:00","22617.478940880000000000000001","28062.416188880000000000000001","6504.382752","0.0011142063914743253767260034","0.0061035573823943396209766748"
"2026-07-21T20:00:00.0000000+00:00","22617.478940880000000000000001","28085.851420880000000000000001","6512.5375200","0.0008351109841100009821429137","0.0052735435460965218373772941"
"2026-07-22T13:30:00.0000000+00:00","19658.010761880000000000000000","28082.604465880000000000000001","9531.416296","-0.0001156082096762108690057627","0.0053885420908447189510882626"
"2026-07-22T20:00:00.0000000+00:00","17071.473557879999999999999999","28073.580777880000000000000001","12103.8377800","-0.0003213266066886233369207556","0.0057081372155882923349597057"
"2026-07-23T13:30:00.0000000+00:00","17071.473557879999999999999999","27967.063341880000000000000001","12092.680216","-0.0037942233604887418114475432","0.0094807026285087738861646981"
"2026-07-23T20:00:00.0000000+00:00","15070.023347879999999999999999","27989.398487880000000000000001","14104.429860","0.0007986232135625644976460506","0.0086896509241462201176298454"
"2026-07-24T13:30:00.0000000+00:00","14993.908271879999999999999999","28006.442311880000000000000001","14135.315960","0.0006089385596257216939715138","0.0080860038280378983443383359"
"2026-07-24T20:00:00.0000000+00:00","16196.517701879999999999999999","28015.199377880000000000000001","12927.733324","0.0003126804148303176898629436","0.0077758517482388510813561092"
"2026-07-27T13:30:00.0000000+00:00","16196.517701879999999999999999","28098.418521880000000000000001","12967.104180","0.0029704997946831481577243829","0.0048284501195773330294282386"
"2026-07-27T20:00:00.0000000+00:00","16196.517701879999999999999999","28059.780997880000000000000001","12963.456704","-0.0013750782439913224305300266","0.0061968888668570273700453008"
"2026-07-28T13:30:00.0000000+00:00","16196.517701879999999999999999","28060.648277880000000000000001","12962.109424","0.0000309082954020747911843075","0.0061661721067266232243829037"
"2026-07-28T20:00:00.0000000+00:00","16196.517701879999999999999999","28102.064485880000000000000001","12995.553216","0.0014759533560971963800590446","0.0046993197330446229236540294"
"2026-07-29T13:30:00.0000000+00:00","16196.517701879999999999999999","28079.949040880000000000000001","12993.368811","-0.0007869686944570210478925183","0.0054825902099864937279718192"
"2026-07-29T20:00:00.0000000+00:00","16196.517701879999999999999999","27892.031061880000000000000001","12886.946640","-0.0066922478643540594502221514","0.0121381472217166425911985606"
"2026-07-30T13:30:00.0000000+00:00","16171.182635879999999999999999","27954.639587880000000000000001","12854.693048","0.0022446743251181512297074674","0.0099207190840215829285613742"
"2026-07-30T20:00:00.0000000+00:00","14951.138675879999999999999999","28002.142051880000000000000001","14078.2566240","0.0016992694128882686537731581","0.0082383076456266490723917673"
"2026-07-31T13:30:00.0000000+00:00","15039.104199879999999999999999","27971.142491880000000000000001","13991.926708","-0.0011070424520583688771813179","0.0093362299413881922161402915"
"2026-07-31T20:00:00.0000000+00:00","25105.610495880000000000000001","27967.336339880000000000000001","4714.289156","-0.0001360742415546638054353293","0.0094710337625346016800057378"
"2026-08-03T13:30:00.0000000+00:00","25126.763663880000000000000001","27959.052527880000000000000001","4710.591136","-0.0002961959587187323651661797","0.0097644244393279826258224445"
"2026-08-03T20:00:00.0000000+00:00","25126.763663880000000000000001","27987.026923880000000000000001","4742.3317400","0.0010005487836937499906557366","0.0087736454386304717748843621"
"2026-08-04T13:30:00.0000000+00:00","25126.763663880000000000000001","28004.101591880000000000000001","4739.372072","0.0006100922418962264713983646","0.0081689059297495019692747881"
"2026-08-04T20:00:00.0000000+00:00","25126.763663880000000000000001","27992.595959880000000000000001","4762.996104","-0.0004108552442666521601051903","0.0085764049361749955944776497"
"2026-08-05T13:30:00.0000000+00:00","25246.579695880000000000000001","28007.532215880000000000000001","4668.98748","0.000533578808532341259035694","0.0080474023155699894798723857"
"2026-08-05T20:00:00.0000000+00:00","25246.579695880000000000000001","28028.801771880000000000000001","4632.580124","0.0007594227094360126228527953","0.0072940909862043886603002599"
"2026-08-06T13:30:00.0000000+00:00","25268.845241880000000000000001","28025.485229880000000000000001","4659.7850120","-0.0001183262141204813521878033","0.0074115541181530221190027066"
"2026-08-06T20:00:00.0000000+00:00","24092.189957880000000000000001","28047.100917880000000000000001","5819.4790400","0.0007712868420545293238816313","0.0066459837102689992814589721"
"2026-08-07T13:30:00.0000000+00:00","24113.835627880000000000000001","28094.395812880000000000000001","5897.3146650","0.0016862667959328926466235902","0.0049709238159930441381744751"
"2026-08-07T20:00:00.0000000+00:00","25317.034939880000000000000001","28099.960524520000000000000001","4698.20441536","0.0001980719456315495256269452","0.004773836470913314561484367"
"2026-08-10T13:30:00.0000000+00:00","25317.034939880000000000000001","28102.801187880000000000000001","4687.003752","0.0001010913647911085047725252","0.0046732276997663402526391561"
"2026-08-10T20:00:00.0000000+00:00","25317.034939880000000000000001","28109.945465880000000000000001","4696.632974","0.0002542194264634779343184249","0.0044201962985684301555947652"
"2026-08-11T13:30:00.0000000+00:00","25317.034939880000000000000001","28113.887877880000000000000001","4701.8195620","0.0001402497206828565523081169","0.0042805665091818112220217755"
"2026-08-11T20:00:00.0000000+00:00","22768.635361880000000000000001","28115.832185880000000000000001","6413.873176","0.0000691582753849488405876111","0.0042117042703943079662744228"
"2026-08-12T13:30:00.0000000+00:00","22768.635361880000000000000001","28139.123997880000000000000001","6423.586364","0.0008284233540025657771039133","0.0033867699905694891709728249"
"2026-08-12T20:00:00.0000000+00:00","21961.173901880000000000000001","28143.926765880000000000000001","7204.1671360","0.000170679371552641093862467","0.0032166686707904318217260997"
"2026-08-13T13:30:00.0000000+00:00","21981.329869880000000000000001","28156.322073880000000000000001","7229.182796","0.00044042567702483237343011","0.0027776596972426968918738298"
"2026-08-13T20:00:00.0000000+00:00","20776.388929880000000000000001","28155.424379880000000000000001","8451.005050","-0.0000318825021835068067016181","0.0028094536406848413194361625"
"2026-08-14T13:30:00.0000000+00:00","20776.388929880000000000000001","28169.667617880000000000000001","8453.221312","0.0005058790024908410022089996","0.0023049958817992942263910211"
"2026-08-14T20:00:00.0000000+00:00","21988.546449880000000000000001","28168.522801880000000000000001","7229.983648","-0.000040640025133749052495336","0.002345542231842473767508818"
"2026-08-17T13:30:00.0000000+00:00","21988.546449880000000000000001","28169.543845880000000000000001","7231.527604","0.0000362476941791159291797603","0.0023093795581608618653506723"
"2026-08-17T20:00:00.0000000+00:00","21988.546449880000000000000001","28152.044313880000000000000001","7225.532136","-0.0006212217029761890665567841","0.00292916662443511184223447"
"2026-08-18T13:30:00.0000000+00:00","21899.278599880000000000000001","28126.089651880000000000000001","7302.963948","-0.0009219459059747000620154311","0.0038484119972324962210582456"
"2026-08-18T20:00:00.0000000+00:00","22700.343354880000000000000001","28124.394186880000000000000001","6497.5891680","-0.0000602808645277382870991401","0.0039084608761579824133208322"
"2026-08-19T13:30:00.0000000+00:00","22669.964241880000000000000001","28181.340277880000000000000001","6560.5989640","0.0020247935163191991859546576","0.001891581186079615166678314"
"2026-08-19T20:00:00.0000000+00:00","22669.964241880000000000000001","28202.787143880000000000000001","6556.684598","0.0007610307312755454635283995","0.0011319900062173789363191302"
"2026-08-20T13:30:00.0000000+00:00","22689.850263880000000000000001","28165.876779880000000000000001","6555.878484","-0.0013087488059849270143014129","0.0024392573216332820858303606"
"2026-08-20T20:00:00.0000000+00:00","18882.219890080000000000000000","28164.737774080000000000000001","10360.741116","-0.000040439209789259495055375","0.0024795978897839820653681283"
"2026-08-21T13:30:00.0000000+00:00","15923.508266079999999999999999","28195.570739080000000000000001","13326.397577","0.0010947364483675601177330029","0.0013875759476036637609409617"
"2026-08-21T20:00:00.0000000+00:00","17201.872542079999999999999999","28193.963046080000000000000001","12045.882696","-0.000057019345870934400464676","0.0014445161748017195585523631"
"2026-08-24T13:30:00.0000000+00:00","17263.600194079999999999999999","28239.310306080000000000000001","12019.729888","0.0016084031863801758259951429","0"
"2026-08-24T20:00:00.0000000+00:00","16466.535813079999999999999999","28222.372437080000000000000001","12812.34337600","-0.0005997975452096374650171752","0.0005997975452096374650171752"
"2026-08-25T13:30:00.0000000+00:00","16417.526013079999999999999999","28280.397581080000000000000001","12906.348432","0.0020559980961686832037573576","0"
"2026-08-25T20:00:00.0000000+00:00","16417.526013079999999999999999","28319.498349080000000000000001","12930.2476640","0.0013826102652163202336975905","0"
"2026-08-26T13:30:00.0000000+00:00","16436.562205079999999999999999","28289.656906080000000000000001","12924.879149","-0.0010537419354029427071603021","0.0010537419354029427071603021"
"2026-08-26T20:00:00.0000000+00:00","16436.562205079999999999999999","28295.489925080000000000000001","12917.20228","0.0002061891036489159488468236","0.0008477701018591647649616799"
"2026-08-27T13:30:00.0000000+00:00","16436.562205079999999999999999","28289.829485080000000000000001","12905.912720","-0.0002000474285827018139433535","0.0010476479362129603577994143"
"2026-08-27T20:00:00.0000000+00:00","15251.245189079999999999999999","28308.844005080000000000000001","14078.721184","0.0006721327185810087742391184","0.0003762193760874341838756632"
"2026-08-28T13:30:00.0000000+00:00","15316.213189079999999999999999","28294.534149080000000000000001","14087.679040","-0.000505490651523322799414258","0.0008815198522332228481743062"
"2026-08-28T20:00:00.0000000+00:00","16462.518882079999999999999999","28210.326738080000000000000001","12862.5921440","-0.0029761016935752594307367043","0.0038549980530833307719533339"
"2026-08-31T13:30:00.0000000+00:00","16462.518882079999999999999999","28179.279678080000000000000001","12837.574204","-0.0011005565546353919538083291","0.004951311964343295191427564"
"2026-08-31T20:00:00.0000000+00:00","24188.629542080000000000000001","28179.012848640000000000000001","5900.46669344","-0.0000094689943479130290227487","0.0049607340747462030996310536"
"2026-09-01T13:30:00.0000000+00:00","24139.816666080000000000000001","28141.049934080000000000000001","5933.711732","-0.0013472052681161327184191245","0.0063012562157831145239379025"
"2026-09-01T20:00:00.0000000+00:00","21601.339072080000000000000001","28141.652836080000000000000001","7674.391236","0.0000214242894779082217040128","0.0062799669262424477081933569"
"2026-09-02T13:30:00.0000000+00:00","21601.339072080000000000000001","28165.396942080000000000000001","7682.459630","0.0008437353036193393106397161","0.0054415302524243409782091141"
"2026-09-02T20:00:00.0000000+00:00","21601.339072080000000000000001","28167.070552080000000000000001","7647.9585200","0.0000594207851372253646965492","0.005382432807287062631979994"
"2026-09-03T13:30:00.0000000+00:00","21601.339072080000000000000001","28186.528848080000000000000001","7657.770224","0.0006908171712078557024059309","0.0046953339130853533357181987"
"2026-09-03T20:00:00.0000000+00:00","21540.495544080000000000000001","28219.994076080000000000000001","7728.8668680","0.0011872773756701713400685991","0.0035136312011414051303295806"
"2026-09-04T13:30:00.0000000+00:00","21540.495544080000000000000001","28203.121416080000000000000001","7695.414128","-0.000597897361512974408715073","0.0041094277718298874298415493"
"2026-09-04T20:00:00.0000000+00:00","23834.638623680000000000000001","28188.959461680000000000000001","7543.246662","-0.0005021413832557401450340067","0.0046095056413398913611064265"
"2026-09-08T13:30:00.0000000+00:00","23834.638623680000000000000001","28171.928315680000000000000001","7565.765308","-0.0006041778882669328989737585","0.0052108985682224850103238035"
"2026-09-08T20:00:00.0000000+00:00","22746.421023680000000000000001","28148.396775680000000000000001","6484.5042480","-0.000835283255598189157403911","0.0060418292475000173478602602"
"2026-09-09T13:30:00.0000000+00:00","22689.053727680000000000000001","28133.468807680000000000000001","6541.714920","-0.0005303310209445978262382822","0.0065689560989714155586747426"
"2026-09-09T20:00:00.0000000+00:00","22689.053727680000000000000001","28121.283686680000000000000001","6539.176391","-0.0004331183290371093959446266","0.0069992292927194203265010119"
"2026-09-10T13:30:00.0000000+00:00","22689.053727680000000000000001","28073.290269680000000000000001","6533.0853580","-0.0017066581147123339212273687","0.0086939421159626023794551288"
"2026-09-10T20:00:00.0000000+00:00","21491.674299680000000000000001","28049.740263680000000000000001","7722.289036","-0.0008388758771690796997802034","0.0095255248548130967463421911"
"2026-09-11T13:30:00.0000000+00:00","21537.635061680000000000000001","28138.736405680000000000000001","7665.498656","0.0031727973650877616253718935","0.006382950049885764097438361"
"2026-09-11T20:00:00.0000000+00:00","25328.696697680000000000000001","28108.935897680000000000000001","4799.860800","-0.0010590563687850801937680736","0.0074352465147688757274045204"
