"orderId","time","substrategy","instrument","quantity","type","limit","timeInForce","status","reason"
"1","2020-11-10T21:00:00.0000000+00:00","PaydaySeason","US:Equity:SCHB","9","MarketOnClose","","Day","Accepted",""
"1","2020-11-11T21:00:00.0000000+00:00","PaydaySeason","US:Equity:SCHB","9","MarketOnClose","","Day","Filled",""
"2","2020-11-16T21:00:00.0000000+00:00","PaydaySeason","US:Equity:SCHB","-9","MarketOnClose","","Day","Accepted",""
"2","2020-11-17T21:00:00.0000000+00:00","PaydaySeason","US:Equity:SCHB","-9","MarketOnClose","","Day","Filled",""
"3","2020-11-17T21:00:00.0000000+00:00","BondSeason","US:Equity:TLT","16","MarketOnClose","","Day","Accepted",""
"3","2020-11-18T21:00:00.0000000+00:00","BondSeason","US:Equity:TLT","16","MarketOnClose","","Day","Filled",""
"4","2020-11-19T21:00:00.0000000+00:00","EqBondReversion","US:Equity:TLT","18","MarketOnOpen","","Day","Accepted",""
"4","2020-11-20T14:30:00.0000000+00:00","EqBondReversion","US:Equity:TLT","18","MarketOnOpen","","Day","Filled",""
"5","2020-11-20T21:00:00.0000000+00:00","PaydaySeason","US:Equity:SCHB","9","MarketOnClose","","Day","Accepted",""
"5","2020-11-23T21:00:00.0000000+00:00","PaydaySeason","US:Equity:SCHB","9","MarketOnClose","","Day","Filled",""
"6","2020-11-27T18:00:00.0000000+00:00","PaydaySeason","US:Equity:SCHB","-9","MarketOnClose","","Day","Accepted",""
"7","2020-11-27T18:00:00.0000000+00:00","BondSeason","US:Equity:TLT","-16","MarketOnClose","","Day","Accepted",""
"8","2020-11-27T18:00:00.0000000+00:00","BondSeason","US:Equity:TLT","-16","MarketOnClose","","Day","Accepted",""
"9","2020-11-27T18:00:00.0000000+00:00","EqBondReversion","US:Equity:TLT","-18","MarketOnClose","","Day","Accepted",""
"6","2020-11-30T21:00:00.0000000+00:00","PaydaySeason","US:Equity:SCHB","-9","MarketOnClose","","Day","Filled",""
"7","2020-11-30T21:00:00.0000000+00:00","BondSeason","US:Equity:TLT","-16","MarketOnClose","","Day","Filled",""
"8","2020-11-30T21:00:00.0000000+00:00","BondSeason","US:Equity:TLT","-16","MarketOnClose","","Day","Filled",""
"9","2020-11-30T21:00:00.0000000+00:00","EqBondReversion","US:Equity:TLT","-18","MarketOnClose","","Day","Filled",""
"10","2020-12-08T21:00:00.0000000+00:00","BondSeason","US:Equity:TLT","16","MarketOnClose","","Day","Accepted",""
"10","2020-12-09T21:00:00.0000000+00:00","BondSeason","US:Equity:TLT","16","MarketOnClose","","Day","Filled",""
"11","2020-12-09T21:00:00.0000000+00:00","PaydaySeason","US:Equity:SCHB","9","MarketOnClose","","Day","Accepted",""
"11","2020-12-10T21:00:00.0000000+00:00","PaydaySeason","US:Equity:SCHB","9","MarketOnClose","","Day","Filled",""
"12","2020-12-15T21:00:00.0000000+00:00","PaydaySeason","US:Equity:SCHB","-9","MarketOnClose","","Day","Accepted",""
"12","2020-12-16T21:00:00.0000000+00:00","PaydaySeason","US:Equity:SCHB","-9","MarketOnClose","","Day","Filled",""
"13","2020-12-18T21:00:00.0000000+00:00","BondSeason","US:Equity:TLT","16","MarketOnClose","","Day","Accepted",""
"14","2020-12-18T21:00:00.0000000+00:00","EqBondReversion","US:Equity:TLT","19","MarketOnOpen","","Day","Accepted",""
"14","2020-12-21T14:30:00.0000000+00:00","EqBondReversion","US:Equity:TLT","19","MarketOnOpen","","Day","Filled",""
"13","2020-12-21T21:00:00.0000000+00:00","BondSeason","US:Equity:TLT","16","MarketOnClose","","Day","Filled",""
"15","2020-12-21T21:00:00.0000000+00:00","PaydaySeason","US:Equity:SCHB","9","MarketOnClose","","Day","Accepted",""
"15","2020-12-22T21:00:00.0000000+00:00","PaydaySeason","US:Equity:SCHB","9","MarketOnClose","","Day","Filled",""
"16","2020-12-30T21:00:00.0000000+00:00","PaydaySeason","US:Equity:SCHB","-9","MarketOnClose","","Day","Accepted",""
"17","2020-12-30T21:00:00.0000000+00:00","BondSeason","US:Equity:TLT","-16","MarketOnClose","","Day","Accepted",""
"18","2020-12-30T21:00:00.0000000+00:00","BondSeason","US:Equity:TLT","-16","MarketOnClose","","Day","Accepted",""
"19","2020-12-30T21:00:00.0000000+00:00","EqBondReversion","US:Equity:TLT","-19","MarketOnClose","","Day","Accepted",""
"16","2020-12-31T21:00:00.0000000+00:00","PaydaySeason","US:Equity:SCHB","-9","MarketOnClose","","Day","Filled",""
"17","2020-12-31T21:00:00.0000000+00:00","BondSeason","US:Equity:TLT","-16","MarketOnClose","","Day","Filled",""
"18","2020-12-31T21:00:00.0000000+00:00","BondSeason","US:Equity:TLT","-16","MarketOnClose","","Day","Filled",""
"19","2020-12-31T21:00:00.0000000+00:00","EqBondReversion","US:Equity:TLT","-19","MarketOnClose","","Day","Filled",""
"20","2021-01-11T21:00:00.0000000+00:00","BondSeason","US:Equity:TLT","16","MarketOnClose","","Day","Accepted",""
"20","2021-01-12T21:00:00.0000000+00:00","BondSeason","US:Equity:TLT","16","MarketOnClose","","Day","Filled",""
"21","2021-01-12T21:00:00.0000000+00:00","PaydaySeason","US:Equity:SCHB","8","MarketOnClose","","Day","Accepted",""
"21","2021-01-13T21:00:00.0000000+00:00","PaydaySeason","US:Equity:SCHB","8","MarketOnClose","","Day","Filled",""
"22","2021-01-19T21:00:00.0000000+00:00","PaydaySeason","US:Equity:SCHB","-8","MarketOnClose","","Day","Accepted",""
"23","2021-01-19T21:00:00.0000000+00:00","BondSeason","US:Equity:TLT","17","MarketOnClose","","Day","Accepted",""
"22","2021-01-20T21:00:00.0000000+00:00","PaydaySeason","US:Equity:SCHB","-8","MarketOnClose","","Day","Filled",""
"23","2021-01-20T21:00:00.0000000+00:00","BondSeason","US:Equity:TLT","17","MarketOnClose","","Day","Filled",""
"24","2021-01-22T21:00:00.0000000+00:00","EqBondReversion","US:Equity:TLT","19","MarketOnOpen","","Day","Accepted",""
"24","2021-01-25T14:30:00.0000000+00:00","EqBondReversion","US:Equity:TLT","19","MarketOnOpen","","Day","Filled",""
"25","2021-01-25T21:00:00.0000000+00:00","PaydaySeason","US:Equity:SCHB","8","MarketOnClose","","Day","Accepted",""
"25","2021-01-26T21:00:00.0000000+00:00","PaydaySeason","US:Equity:SCHB","8","MarketOnClose","","Day","Filled",""
"26","2021-01-28T21:00:00.0000000+00:00","PaydaySeason","US:Equity:SCHB","-8","MarketOnClose","","Day","Accepted",""
"27","2021-01-28T21:00:00.0000000+00:00","BondSeason","US:Equity:TLT","-17","MarketOnClose","","Day","Accepted",""
"28","2021-01-28T21:00:00.0000000+00:00","BondSeason","US:Equity:TLT","-17","MarketOnClose","","Day","Accepted",""
"29","2021-01-28T21:00:00.0000000+00:00","EqBondReversion","US:Equity:TLT","-19","MarketOnClose","","Day","Accepted",""
"26","2021-01-29T21:00:00.0000000+00:00","PaydaySeason","US:Equity:SCHB","-8","MarketOnClose","","Day","Filled",""
"27","2021-01-29T21:00:00.0000000+00:00","BondSeason","US:Equity:TLT","-17","MarketOnClose","","Day","Filled",""
"28","2021-01-29T21:00:00.0000000+00:00","BondSeason","US:Equity:TLT","-17","MarketOnClose","","Day","Filled",""
"29","2021-01-29T21:00:00.0000000+00:00","EqBondReversion","US:Equity:TLT","-19","MarketOnClose","","Day","Filled",""
"30","2021-02-08T21:00:00.0000000+00:00","BondSeason","US:Equity:TLT","17","MarketOnClose","","Day","Accepted",""
"30","2021-02-09T21:00:00.0000000+00:00","BondSeason","US:Equity:TLT","17","MarketOnClose","","Day","Filled",""
"31","2021-02-09T21:00:00.0000000+00:00","PaydaySeason","US:Equity:SCHB","8","MarketOnClose","","Day","Accepted",""
"31","2021-02-10T21:00:00.0000000+00:00","PaydaySeason","US:Equity:SCHB","8","MarketOnClose","","Day","Filled",""
"32","2021-02-16T21:00:00.0000000+00:00","PaydaySeason","US:Equity:SCHB","-8","MarketOnClose","","Day","Accepted",""
"33","2021-02-16T21:00:00.0000000+00:00","BondSeason","US:Equity:TLT","17","MarketOnClose","","Day","Accepted",""
"32","2021-02-17T21:00:00.0000000+00:00","PaydaySeason","US:Equity:SCHB","-8","MarketOnClose","","Day","Filled",""
"33","2021-02-17T21:00:00.0000000+00:00","BondSeason","US:Equity:TLT","17","MarketOnClose","","Day","Filled",""
"34","2021-02-19T21:00:00.0000000+00:00","EqBondReversion","US:Equity:TLT","21","MarketOnOpen","","Day","Accepted",""
"34","2021-02-22T14:30:00.0000000+00:00","EqBondReversion","US:Equity:TLT","21","MarketOnOpen","","Day","Filled",""
"35","2021-02-22T21:00:00.0000000+00:00","PaydaySeason","US:Equity:SCHB","8","MarketOnClose","","Day","Accepted",""
"35","2021-02-23T21:00:00.0000000+00:00","PaydaySeason","US:Equity:SCHB","8","MarketOnClose","","Day","Filled",""
"36","2021-02-25T21:00:00.0000000+00:00","PaydaySeason","US:Equity:SCHB","-8","MarketOnClose","","Day","Accepted",""
"37","2021-02-25T21:00:00.0000000+00:00","BondSeason","US:Equity:TLT","-17","MarketOnClose","","Day","Accepted",""
"38","2021-02-25T21:00:00.0000000+00:00","BondSeason","US:Equity:TLT","-18","MarketOnClose","","Day","Accepted",""
"39","2021-02-25T21:00:00.0000000+00:00","EqBondReversion","US:Equity:TLT","-21","MarketOnClose","","Day","Accepted",""
"36","2021-02-26T21:00:00.0000000+00:00","PaydaySeason","US:Equity:SCHB","-8","MarketOnClose","","Day","Filled",""
"37","2021-02-26T21:00:00.0000000+00:00","BondSeason","US:Equity:TLT","-17","MarketOnClose","","Day","Filled",""
"38","2021-02-26T21:00:00.0000000+00:00","BondSeason","US:Equity:TLT","-18","MarketOnClose","","Day","Filled",""
"39","2021-02-26T21:00:00.0000000+00:00","EqBondReversion","US:Equity:TLT","-21","MarketOnClose","","Day","Filled",""
"40","2021-03-08T21:00:00.0000000+00:00","BondSeason","US:Equity:TLT","18","MarketOnClose","","Day","Accepted",""
"40","2021-03-09T21:00:00.0000000+00:00","BondSeason","US:Equity:TLT","18","MarketOnClose","","Day","Filled",""
"41","2021-03-09T21:00:00.0000000+00:00","PaydaySeason","US:Equity:SCHB","8","MarketOnClose","","Day","Accepted",""
"41","2021-03-10T21:00:00.0000000+00:00","PaydaySeason","US:Equity:SCHB","8","MarketOnClose","","Day","Filled",""
"42","2021-03-15T20:00:00.0000000+00:00","PaydaySeason","US:Equity:SCHB","-8","MarketOnClose","","Day","Accepted",""
"43","2021-03-15T20:00:00.0000000+00:00","RiskPremia","US:Equity:SCHB","9","MarketOnOpen","","Day","Accepted",""
"44","2021-03-15T20:00:00.0000000+00:00","RiskPremia","US:Equity:TLT","7","MarketOnOpen","","Day","Accepted",""
"45","2021-03-15T20:00:00.0000000+00:00","RiskPremia","US:Equity:GLDM","49","MarketOnOpen","","Day","Accepted",""
"45","2021-03-16T13:30:00.0000000+00:00","RiskPremia","US:Equity:GLDM","49","MarketOnOpen","","Day","Filled",""
"43","2021-03-16T13:30:00.0000000+00:00","RiskPremia","US:Equity:SCHB","9","MarketOnOpen","","Day","Filled",""
"44","2021-03-16T13:30:00.0000000+00:00","RiskPremia","US:Equity:TLT","7","MarketOnOpen","","Day","Filled",""
"42","2021-03-16T20:00:00.0000000+00:00","PaydaySeason","US:Equity:SCHB","-8","MarketOnClose","","Day","Filled",""
"46","2021-03-16T20:00:00.0000000+00:00","RiskPremia","US:Equity:SCHB","1","MarketOnOpen","","Day","Accepted",""
"46","2021-03-17T13:30:00.0000000+00:00","RiskPremia","US:Equity:SCHB","1","MarketOnOpen","","Day","Filled",""
"47","2021-03-17T20:00:00.0000000+00:00","RiskPremia","US:Equity:TLT","1","MarketOnOpen","","Day","Accepted",""
"47","2021-03-18T13:30:00.0000000+00:00","RiskPremia","US:Equity:TLT","1","MarketOnOpen","","Day","Filled",""
"48","2021-03-18T20:00:00.0000000+00:00","EqBondReversion","US:Equity:TLT","22","MarketOnOpen","","Day","Accepted",""
"48","2021-03-19T13:30:00.0000000+00:00","EqBondReversion","US:Equity:TLT","22","MarketOnOpen","","Day","Filled",""
"49","2021-03-19T20:00:00.0000000+00:00","PaydaySeason","US:Equity:SCHB","8","MarketOnClose","","Day","Accepted",""
"50","2021-03-19T20:00:00.0000000+00:00","BondSeason","US:Equity:TLT","19","MarketOnClose","","Day","Accepted",""
"49","2021-03-22T20:00:00.0000000+00:00","PaydaySeason","US:Equity:SCHB","8","MarketOnClose","","Day","Filled",""
"50","2021-03-22T20:00:00.0000000+00:00","BondSeason","US:Equity:TLT","19","MarketOnClose","","Day","Filled",""
"51","2021-03-30T20:00:00.0000000+00:00","PaydaySeason","US:Equity:SCHB","-8","MarketOnClose","","Day","Accepted",""
"52","2021-03-30T20:00:00.0000000+00:00","BondSeason","US:Equity:TLT","-19","MarketOnClose","","Day","Accepted",""
"53","2021-03-30T20:00:00.0000000+00:00","BondSeason","US:Equity:TLT","-19","MarketOnClose","","Day","Accepted",""
"54","2021-03-30T20:00:00.0000000+00:00","EqBondReversion","US:Equity:TLT","-22","MarketOnClose","","Day","Accepted",""
"55","2021-03-30T20:00:00.0000000+00:00","RiskPremia","US:Equity:GLDM","5","MarketOnOpen","","Day","Accepted",""
"55","2021-03-31T13:30:00.0000000+00:00","RiskPremia","US:Equity:GLDM","5","MarketOnOpen","","Day","Filled",""
"51","2021-03-31T20:00:00.0000000+00:00","PaydaySeason","US:Equity:SCHB","-8","MarketOnClose","","Day","Filled",""
"52","2021-03-31T20:00:00.0000000+00:00","BondSeason","US:Equity:TLT","-19","MarketOnClose","","Day","Filled",""
"53","2021-03-31T20:00:00.0000000+00:00","BondSeason","US:Equity:TLT","-19","MarketOnClose","","Day","Filled",""
"54","2021-03-31T20:00:00.0000000+00:00","EqBondReversion","US:Equity:TLT","-22","MarketOnClose","","Day","Filled",""
"56","2021-04-09T20:00:00.0000000+00:00","BondSeason","US:Equity:TLT","19","MarketOnClose","","Day","Accepted",""
"56","2021-04-12T20:00:00.0000000+00:00","BondSeason","US:Equity:TLT","19","MarketOnClose","","Day","Filled",""
"57","2021-04-12T20:00:00.0000000+00:00","PaydaySeason","US:Equity:SCHB","8","MarketOnClose","","Day","Accepted",""
"57","2021-04-13T20:00:00.0000000+00:00","PaydaySeason","US:Equity:SCHB","8","MarketOnClose","","Day","Filled",""
"58","2021-04-16T20:00:00.0000000+00:00","PaydaySeason","US:Equity:SCHB","-8","MarketOnClose","","Day","Accepted",""
"58","2021-04-19T20:00:00.0000000+00:00","PaydaySeason","US:Equity:SCHB","-8","MarketOnClose","","Day","Filled",""
"59","2021-04-20T20:00:00.0000000+00:00","BondSeason","US:Equity:TLT","18","MarketOnClose","","Day","Accepted",""
"59","2021-04-21T20:00:00.0000000+00:00","BondSeason","US:Equity:TLT","18","MarketOnClose","","Day","Filled",""
"60","2021-04-21T20:00:00.0000000+00:00","EqBondReversion","US:Equity:TLT","21","MarketOnOpen","","Day","Accepted",""
"60","2021-04-22T13:30:00.0000000+00:00","EqBondReversion","US:Equity:TLT","21","MarketOnOpen","","Day","Filled",""
"61","2021-04-22T20:00:00.0000000+00:00","PaydaySeason","US:Equity:SCHB","8","MarketOnClose","","Day","Accepted",""
"61","2021-04-23T20:00:00.0000000+00:00","PaydaySeason","US:Equity:SCHB","8","MarketOnClose","","Day","Filled",""
"62","2021-04-29T20:00:00.0000000+00:00","PaydaySeason","US:Equity:SCHB","-8","MarketOnClose","","Day","Accepted",""
"63","2021-04-29T20:00:00.0000000+00:00","BondSeason","US:Equity:TLT","-18","MarketOnClose","","Day","Accepted",""
"64","2021-04-29T20:00:00.0000000+00:00","BondSeason","US:Equity:TLT","-18","MarketOnClose","","Day","Accepted",""
"65","2021-04-29T20:00:00.0000000+00:00","EqBondReversion","US:Equity:TLT","-21","MarketOnClose","","Day","Accepted",""
"62","2021-04-30T20:00:00.0000000+00:00","PaydaySeason","US:Equity:SCHB","-8","MarketOnClose","","Day","Filled",""
"63","2021-04-30T20:00:00.0000000+00:00","BondSeason","US:Equity:TLT","-18","MarketOnClose","","Day","Filled",""
"64","2021-04-30T20:00:00.0000000+00:00","BondSeason","US:Equity:TLT","-18","MarketOnClose","","Day","Filled",""
"65","2021-04-30T20:00:00.0000000+00:00","EqBondReversion","US:Equity:TLT","-21","MarketOnClose","","Day","Filled",""
"66","2021-05-10T20:00:00.0000000+00:00","BondSeason","US:Equity:TLT","18","MarketOnClose","","Day","Accepted",""
"66","2021-05-11T20:00:00.0000000+00:00","BondSeason","US:Equity:TLT","18","MarketOnClose","","Day","Filled",""
"67","2021-05-11T20:00:00.0000000+00:00","PaydaySeason","US:Equity:SCHB","8","MarketOnClose","","Day","Accepted",""
"67","2021-05-12T20:00:00.0000000+00:00","PaydaySeason","US:Equity:SCHB","8","MarketOnClose","","Day","Filled",""
"68","2021-05-17T20:00:00.0000000+00:00","PaydaySeason","US:Equity:SCHB","-8","MarketOnClose","","Day","Accepted",""
"68","2021-05-18T20:00:00.0000000+00:00","PaydaySeason","US:Equity:SCHB","-8","MarketOnClose","","Day","Filled",""
"69","2021-05-18T20:00:00.0000000+00:00","BondSeason","US:Equity:TLT","19","MarketOnClose","","Day","Accepted",""
"69","2021-05-19T20:00:00.0000000+00:00","BondSeason","US:Equity:TLT","19","MarketOnClose","","Day","Filled",""
"70","2021-05-19T20:00:00.0000000+00:00","RiskPremia","US:Equity:SCHB","-1","MarketOnOpen","","Day","Accepted",""
"70","2021-05-20T13:30:00.0000000+00:00","RiskPremia","US:Equity:SCHB","-1","MarketOnOpen","","Day","Filled",""
"71","2021-05-20T20:00:00.0000000+00:00","EqBondReversion","US:Equity:SCHB","29","MarketOnOpen","","Day","Accepted",""
"71","2021-05-21T13:30:00.0000000+00:00","EqBondReversion","US:Equity:SCHB","29","MarketOnOpen","","Day","Filled",""
"72","2021-05-21T20:00:00.0000000+00:00","PaydaySeason","US:Equity:SCHB","8","MarketOnClose","","Day","Accepted",""
"72","2021-05-24T20:00:00.0000000+00:00","PaydaySeason","US:Equity:SCHB","8","MarketOnClose","","Day","Filled",""
"73","2021-05-27T20:00:00.0000000+00:00","PaydaySeason","US:Equity:SCHB","-8","MarketOnClose","","Day","Accepted",""
"74","2021-05-27T20:00:00.0000000+00:00","BondSeason","US:Equity:TLT","-19","MarketOnClose","","Day","Accepted",""
"75","2021-05-27T20:00:00.0000000+00:00","BondSeason","US:Equity:TLT","-18","MarketOnClose","","Day","Accepted",""
"76","2021-05-27T20:00:00.0000000+00:00","EqBondReversion","US:Equity:SCHB","-29","MarketOnClose","","Day","Accepted",""
"73","2021-05-28T20:00:00.0000000+00:00","PaydaySeason","US:Equity:SCHB","-8","MarketOnClose","","Day","Filled",""
"76","2021-05-28T20:00:00.0000000+00:00","EqBondReversion","US:Equity:SCHB","-29","MarketOnClose","","Day","Filled",""
"74","2021-05-28T20:00:00.0000000+00:00","BondSeason","US:Equity:TLT","-19","MarketOnClose","","Day","Filled",""
"75","2021-05-28T20:00:00.0000000+00:00","BondSeason","US:Equity:TLT","-18","MarketOnClose","","Day","Filled",""
"77","2021-06-08T20:00:00.0000000+00:00","BondSeason","US:Equity:TLT","18","MarketOnClose","","Day","Accepted",""
"77","2021-06-09T20:00:00.0000000+00:00","BondSeason","US:Equity:TLT","18","MarketOnClose","","Day","Filled",""
"78","2021-06-09T20:00:00.0000000+00:00","PaydaySeason","US:Equity:SCHB","7","MarketOnClose","","Day","Accepted",""
"78","2021-06-10T20:00:00.0000000+00:00","PaydaySeason","US:Equity:SCHB","7","MarketOnClose","","Day","Filled",""
"79","2021-06-15T20:00:00.0000000+00:00","PaydaySeason","US:Equity:SCHB","-7","MarketOnClose","","Day","Accepted",""
"79","2021-06-16T20:00:00.0000000+00:00","PaydaySeason","US:Equity:SCHB","-7","MarketOnClose","","Day","Filled",""
"80","2021-06-18T20:00:00.0000000+00:00","BondSeason","US:Equity:TLT","17","MarketOnClose","","Day","Accepted",""
"81","2021-06-18T20:00:00.0000000+00:00","EqBondReversion","US:Equity:SCHB","29","MarketOnOpen","","Day","Accepted",""
"82","2021-06-18T20:00:00.0000000+00:00","RiskPremia","US:Equity:TLT","-1","MarketOnOpen","","Day","Accepted",""
"81","2021-06-21T13:30:00.0000000+00:00","EqBondReversion","US:Equity:SCHB","29","MarketOnOpen","","Day","Filled",""
"82","2021-06-21T13:30:00.0000000+00:00","RiskPremia","US:Equity:TLT","-1","MarketOnOpen","","Day","Filled",""
"80","2021-06-21T20:00:00.0000000+00:00","BondSeason","US:Equity:TLT","17","MarketOnClose","","Day","Filled",""
"83","2021-06-21T20:00:00.0000000+00:00","PaydaySeason","US:Equity:SCHB","7","MarketOnClose","","Day","Accepted",""
"83","2021-06-22T20:00:00.0000000+00:00","PaydaySeason","US:Equity:SCHB","7","MarketOnClose","","Day","Filled",""
"84","2021-06-29T20:00:00.0000000+00:00","PaydaySeason","US:Equity:SCHB","-7","MarketOnClose","","Day","Accepted",""
"85","2021-06-29T20:00:00.0000000+00:00","BondSeason","US:Equity:TLT","-17","MarketOnClose","","Day","Accepted",""
"86","2021-06-29T20:00:00.0000000+00:00","BondSeason","US:Equity:TLT","-18","MarketOnClose","","Day","Accepted",""
"87","2021-06-29T20:00:00.0000000+00:00","EqBondReversion","US:Equity:SCHB","-29","MarketOnClose","","Day","Accepted",""
"84","2021-06-30T20:00:00.0000000+00:00","PaydaySeason","US:Equity:SCHB","-7","MarketOnClose","","Day","Filled",""
"87","2021-06-30T20:00:00.0000000+00:00","EqBondReversion","US:Equity:SCHB","-29","MarketOnClose","","Day","Filled",""
"85","2021-06-30T20:00:00.0000000+00:00","BondSeason","US:Equity:TLT","-17","MarketOnClose","","Day","Filled",""
"86","2021-06-30T20:00:00.0000000+00:00","BondSeason","US:Equity:TLT","-18","MarketOnClose","","Day","Filled",""
"88","2021-07-09T20:00:00.0000000+00:00","BondSeason","US:Equity:TLT","18","MarketOnClose","","Day","Accepted",""
"88","2021-07-12T20:00:00.0000000+00:00","BondSeason","US:Equity:TLT","18","MarketOnClose","","Day","Filled",""
"89","2021-07-12T20:00:00.0000000+00:00","PaydaySeason","US:Equity:SCHB","7","MarketOnClose","","Day","Accepted",""
"89","2021-07-13T20:00:00.0000000+00:00","PaydaySeason","US:Equity:SCHB","7","MarketOnClose","","Day","Filled",""
"90","2021-07-16T20:00:00.0000000+00:00","PaydaySeason","US:Equity:SCHB","-7","MarketOnClose","","Day","Accepted",""
"90","2021-07-19T20:00:00.0000000+00:00","PaydaySeason","US:Equity:SCHB","-7","MarketOnClose","","Day","Filled",""
"91","2021-07-19T20:00:00.0000000+00:00","RiskPremia","US:Equity:SCHB","1","MarketOnOpen","","Day","Accepted",""
"91","2021-07-20T13:30:00.0000000+00:00","RiskPremia","US:Equity:SCHB","1","MarketOnOpen","","Day","Filled",""
"92","2021-07-20T20:00:00.0000000+00:00","BondSeason","US:Equity:TLT","17","MarketOnClose","","Day","Accepted",""
"92","2021-07-21T20:00:00.0000000+00:00","BondSeason","US:Equity:TLT","17","MarketOnClose","","Day","Filled",""
"93","2021-07-21T20:00:00.0000000+00:00","EqBondReversion","US:Equity:SCHB","28","MarketOnOpen","","Day","Accepted",""
"93","2021-07-22T13:30:00.0000000+00:00","EqBondReversion","US:Equity:SCHB","28","MarketOnOpen","","Day","Filled",""
"94","2021-07-22T20:00:00.0000000+00:00","PaydaySeason","US:Equity:SCHB","7","MarketOnClose","","Day","Accepted",""
"94","2021-07-23T20:00:00.0000000+00:00","PaydaySeason","US:Equity:SCHB","7","MarketOnClose","","Day","Filled",""
"95","2021-07-29T20:00:00.0000000+00:00","PaydaySeason","US:Equity:SCHB","-7","MarketOnClose","","Day","Accepted",""
"96","2021-07-29T20:00:00.0000000+00:00","BondSeason","US:Equity:TLT","-17","MarketOnClose","","Day","Accepted",""
"97","2021-07-29T20:00:00.0000000+00:00","BondSeason","US:Equity:TLT","-17","MarketOnClose","","Day","Accepted",""
"98","2021-07-29T20:00:00.0000000+00:00","EqBondReversion","US:Equity:SCHB","-28","MarketOnClose","","Day","Accepted",""
"95","2021-07-30T20:00:00.0000000+00:00","PaydaySeason","US:Equity:SCHB","-7","MarketOnClose","","Day","Filled",""
"98","2021-07-30T20:00:00.0000000+00:00","EqBondReversion","US:Equity:SCHB","-28","MarketOnClose","","Day","Filled",""
"96","2021-07-30T20:00:00.0000000+00:00","BondSeason","US:Equity:TLT","-17","MarketOnClose","","Day","Filled",""
"97","2021-07-30T20:00:00.0000000+00:00","BondSeason","US:Equity:TLT","-17","MarketOnClose","","Day","Filled",""
"99","2021-08-09T20:00:00.0000000+00:00","BondSeason","US:Equity:TLT","17","MarketOnClose","","Day","Accepted",""
"99","2021-08-10T20:00:00.0000000+00:00","BondSeason","US:Equity:TLT","17","MarketOnClose","","Day","Filled",""
"100","2021-08-10T20:00:00.0000000+00:00","PaydaySeason","US:Equity:SCHB","7","MarketOnClose","","Day","Accepted",""
"100","2021-08-11T20:00:00.0000000+00:00","PaydaySeason","US:Equity:SCHB","7","MarketOnClose","","Day","Filled",""
"101","2021-08-16T20:00:00.0000000+00:00","PaydaySeason","US:Equity:SCHB","-7","MarketOnClose","","Day","Accepted",""
"101","2021-08-17T20:00:00.0000000+00:00","PaydaySeason","US:Equity:SCHB","-7","MarketOnClose","","Day","Filled",""
"102","2021-08-19T20:00:00.0000000+00:00","BondSeason","US:Equity:TLT","17","MarketOnClose","","Day","Accepted",""
"103","2021-08-19T20:00:00.0000000+00:00","EqBondReversion","US:Equity:SCHB","28","MarketOnOpen","","Day","Accepted",""
"103","2021-08-20T13:30:00.0000000+00:00","EqBondReversion","US:Equity:SCHB","28","MarketOnOpen","","Day","Filled",""
"102","2021-08-20T20:00:00.0000000+00:00","BondSeason","US:Equity:TLT","17","MarketOnClose","","Day","Filled",""
"104","2021-08-20T20:00:00.0000000+00:00","PaydaySeason","US:Equity:SCHB","7","MarketOnClose","","Day","Accepted",""
"104","2021-08-23T20:00:00.0000000+00:00","PaydaySeason","US:Equity:SCHB","7","MarketOnClose","","Day","Filled",""
"105","2021-08-30T20:00:00.0000000+00:00","PaydaySeason","US:Equity:SCHB","-7","MarketOnClose","","Day","Accepted",""
"106","2021-08-30T20:00:00.0000000+00:00","BondSeason","US:Equity:TLT","-17","MarketOnClose","","Day","Accepted",""
"107","2021-08-30T20:00:00.0000000+00:00","BondSeason","US:Equity:TLT","-17","MarketOnClose","","Day","Accepted",""
"108","2021-08-30T20:00:00.0000000+00:00","EqBondReversion","US:Equity:SCHB","-28","MarketOnClose","","Day","Accepted",""
"105","2021-08-31T20:00:00.0000000+00:00","PaydaySeason","US:Equity:SCHB","-7","MarketOnClose","","Day","Filled",""
"108","2021-08-31T20:00:00.0000000+00:00","EqBondReversion","US:Equity:SCHB","-28","MarketOnClose","","Day","Filled",""
"106","2021-08-31T20:00:00.0000000+00:00","BondSeason","US:Equity:TLT","-17","MarketOnClose","","Day","Filled",""
"107","2021-08-31T20:00:00.0000000+00:00","BondSeason","US:Equity:TLT","-17","MarketOnClose","","Day","Filled",""
"109","2021-09-09T20:00:00.0000000+00:00","BondSeason","US:Equity:TLT","17","MarketOnClose","","Day","Accepted",""
"109","2021-09-10T20:00:00.0000000+00:00","BondSeason","US:Equity:TLT","17","MarketOnClose","","Day","Filled",""
"110","2021-09-10T20:00:00.0000000+00:00","PaydaySeason","US:Equity:SCHB","7","MarketOnClose","","Day","Accepted",""
"110","2021-09-13T20:00:00.0000000+00:00","PaydaySeason","US:Equity:SCHB","7","MarketOnClose","","Day","Filled",""
"111","2021-09-16T20:00:00.0000000+00:00","PaydaySeason","US:Equity:SCHB","-7","MarketOnClose","","Day","Accepted",""
"111","2021-09-17T20:00:00.0000000+00:00","PaydaySeason","US:Equity:SCHB","-7","MarketOnClose","","Day","Filled",""
"112","2021-09-20T20:00:00.0000000+00:00","BondSeason","US:Equity:TLT","17","MarketOnClose","","Day","Accepted",""
"112","2021-09-21T20:00:00.0000000+00:00","BondSeason","US:Equity:TLT","17","MarketOnClose","","Day","Filled",""
"113","2021-09-21T20:00:00.0000000+00:00","EqBondReversion","US:Equity:SCHB","28","MarketOnOpen","","Day","Accepted",""
"113","2021-09-22T13:30:00.0000000+00:00","EqBondReversion","US:Equity:SCHB","28","MarketOnOpen","","Day","Filled",""
"114","2021-09-22T20:00:00.0000000+00:00","PaydaySeason","US:Equity:SCHB","7","MarketOnClose","","Day","Accepted",""
"115","2021-09-22T20:00:00.0000000+00:00","RiskPremia","US:Equity:TLT","-1","MarketOnOpen","","Day","Accepted",""
"115","2021-09-23T13:30:00.0000000+00:00","RiskPremia","US:Equity:TLT","-1","MarketOnOpen","","Day","Filled",""
"114","2021-09-23T20:00:00.0000000+00:00","PaydaySeason","US:Equity:SCHB","7","MarketOnClose","","Day","Filled",""
"116","2021-09-29T20:00:00.0000000+00:00","PaydaySeason","US:Equity:SCHB","-7","MarketOnClose","","Day","Accepted",""
"117","2021-09-29T20:00:00.0000000+00:00","BondSeason","US:Equity:TLT","-17","MarketOnClose","","Day","Accepted",""
"118","2021-09-29T20:00:00.0000000+00:00","BondSeason","US:Equity:TLT","-18","MarketOnClose","","Day","Accepted",""
"119","2021-09-29T20:00:00.0000000+00:00","EqBondReversion","US:Equity:SCHB","-28","MarketOnClose","","Day","Accepted",""
"116","2021-09-30T20:00:00.0000000+00:00","PaydaySeason","US:Equity:SCHB","-7","MarketOnClose","","Day","Filled",""
"119","2021-09-30T20:00:00.0000000+00:00","EqBondReversion","US:Equity:SCHB","-28","MarketOnClose","","Day","Filled",""
"117","2021-09-30T20:00:00.0000000+00:00","BondSeason","US:Equity:TLT","-17","MarketOnClose","","Day","Filled",""
"118","2021-09-30T20:00:00.0000000+00:00","BondSeason","US:Equity:TLT","-18","MarketOnClose","","Day","Filled",""
"120","2021-09-30T20:00:00.0000000+00:00","RiskPremia","US:Equity:SCHB","1","MarketOnOpen","","Day","Accepted",""
"120","2021-10-01T13:30:00.0000000+00:00","RiskPremia","US:Equity:SCHB","1","MarketOnOpen","","Day","Filled",""
"121","2021-10-08T20:00:00.0000000+00:00","BondSeason","US:Equity:TLT","18","MarketOnClose","","Day","Accepted",""
"121","2021-10-11T20:00:00.0000000+00:00","BondSeason","US:Equity:TLT","18","MarketOnClose","","Day","Filled",""
"122","2021-10-11T20:00:00.0000000+00:00","PaydaySeason","US:Equity:SCHB","7","MarketOnClose","","Day","Accepted",""
"122","2021-10-12T20:00:00.0000000+00:00","PaydaySeason","US:Equity:SCHB","7","MarketOnClose","","Day","Filled",""
"123","2021-10-15T20:00:00.0000000+00:00","PaydaySeason","US:Equity:SCHB","-7","MarketOnClose","","Day","Accepted",""
"123","2021-10-18T20:00:00.0000000+00:00","PaydaySeason","US:Equity:SCHB","-7","MarketOnClose","","Day","Filled",""
"124","2021-10-19T20:00:00.0000000+00:00","BondSeason","US:Equity:TLT","18","MarketOnClose","","Day","Accepted",""
"124","2021-10-20T20:00:00.0000000+00:00","BondSeason","US:Equity:TLT","18","MarketOnClose","","Day","Filled",""
"125","2021-10-20T20:00:00.0000000+00:00","EqBondReversion","US:Equity:TLT","21","MarketOnOpen","","Day","Accepted",""
"125","2021-10-21T13:30:00.0000000+00:00","EqBondReversion","US:Equity:TLT","21","MarketOnOpen","","Day","Filled",""
"126","2021-10-21T20:00:00.0000000+00:00","PaydaySeason","US:Equity:SCHB","7","MarketOnClose","","Day","Accepted",""
"126","2021-10-22T20:00:00.0000000+00:00","PaydaySeason","US:Equity:SCHB","7","MarketOnClose","","Day","Filled",""
"127","2021-10-25T20:00:00.0000000+00:00","RiskPremia","US:Equity:SCHB","-2","MarketOnOpen","","Day","Accepted",""
"127","2021-10-26T13:30:00.0000000+00:00","RiskPremia","US:Equity:SCHB","-2","MarketOnOpen","","Day","Filled",""
"128","2021-10-28T20:00:00.0000000+00:00","PaydaySeason","US:Equity:SCHB","-7","MarketOnClose","","Day","Accepted",""
"129","2021-10-28T20:00:00.0000000+00:00","BondSeason","US:Equity:TLT","-18","MarketOnClose","","Day","Accepted",""
"130","2021-10-28T20:00:00.0000000+00:00","BondSeason","US:Equity:TLT","-17","MarketOnClose","","Day","Accepted",""
"131","2021-10-28T20:00:00.0000000+00:00","EqBondReversion","US:Equity:TLT","-21","MarketOnClose","","Day","Accepted",""
"128","2021-10-29T20:00:00.0000000+00:00","PaydaySeason","US:Equity:SCHB","-7","MarketOnClose","","Day","Filled",""
"129","2021-10-29T20:00:00.0000000+00:00","BondSeason","US:Equity:TLT","-18","MarketOnClose","","Day","Filled",""
"130","2021-10-29T20:00:00.0000000+00:00","BondSeason","US:Equity:TLT","-17","MarketOnClose","","Day","Filled",""
"131","2021-10-29T20:00:00.0000000+00:00","EqBondReversion","US:Equity:TLT","-21","MarketOnClose","","Day","Filled",""
"132","2021-11-08T21:00:00.0000000+00:00","BondSeason","US:Equity:TLT","17","MarketOnClose","","Day","Accepted",""
"132","2021-11-09T21:00:00.0000000+00:00","BondSeason","US:Equity:TLT","17","MarketOnClose","","Day","Filled",""
"133","2021-11-09T21:00:00.0000000+00:00","PaydaySeason","US:Equity:SCHB","7","MarketOnClose","","Day","Accepted",""
"133","2021-11-10T21:00:00.0000000+00:00","PaydaySeason","US:Equity:SCHB","7","MarketOnClose","","Day","Filled",""
"134","2021-11-15T21:00:00.0000000+00:00","PaydaySeason","US:Equity:SCHB","-7","MarketOnClose","","Day","Accepted",""
"134","2021-11-16T21:00:00.0000000+00:00","PaydaySeason","US:Equity:SCHB","-7","MarketOnClose","","Day","Filled",""
"135","2021-11-17T21:00:00.0000000+00:00","BondSeason","US:Equity:TLT","17","MarketOnClose","","Day","Accepted",""
"135","2021-11-18T21:00:00.0000000+00:00","BondSeason","US:Equity:TLT","17","MarketOnClose","","Day","Filled",""
"136","2021-11-18T21:00:00.0000000+00:00","EqBondReversion","US:Equity:TLT","20","MarketOnOpen","","Day","Accepted",""
"136","2021-11-19T14:30:00.0000000+00:00","EqBondReversion","US:Equity:TLT","20","MarketOnOpen","","Day","Filled",""
"137","2021-11-19T21:00:00.0000000+00:00","PaydaySeason","US:Equity:SCHB","7","MarketOnClose","","Day","Accepted",""
"137","2021-11-22T21:00:00.0000000+00:00","PaydaySeason","US:Equity:SCHB","7","MarketOnClose","","Day","Filled",""
"138","2021-11-22T21:00:00.0000000+00:00","RiskPremia","US:Equity:SCHB","1","MarketOnOpen","","Day","Accepted",""
"138","2021-11-23T14:30:00.0000000+00:00","RiskPremia","US:Equity:SCHB","1","MarketOnOpen","","Day","Filled",""
"139","2021-11-29T21:00:00.0000000+00:00","PaydaySeason","US:Equity:SCHB","-7","MarketOnClose","","Day","Accepted",""
"140","2021-11-29T21:00:00.0000000+00:00","BondSeason","US:Equity:TLT","-17","MarketOnClose","","Day","Accepted",""
"141","2021-11-29T21:00:00.0000000+00:00","BondSeason","US:Equity:TLT","-17","MarketOnClose","","Day","Accepted",""
"142","2021-11-29T21:00:00.0000000+00:00","EqBondReversion","US:Equity:TLT","-20","MarketOnClose","","Day","Accepted",""
"139","2021-11-30T21:00:00.0000000+00:00","PaydaySeason","US:Equity:SCHB","-7","MarketOnClose","","Day","Filled",""
"140","2021-11-30T21:00:00.0000000+00:00","BondSeason","US:Equity:TLT","-17","MarketOnClose","","Day","Filled",""
"141","2021-11-30T21:00:00.0000000+00:00","BondSeason","US:Equity:TLT","-17","MarketOnClose","","Day","Filled",""
"142","2021-11-30T21:00:00.0000000+00:00","EqBondReversion","US:Equity:TLT","-20","MarketOnClose","","Day","Filled",""
"143","2021-12-08T21:00:00.0000000+00:00","BondSeason","US:Equity:TLT","17","MarketOnClose","","Day","Accepted",""
"143","2021-12-09T21:00:00.0000000+00:00","BondSeason","US:Equity:TLT","17","MarketOnClose","","Day","Filled",""
"144","2021-12-09T21:00:00.0000000+00:00","PaydaySeason","US:Equity:SCHB","7","MarketOnClose","","Day","Accepted",""
"144","2021-12-10T21:00:00.0000000+00:00","PaydaySeason","US:Equity:SCHB","7","MarketOnClose","","Day","Filled",""
"145","2021-12-15T21:00:00.0000000+00:00","PaydaySeason","US:Equity:SCHB","-7","MarketOnClose","","Day","Accepted",""
"146","2021-12-15T21:00:00.0000000+00:00","RiskPremia","US:Equity:GLDM","7","MarketOnOpen","","Day","Accepted",""
"146","2021-12-16T14:30:00.0000000+00:00","RiskPremia","US:Equity:GLDM","7","MarketOnOpen","","Day","Filled",""
"145","2021-12-16T21:00:00.0000000+00:00","PaydaySeason","US:Equity:SCHB","-7","MarketOnClose","","Day","Filled",""
"147","2021-12-20T21:00:00.0000000+00:00","BondSeason","US:Equity:TLT","17","MarketOnClose","","Day","Accepted",""
"148","2021-12-20T21:00:00.0000000+00:00","EqBondReversion","US:Equity:SCHB","27","MarketOnOpen","","Day","Accepted",""
"148","2021-12-21T14:30:00.0000000+00:00","EqBondReversion","US:Equity:SCHB","27","MarketOnOpen","","Day","Filled",""
"147","2021-12-21T21:00:00.0000000+00:00","BondSeason","US:Equity:TLT","17","MarketOnClose","","Day","Filled",""
"149","2021-12-21T21:00:00.0000000+00:00","PaydaySeason","US:Equity:SCHB","7","MarketOnClose","","Day","Accepted",""
"150","2021-12-21T21:00:00.0000000+00:00","RiskPremia","US:Equity:SCHB","-2","MarketOnOpen","","Day","Accepted",""
"150","2021-12-22T14:30:00.0000000+00:00","RiskPremia","US:Equity:SCHB","-2","MarketOnOpen","","Day","Filled",""
"149","2021-12-22T21:00:00.0000000+00:00","PaydaySeason","US:Equity:SCHB","7","MarketOnClose","","Day","Filled",""
"151","2021-12-30T21:00:00.0000000+00:00","PaydaySeason","US:Equity:SCHB","-7","MarketOnClose","","Day","Accepted",""
"152","2021-12-30T21:00:00.0000000+00:00","BondSeason","US:Equity:TLT","-17","MarketOnClose","","Day","Accepted",""
"153","2021-12-30T21:00:00.0000000+00:00","BondSeason","US:Equity:TLT","-17","MarketOnClose","","Day","Accepted",""
"154","2021-12-30T21:00:00.0000000+00:00","EqBondReversion","US:Equity:SCHB","-27","MarketOnClose","","Day","Accepted",""
"151","2021-12-31T21:00:00.0000000+00:00","PaydaySeason","US:Equity:SCHB","-7","MarketOnClose","","Day","Filled",""
"154","2021-12-31T21:00:00.0000000+00:00","EqBondReversion","US:Equity:SCHB","-27","MarketOnClose","","Day","Filled",""
"152","2021-12-31T21:00:00.0000000+00:00","BondSeason","US:Equity:TLT","-17","MarketOnClose","","Day","Filled",""
"153","2021-12-31T21:00:00.0000000+00:00","BondSeason","US:Equity:TLT","-17","MarketOnClose","","Day","Filled",""
"155","2022-01-10T21:00:00.0000000+00:00","BondSeason","US:Equity:TLT","17","MarketOnClose","","Day","Accepted",""
"155","2022-01-11T21:00:00.0000000+00:00","BondSeason","US:Equity:TLT","17","MarketOnClose","","Day","Filled",""
"156","2022-01-11T21:00:00.0000000+00:00","PaydaySeason","US:Equity:SCHB","7","MarketOnClose","","Day","Accepted",""
"156","2022-01-12T21:00:00.0000000+00:00","PaydaySeason","US:Equity:SCHB","7","MarketOnClose","","Day","Filled",""
"157","2022-01-18T21:00:00.0000000+00:00","PaydaySeason","US:Equity:SCHB","-7","MarketOnClose","","Day","Accepted",""
"157","2022-01-19T21:00:00.0000000+00:00","PaydaySeason","US:Equity:SCHB","-7","MarketOnClose","","Day","Filled",""
"158","2022-01-19T21:00:00.0000000+00:00","BondSeason","US:Equity:TLT","18","MarketOnClose","","Day","Accepted",""
"158","2022-01-20T21:00:00.0000000+00:00","BondSeason","US:Equity:TLT","18","MarketOnClose","","Day","Filled",""
"159","2022-01-21T21:00:00.0000000+00:00","EqBondReversion","US:Equity:SCHB","29","MarketOnOpen","","Day","Accepted",""
"159","2022-01-24T14:30:00.0000000+00:00","EqBondReversion","US:Equity:SCHB","29","MarketOnOpen","","Day","Filled",""
"160","2022-01-24T21:00:00.0000000+00:00","PaydaySeason","US:Equity:SCHB","7","MarketOnClose","","Day","Accepted",""
"160","2022-01-25T21:00:00.0000000+00:00","PaydaySeason","US:Equity:SCHB","7","MarketOnClose","","Day","Filled",""
"161","2022-01-27T21:00:00.0000000+00:00","RiskPremia","US:Equity:SCHB","1","MarketOnOpen","","Day","Accepted",""
"161","2022-01-28T14:30:00.0000000+00:00","RiskPremia","US:Equity:SCHB","1","MarketOnOpen","","Day","Filled",""
"162","2022-01-28T21:00:00.0000000+00:00","PaydaySeason","US:Equity:SCHB","-7","MarketOnClose","","Day","Accepted",""
"163","2022-01-28T21:00:00.0000000+00:00","BondSeason","US:Equity:TLT","-18","MarketOnClose","","Day","Accepted",""
"164","2022-01-28T21:00:00.0000000+00:00","BondSeason","US:Equity:TLT","-18","MarketOnClose","","Day","Accepted",""
"165","2022-01-28T21:00:00.0000000+00:00","EqBondReversion","US:Equity:SCHB","-29","MarketOnClose","","Day","Accepted",""
"162","2022-01-31T21:00:00.0000000+00:00","PaydaySeason","US:Equity:SCHB","-7","MarketOnClose","","Day","Filled",""
"165","2022-01-31T21:00:00.0000000+00:00","EqBondReversion","US:Equity:SCHB","-29","MarketOnClose","","Day","Filled",""
"163","2022-01-31T21:00:00.0000000+00:00","BondSeason","US:Equity:TLT","-18","MarketOnClose","","Day","Filled",""
"164","2022-01-31T21:00:00.0000000+00:00","BondSeason","US:Equity:TLT","-18","MarketOnClose","","Day","Filled",""
"166","2022-02-08T21:00:00.0000000+00:00","BondSeason","US:Equity:TLT","18","MarketOnClose","","Day","Accepted",""
"167","2022-02-08T21:00:00.0000000+00:00","RiskPremia","US:Equity:SCHB","-1","MarketOnOpen","","Day","Accepted",""
"167","2022-02-09T14:30:00.0000000+00:00","RiskPremia","US:Equity:SCHB","-1","MarketOnOpen","","Day","Filled",""
"166","2022-02-09T21:00:00.0000000+00:00","BondSeason","US:Equity:TLT","18","MarketOnClose","","Day","Filled",""
"168","2022-02-09T21:00:00.0000000+00:00","PaydaySeason","US:Equity:SCHB","7","MarketOnClose","","Day","Accepted",""
"168","2022-02-10T21:00:00.0000000+00:00","PaydaySeason","US:Equity:SCHB","7","MarketOnClose","","Day","Filled",""
"169","2022-02-10T21:00:00.0000000+00:00","RiskPremia","US:Equity:GLDM","6","MarketOnOpen","","Day","Accepted",""
"169","2022-02-11T14:30:00.0000000+00:00","RiskPremia","US:Equity:GLDM","6","MarketOnOpen","","Day","Filled",""
"170","2022-02-15T21:00:00.0000000+00:00","PaydaySeason","US:Equity:SCHB","-7","MarketOnClose","","Day","Accepted",""
"171","2022-02-15T21:00:00.0000000+00:00","BondSeason","US:Equity:TLT","19","MarketOnClose","","Day","Accepted",""
"170","2022-02-16T21:00:00.0000000+00:00","PaydaySeason","US:Equity:SCHB","-7","MarketOnClose","","Day","Filled",""
"171","2022-02-16T21:00:00.0000000+00:00","BondSeason","US:Equity:TLT","19","MarketOnClose","","Day","Filled",""
"172","2022-02-18T21:00:00.0000000+00:00","EqBondReversion","US:Equity:SCHB","29","MarketOnOpen","","Day","Accepted",""
"172","2022-02-22T14:30:00.0000000+00:00","EqBondReversion","US:Equity:SCHB","29","MarketOnOpen","","Day","Filled",""
"173","2022-02-22T21:00:00.0000000+00:00","PaydaySeason","US:Equity:SCHB","7","MarketOnClose","","Day","Accepted",""
"173","2022-02-23T21:00:00.0000000+00:00","PaydaySeason","US:Equity:SCHB","7","MarketOnClose","","Day","Filled",""
"174","2022-02-23T21:00:00.0000000+00:00","RiskPremia","US:Equity:GLDM","-31.5","MarketOnOpen","","Day","Accepted",""
"174","2022-02-24T14:30:00.0000000+00:00","RiskPremia","US:Equity:GLDM","-31.5","MarketOnOpen","","Day","Filled",""
"175","2022-02-25T21:00:00.0000000+00:00","PaydaySeason","US:Equity:SCHB","-7","MarketOnClose","","Day","Accepted",""
"176","2022-02-25T21:00:00.0000000+00:00","BondSeason","US:Equity:TLT","-19","MarketOnClose","","Day","Accepted",""
"177","2022-02-25T21:00:00.0000000+00:00","BondSeason","US:Equity:TLT","-19","MarketOnClose","","Day","Accepted",""
"178","2022-02-25T21:00:00.0000000+00:00","EqBondReversion","US:Equity:SCHB","-29","MarketOnClose","","Day","Accepted",""
"175","2022-02-28T21:00:00.0000000+00:00","PaydaySeason","US:Equity:SCHB","-7","MarketOnClose","","Day","Filled",""
"178","2022-02-28T21:00:00.0000000+00:00","EqBondReversion","US:Equity:SCHB","-29","MarketOnClose","","Day","Filled",""
"176","2022-02-28T21:00:00.0000000+00:00","BondSeason","US:Equity:TLT","-19","MarketOnClose","","Day","Filled",""
"177","2022-02-28T21:00:00.0000000+00:00","BondSeason","US:Equity:TLT","-19","MarketOnClose","","Day","Filled",""
"179","2022-03-08T21:00:00.0000000+00:00","BondSeason","US:Equity:TLT","19","MarketOnClose","","Day","Accepted",""
"179","2022-03-09T21:00:00.0000000+00:00","BondSeason","US:Equity:TLT","19","MarketOnClose","","Day","Filled",""
"180","2022-03-09T21:00:00.0000000+00:00","PaydaySeason","US:Equity:SCHB","8","MarketOnClose","","Day","Accepted",""
"180","2022-03-10T21:00:00.0000000+00:00","PaydaySeason","US:Equity:SCHB","8","MarketOnClose","","Day","Filled",""
"181","2022-03-11T21:00:00.0000000+00:00","RiskPremia","US:Equity:SCHB","-13","MarketOnOpen","","Day","Accepted",""
"181","2022-03-14T13:30:00.0000000+00:00","RiskPremia","US:Equity:SCHB","-13","MarketOnOpen","","Day","Filled",""
"182","2022-03-15T20:00:00.0000000+00:00","PaydaySeason","US:Equity:SCHB","-16","MarketOnClose","","Day","Accepted",""
"182","2022-03-16T20:00:00.0000000+00:00","PaydaySeason","US:Equity:SCHB","-16","MarketOnClose","","Day","Filled",""
"183","2022-03-18T20:00:00.0000000+00:00","EqBondReversion","US:Equity:SCHB","57","MarketOnOpen","","Day","Accepted",""
"183","2022-03-21T13:30:00.0000000+00:00","EqBondReversion","US:Equity:SCHB","57","MarketOnOpen","","Day","Filled",""
"184","2022-03-21T20:00:00.0000000+00:00","PaydaySeason","US:Equity:SCHB","15","MarketOnClose","","Day","Accepted",""
"185","2022-03-21T20:00:00.0000000+00:00","BondSeason","US:Equity:TLT","20","MarketOnClose","","Day","Accepted",""
"184","2022-03-22T20:00:00.0000000+00:00","PaydaySeason","US:Equity:SCHB","15","MarketOnClose","","Day","Filled",""
"185","2022-03-22T20:00:00.0000000+00:00","BondSeason","US:Equity:TLT","20","MarketOnClose","","Day","Filled",""
"186","2022-03-30T20:00:00.0000000+00:00","PaydaySeason","US:Equity:SCHB","-15","MarketOnClose","","Day","Accepted",""
"187","2022-03-30T20:00:00.0000000+00:00","BondSeason","US:Equity:TLT","-20","MarketOnClose","","Day","Accepted",""
"188","2022-03-30T20:00:00.0000000+00:00","BondSeason","US:Equity:TLT","-19","MarketOnClose","","Day","Accepted",""
"189","2022-03-30T20:00:00.0000000+00:00","EqBondReversion","US:Equity:SCHB","-57","MarketOnClose","","Day","Accepted",""
"186","2022-03-31T20:00:00.0000000+00:00","PaydaySeason","US:Equity:SCHB","-15","MarketOnClose","","Day","Filled",""
"189","2022-03-31T20:00:00.0000000+00:00","EqBondReversion","US:Equity:SCHB","-57","MarketOnClose","","Day","Filled",""
"187","2022-03-31T20:00:00.0000000+00:00","BondSeason","US:Equity:TLT","-20","MarketOnClose","","Day","Filled",""
"188","2022-03-31T20:00:00.0000000+00:00","BondSeason","US:Equity:TLT","-19","MarketOnClose","","Day","Filled",""
"190","2022-04-08T20:00:00.0000000+00:00","BondSeason","US:Equity:TLT","19","MarketOnClose","","Day","Accepted",""
"190","2022-04-11T20:00:00.0000000+00:00","BondSeason","US:Equity:TLT","19","MarketOnClose","","Day","Filled",""
"191","2022-04-11T20:00:00.0000000+00:00","PaydaySeason","US:Equity:SCHB","15","MarketOnClose","","Day","Accepted",""
"191","2022-04-12T20:00:00.0000000+00:00","PaydaySeason","US:Equity:SCHB","15","MarketOnClose","","Day","Filled",""
"192","2022-04-14T20:00:00.0000000+00:00","RiskPremia","US:Equity:TLT","1","MarketOnOpen","","Day","Accepted",""
"192","2022-04-18T13:30:00.0000000+00:00","RiskPremia","US:Equity:TLT","1","MarketOnOpen","","Day","Filled",""
"193","2022-04-18T20:00:00.0000000+00:00","PaydaySeason","US:Equity:SCHB","-15","MarketOnClose","","Day","Accepted",""
"193","2022-04-19T20:00:00.0000000+00:00","PaydaySeason","US:Equity:SCHB","-15","MarketOnClose","","Day","Filled",""
"194","2022-04-19T20:00:00.0000000+00:00","BondSeason","US:Equity:TLT","21","MarketOnClose","","Day","Accepted",""
"194","2022-04-20T20:00:00.0000000+00:00","BondSeason","US:Equity:TLT","21","MarketOnClose","","Day","Filled",""
"195","2022-04-21T20:00:00.0000000+00:00","EqBondReversion","US:Equity:TLT","25","MarketOnOpen","","Day","Accepted",""
"195","2022-04-22T13:30:00.0000000+00:00","EqBondReversion","US:Equity:TLT","25","MarketOnOpen","","Day","Filled",""
"196","2022-04-22T20:00:00.0000000+00:00","PaydaySeason","US:Equity:SCHB","16","MarketOnClose","","Day","Accepted",""
"196","2022-04-25T20:00:00.0000000+00:00","PaydaySeason","US:Equity:SCHB","16","MarketOnClose","","Day","Filled",""
"197","2022-04-28T20:00:00.0000000+00:00","PaydaySeason","US:Equity:SCHB","-16","MarketOnClose","","Day","Accepted",""
"198","2022-04-28T20:00:00.0000000+00:00","BondSeason","US:Equity:TLT","-21","MarketOnClose","","Day","Accepted",""
"199","2022-04-28T20:00:00.0000000+00:00","BondSeason","US:Equity:TLT","-21","MarketOnClose","","Day","Accepted",""
"200","2022-04-28T20:00:00.0000000+00:00","EqBondReversion","US:Equity:TLT","-25","MarketOnClose","","Day","Accepted",""
"197","2022-04-29T20:00:00.0000000+00:00","PaydaySeason","US:Equity:SCHB","-16","MarketOnClose","","Day","Filled",""
"198","2022-04-29T20:00:00.0000000+00:00","BondSeason","US:Equity:TLT","-21","MarketOnClose","","Day","Filled",""
"199","2022-04-29T20:00:00.0000000+00:00","BondSeason","US:Equity:TLT","-21","MarketOnClose","","Day","Filled",""
"200","2022-04-29T20:00:00.0000000+00:00","EqBondReversion","US:Equity:TLT","-25","MarketOnClose","","Day","Filled",""
"201","2022-05-09T20:00:00.0000000+00:00","BondSeason","US:Equity:TLT","21","MarketOnClose","","Day","Accepted",""
"201","2022-05-10T20:00:00.0000000+00:00","BondSeason","US:Equity:TLT","21","MarketOnClose","","Day","Filled",""
"202","2022-05-10T20:00:00.0000000+00:00","PaydaySeason","US:Equity:SCHB","17","MarketOnClose","","Day","Accepted",""
"202","2022-05-11T20:00:00.0000000+00:00","PaydaySeason","US:Equity:SCHB","17","MarketOnClose","","Day","Filled",""
"203","2022-05-16T20:00:00.0000000+00:00","PaydaySeason","US:Equity:SCHB","-17","MarketOnClose","","Day","Accepted",""
"203","2022-05-17T20:00:00.0000000+00:00","PaydaySeason","US:Equity:SCHB","-17","MarketOnClose","","Day","Filled",""
"204","2022-05-18T20:00:00.0000000+00:00","BondSeason","US:Equity:TLT","22","MarketOnClose","","Day","Accepted",""
"204","2022-05-19T20:00:00.0000000+00:00","BondSeason","US:Equity:TLT","22","MarketOnClose","","Day","Filled",""
"205","2022-05-19T20:00:00.0000000+00:00","EqBondReversion","US:Equity:SCHB","65","MarketOnOpen","","Day","Accepted",""
"205","2022-05-20T13:30:00.0000000+00:00","EqBondReversion","US:Equity:SCHB","65","MarketOnOpen","","Day","Filled",""
"206","2022-05-20T20:00:00.0000000+00:00","PaydaySeason","US:Equity:SCHB","17","MarketOnClose","","Day","Accepted",""
"206","2022-05-23T20:00:00.0000000+00:00","PaydaySeason","US:Equity:SCHB","17","MarketOnClose","","Day","Filled",""
"207","2022-05-27T20:00:00.0000000+00:00","PaydaySeason","US:Equity:SCHB","-17","MarketOnClose","","Day","Accepted",""
"208","2022-05-27T20:00:00.0000000+00:00","BondSeason","US:Equity:TLT","-22","MarketOnClose","","Day","Accepted",""
"209","2022-05-27T20:00:00.0000000+00:00","BondSeason","US:Equity:TLT","-21","MarketOnClose","","Day","Accepted",""
"210","2022-05-27T20:00:00.0000000+00:00","EqBondReversion","US:Equity:SCHB","-65","MarketOnClose","","Day","Accepted",""
"207","2022-05-31T20:00:00.0000000+00:00","PaydaySeason","US:Equity:SCHB","-17","MarketOnClose","","Day","Filled",""
"210","2022-05-31T20:00:00.0000000+00:00","EqBondReversion","US:Equity:SCHB","-65","MarketOnClose","","Day","Filled",""
"208","2022-05-31T20:00:00.0000000+00:00","BondSeason","US:Equity:TLT","-22","MarketOnClose","","Day","Filled",""
"209","2022-05-31T20:00:00.0000000+00:00","BondSeason","US:Equity:TLT","-21","MarketOnClose","","Day","Filled",""
"211","2022-06-08T20:00:00.0000000+00:00","BondSeason","US:Equity:TLT","21","MarketOnClose","","Day","Accepted",""
"211","2022-06-09T20:00:00.0000000+00:00","BondSeason","US:Equity:TLT","21","MarketOnClose","","Day","Filled",""
"212","2022-06-09T20:00:00.0000000+00:00","PaydaySeason","US:Equity:SCHB","17","MarketOnClose","","Day","Accepted",""
"212","2022-06-10T20:00:00.0000000+00:00","PaydaySeason","US:Equity:SCHB","17","MarketOnClose","","Day","Filled",""
"213","2022-06-15T20:00:00.0000000+00:00","PaydaySeason","US:Equity:SCHB","-17","MarketOnClose","","Day","Accepted",""
"213","2022-06-16T20:00:00.0000000+00:00","PaydaySeason","US:Equity:SCHB","-17","MarketOnClose","","Day","Filled",""
"214","2022-06-17T20:00:00.0000000+00:00","BondSeason","US:Equity:TLT","23","MarketOnClose","","Day","Accepted",""
"214","2022-06-21T20:00:00.0000000+00:00","BondSeason","US:Equity:TLT","23","MarketOnClose","","Day","Filled",""
"215","2022-06-21T20:00:00.0000000+00:00","EqBondReversion","US:Equity:SCHB","68","MarketOnOpen","","Day","Accepted",""
"215","2022-06-22T13:30:00.0000000+00:00","EqBondReversion","US:Equity:SCHB","68","MarketOnOpen","","Day","Filled",""
"216","2022-06-22T20:00:00.0000000+00:00","PaydaySeason","US:Equity:SCHB","18","MarketOnClose","","Day","Accepted",""
"217","2022-06-22T20:00:00.0000000+00:00","RiskPremia","US:Equity:TLT","-1","MarketOnOpen","","Day","Accepted",""
"217","2022-06-23T13:30:00.0000000+00:00","RiskPremia","US:Equity:TLT","-1","MarketOnOpen","","Day","Filled",""
"216","2022-06-23T20:00:00.0000000+00:00","PaydaySeason","US:Equity:SCHB","18","MarketOnClose","","Day","Filled",""
"218","2022-06-29T20:00:00.0000000+00:00","PaydaySeason","US:Equity:SCHB","-18","MarketOnClose","","Day","Accepted",""
"219","2022-06-29T20:00:00.0000000+00:00","BondSeason","US:Equity:TLT","-23","MarketOnClose","","Day","Accepted",""
"220","2022-06-29T20:00:00.0000000+00:00","BondSeason","US:Equity:TLT","-22","MarketOnClose","","Day","Accepted",""
"221","2022-06-29T20:00:00.0000000+00:00","EqBondReversion","US:Equity:SCHB","-68","MarketOnClose","","Day","Accepted",""
"218","2022-06-30T20:00:00.0000000+00:00","PaydaySeason","US:Equity:SCHB","-18","MarketOnClose","","Day","Filled",""
"221","2022-06-30T20:00:00.0000000+00:00","EqBondReversion","US:Equity:SCHB","-68","MarketOnClose","","Day","Filled",""
"219","2022-06-30T20:00:00.0000000+00:00","BondSeason","US:Equity:TLT","-23","MarketOnClose","","Day","Filled",""
"220","2022-06-30T20:00:00.0000000+00:00","BondSeason","US:Equity:TLT","-22","MarketOnClose","","Day","Filled",""
"222","2022-07-05T20:00:00.0000000+00:00","RiskPremia","US:Equity:GLDM","24.0","MarketOnOpen","","Day","Accepted",""
"222","2022-07-06T13:30:00.0000000+00:00","RiskPremia","US:Equity:GLDM","24.0","MarketOnOpen","","Day","Filled",""
"223","2022-07-11T20:00:00.0000000+00:00","BondSeason","US:Equity:TLT","22","MarketOnClose","","Day","Accepted",""
"223","2022-07-12T20:00:00.0000000+00:00","BondSeason","US:Equity:TLT","22","MarketOnClose","","Day","Filled",""
"224","2022-07-12T20:00:00.0000000+00:00","PaydaySeason","US:Equity:SCHB","18","MarketOnClose","","Day","Accepted",""
"224","2022-07-13T20:00:00.0000000+00:00","PaydaySeason","US:Equity:SCHB","18","MarketOnClose","","Day","Filled",""
"225","2022-07-18T20:00:00.0000000+00:00","PaydaySeason","US:Equity:SCHB","-18","MarketOnClose","","Day","Accepted",""
"226","2022-07-18T20:00:00.0000000+00:00","RiskPremia","US:Equity:GLDM","4.0","MarketOnOpen","","Day","Accepted",""
"226","2022-07-19T13:30:00.0000000+00:00","RiskPremia","US:Equity:GLDM","4.0","MarketOnOpen","","Day","Filled",""
"225","2022-07-19T20:00:00.0000000+00:00","PaydaySeason","US:Equity:SCHB","-18","MarketOnClose","","Day","Filled",""
"227","2022-07-19T20:00:00.0000000+00:00","BondSeason","US:Equity:TLT","22","MarketOnClose","","Day","Accepted",""
"227","2022-07-20T20:00:00.0000000+00:00","BondSeason","US:Equity:TLT","22","MarketOnClose","","Day","Filled",""
"228","2022-07-21T20:00:00.0000000+00:00","EqBondReversion","US:Equity:TLT","25","MarketOnOpen","","Day","Accepted",""
"229","2022-07-21T20:00:00.0000000+00:00","RiskPremia","US:Equity:SCHB","8","MarketOnOpen","","Day","Accepted",""
"229","2022-07-22T13:30:00.0000000+00:00","RiskPremia","US:Equity:SCHB","8","MarketOnOpen","","Day","Filled",""
"228","2022-07-22T13:30:00.0000000+00:00","EqBondReversion","US:Equity:TLT","25","MarketOnOpen","","Day","Filled",""
"230","2022-07-22T20:00:00.0000000+00:00","PaydaySeason","US:Equity:SCHB","17","MarketOnClose","","Day","Accepted",""
"230","2022-07-25T20:00:00.0000000+00:00","PaydaySeason","US:Equity:SCHB","17","MarketOnClose","","Day","Filled",""
"231","2022-07-26T20:00:00.0000000+00:00","RiskPremia","US:Equity:SCHB","1","MarketOnOpen","","Day","Accepted",""
"231","2022-07-27T13:30:00.0000000+00:00","RiskPremia","US:Equity:SCHB","1","MarketOnOpen","","Day","Filled",""
"232","2022-07-28T20:00:00.0000000+00:00","PaydaySeason","US:Equity:SCHB","-17","MarketOnClose","","Day","Accepted",""
"233","2022-07-28T20:00:00.0000000+00:00","BondSeason","US:Equity:TLT","-22","MarketOnClose","","Day","Accepted",""
"234","2022-07-28T20:00:00.0000000+00:00","BondSeason","US:Equity:TLT","-22","MarketOnClose","","Day","Accepted",""
"235","2022-07-28T20:00:00.0000000+00:00","EqBondReversion","US:Equity:TLT","-25","MarketOnClose","","Day","Accepted",""
"232","2022-07-29T20:00:00.0000000+00:00","PaydaySeason","US:Equity:SCHB","-17","MarketOnClose","","Day","Filled",""
"233","2022-07-29T20:00:00.0000000+00:00","BondSeason","US:Equity:TLT","-22","MarketOnClose","","Day","Filled",""
"234","2022-07-29T20:00:00.0000000+00:00","BondSeason","US:Equity:TLT","-22","MarketOnClose","","Day","Filled",""
"235","2022-07-29T20:00:00.0000000+00:00","EqBondReversion","US:Equity:TLT","-25","MarketOnClose","","Day","Filled",""
"236","2022-08-08T20:00:00.0000000+00:00","BondSeason","US:Equity:TLT","22","MarketOnClose","","Day","Accepted",""
"236","2022-08-09T20:00:00.0000000+00:00","BondSeason","US:Equity:TLT","22","MarketOnClose","","Day","Filled",""
"237","2022-08-09T20:00:00.0000000+00:00","PaydaySeason","US:Equity:SCHB","16","MarketOnClose","","Day","Accepted",""
"237","2022-08-10T20:00:00.0000000+00:00","PaydaySeason","US:Equity:SCHB","16","MarketOnClose","","Day","Filled",""
"238","2022-08-15T20:00:00.0000000+00:00","PaydaySeason","US:Equity:SCHB","-16","MarketOnClose","","Day","Accepted",""
"238","2022-08-16T20:00:00.0000000+00:00","PaydaySeason","US:Equity:SCHB","-16","MarketOnClose","","Day","Filled",""
"239","2022-08-18T20:00:00.0000000+00:00","EqBondReversion","US:Equity:TLT","26","MarketOnOpen","","Day","Accepted",""
"239","2022-08-19T13:30:00.0000000+00:00","EqBondReversion","US:Equity:TLT","26","MarketOnOpen","","Day","Filled",""
"240","2022-08-19T20:00:00.0000000+00:00","PaydaySeason","US:Equity:SCHB","16","MarketOnClose","","Day","Accepted",""
"241","2022-08-19T20:00:00.0000000+00:00","BondSeason","US:Equity:TLT","23","MarketOnClose","","Day","Accepted",""
"240","2022-08-22T20:00:00.0000000+00:00","PaydaySeason","US:Equity:SCHB","16","MarketOnClose","","Day","Filled",""
"241","2022-08-22T20:00:00.0000000+00:00","BondSeason","US:Equity:TLT","23","MarketOnClose","","Day","Filled",""
"242","2022-08-30T20:00:00.0000000+00:00","PaydaySeason","US:Equity:SCHB","-16","MarketOnClose","","Day","Accepted",""
"243","2022-08-30T20:00:00.0000000+00:00","BondSeason","US:Equity:TLT","-23","MarketOnClose","","Day","Accepted",""
"244","2022-08-30T20:00:00.0000000+00:00","BondSeason","US:Equity:TLT","-23","MarketOnClose","","Day","Accepted",""
"245","2022-08-30T20:00:00.0000000+00:00","EqBondReversion","US:Equity:TLT","-26","MarketOnClose","","Day","Accepted",""
"242","2022-08-31T20:00:00.0000000+00:00","PaydaySeason","US:Equity:SCHB","-16","MarketOnClose","","Day","Filled",""
"243","2022-08-31T20:00:00.0000000+00:00","BondSeason","US:Equity:TLT","-23","MarketOnClose","","Day","Filled",""
"244","2022-08-31T20:00:00.0000000+00:00","BondSeason","US:Equity:TLT","-23","MarketOnClose","","Day","Filled",""
"245","2022-08-31T20:00:00.0000000+00:00","EqBondReversion","US:Equity:TLT","-26","MarketOnClose","","Day","Filled",""
"246","2022-09-01T20:00:00.0000000+00:00","RiskPremia","US:Equity:GLDM","3.0","MarketOnOpen","","Day","Accepted",""
"246","2022-09-02T13:30:00.0000000+00:00","RiskPremia","US:Equity:GLDM","3.0","MarketOnOpen","","Day","Filled",""
"247","2022-09-09T20:00:00.0000000+00:00","BondSeason","US:Equity:TLT","23","MarketOnClose","","Day","Accepted",""
"247","2022-09-12T20:00:00.0000000+00:00","BondSeason","US:Equity:TLT","23","MarketOnClose","","Day","Filled",""
"248","2022-09-12T20:00:00.0000000+00:00","PaydaySeason","US:Equity:SCHB","16","MarketOnClose","","Day","Accepted",""
"248","2022-09-13T20:00:00.0000000+00:00","PaydaySeason","US:Equity:SCHB","16","MarketOnClose","","Day","Filled",""
"249","2022-09-14T20:00:00.0000000+00:00","RiskPremia","US:Equity:TLT","1","MarketOnOpen","","Day","Accepted",""
"249","2022-09-15T13:30:00.0000000+00:00","RiskPremia","US:Equity:TLT","1","MarketOnOpen","","Day","Filled",""
"250","2022-09-16T20:00:00.0000000+00:00","PaydaySeason","US:Equity:SCHB","-16","MarketOnClose","","Day","Accepted",""
"250","2022-09-19T20:00:00.0000000+00:00","PaydaySeason","US:Equity:SCHB","-16","MarketOnClose","","Day","Filled",""
"251","2022-09-20T20:00:00.0000000+00:00","BondSeason","US:Equity:TLT","24","MarketOnClose","","Day","Accepted",""
"252","2022-09-20T20:00:00.0000000+00:00","RiskPremia","US:Equity:SCHB","1","MarketOnOpen","","Day","Accepted",""
"252","2022-09-21T13:30:00.0000000+00:00","RiskPremia","US:Equity:SCHB","1","MarketOnOpen","","Day","Filled",""
"251","2022-09-21T20:00:00.0000000+00:00","BondSeason","US:Equity:TLT","24","MarketOnClose","","Day","Filled",""
"253","2022-09-21T20:00:00.0000000+00:00","EqBondReversion","US:Equity:SCHB","68","MarketOnOpen","","Day","Accepted",""
"253","2022-09-22T13:30:00.0000000+00:00","EqBondReversion","US:Equity:SCHB","68","MarketOnOpen","","Day","Filled",""
"254","2022-09-22T20:00:00.0000000+00:00","PaydaySeason","US:Equity:SCHB","18","MarketOnClose","","Day","Accepted",""
"254","2022-09-23T20:00:00.0000000+00:00","PaydaySeason","US:Equity:SCHB","18","MarketOnClose","","Day","Filled",""
"255","2022-09-27T20:00:00.0000000+00:00","RiskPremia","US:Equity:SCHB","1","MarketOnOpen","","Day","Accepted",""
"255","2022-09-28T13:30:00.0000000+00:00","RiskPremia","US:Equity:SCHB","1","MarketOnOpen","","Day","Filled",""
"256","2022-09-29T20:00:00.0000000+00:00","PaydaySeason","US:Equity:SCHB","-18","MarketOnClose","","Day","Accepted",""
"257","2022-09-29T20:00:00.0000000+00:00","BondSeason","US:Equity:TLT","-24","MarketOnClose","","Day","Accepted",""
"258","2022-09-29T20:00:00.0000000+00:00","BondSeason","US:Equity:TLT","-25","MarketOnClose","","Day","Accepted",""
"259","2022-09-29T20:00:00.0000000+00:00","EqBondReversion","US:Equity:SCHB","-68","MarketOnClose","","Day","Accepted",""
"256","2022-09-30T20:00:00.0000000+00:00","PaydaySeason","US:Equity:SCHB","-18","MarketOnClose","","Day","Filled",""
"259","2022-09-30T20:00:00.0000000+00:00","EqBondReversion","US:Equity:SCHB","-68","MarketOnClose","","Day","Filled",""
"257","2022-09-30T20:00:00.0000000+00:00","BondSeason","US:Equity:TLT","-24","MarketOnClose","","Day","Filled",""
"258","2022-09-30T20:00:00.0000000+00:00","BondSeason","US:Equity:TLT","-25","MarketOnClose","","Day","Filled",""
"260","2022-10-10T20:00:00.0000000+00:00","BondSeason","US:Equity:TLT","25","MarketOnClose","","Day","Accepted",""
"260","2022-10-11T20:00:00.0000000+00:00","BondSeason","US:Equity:TLT","25","MarketOnClose","","Day","Filled",""
"261","2022-10-11T20:00:00.0000000+00:00","PaydaySeason","US:Equity:SCHB","19","MarketOnClose","","Day","Accepted",""
"261","2022-10-12T20:00:00.0000000+00:00","PaydaySeason","US:Equity:SCHB","19","MarketOnClose","","Day","Filled",""
"262","2022-10-17T20:00:00.0000000+00:00","PaydaySeason","US:Equity:SCHB","-19","MarketOnClose","","Day","Accepted",""
"262","2022-10-18T20:00:00.0000000+00:00","PaydaySeason","US:Equity:SCHB","-19","MarketOnClose","","Day","Filled",""
"263","2022-10-19T20:00:00.0000000+00:00","BondSeason","US:Equity:TLT","27","MarketOnClose","","Day","Accepted",""
"263","2022-10-20T20:00:00.0000000+00:00","BondSeason","US:Equity:TLT","27","MarketOnClose","","Day","Filled",""
"264","2022-10-20T20:00:00.0000000+00:00","EqBondReversion","US:Equity:TLT","31","MarketOnOpen","","Day","Accepted",""
"264","2022-10-21T13:30:00.0000000+00:00","EqBondReversion","US:Equity:TLT","31","MarketOnOpen","","Day","Filled",""
"265","2022-10-21T20:00:00.0000000+00:00","PaydaySeason","US:Equity:SCHB","18","MarketOnClose","","Day","Accepted",""
"265","2022-10-24T20:00:00.0000000+00:00","PaydaySeason","US:Equity:SCHB","18","MarketOnClose","","Day","Filled",""
"266","2022-10-24T20:00:00.0000000+00:00","RiskPremia","US:Equity:TLT","1","MarketOnOpen","","Day","Accepted",""
"266","2022-10-25T13:30:00.0000000+00:00","RiskPremia","US:Equity:TLT","1","MarketOnOpen","","Day","Filled",""
"267","2022-10-28T20:00:00.0000000+00:00","PaydaySeason","US:Equity:SCHB","-18","MarketOnClose","","Day","Accepted",""
"268","2022-10-28T20:00:00.0000000+00:00","BondSeason","US:Equity:TLT","-27","MarketOnClose","","Day","Accepted",""
"269","2022-10-28T20:00:00.0000000+00:00","BondSeason","US:Equity:TLT","-26","MarketOnClose","","Day","Accepted",""
"270","2022-10-28T20:00:00.0000000+00:00","EqBondReversion","US:Equity:TLT","-31","MarketOnClose","","Day","Accepted",""
"267","2022-10-31T20:00:00.0000000+00:00","PaydaySeason","US:Equity:SCHB","-18","MarketOnClose","","Day","Filled",""
"268","2022-10-31T20:00:00.0000000+00:00","BondSeason","US:Equity:TLT","-27","MarketOnClose","","Day","Filled",""
"269","2022-10-31T20:00:00.0000000+00:00","BondSeason","US:Equity:TLT","-26","MarketOnClose","","Day","Filled",""
"270","2022-10-31T20:00:00.0000000+00:00","EqBondReversion","US:Equity:TLT","-31","MarketOnClose","","Day","Filled",""
"271","2022-11-08T21:00:00.0000000+00:00","BondSeason","US:Equity:TLT","26","MarketOnClose","","Day","Accepted",""
"272","2022-11-08T21:00:00.0000000+00:00","RiskPremia","US:Equity:GLDM","-5.0","MarketOnOpen","","Day","Accepted",""
"272","2022-11-09T14:30:00.0000000+00:00","RiskPremia","US:Equity:GLDM","-5.0","MarketOnOpen","","Day","Filled",""
"271","2022-11-09T21:00:00.0000000+00:00","BondSeason","US:Equity:TLT","26","MarketOnClose","","Day","Filled",""
"273","2022-11-09T21:00:00.0000000+00:00","PaydaySeason","US:Equity:SCHB","18","MarketOnClose","","Day","Accepted",""
"273","2022-11-10T21:00:00.0000000+00:00","PaydaySeason","US:Equity:SCHB","18","MarketOnClose","","Day","Filled",""
"274","2022-11-10T21:00:00.0000000+00:00","RiskPremia","US:Equity:SCHB","-2","MarketOnOpen","","Day","Accepted",""
"274","2022-11-11T14:30:00.0000000+00:00","RiskPremia","US:Equity:SCHB","-2","MarketOnOpen","","Day","Filled",""
"275","2022-11-15T21:00:00.0000000+00:00","PaydaySeason","US:Equity:SCHB","-18","MarketOnClose","","Day","Accepted",""
"275","2022-11-16T21:00:00.0000000+00:00","PaydaySeason","US:Equity:SCHB","-18","MarketOnClose","","Day","Filled",""
"276","2022-11-16T21:00:00.0000000+00:00","RiskPremia","US:Equity:TLT","-1","MarketOnOpen","","Day","Accepted",""
"276","2022-11-17T14:30:00.0000000+00:00","RiskPremia","US:Equity:TLT","-1","MarketOnOpen","","Day","Filled",""
"277","2022-11-17T21:00:00.0000000+00:00","BondSeason","US:Equity:TLT","26","MarketOnClose","","Day","Accepted",""
"277","2022-11-18T21:00:00.0000000+00:00","BondSeason","US:Equity:TLT","26","MarketOnClose","","Day","Filled",""
"278","2022-11-18T21:00:00.0000000+00:00","EqBondReversion","US:Equity:SCHB","64","MarketOnOpen","","Day","Accepted",""
"278","2022-11-21T14:30:00.0000000+00:00","EqBondReversion","US:Equity:SCHB","64","MarketOnOpen","","Day","Filled",""
"279","2022-11-21T21:00:00.0000000+00:00","PaydaySeason","US:Equity:SCHB","17","MarketOnClose","","Day","Accepted",""
"279","2022-11-22T21:00:00.0000000+00:00","PaydaySeason","US:Equity:SCHB","17","MarketOnClose","","Day","Filled",""
"280","2022-11-29T21:00:00.0000000+00:00","PaydaySeason","US:Equity:SCHB","-17","MarketOnClose","","Day","Accepted",""
"281","2022-11-29T21:00:00.0000000+00:00","BondSeason","US:Equity:TLT","-26","MarketOnClose","","Day","Accepted",""
"282","2022-11-29T21:00:00.0000000+00:00","BondSeason","US:Equity:TLT","-25","MarketOnClose","","Day","Accepted",""
"283","2022-11-29T21:00:00.0000000+00:00","EqBondReversion","US:Equity:SCHB","-64","MarketOnClose","","Day","Accepted",""
"280","2022-11-30T21:00:00.0000000+00:00","PaydaySeason","US:Equity:SCHB","-17","MarketOnClose","","Day","Filled",""
"283","2022-11-30T21:00:00.0000000+00:00","EqBondReversion","US:Equity:SCHB","-64","MarketOnClose","","Day","Filled",""
"281","2022-11-30T21:00:00.0000000+00:00","BondSeason","US:Equity:TLT","-26","MarketOnClose","","Day","Filled",""
"282","2022-11-30T21:00:00.0000000+00:00","BondSeason","US:Equity:TLT","-25","MarketOnClose","","Day","Filled",""
"284","2022-12-07T21:00:00.0000000+00:00","RiskPremia","US:Equity:TLT","-1","MarketOnOpen","","Day","Accepted",""
"284","2022-12-08T14:30:00.0000000+00:00","RiskPremia","US:Equity:TLT","-1","MarketOnOpen","","Day","Filled",""
"285","2022-12-08T21:00:00.0000000+00:00","BondSeason","US:Equity:TLT","25","MarketOnClose","","Day","Accepted",""
"285","2022-12-09T21:00:00.0000000+00:00","BondSeason","US:Equity:TLT","25","MarketOnClose","","Day","Filled",""
"286","2022-12-09T21:00:00.0000000+00:00","PaydaySeason","US:Equity:SCHB","17","MarketOnClose","","Day","Accepted",""
"286","2022-12-12T21:00:00.0000000+00:00","PaydaySeason","US:Equity:SCHB","17","MarketOnClose","","Day","Filled",""
"287","2022-12-15T21:00:00.0000000+00:00","PaydaySeason","US:Equity:SCHB","-17","MarketOnClose","","Day","Accepted",""
"287","2022-12-16T21:00:00.0000000+00:00","PaydaySeason","US:Equity:SCHB","-17","MarketOnClose","","Day","Filled",""
"288","2022-12-19T21:00:00.0000000+00:00","BondSeason","US:Equity:TLT","24","MarketOnClose","","Day","Accepted",""
"289","2022-12-19T21:00:00.0000000+00:00","RiskPremia","US:Equity:SCHB","1","MarketOnOpen","","Day","Accepted",""
"289","2022-12-20T14:30:00.0000000+00:00","RiskPremia","US:Equity:SCHB","1","MarketOnOpen","","Day","Filled",""
"288","2022-12-20T21:00:00.0000000+00:00","BondSeason","US:Equity:TLT","24","MarketOnClose","","Day","Filled",""
"290","2022-12-20T21:00:00.0000000+00:00","EqBondReversion","US:Equity:SCHB","67","MarketOnOpen","","Day","Accepted",""
"290","2022-12-21T14:30:00.0000000+00:00","EqBondReversion","US:Equity:SCHB","67","MarketOnOpen","","Day","Filled",""
"291","2022-12-21T21:00:00.0000000+00:00","PaydaySeason","US:Equity:SCHB","17","MarketOnClose","","Day","Accepted",""
"291","2022-12-22T21:00:00.0000000+00:00","PaydaySeason","US:Equity:SCHB","17","MarketOnClose","","Day","Filled",""
"292","2022-12-29T21:00:00.0000000+00:00","PaydaySeason","US:Equity:SCHB","-17","MarketOnClose","","Day","Accepted",""
"293","2022-12-29T21:00:00.0000000+00:00","BondSeason","US:Equity:TLT","-24","MarketOnClose","","Day","Accepted",""
"294","2022-12-29T21:00:00.0000000+00:00","BondSeason","US:Equity:TLT","-25","MarketOnClose","","Day","Accepted",""
"295","2022-12-29T21:00:00.0000000+00:00","EqBondReversion","US:Equity:SCHB","-67","MarketOnClose","","Day","Accepted",""
"292","2022-12-30T21:00:00.0000000+00:00","PaydaySeason","US:Equity:SCHB","-17","MarketOnClose","","Day","Filled",""
"295","2022-12-30T21:00:00.0000000+00:00","EqBondReversion","US:Equity:SCHB","-67","MarketOnClose","","Day","Filled",""
"293","2022-12-30T21:00:00.0000000+00:00","BondSeason","US:Equity:TLT","-24","MarketOnClose","","Day","Filled",""
"294","2022-12-30T21:00:00.0000000+00:00","BondSeason","US:Equity:TLT","-25","MarketOnClose","","Day","Filled",""
"296","2023-01-03T21:00:00.0000000+00:00","RiskPremia","US:Equity:GLDM","-3.0","MarketOnOpen","","Day","Accepted",""
"296","2023-01-04T14:30:00.0000000+00:00","RiskPremia","US:Equity:GLDM","-3.0","MarketOnOpen","","Day","Filled",""
"297","2023-01-10T21:00:00.0000000+00:00","BondSeason","US:Equity:TLT","25","MarketOnClose","","Day","Accepted",""
"297","2023-01-11T21:00:00.0000000+00:00","BondSeason","US:Equity:TLT","25","MarketOnClose","","Day","Filled",""
"298","2023-01-11T21:00:00.0000000+00:00","PaydaySeason","US:Equity:SCHB","17","MarketOnClose","","Day","Accepted",""
"298","2023-01-12T21:00:00.0000000+00:00","PaydaySeason","US:Equity:SCHB","17","MarketOnClose","","Day","Filled",""
"299","2023-01-18T21:00:00.0000000+00:00","PaydaySeason","US:Equity:SCHB","-17","MarketOnClose","","Day","Accepted",""
"299","2023-01-19T21:00:00.0000000+00:00","PaydaySeason","US:Equity:SCHB","-17","MarketOnClose","","Day","Filled",""
"300","2023-01-19T21:00:00.0000000+00:00","BondSeason","US:Equity:TLT","24","MarketOnClose","","Day","Accepted",""
"300","2023-01-20T21:00:00.0000000+00:00","BondSeason","US:Equity:TLT","24","MarketOnClose","","Day","Filled",""
"301","2023-01-23T21:00:00.0000000+00:00","EqBondReversion","US:Equity:TLT","28","MarketOnOpen","","Day","Accepted",""
"301","2023-01-24T14:30:00.0000000+00:00","EqBondReversion","US:Equity:TLT","28","MarketOnOpen","","Day","Filled",""
"302","2023-01-24T21:00:00.0000000+00:00","PaydaySeason","US:Equity:SCHB","17","MarketOnClose","","Day","Accepted",""
"302","2023-01-25T21:00:00.0000000+00:00","PaydaySeason","US:Equity:SCHB","17","MarketOnClose","","Day","Filled",""
"303","2023-01-30T21:00:00.0000000+00:00","PaydaySeason","US:Equity:SCHB","-17","MarketOnClose","","Day","Accepted",""
"304","2023-01-30T21:00:00.0000000+00:00","BondSeason","US:Equity:TLT","-24","MarketOnClose","","Day","Accepted",""
"305","2023-01-30T21:00:00.0000000+00:00","BondSeason","US:Equity:TLT","-24","MarketOnClose","","Day","Accepted",""
"306","2023-01-30T21:00:00.0000000+00:00","EqBondReversion","US:Equity:TLT","-28","MarketOnClose","","Day","Accepted",""
"303","2023-01-31T21:00:00.0000000+00:00","PaydaySeason","US:Equity:SCHB","-17","MarketOnClose","","Day","Filled",""
"304","2023-01-31T21:00:00.0000000+00:00","BondSeason","US:Equity:TLT","-24","MarketOnClose","","Day","Filled",""
"305","2023-01-31T21:00:00.0000000+00:00","BondSeason","US:Equity:TLT","-24","MarketOnClose","","Day","Filled",""
"306","2023-01-31T21:00:00.0000000+00:00","EqBondReversion","US:Equity:TLT","-28","MarketOnClose","","Day","Filled",""
"307","2023-02-08T21:00:00.0000000+00:00","BondSeason","US:Equity:TLT","24","MarketOnClose","","Day","Accepted",""
"307","2023-02-09T21:00:00.0000000+00:00","BondSeason","US:Equity:TLT","24","MarketOnClose","","Day","Filled",""
"308","2023-02-09T21:00:00.0000000+00:00","PaydaySeason","US:Equity:SCHB","16","MarketOnClose","","Day","Accepted",""
"308","2023-02-10T21:00:00.0000000+00:00","PaydaySeason","US:Equity:SCHB","16","MarketOnClose","","Day","Filled",""
"309","2023-02-10T21:00:00.0000000+00:00","RiskPremia","US:Equity:TLT","1","MarketOnOpen","","Day","Accepted",""
"309","2023-02-13T14:30:00.0000000+00:00","RiskPremia","US:Equity:TLT","1","MarketOnOpen","","Day","Filled",""
"310","2023-02-15T21:00:00.0000000+00:00","PaydaySeason","US:Equity:SCHB","-16","MarketOnClose","","Day","Accepted",""
"311","2023-02-15T21:00:00.0000000+00:00","BondSeason","US:Equity:TLT","25","MarketOnClose","","Day","Accepted",""
"310","2023-02-16T21:00:00.0000000+00:00","PaydaySeason","US:Equity:SCHB","-16","MarketOnClose","","Day","Filled",""
"311","2023-02-16T21:00:00.0000000+00:00","BondSeason","US:Equity:TLT","25","MarketOnClose","","Day","Filled",""
"312","2023-02-21T21:00:00.0000000+00:00","EqBondReversion","US:Equity:TLT","30","MarketOnOpen","","Day","Accepted",""
"313","2023-02-21T21:00:00.0000000+00:00","RiskPremia","US:Equity:SCHB","1","MarketOnOpen","","Day","Accepted",""
"313","2023-02-22T14:30:00.0000000+00:00","RiskPremia","US:Equity:SCHB","1","MarketOnOpen","","Day","Filled",""
"312","2023-02-22T14:30:00.0000000+00:00","EqBondReversion","US:Equity:TLT","30","MarketOnOpen","","Day","Filled",""
"314","2023-02-22T21:00:00.0000000+00:00","PaydaySeason","US:Equity:SCHB","17","MarketOnClose","","Day","Accepted",""
"314","2023-02-23T21:00:00.0000000+00:00","PaydaySeason","US:Equity:SCHB","17","MarketOnClose","","Day","Filled",""
"315","2023-02-27T21:00:00.0000000+00:00","PaydaySeason","US:Equity:SCHB","-17","MarketOnClose","","Day","Accepted",""
"316","2023-02-27T21:00:00.0000000+00:00","BondSeason","US:Equity:TLT","-25","MarketOnClose","","Day","Accepted",""
"317","2023-02-27T21:00:00.0000000+00:00","BondSeason","US:Equity:TLT","-25","MarketOnClose","","Day","Accepted",""
"318","2023-02-27T21:00:00.0000000+00:00","EqBondReversion","US:Equity:TLT","-30","MarketOnClose","","Day","Accepted",""
"315","2023-02-28T21:00:00.0000000+00:00","PaydaySeason","US:Equity:SCHB","-17","MarketOnClose","","Day","Filled",""
"316","2023-02-28T21:00:00.0000000+00:00","BondSeason","US:Equity:TLT","-25","MarketOnClose","","Day","Filled",""
"317","2023-02-28T21:00:00.0000000+00:00","BondSeason","US:Equity:TLT","-25","MarketOnClose","","Day","Filled",""
"318","2023-02-28T21:00:00.0000000+00:00","EqBondReversion","US:Equity:TLT","-30","MarketOnClose","","Day","Filled",""
"319","2023-03-07T21:00:00.0000000+00:00","RiskPremia","US:Equity:SCHB","1","MarketOnOpen","","Day","Accepted",""
"319","2023-03-08T14:30:00.0000000+00:00","RiskPremia","US:Equity:SCHB","1","MarketOnOpen","","Day","Filled",""
"320","2023-03-08T21:00:00.0000000+00:00","BondSeason","US:Equity:TLT","25","MarketOnClose","","Day","Accepted",""
"320","2023-03-09T21:00:00.0000000+00:00","BondSeason","US:Equity:TLT","25","MarketOnClose","","Day","Filled",""
"321","2023-03-09T21:00:00.0000000+00:00","PaydaySeason","US:Equity:SCHB","17","MarketOnClose","","Day","Accepted",""
"321","2023-03-10T21:00:00.0000000+00:00","PaydaySeason","US:Equity:SCHB","17","MarketOnClose","","Day","Filled",""
"322","2023-03-15T20:00:00.0000000+00:00","PaydaySeason","US:Equity:SCHB","-17","MarketOnClose","","Day","Accepted",""
"322","2023-03-16T20:00:00.0000000+00:00","PaydaySeason","US:Equity:SCHB","-17","MarketOnClose","","Day","Filled",""
"323","2023-03-20T20:00:00.0000000+00:00","EqBondReversion","US:Equity:SCHB","65","MarketOnOpen","","Day","Accepted",""
"323","2023-03-21T13:30:00.0000000+00:00","EqBondReversion","US:Equity:SCHB","65","MarketOnOpen","","Day","Filled",""
"324","2023-03-21T20:00:00.0000000+00:00","PaydaySeason","US:Equity:SCHB","17","MarketOnClose","","Day","Accepted",""
"325","2023-03-21T20:00:00.0000000+00:00","BondSeason","US:Equity:TLT","24","MarketOnClose","","Day","Accepted",""
"324","2023-03-22T20:00:00.0000000+00:00","PaydaySeason","US:Equity:SCHB","17","MarketOnClose","","Day","Filled",""
"325","2023-03-22T20:00:00.0000000+00:00","BondSeason","US:Equity:TLT","24","MarketOnClose","","Day","Filled",""
"326","2023-03-23T20:00:00.0000000+00:00","RiskPremia","US:Equity:SCHB","2","MarketOnOpen","","Day","Accepted",""
"326","2023-03-24T13:30:00.0000000+00:00","RiskPremia","US:Equity:SCHB","2","MarketOnOpen","","Day","Filled",""
"327","2023-03-30T20:00:00.0000000+00:00","PaydaySeason","US:Equity:SCHB","-17","MarketOnClose","","Day","Accepted",""
"328","2023-03-30T20:00:00.0000000+00:00","BondSeason","US:Equity:TLT","-24","MarketOnClose","","Day","Accepted",""
"329","2023-03-30T20:00:00.0000000+00:00","BondSeason","US:Equity:TLT","-24","MarketOnClose","","Day","Accepted",""
"330","2023-03-30T20:00:00.0000000+00:00","EqBondReversion","US:Equity:SCHB","-65","MarketOnClose","","Day","Accepted",""
"327","2023-03-31T20:00:00.0000000+00:00","PaydaySeason","US:Equity:SCHB","-17","MarketOnClose","","Day","Filled",""
"330","2023-03-31T20:00:00.0000000+00:00","EqBondReversion","US:Equity:SCHB","-65","MarketOnClose","","Day","Filled",""
"328","2023-03-31T20:00:00.0000000+00:00","BondSeason","US:Equity:TLT","-24","MarketOnClose","","Day","Filled",""
"329","2023-03-31T20:00:00.0000000+00:00","BondSeason","US:Equity:TLT","-24","MarketOnClose","","Day","Filled",""
"331","2023-04-11T20:00:00.0000000+00:00","BondSeason","US:Equity:TLT","24","MarketOnClose","","Day","Accepted",""
"331","2023-04-12T20:00:00.0000000+00:00","BondSeason","US:Equity:TLT","24","MarketOnClose","","Day","Filled",""
"332","2023-04-12T20:00:00.0000000+00:00","PaydaySeason","US:Equity:SCHB","17","MarketOnClose","","Day","Accepted",""
"332","2023-04-13T20:00:00.0000000+00:00","PaydaySeason","US:Equity:SCHB","17","MarketOnClose","","Day","Filled",""
"333","2023-04-18T20:00:00.0000000+00:00","PaydaySeason","US:Equity:SCHB","-17","MarketOnClose","","Day","Accepted",""
"334","2023-04-18T20:00:00.0000000+00:00","BondSeason","US:Equity:TLT","25","MarketOnClose","","Day","Accepted",""
"333","2023-04-19T20:00:00.0000000+00:00","PaydaySeason","US:Equity:SCHB","-17","MarketOnClose","","Day","Filled",""
"334","2023-04-19T20:00:00.0000000+00:00","BondSeason","US:Equity:TLT","25","MarketOnClose","","Day","Filled",""
"335","2023-04-21T20:00:00.0000000+00:00","EqBondReversion","US:Equity:TLT","28","MarketOnOpen","","Day","Accepted",""
"335","2023-04-24T13:30:00.0000000+00:00","EqBondReversion","US:Equity:TLT","28","MarketOnOpen","","Day","Filled",""
"336","2023-04-24T20:00:00.0000000+00:00","PaydaySeason","US:Equity:SCHB","16","MarketOnClose","","Day","Accepted",""
"336","2023-04-25T20:00:00.0000000+00:00","PaydaySeason","US:Equity:SCHB","16","MarketOnClose","","Day","Filled",""
"337","2023-04-25T20:00:00.0000000+00:00","RiskPremia","US:Equity:SCHB","1","MarketOnOpen","","Day","Accepted",""
"337","2023-04-26T13:30:00.0000000+00:00","RiskPremia","US:Equity:SCHB","1","MarketOnOpen","","Day","Filled",""
"338","2023-04-27T20:00:00.0000000+00:00","PaydaySeason","US:Equity:SCHB","-16","MarketOnClose","","Day","Accepted",""
"339","2023-04-27T20:00:00.0000000+00:00","BondSeason","US:Equity:TLT","-25","MarketOnClose","","Day","Accepted",""
"340","2023-04-27T20:00:00.0000000+00:00","BondSeason","US:Equity:TLT","-24","MarketOnClose","","Day","Accepted",""
"341","2023-04-27T20:00:00.0000000+00:00","EqBondReversion","US:Equity:TLT","-28","MarketOnClose","","Day","Accepted",""
"338","2023-04-28T20:00:00.0000000+00:00","PaydaySeason","US:Equity:SCHB","-16","MarketOnClose","","Day","Filled",""
"339","2023-04-28T20:00:00.0000000+00:00","BondSeason","US:Equity:TLT","-25","MarketOnClose","","Day","Filled",""
"340","2023-04-28T20:00:00.0000000+00:00","BondSeason","US:Equity:TLT","-24","MarketOnClose","","Day","Filled",""
"341","2023-04-28T20:00:00.0000000+00:00","EqBondReversion","US:Equity:TLT","-28","MarketOnClose","","Day","Filled",""
"342","2023-05-08T20:00:00.0000000+00:00","BondSeason","US:Equity:TLT","24","MarketOnClose","","Day","Accepted",""
"342","2023-05-09T20:00:00.0000000+00:00","BondSeason","US:Equity:TLT","24","MarketOnClose","","Day","Filled",""
"343","2023-05-09T20:00:00.0000000+00:00","PaydaySeason","US:Equity:SCHB","16","MarketOnClose","","Day","Accepted",""
"343","2023-05-10T20:00:00.0000000+00:00","PaydaySeason","US:Equity:SCHB","16","MarketOnClose","","Day","Filled",""
"344","2023-05-15T20:00:00.0000000+00:00","PaydaySeason","US:Equity:SCHB","-16","MarketOnClose","","Day","Accepted",""
"344","2023-05-16T20:00:00.0000000+00:00","PaydaySeason","US:Equity:SCHB","-16","MarketOnClose","","Day","Filled",""
"345","2023-05-18T20:00:00.0000000+00:00","BondSeason","US:Equity:TLT","25","MarketOnClose","","Day","Accepted",""
"346","2023-05-18T20:00:00.0000000+00:00","EqBondReversion","US:Equity:TLT","29","MarketOnOpen","","Day","Accepted",""
"346","2023-05-19T13:30:00.0000000+00:00","EqBondReversion","US:Equity:TLT","29","MarketOnOpen","","Day","Filled",""
"345","2023-05-19T20:00:00.0000000+00:00","BondSeason","US:Equity:TLT","25","MarketOnClose","","Day","Filled",""
"347","2023-05-19T20:00:00.0000000+00:00","PaydaySeason","US:Equity:SCHB","16","MarketOnClose","","Day","Accepted",""
"348","2023-05-19T20:00:00.0000000+00:00","RiskPremia","US:Equity:TLT","1","MarketOnOpen","","Day","Accepted",""
"348","2023-05-22T13:30:00.0000000+00:00","RiskPremia","US:Equity:TLT","1","MarketOnOpen","","Day","Filled",""
"347","2023-05-22T20:00:00.0000000+00:00","PaydaySeason","US:Equity:SCHB","16","MarketOnClose","","Day","Filled",""
"349","2023-05-30T20:00:00.0000000+00:00","PaydaySeason","US:Equity:SCHB","-16","MarketOnClose","","Day","Accepted",""
"350","2023-05-30T20:00:00.0000000+00:00","BondSeason","US:Equity:TLT","-25","MarketOnClose","","Day","Accepted",""
"351","2023-05-30T20:00:00.0000000+00:00","BondSeason","US:Equity:TLT","-25","MarketOnClose","","Day","Accepted",""
"352","2023-05-30T20:00:00.0000000+00:00","EqBondReversion","US:Equity:TLT","-29","MarketOnClose","","Day","Accepted",""
"349","2023-05-31T20:00:00.0000000+00:00","PaydaySeason","US:Equity:SCHB","-16","MarketOnClose","","Day","Filled",""
"350","2023-05-31T20:00:00.0000000+00:00","BondSeason","US:Equity:TLT","-25","MarketOnClose","","Day","Filled",""
"351","2023-05-31T20:00:00.0000000+00:00","BondSeason","US:Equity:TLT","-25","MarketOnClose","","Day","Filled",""
"352","2023-05-31T20:00:00.0000000+00:00","EqBondReversion","US:Equity:TLT","-29","MarketOnClose","","Day","Filled",""
"353","2023-05-31T20:00:00.0000000+00:00","RiskPremia","US:Equity:SCHB","2","MarketOnOpen","","Day","Accepted",""
"353","2023-06-01T13:30:00.0000000+00:00","RiskPremia","US:Equity:SCHB","2","MarketOnOpen","","Day","Filled",""
"354","2023-06-08T20:00:00.0000000+00:00","BondSeason","US:Equity:TLT","25","MarketOnClose","","Day","Accepted",""
"354","2023-06-09T20:00:00.0000000+00:00","BondSeason","US:Equity:TLT","25","MarketOnClose","","Day","Filled",""
"355","2023-06-09T20:00:00.0000000+00:00","PaydaySeason","US:Equity:SCHB","16","MarketOnClose","","Day","Accepted",""
"355","2023-06-12T20:00:00.0000000+00:00","PaydaySeason","US:Equity:SCHB","16","MarketOnClose","","Day","Filled",""
"356","2023-06-15T20:00:00.0000000+00:00","PaydaySeason","US:Equity:SCHB","-16","MarketOnClose","","Day","Accepted",""
"356","2023-06-16T20:00:00.0000000+00:00","PaydaySeason","US:Equity:SCHB","-16","MarketOnClose","","Day","Filled",""
"357","2023-06-20T20:00:00.0000000+00:00","BondSeason","US:Equity:TLT","25","MarketOnClose","","Day","Accepted",""
"357","2023-06-21T20:00:00.0000000+00:00","BondSeason","US:Equity:TLT","25","MarketOnClose","","Day","Filled",""
"358","2023-06-21T20:00:00.0000000+00:00","EqBondReversion","US:Equity:TLT","29","MarketOnOpen","","Day","Accepted",""
"358","2023-06-22T13:30:00.0000000+00:00","EqBondReversion","US:Equity:TLT","29","MarketOnOpen","","Day","Filled",""
"359","2023-06-22T20:00:00.0000000+00:00","PaydaySeason","US:Equity:SCHB","15","MarketOnClose","","Day","Accepted",""
"359","2023-06-23T20:00:00.0000000+00:00","PaydaySeason","US:Equity:SCHB","15","MarketOnClose","","Day","Filled",""
"360","2023-06-29T20:00:00.0000000+00:00","PaydaySeason","US:Equity:SCHB","-15","MarketOnClose","","Day","Accepted",""
"361","2023-06-29T20:00:00.0000000+00:00","BondSeason","US:Equity:TLT","-25","MarketOnClose","","Day","Accepted",""
"362","2023-06-29T20:00:00.0000000+00:00","BondSeason","US:Equity:TLT","-25","MarketOnClose","","Day","Accepted",""
"363","2023-06-29T20:00:00.0000000+00:00","EqBondReversion","US:Equity:TLT","-29","MarketOnClose","","Day","Accepted",""
"360","2023-06-30T20:00:00.0000000+00:00","PaydaySeason","US:Equity:SCHB","-15","MarketOnClose","","Day","Filled",""
"361","2023-06-30T20:00:00.0000000+00:00","BondSeason","US:Equity:TLT","-25","MarketOnClose","","Day","Filled",""
"362","2023-06-30T20:00:00.0000000+00:00","BondSeason","US:Equity:TLT","-25","MarketOnClose","","Day","Filled",""
"363","2023-06-30T20:00:00.0000000+00:00","EqBondReversion","US:Equity:TLT","-29","MarketOnClose","","Day","Filled",""
"364","2023-07-11T20:00:00.0000000+00:00","BondSeason","US:Equity:TLT","25","MarketOnClose","","Day","Accepted",""
"364","2023-07-12T20:00:00.0000000+00:00","BondSeason","US:Equity:TLT","25","MarketOnClose","","Day","Filled",""
"365","2023-07-12T20:00:00.0000000+00:00","PaydaySeason","US:Equity:SCHB","15","MarketOnClose","","Day","Accepted",""
"365","2023-07-13T20:00:00.0000000+00:00","PaydaySeason","US:Equity:SCHB","15","MarketOnClose","","Day","Filled",""
"366","2023-07-18T20:00:00.0000000+00:00","PaydaySeason","US:Equity:SCHB","-15","MarketOnClose","","Day","Accepted",""
"366","2023-07-19T20:00:00.0000000+00:00","PaydaySeason","US:Equity:SCHB","-15","MarketOnClose","","Day","Filled",""
"367","2023-07-19T20:00:00.0000000+00:00","BondSeason","US:Equity:TLT","25","MarketOnClose","","Day","Accepted",""
"367","2023-07-20T20:00:00.0000000+00:00","BondSeason","US:Equity:TLT","25","MarketOnClose","","Day","Filled",""
"368","2023-07-21T20:00:00.0000000+00:00","EqBondReversion","US:Equity:TLT","29","MarketOnOpen","","Day","Accepted",""
"368","2023-07-24T13:30:00.0000000+00:00","EqBondReversion","US:Equity:TLT","29","MarketOnOpen","","Day","Filled",""
"369","2023-07-24T20:00:00.0000000+00:00","PaydaySeason","US:Equity:SCHB","15","MarketOnClose","","Day","Accepted",""
"369","2023-07-25T20:00:00.0000000+00:00","PaydaySeason","US:Equity:SCHB","15","MarketOnClose","","Day","Filled",""
"370","2023-07-28T20:00:00.0000000+00:00","PaydaySeason","US:Equity:SCHB","-15","MarketOnClose","","Day","Accepted",""
"371","2023-07-28T20:00:00.0000000+00:00","BondSeason","US:Equity:TLT","-25","MarketOnClose","","Day","Accepted",""
"372","2023-07-28T20:00:00.0000000+00:00","BondSeason","US:Equity:TLT","-26","MarketOnClose","","Day","Accepted",""
"373","2023-07-28T20:00:00.0000000+00:00","EqBondReversion","US:Equity:TLT","-29","MarketOnClose","","Day","Accepted",""
"370","2023-07-31T20:00:00.0000000+00:00","PaydaySeason","US:Equity:SCHB","-15","MarketOnClose","","Day","Filled",""
"371","2023-07-31T20:00:00.0000000+00:00","BondSeason","US:Equity:TLT","-25","MarketOnClose","","Day","Filled",""
"372","2023-07-31T20:00:00.0000000+00:00","BondSeason","US:Equity:TLT","-26","MarketOnClose","","Day","Filled",""
"373","2023-07-31T20:00:00.0000000+00:00","EqBondReversion","US:Equity:TLT","-29","MarketOnClose","","Day","Filled",""
"374","2023-08-03T20:00:00.0000000+00:00","RiskPremia","US:Equity:GLDM","2.0","MarketOnOpen","","Day","Accepted",""
"374","2023-08-04T13:30:00.0000000+00:00","RiskPremia","US:Equity:GLDM","2.0","MarketOnOpen","","Day","Filled",""
"375","2023-08-08T20:00:00.0000000+00:00","BondSeason","US:Equity:TLT","26","MarketOnClose","","Day","Accepted",""
"375","2023-08-09T20:00:00.0000000+00:00","BondSeason","US:Equity:TLT","26","MarketOnClose","","Day","Filled",""
"376","2023-08-09T20:00:00.0000000+00:00","PaydaySeason","US:Equity:SCHB","15","MarketOnClose","","Day","Accepted",""
"376","2023-08-10T20:00:00.0000000+00:00","PaydaySeason","US:Equity:SCHB","15","MarketOnClose","","Day","Filled",""
"377","2023-08-15T20:00:00.0000000+00:00","PaydaySeason","US:Equity:SCHB","-15","MarketOnClose","","Day","Accepted",""
"377","2023-08-16T20:00:00.0000000+00:00","PaydaySeason","US:Equity:SCHB","-15","MarketOnClose","","Day","Filled",""
"378","2023-08-18T20:00:00.0000000+00:00","EqBondReversion","US:Equity:TLT","32","MarketOnOpen","","Day","Accepted",""
"378","2023-08-21T13:30:00.0000000+00:00","EqBondReversion","US:Equity:TLT","32","MarketOnOpen","","Day","Filled",""
"379","2023-08-21T20:00:00.0000000+00:00","PaydaySeason","US:Equity:SCHB","15","MarketOnClose","","Day","Accepted",""
"380","2023-08-21T20:00:00.0000000+00:00","BondSeason","US:Equity:TLT","28","MarketOnClose","","Day","Accepted",""
"379","2023-08-22T20:00:00.0000000+00:00","PaydaySeason","US:Equity:SCHB","15","MarketOnClose","","Day","Filled",""
"380","2023-08-22T20:00:00.0000000+00:00","BondSeason","US:Equity:TLT","28","MarketOnClose","","Day","Filled",""
"381","2023-08-22T20:00:00.0000000+00:00","RiskPremia","US:Equity:GLDM","3.0","MarketOnOpen","","Day","Accepted",""
"381","2023-08-23T13:30:00.0000000+00:00","RiskPremia","US:Equity:GLDM","3.0","MarketOnOpen","","Day","Filled",""
"382","2023-08-30T20:00:00.0000000+00:00","PaydaySeason","US:Equity:SCHB","-15","MarketOnClose","","Day","Accepted",""
"383","2023-08-30T20:00:00.0000000+00:00","BondSeason","US:Equity:TLT","-28","MarketOnClose","","Day","Accepted",""
"384","2023-08-30T20:00:00.0000000+00:00","BondSeason","US:Equity:TLT","-27","MarketOnClose","","Day","Accepted",""
"385","2023-08-30T20:00:00.0000000+00:00","EqBondReversion","US:Equity:TLT","-32","MarketOnClose","","Day","Accepted",""
"382","2023-08-31T20:00:00.0000000+00:00","PaydaySeason","US:Equity:SCHB","-15","MarketOnClose","","Day","Filled",""
"383","2023-08-31T20:00:00.0000000+00:00","BondSeason","US:Equity:TLT","-28","MarketOnClose","","Day","Filled",""
"384","2023-08-31T20:00:00.0000000+00:00","BondSeason","US:Equity:TLT","-27","MarketOnClose","","Day","Filled",""
"385","2023-08-31T20:00:00.0000000+00:00","EqBondReversion","US:Equity:TLT","-32","MarketOnClose","","Day","Filled",""
"386","2023-09-11T20:00:00.0000000+00:00","BondSeason","US:Equity:TLT","27","MarketOnClose","","Day","Accepted",""
"386","2023-09-12T20:00:00.0000000+00:00","BondSeason","US:Equity:TLT","27","MarketOnClose","","Day","Filled",""
"387","2023-09-12T20:00:00.0000000+00:00","PaydaySeason","US:Equity:SCHB","15","MarketOnClose","","Day","Accepted",""
"387","2023-09-13T20:00:00.0000000+00:00","PaydaySeason","US:Equity:SCHB","15","MarketOnClose","","Day","Filled",""
"388","2023-09-18T20:00:00.0000000+00:00","PaydaySeason","US:Equity:SCHB","-15","MarketOnClose","","Day","Accepted",""
"388","2023-09-19T20:00:00.0000000+00:00","PaydaySeason","US:Equity:SCHB","-15","MarketOnClose","","Day","Filled",""
"389","2023-09-19T20:00:00.0000000+00:00","BondSeason","US:Equity:TLT","28","MarketOnClose","","Day","Accepted",""
"389","2023-09-20T20:00:00.0000000+00:00","BondSeason","US:Equity:TLT","28","MarketOnClose","","Day","Filled",""
"390","2023-09-21T20:00:00.0000000+00:00","EqBondReversion","US:Equity:TLT","33","MarketOnOpen","","Day","Accepted",""
"390","2023-09-22T13:30:00.0000000+00:00","EqBondReversion","US:Equity:TLT","33","MarketOnOpen","","Day","Filled",""
"391","2023-09-22T20:00:00.0000000+00:00","PaydaySeason","US:Equity:SCHB","16","MarketOnClose","","Day","Accepted",""
"391","2023-09-25T20:00:00.0000000+00:00","PaydaySeason","US:Equity:SCHB","16","MarketOnClose","","Day","Filled",""
"392","2023-09-28T20:00:00.0000000+00:00","PaydaySeason","US:Equity:SCHB","-16","MarketOnClose","","Day","Accepted",""
"393","2023-09-28T20:00:00.0000000+00:00","BondSeason","US:Equity:TLT","-28","MarketOnClose","","Day","Accepted",""
"394","2023-09-28T20:00:00.0000000+00:00","BondSeason","US:Equity:TLT","-29","MarketOnClose","","Day","Accepted",""
"395","2023-09-28T20:00:00.0000000+00:00","EqBondReversion","US:Equity:TLT","-33","MarketOnClose","","Day","Accepted",""
"396","2023-09-28T20:00:00.0000000+00:00","RiskPremia","US:Equity:GLDM","3.0","MarketOnOpen","","Day","Accepted",""
"396","2023-09-29T13:30:00.0000000+00:00","RiskPremia","US:Equity:GLDM","3.0","MarketOnOpen","","Day","Filled",""
"392","2023-09-29T20:00:00.0000000+00:00","PaydaySeason","US:Equity:SCHB","-16","MarketOnClose","","Day","Filled",""
"393","2023-09-29T20:00:00.0000000+00:00","BondSeason","US:Equity:TLT","-28","MarketOnClose","","Day","Filled",""
"394","2023-09-29T20:00:00.0000000+00:00","BondSeason","US:Equity:TLT","-29","MarketOnClose","","Day","Filled",""
"395","2023-09-29T20:00:00.0000000+00:00","EqBondReversion","US:Equity:TLT","-33","MarketOnClose","","Day","Filled",""
"397","2023-10-09T20:00:00.0000000+00:00","BondSeason","US:Equity:TLT","29","MarketOnClose","","Day","Accepted",""
"397","2023-10-10T20:00:00.0000000+00:00","BondSeason","US:Equity:TLT","29","MarketOnClose","","Day","Filled",""
"398","2023-10-10T20:00:00.0000000+00:00","PaydaySeason","US:Equity:SCHB","16","MarketOnClose","","Day","Accepted",""
"398","2023-10-11T20:00:00.0000000+00:00","PaydaySeason","US:Equity:SCHB","16","MarketOnClose","","Day","Filled",""
"399","2023-10-13T20:00:00.0000000+00:00","RiskPremia","US:Equity:SCHB","2","MarketOnOpen","","Day","Accepted",""
"399","2023-10-16T13:30:00.0000000+00:00","RiskPremia","US:Equity:SCHB","2","MarketOnOpen","","Day","Filled",""
"400","2023-10-16T20:00:00.0000000+00:00","PaydaySeason","US:Equity:SCHB","-16","MarketOnClose","","Day","Accepted",""
"400","2023-10-17T20:00:00.0000000+00:00","PaydaySeason","US:Equity:SCHB","-16","MarketOnClose","","Day","Filled",""
"401","2023-10-19T20:00:00.0000000+00:00","BondSeason","US:Equity:TLT","31","MarketOnClose","","Day","Accepted",""
"402","2023-10-19T20:00:00.0000000+00:00","EqBondReversion","US:Equity:TLT","36","MarketOnOpen","","Day","Accepted",""
"403","2023-10-19T20:00:00.0000000+00:00","RiskPremia","US:Equity:GLDM","-4.0","MarketOnOpen","","Day","Accepted",""
"403","2023-10-20T13:30:00.0000000+00:00","RiskPremia","US:Equity:GLDM","-4.0","MarketOnOpen","","Day","Filled",""
"402","2023-10-20T13:30:00.0000000+00:00","EqBondReversion","US:Equity:TLT","36","MarketOnOpen","","Day","Filled",""
"401","2023-10-20T20:00:00.0000000+00:00","BondSeason","US:Equity:TLT","31","MarketOnClose","","Day","Filled",""
"404","2023-10-20T20:00:00.0000000+00:00","PaydaySeason","US:Equity:SCHB","16","MarketOnClose","","Day","Accepted",""
"404","2023-10-23T20:00:00.0000000+00:00","PaydaySeason","US:Equity:SCHB","16","MarketOnClose","","Day","Filled",""
"405","2023-10-30T20:00:00.0000000+00:00","PaydaySeason","US:Equity:SCHB","-16","MarketOnClose","","Day","Accepted",""
"406","2023-10-30T20:00:00.0000000+00:00","BondSeason","US:Equity:TLT","-31","MarketOnClose","","Day","Accepted",""
"407","2023-10-30T20:00:00.0000000+00:00","BondSeason","US:Equity:TLT","-31","MarketOnClose","","Day","Accepted",""
"408","2023-10-30T20:00:00.0000000+00:00","EqBondReversion","US:Equity:TLT","-36","MarketOnClose","","Day","Accepted",""
"405","2023-10-31T20:00:00.0000000+00:00","PaydaySeason","US:Equity:SCHB","-16","MarketOnClose","","Day","Filled",""
"406","2023-10-31T20:00:00.0000000+00:00","BondSeason","US:Equity:TLT","-31","MarketOnClose","","Day","Filled",""
"407","2023-10-31T20:00:00.0000000+00:00","BondSeason","US:Equity:TLT","-31","MarketOnClose","","Day","Filled",""
"408","2023-10-31T20:00:00.0000000+00:00","EqBondReversion","US:Equity:TLT","-36","MarketOnClose","","Day","Filled",""
"409","2023-11-08T21:00:00.0000000+00:00","BondSeason","US:Equity:TLT","31","MarketOnClose","","Day","Accepted",""
"409","2023-11-09T21:00:00.0000000+00:00","BondSeason","US:Equity:TLT","31","MarketOnClose","","Day","Filled",""
"410","2023-11-09T21:00:00.0000000+00:00","PaydaySeason","US:Equity:SCHB","16","MarketOnClose","","Day","Accepted",""
"410","2023-11-10T21:00:00.0000000+00:00","PaydaySeason","US:Equity:SCHB","16","MarketOnClose","","Day","Filled",""
"411","2023-11-15T21:00:00.0000000+00:00","PaydaySeason","US:Equity:SCHB","-16","MarketOnClose","","Day","Accepted",""
"411","2023-11-16T21:00:00.0000000+00:00","PaydaySeason","US:Equity:SCHB","-16","MarketOnClose","","Day","Filled",""
"412","2023-11-17T21:00:00.0000000+00:00","BondSeason","US:Equity:TLT","28","MarketOnClose","","Day","Accepted",""
"412","2023-11-20T21:00:00.0000000+00:00","BondSeason","US:Equity:TLT","28","MarketOnClose","","Day","Filled",""
"413","2023-11-20T21:00:00.0000000+00:00","EqBondReversion","US:Equity:TLT","33","MarketOnOpen","","Day","Accepted",""
"413","2023-11-21T14:30:00.0000000+00:00","EqBondReversion","US:Equity:TLT","33","MarketOnOpen","","Day","Filled",""
"414","2023-11-21T21:00:00.0000000+00:00","PaydaySeason","US:Equity:SCHB","15","MarketOnClose","","Day","Accepted",""
"414","2023-11-22T21:00:00.0000000+00:00","PaydaySeason","US:Equity:SCHB","15","MarketOnClose","","Day","Filled",""
"415","2023-11-29T21:00:00.0000000+00:00","PaydaySeason","US:Equity:SCHB","-15","MarketOnClose","","Day","Accepted",""
"416","2023-11-29T21:00:00.0000000+00:00","BondSeason","US:Equity:TLT","-28","MarketOnClose","","Day","Accepted",""
"417","2023-11-29T21:00:00.0000000+00:00","BondSeason","US:Equity:TLT","-28","MarketOnClose","","Day","Accepted",""
"418","2023-11-29T21:00:00.0000000+00:00","EqBondReversion","US:Equity:TLT","-33","MarketOnClose","","Day","Accepted",""
"415","2023-11-30T21:00:00.0000000+00:00","PaydaySeason","US:Equity:SCHB","-15","MarketOnClose","","Day","Filled",""
"416","2023-11-30T21:00:00.0000000+00:00","BondSeason","US:Equity:TLT","-28","MarketOnClose","","Day","Filled",""
"417","2023-11-30T21:00:00.0000000+00:00","BondSeason","US:Equity:TLT","-28","MarketOnClose","","Day","Filled",""
"418","2023-11-30T21:00:00.0000000+00:00","EqBondReversion","US:Equity:TLT","-33","MarketOnClose","","Day","Filled",""
"419","2023-12-06T21:00:00.0000000+00:00","RiskPremia","US:Equity:TLT","-1","MarketOnOpen","","Day","Accepted",""
"419","2023-12-07T14:30:00.0000000+00:00","RiskPremia","US:Equity:TLT","-1","MarketOnOpen","","Day","Filled",""
"420","2023-12-08T21:00:00.0000000+00:00","BondSeason","US:Equity:TLT","28","MarketOnClose","","Day","Accepted",""
"420","2023-12-11T21:00:00.0000000+00:00","BondSeason","US:Equity:TLT","28","MarketOnClose","","Day","Filled",""
"421","2023-12-11T21:00:00.0000000+00:00","PaydaySeason","US:Equity:SCHB","15","MarketOnClose","","Day","Accepted",""
"421","2023-12-12T21:00:00.0000000+00:00","PaydaySeason","US:Equity:SCHB","15","MarketOnClose","","Day","Filled",""
"422","2023-12-15T21:00:00.0000000+00:00","PaydaySeason","US:Equity:SCHB","-15","MarketOnClose","","Day","Accepted",""
"422","2023-12-18T21:00:00.0000000+00:00","PaydaySeason","US:Equity:SCHB","-15","MarketOnClose","","Day","Filled",""
"423","2023-12-18T21:00:00.0000000+00:00","BondSeason","US:Equity:TLT","26","MarketOnClose","","Day","Accepted",""
"423","2023-12-19T21:00:00.0000000+00:00","BondSeason","US:Equity:TLT","26","MarketOnClose","","Day","Filled",""
"424","2023-12-20T21:00:00.0000000+00:00","EqBondReversion","US:Equity:SCHB","55","MarketOnOpen","","Day","Accepted",""
"424","2023-12-21T14:30:00.0000000+00:00","EqBondReversion","US:Equity:SCHB","55","MarketOnOpen","","Day","Filled",""
"425","2023-12-21T21:00:00.0000000+00:00","PaydaySeason","US:Equity:SCHB","14","MarketOnClose","","Day","Accepted",""
"425","2023-12-22T21:00:00.0000000+00:00","PaydaySeason","US:Equity:SCHB","14","MarketOnClose","","Day","Filled",""
"426","2023-12-28T21:00:00.0000000+00:00","PaydaySeason","US:Equity:SCHB","-14","MarketOnClose","","Day","Accepted",""
"427","2023-12-28T21:00:00.0000000+00:00","BondSeason","US:Equity:TLT","-26","MarketOnClose","","Day","Accepted",""
"428","2023-12-28T21:00:00.0000000+00:00","BondSeason","US:Equity:TLT","-26","MarketOnClose","","Day","Accepted",""
"429","2023-12-28T21:00:00.0000000+00:00","EqBondReversion","US:Equity:SCHB","-55","MarketOnClose","","Day","Accepted",""
"426","2023-12-29T21:00:00.0000000+00:00","PaydaySeason","US:Equity:SCHB","-14","MarketOnClose","","Day","Filled",""
"429","2023-12-29T21:00:00.0000000+00:00","EqBondReversion","US:Equity:SCHB","-55","MarketOnClose","","Day","Filled",""
"427","2023-12-29T21:00:00.0000000+00:00","BondSeason","US:Equity:TLT","-26","MarketOnClose","","Day","Filled",""
"428","2023-12-29T21:00:00.0000000+00:00","BondSeason","US:Equity:TLT","-26","MarketOnClose","","Day","Filled",""
"430","2024-01-09T21:00:00.0000000+00:00","BondSeason","US:Equity:TLT","26","MarketOnClose","","Day","Accepted",""
"430","2024-01-10T21:00:00.0000000+00:00","BondSeason","US:Equity:TLT","26","MarketOnClose","","Day","Filled",""
"431","2024-01-10T21:00:00.0000000+00:00","PaydaySeason","US:Equity:SCHB","14","MarketOnClose","","Day","Accepted",""
"431","2024-01-11T21:00:00.0000000+00:00","PaydaySeason","US:Equity:SCHB","14","MarketOnClose","","Day","Filled",""
"432","2024-01-17T21:00:00.0000000+00:00","PaydaySeason","US:Equity:SCHB","-14","MarketOnClose","","Day","Accepted",""
"432","2024-01-18T21:00:00.0000000+00:00","PaydaySeason","US:Equity:SCHB","-14","MarketOnClose","","Day","Filled",""
"433","2024-01-19T21:00:00.0000000+00:00","BondSeason","US:Equity:TLT","27","MarketOnClose","","Day","Accepted",""
"433","2024-01-22T21:00:00.0000000+00:00","BondSeason","US:Equity:TLT","27","MarketOnClose","","Day","Filled",""
"434","2024-01-22T21:00:00.0000000+00:00","EqBondReversion","US:Equity:TLT","31","MarketOnOpen","","Day","Accepted",""
"434","2024-01-23T14:30:00.0000000+00:00","EqBondReversion","US:Equity:TLT","31","MarketOnOpen","","Day","Filled",""
"435","2024-01-23T21:00:00.0000000+00:00","PaydaySeason","US:Equity:SCHB","14","MarketOnClose","","Day","Accepted",""
"435","2024-01-24T21:00:00.0000000+00:00","PaydaySeason","US:Equity:SCHB","14","MarketOnClose","","Day","Filled",""
"436","2024-01-30T21:00:00.0000000+00:00","PaydaySeason","US:Equity:SCHB","-14","MarketOnClose","","Day","Accepted",""
"437","2024-01-30T21:00:00.0000000+00:00","BondSeason","US:Equity:TLT","-27","MarketOnClose","","Day","Accepted",""
"438","2024-01-30T21:00:00.0000000+00:00","BondSeason","US:Equity:TLT","-27","MarketOnClose","","Day","Accepted",""
"439","2024-01-30T21:00:00.0000000+00:00","EqBondReversion","US:Equity:TLT","-31","MarketOnClose","","Day","Accepted",""
"436","2024-01-31T21:00:00.0000000+00:00","PaydaySeason","US:Equity:SCHB","-14","MarketOnClose","","Day","Filled",""
"437","2024-01-31T21:00:00.0000000+00:00","BondSeason","US:Equity:TLT","-27","MarketOnClose","","Day","Filled",""
"438","2024-01-31T21:00:00.0000000+00:00","BondSeason","US:Equity:TLT","-27","MarketOnClose","","Day","Filled",""
"439","2024-01-31T21:00:00.0000000+00:00","EqBondReversion","US:Equity:TLT","-31","MarketOnClose","","Day","Filled",""
"440","2024-02-08T21:00:00.0000000+00:00","BondSeason","US:Equity:TLT","27","MarketOnClose","","Day","Accepted",""
"441","2024-02-08T21:00:00.0000000+00:00","RiskPremia","US:Equity:SCHB","-3","MarketOnOpen","","Day","Accepted",""
"441","2024-02-09T14:30:00.0000000+00:00","RiskPremia","US:Equity:SCHB","-3","MarketOnOpen","","Day","Filled",""
"440","2024-02-09T21:00:00.0000000+00:00","BondSeason","US:Equity:TLT","27","MarketOnClose","","Day","Filled",""
"442","2024-02-09T21:00:00.0000000+00:00","PaydaySeason","US:Equity:SCHB","13","MarketOnClose","","Day","Accepted",""
"442","2024-02-12T21:00:00.0000000+00:00","PaydaySeason","US:Equity:SCHB","13","MarketOnClose","","Day","Filled",""
"443","2024-02-13T21:00:00.0000000+00:00","RiskPremia","US:Equity:TLT","1","MarketOnOpen","","Day","Accepted",""
"443","2024-02-14T14:30:00.0000000+00:00","RiskPremia","US:Equity:TLT","1","MarketOnOpen","","Day","Filled",""
"444","2024-02-15T21:00:00.0000000+00:00","PaydaySeason","US:Equity:SCHB","-13","MarketOnClose","","Day","Accepted",""
"444","2024-02-16T21:00:00.0000000+00:00","PaydaySeason","US:Equity:SCHB","-13","MarketOnClose","","Day","Filled",""
"445","2024-02-16T21:00:00.0000000+00:00","BondSeason","US:Equity:TLT","28","MarketOnClose","","Day","Accepted",""
"445","2024-02-20T21:00:00.0000000+00:00","BondSeason","US:Equity:TLT","28","MarketOnClose","","Day","Filled",""
"446","2024-02-21T21:00:00.0000000+00:00","EqBondReversion","US:Equity:TLT","32","MarketOnOpen","","Day","Accepted",""
"446","2024-02-22T14:30:00.0000000+00:00","EqBondReversion","US:Equity:TLT","32","MarketOnOpen","","Day","Filled",""
"447","2024-02-22T21:00:00.0000000+00:00","PaydaySeason","US:Equity:SCHB","13","MarketOnClose","","Day","Accepted",""
"447","2024-02-23T21:00:00.0000000+00:00","PaydaySeason","US:Equity:SCHB","13","MarketOnClose","","Day","Filled",""
"448","2024-02-28T21:00:00.0000000+00:00","PaydaySeason","US:Equity:SCHB","-13","MarketOnClose","","Day","Accepted",""
"449","2024-02-28T21:00:00.0000000+00:00","BondSeason","US:Equity:TLT","-28","MarketOnClose","","Day","Accepted",""
"450","2024-02-28T21:00:00.0000000+00:00","BondSeason","US:Equity:TLT","-27","MarketOnClose","","Day","Accepted",""
"451","2024-02-28T21:00:00.0000000+00:00","EqBondReversion","US:Equity:TLT","-32","MarketOnClose","","Day","Accepted",""
"448","2024-02-29T21:00:00.0000000+00:00","PaydaySeason","US:Equity:SCHB","-13","MarketOnClose","","Day","Filled",""
"449","2024-02-29T21:00:00.0000000+00:00","BondSeason","US:Equity:TLT","-28","MarketOnClose","","Day","Filled",""
"450","2024-02-29T21:00:00.0000000+00:00","BondSeason","US:Equity:TLT","-27","MarketOnClose","","Day","Filled",""
"451","2024-02-29T21:00:00.0000000+00:00","EqBondReversion","US:Equity:TLT","-32","MarketOnClose","","Day","Filled",""
"452","2024-03-06T21:00:00.0000000+00:00","RiskPremia","US:Equity:GLDM","-4.0","MarketOnOpen","","Day","Accepted",""
"452","2024-03-07T14:30:00.0000000+00:00","RiskPremia","US:Equity:GLDM","-4.0","MarketOnOpen","","Day","Filled",""
"453","2024-03-08T21:00:00.0000000+00:00","BondSeason","US:Equity:TLT","27","MarketOnClose","","Day","Accepted",""
"453","2024-03-11T20:00:00.0000000+00:00","BondSeason","US:Equity:TLT","27","MarketOnClose","","Day","Filled",""
"454","2024-03-11T20:00:00.0000000+00:00","PaydaySeason","US:Equity:SCHB","13","MarketOnClose","","Day","Accepted",""
"454","2024-03-12T20:00:00.0000000+00:00","PaydaySeason","US:Equity:SCHB","13","MarketOnClose","","Day","Filled",""
"455","2024-03-15T20:00:00.0000000+00:00","PaydaySeason","US:Equity:SCHB","-13","MarketOnClose","","Day","Accepted",""
"455","2024-03-18T20:00:00.0000000+00:00","PaydaySeason","US:Equity:SCHB","-13","MarketOnClose","","Day","Filled",""
"456","2024-03-18T20:00:00.0000000+00:00","BondSeason","US:Equity:TLT","28","MarketOnClose","","Day","Accepted",""
"456","2024-03-19T20:00:00.0000000+00:00","BondSeason","US:Equity:TLT","28","MarketOnClose","","Day","Filled",""
"457","2024-03-20T20:00:00.0000000+00:00","EqBondReversion","US:Equity:TLT","32","MarketOnOpen","","Day","Accepted",""
"457","2024-03-21T13:30:00.0000000+00:00","EqBondReversion","US:Equity:TLT","32","MarketOnOpen","","Day","Filled",""
"458","2024-03-21T20:00:00.0000000+00:00","PaydaySeason","US:Equity:SCHB","13","MarketOnClose","","Day","Accepted",""
"458","2024-03-22T20:00:00.0000000+00:00","PaydaySeason","US:Equity:SCHB","13","MarketOnClose","","Day","Filled",""
"459","2024-03-27T20:00:00.0000000+00:00","PaydaySeason","US:Equity:SCHB","-13","MarketOnClose","","Day","Accepted",""
"460","2024-03-27T20:00:00.0000000+00:00","BondSeason","US:Equity:TLT","-28","MarketOnClose","","Day","Accepted",""
"461","2024-03-27T20:00:00.0000000+00:00","BondSeason","US:Equity:TLT","-27","MarketOnClose","","Day","Accepted",""
"462","2024-03-27T20:00:00.0000000+00:00","EqBondReversion","US:Equity:TLT","-32","MarketOnClose","","Day","Accepted",""
"459","2024-03-28T20:00:00.0000000+00:00","PaydaySeason","US:Equity:SCHB","-13","MarketOnClose","","Day","Filled",""
"460","2024-03-28T20:00:00.0000000+00:00","BondSeason","US:Equity:TLT","-28","MarketOnClose","","Day","Filled",""
"461","2024-03-28T20:00:00.0000000+00:00","BondSeason","US:Equity:TLT","-27","MarketOnClose","","Day","Filled",""
"462","2024-03-28T20:00:00.0000000+00:00","EqBondReversion","US:Equity:TLT","-32","MarketOnClose","","Day","Filled",""
"463","2024-04-02T20:00:00.0000000+00:00","RiskPremia","US:Equity:GLDM","-3.0","MarketOnOpen","","Day","Accepted",""
"463","2024-04-03T13:30:00.0000000+00:00","RiskPremia","US:Equity:GLDM","-3.0","MarketOnOpen","","Day","Filled",""
"464","2024-04-05T20:00:00.0000000+00:00","RiskPremia","US:Equity:TLT","1","MarketOnOpen","","Day","Accepted",""
"464","2024-04-08T13:30:00.0000000+00:00","RiskPremia","US:Equity:TLT","1","MarketOnOpen","","Day","Filled",""
"465","2024-04-08T20:00:00.0000000+00:00","BondSeason","US:Equity:TLT","27","MarketOnClose","","Day","Accepted",""
"465","2024-04-09T20:00:00.0000000+00:00","BondSeason","US:Equity:TLT","27","MarketOnClose","","Day","Filled",""
"466","2024-04-09T20:00:00.0000000+00:00","PaydaySeason","US:Equity:SCHB","13","MarketOnClose","","Day","Accepted",""
"466","2024-04-10T20:00:00.0000000+00:00","PaydaySeason","US:Equity:SCHB","13","MarketOnClose","","Day","Filled",""
"467","2024-04-15T20:00:00.0000000+00:00","PaydaySeason","US:Equity:SCHB","-13","MarketOnClose","","Day","Accepted",""
"467","2024-04-16T20:00:00.0000000+00:00","PaydaySeason","US:Equity:SCHB","-13","MarketOnClose","","Day","Filled",""
"468","2024-04-18T20:00:00.0000000+00:00","BondSeason","US:Equity:TLT","29","MarketOnClose","","Day","Accepted",""
"469","2024-04-18T20:00:00.0000000+00:00","EqBondReversion","US:Equity:SCHB","52","MarketOnOpen","","Day","Accepted",""
"469","2024-04-19T13:30:00.0000000+00:00","EqBondReversion","US:Equity:SCHB","52","MarketOnOpen","","Day","Filled",""
"468","2024-04-19T20:00:00.0000000+00:00","BondSeason","US:Equity:TLT","29","MarketOnClose","","Day","Filled",""
"470","2024-04-19T20:00:00.0000000+00:00","PaydaySeason","US:Equity:SCHB","14","MarketOnClose","","Day","Accepted",""
"470","2024-04-22T20:00:00.0000000+00:00","PaydaySeason","US:Equity:SCHB","14","MarketOnClose","","Day","Filled",""
"471","2024-04-24T20:00:00.0000000+00:00","RiskPremia","US:Equity:TLT","1","MarketOnOpen","","Day","Accepted",""
"471","2024-04-25T13:30:00.0000000+00:00","RiskPremia","US:Equity:TLT","1","MarketOnOpen","","Day","Filled",""
"472","2024-04-29T20:00:00.0000000+00:00","PaydaySeason","US:Equity:SCHB","-14","MarketOnClose","","Day","Accepted",""
"473","2024-04-29T20:00:00.0000000+00:00","BondSeason","US:Equity:TLT","-29","MarketOnClose","","Day","Accepted",""
"474","2024-04-29T20:00:00.0000000+00:00","BondSeason","US:Equity:TLT","-29","MarketOnClose","","Day","Accepted",""
"475","2024-04-29T20:00:00.0000000+00:00","EqBondReversion","US:Equity:SCHB","-52","MarketOnClose","","Day","Accepted",""
"472","2024-04-30T20:00:00.0000000+00:00","PaydaySeason","US:Equity:SCHB","-14","MarketOnClose","","Day","Filled",""
"475","2024-04-30T20:00:00.0000000+00:00","EqBondReversion","US:Equity:SCHB","-52","MarketOnClose","","Day","Filled",""
"473","2024-04-30T20:00:00.0000000+00:00","BondSeason","US:Equity:TLT","-29","MarketOnClose","","Day","Filled",""
"474","2024-04-30T20:00:00.0000000+00:00","BondSeason","US:Equity:TLT","-29","MarketOnClose","","Day","Filled",""
"476","2024-05-08T20:00:00.0000000+00:00","BondSeason","US:Equity:TLT","29","MarketOnClose","","Day","Accepted",""
"476","2024-05-09T20:00:00.0000000+00:00","BondSeason","US:Equity:TLT","29","MarketOnClose","","Day","Filled",""
"477","2024-05-09T20:00:00.0000000+00:00","PaydaySeason","US:Equity:SCHB","13","MarketOnClose","","Day","Accepted",""
"477","2024-05-10T20:00:00.0000000+00:00","PaydaySeason","US:Equity:SCHB","13","MarketOnClose","","Day","Filled",""
"478","2024-05-15T20:00:00.0000000+00:00","PaydaySeason","US:Equity:SCHB","-13","MarketOnClose","","Day","Accepted",""
"478","2024-05-16T20:00:00.0000000+00:00","PaydaySeason","US:Equity:SCHB","-13","MarketOnClose","","Day","Filled",""
"479","2024-05-20T20:00:00.0000000+00:00","BondSeason","US:Equity:TLT","28","MarketOnClose","","Day","Accepted",""
"480","2024-05-20T20:00:00.0000000+00:00","EqBondReversion","US:Equity:TLT","33","MarketOnOpen","","Day","Accepted",""
"481","2024-05-20T20:00:00.0000000+00:00","RiskPremia","US:Equity:GLDM","-3.0","MarketOnOpen","","Day","Accepted",""
"481","2024-05-21T13:30:00.0000000+00:00","RiskPremia","US:Equity:GLDM","-3.0","MarketOnOpen","","Day","Filled",""
"480","2024-05-21T13:30:00.0000000+00:00","EqBondReversion","US:Equity:TLT","33","MarketOnOpen","","Day","Filled",""
"479","2024-05-21T20:00:00.0000000+00:00","BondSeason","US:Equity:TLT","28","MarketOnClose","","Day","Filled",""
"482","2024-05-21T20:00:00.0000000+00:00","PaydaySeason","US:Equity:SCHB","13","MarketOnClose","","Day","Accepted",""
"482","2024-05-22T20:00:00.0000000+00:00","PaydaySeason","US:Equity:SCHB","13","MarketOnClose","","Day","Filled",""
"483","2024-05-30T20:00:00.0000000+00:00","PaydaySeason","US:Equity:SCHB","-13","MarketOnClose","","Day","Accepted",""
"484","2024-05-30T20:00:00.0000000+00:00","BondSeason","US:Equity:TLT","-28","MarketOnClose","","Day","Accepted",""
"485","2024-05-30T20:00:00.0000000+00:00","BondSeason","US:Equity:TLT","-29","MarketOnClose","","Day","Accepted",""
"486","2024-05-30T20:00:00.0000000+00:00","EqBondReversion","US:Equity:TLT","-33","MarketOnClose","","Day","Accepted",""
"483","2024-05-31T20:00:00.0000000+00:00","PaydaySeason","US:Equity:SCHB","-13","MarketOnClose","","Day","Filled",""
"484","2024-05-31T20:00:00.0000000+00:00","BondSeason","US:Equity:TLT","-28","MarketOnClose","","Day","Filled",""
"485","2024-05-31T20:00:00.0000000+00:00","BondSeason","US:Equity:TLT","-29","MarketOnClose","","Day","Filled",""
"486","2024-05-31T20:00:00.0000000+00:00","EqBondReversion","US:Equity:TLT","-33","MarketOnClose","","Day","Filled",""
"487","2024-06-10T20:00:00.0000000+00:00","BondSeason","US:Equity:TLT","29","MarketOnClose","","Day","Accepted",""
"487","2024-06-11T20:00:00.0000000+00:00","BondSeason","US:Equity:TLT","29","MarketOnClose","","Day","Filled",""
"488","2024-06-11T20:00:00.0000000+00:00","PaydaySeason","US:Equity:SCHB","13","MarketOnClose","","Day","Accepted",""
"488","2024-06-12T20:00:00.0000000+00:00","PaydaySeason","US:Equity:SCHB","13","MarketOnClose","","Day","Filled",""
"489","2024-06-17T20:00:00.0000000+00:00","PaydaySeason","US:Equity:SCHB","-13","MarketOnClose","","Day","Accepted",""
"490","2024-06-17T20:00:00.0000000+00:00","BondSeason","US:Equity:TLT","27","MarketOnClose","","Day","Accepted",""
"489","2024-06-18T20:00:00.0000000+00:00","PaydaySeason","US:Equity:SCHB","-13","MarketOnClose","","Day","Filled",""
"490","2024-06-18T20:00:00.0000000+00:00","BondSeason","US:Equity:TLT","27","MarketOnClose","","Day","Filled",""
"491","2024-06-21T20:00:00.0000000+00:00","EqBondReversion","US:Equity:SCHB","47","MarketOnOpen","","Day","Accepted",""
"491","2024-06-24T13:30:00.0000000+00:00","EqBondReversion","US:Equity:SCHB","47","MarketOnOpen","","Day","Filled",""
"492","2024-06-24T20:00:00.0000000+00:00","PaydaySeason","US:Equity:SCHB","12","MarketOnClose","","Day","Accepted",""
"492","2024-06-25T20:00:00.0000000+00:00","PaydaySeason","US:Equity:SCHB","12","MarketOnClose","","Day","Filled",""
"493","2024-06-27T20:00:00.0000000+00:00","PaydaySeason","US:Equity:SCHB","-12","MarketOnClose","","Day","Accepted",""
"494","2024-06-27T20:00:00.0000000+00:00","BondSeason","US:Equity:TLT","-27","MarketOnClose","","Day","Accepted",""
"495","2024-06-27T20:00:00.0000000+00:00","BondSeason","US:Equity:TLT","-27","MarketOnClose","","Day","Accepted",""
"496","2024-06-27T20:00:00.0000000+00:00","EqBondReversion","US:Equity:SCHB","-47","MarketOnClose","","Day","Accepted",""
"493","2024-06-28T20:00:00.0000000+00:00","PaydaySeason","US:Equity:SCHB","-12","MarketOnClose","","Day","Filled",""
"496","2024-06-28T20:00:00.0000000+00:00","EqBondReversion","US:Equity:SCHB","-47","MarketOnClose","","Day","Filled",""
"494","2024-06-28T20:00:00.0000000+00:00","BondSeason","US:Equity:TLT","-27","MarketOnClose","","Day","Filled",""
"495","2024-06-28T20:00:00.0000000+00:00","BondSeason","US:Equity:TLT","-27","MarketOnClose","","Day","Filled",""
"497","2024-07-03T17:00:00.0000000+00:00","RiskPremia","US:Equity:GLDM","-2.0","MarketOnOpen","","Day","Accepted",""
"497","2024-07-05T13:30:00.0000000+00:00","RiskPremia","US:Equity:GLDM","-2.0","MarketOnOpen","","Day","Filled",""
"498","2024-07-09T20:00:00.0000000+00:00","BondSeason","US:Equity:TLT","27","MarketOnClose","","Day","Accepted",""
"498","2024-07-10T20:00:00.0000000+00:00","BondSeason","US:Equity:TLT","27","MarketOnClose","","Day","Filled",""
"499","2024-07-10T20:00:00.0000000+00:00","PaydaySeason","US:Equity:SCHB","12","MarketOnClose","","Day","Accepted",""
"499","2024-07-11T20:00:00.0000000+00:00","PaydaySeason","US:Equity:SCHB","12","MarketOnClose","","Day","Filled",""
"500","2024-07-16T20:00:00.0000000+00:00","PaydaySeason","US:Equity:SCHB","-12","MarketOnClose","","Day","Accepted",""
"500","2024-07-17T20:00:00.0000000+00:00","PaydaySeason","US:Equity:SCHB","-12","MarketOnClose","","Day","Filled",""
"501","2024-07-19T20:00:00.0000000+00:00","BondSeason","US:Equity:TLT","28","MarketOnClose","","Day","Accepted",""
"502","2024-07-19T20:00:00.0000000+00:00","EqBondReversion","US:Equity:SCHB","47","MarketOnOpen","","Day","Accepted",""
"502","2024-07-22T13:30:00.0000000+00:00","EqBondReversion","US:Equity:SCHB","47","MarketOnOpen","","Day","Filled",""
"501","2024-07-22T20:00:00.0000000+00:00","BondSeason","US:Equity:TLT","28","MarketOnClose","","Day","Filled",""
"503","2024-07-22T20:00:00.0000000+00:00","PaydaySeason","US:Equity:SCHB","12","MarketOnClose","","Day","Accepted",""
"503","2024-07-23T20:00:00.0000000+00:00","PaydaySeason","US:Equity:SCHB","12","MarketOnClose","","Day","Filled",""
"504","2024-07-30T20:00:00.0000000+00:00","PaydaySeason","US:Equity:SCHB","-12","MarketOnClose","","Day","Accepted",""
"505","2024-07-30T20:00:00.0000000+00:00","BondSeason","US:Equity:TLT","-28","MarketOnClose","","Day","Accepted",""
"506","2024-07-30T20:00:00.0000000+00:00","BondSeason","US:Equity:TLT","-27","MarketOnClose","","Day","Accepted",""
"507","2024-07-30T20:00:00.0000000+00:00","EqBondReversion","US:Equity:SCHB","-47","MarketOnClose","","Day","Accepted",""
"504","2024-07-31T20:00:00.0000000+00:00","PaydaySeason","US:Equity:SCHB","-12","MarketOnClose","","Day","Filled",""
"507","2024-07-31T20:00:00.0000000+00:00","EqBondReversion","US:Equity:SCHB","-47","MarketOnClose","","Day","Filled",""
"505","2024-07-31T20:00:00.0000000+00:00","BondSeason","US:Equity:TLT","-28","MarketOnClose","","Day","Filled",""
"506","2024-07-31T20:00:00.0000000+00:00","BondSeason","US:Equity:TLT","-27","MarketOnClose","","Day","Filled",""
"508","2024-08-08T20:00:00.0000000+00:00","BondSeason","US:Equity:TLT","27","MarketOnClose","","Day","Accepted",""
"508","2024-08-09T20:00:00.0000000+00:00","BondSeason","US:Equity:TLT","27","MarketOnClose","","Day","Filled",""
"509","2024-08-09T20:00:00.0000000+00:00","PaydaySeason","US:Equity:SCHB","13","MarketOnClose","","Day","Accepted",""
"509","2024-08-12T20:00:00.0000000+00:00","PaydaySeason","US:Equity:SCHB","13","MarketOnClose","","Day","Filled",""
"510","2024-08-15T20:00:00.0000000+00:00","PaydaySeason","US:Equity:SCHB","-13","MarketOnClose","","Day","Accepted",""
"511","2024-08-15T20:00:00.0000000+00:00","RiskPremia","US:Equity:SCHB","-3","MarketOnOpen","","Day","Accepted",""
"511","2024-08-16T13:30:00.0000000+00:00","RiskPremia","US:Equity:SCHB","-3","MarketOnOpen","","Day","Filled",""
"510","2024-08-16T20:00:00.0000000+00:00","PaydaySeason","US:Equity:SCHB","-13","MarketOnClose","","Day","Filled",""
"512","2024-08-20T20:00:00.0000000+00:00","BondSeason","US:Equity:TLT","26","MarketOnClose","","Day","Accepted",""
"513","2024-08-20T20:00:00.0000000+00:00","EqBondReversion","US:Equity:SCHB","46","MarketOnOpen","","Day","Accepted",""
"513","2024-08-21T13:30:00.0000000+00:00","EqBondReversion","US:Equity:SCHB","46","MarketOnOpen","","Day","Filled",""
"512","2024-08-21T20:00:00.0000000+00:00","BondSeason","US:Equity:TLT","26","MarketOnClose","","Day","Filled",""
"514","2024-08-21T20:00:00.0000000+00:00","PaydaySeason","US:Equity:SCHB","12","MarketOnClose","","Day","Accepted",""
"514","2024-08-22T20:00:00.0000000+00:00","PaydaySeason","US:Equity:SCHB","12","MarketOnClose","","Day","Filled",""
"515","2024-08-29T20:00:00.0000000+00:00","PaydaySeason","US:Equity:SCHB","-12","MarketOnClose","","Day","Accepted",""
"516","2024-08-29T20:00:00.0000000+00:00","BondSeason","US:Equity:TLT","-26","MarketOnClose","","Day","Accepted",""
"517","2024-08-29T20:00:00.0000000+00:00","BondSeason","US:Equity:TLT","-26","MarketOnClose","","Day","Accepted",""
"518","2024-08-29T20:00:00.0000000+00:00","EqBondReversion","US:Equity:SCHB","-46","MarketOnClose","","Day","Accepted",""
"515","2024-08-30T20:00:00.0000000+00:00","PaydaySeason","US:Equity:SCHB","-12","MarketOnClose","","Day","Filled",""
"518","2024-08-30T20:00:00.0000000+00:00","EqBondReversion","US:Equity:SCHB","-46","MarketOnClose","","Day","Filled",""
"516","2024-08-30T20:00:00.0000000+00:00","BondSeason","US:Equity:TLT","-26","MarketOnClose","","Day","Filled",""
"517","2024-08-30T20:00:00.0000000+00:00","BondSeason","US:Equity:TLT","-26","MarketOnClose","","Day","Filled",""
"519","2024-09-10T20:00:00.0000000+00:00","BondSeason","US:Equity:TLT","26","MarketOnClose","","Day","Accepted",""
"519","2024-09-11T20:00:00.0000000+00:00","BondSeason","US:Equity:TLT","26","MarketOnClose","","Day","Filled",""
"520","2024-09-11T20:00:00.0000000+00:00","PaydaySeason","US:Equity:SCHB","12","MarketOnClose","","Day","Accepted",""
"520","2024-09-12T20:00:00.0000000+00:00","PaydaySeason","US:Equity:SCHB","12","MarketOnClose","","Day","Filled",""
"521","2024-09-17T20:00:00.0000000+00:00","PaydaySeason","US:Equity:SCHB","-12","MarketOnClose","","Day","Accepted",""
"521","2024-09-18T20:00:00.0000000+00:00","PaydaySeason","US:Equity:SCHB","-12","MarketOnClose","","Day","Filled",""
"522","2024-09-18T20:00:00.0000000+00:00","BondSeason","US:Equity:TLT","26","MarketOnClose","","Day","Accepted",""
"522","2024-09-19T20:00:00.0000000+00:00","BondSeason","US:Equity:TLT","26","MarketOnClose","","Day","Filled",""
"523","2024-09-20T20:00:00.0000000+00:00","EqBondReversion","US:Equity:TLT","30","MarketOnOpen","","Day","Accepted",""
"523","2024-09-23T13:30:00.0000000+00:00","EqBondReversion","US:Equity:TLT","30","MarketOnOpen","","Day","Filled",""
"524","2024-09-23T20:00:00.0000000+00:00","PaydaySeason","US:Equity:SCHB","12","MarketOnClose","","Day","Accepted",""
"524","2024-09-24T20:00:00.0000000+00:00","PaydaySeason","US:Equity:SCHB","12","MarketOnClose","","Day","Filled",""
"525","2024-09-27T20:00:00.0000000+00:00","PaydaySeason","US:Equity:SCHB","-12","MarketOnClose","","Day","Accepted",""
"526","2024-09-27T20:00:00.0000000+00:00","BondSeason","US:Equity:TLT","-26","MarketOnClose","","Day","Accepted",""
"527","2024-09-27T20:00:00.0000000+00:00","BondSeason","US:Equity:TLT","-26","MarketOnClose","","Day","Accepted",""
"528","2024-09-27T20:00:00.0000000+00:00","EqBondReversion","US:Equity:TLT","-30","MarketOnClose","","Day","Accepted",""
"525","2024-09-30T20:00:00.0000000+00:00","PaydaySeason","US:Equity:SCHB","-12","MarketOnClose","","Day","Filled",""
"526","2024-09-30T20:00:00.0000000+00:00","BondSeason","US:Equity:TLT","-26","MarketOnClose","","Day","Filled",""
"527","2024-09-30T20:00:00.0000000+00:00","BondSeason","US:Equity:TLT","-26","MarketOnClose","","Day","Filled",""
"528","2024-09-30T20:00:00.0000000+00:00","EqBondReversion","US:Equity:TLT","-30","MarketOnClose","","Day","Filled",""
"529","2024-10-08T20:00:00.0000000+00:00","BondSeason","US:Equity:TLT","26","MarketOnClose","","Day","Accepted",""
"529","2024-10-09T20:00:00.0000000+00:00","BondSeason","US:Equity:TLT","26","MarketOnClose","","Day","Filled",""
"530","2024-10-09T20:00:00.0000000+00:00","PaydaySeason","US:Equity:SCHB","12","MarketOnClose","","Day","Accepted",""
"530","2024-10-10T20:00:00.0000000+00:00","PaydaySeason","US:Equity:SCHB","12","MarketOnClose","","Day","Filled",""
"531","2024-10-11T20:00:00.0000000+00:00","RiskPremia","US:Equity:SCHB","-42","MarketOnOpen","","Day","Accepted",""
"532","2024-10-11T20:00:00.0000000+00:00","RiskPremia","US:Equity:TLT","1","MarketOnOpen","","Day","Accepted",""
"531","2024-10-14T13:30:00.0000000+00:00","RiskPremia","US:Equity:SCHB","-42","MarketOnOpen","","Day","Filled",""
"532","2024-10-14T13:30:00.0000000+00:00","RiskPremia","US:Equity:TLT","1","MarketOnOpen","","Day","Filled",""
"533","2024-10-14T20:00:00.0000000+00:00","RiskPremia","US:Equity:GLDM","1.0","MarketOnOpen","","Day","Accepted",""
"533","2024-10-15T13:30:00.0000000+00:00","RiskPremia","US:Equity:GLDM","1.0","MarketOnOpen","","Day","Filled",""
"534","2024-10-15T20:00:00.0000000+00:00","PaydaySeason","US:Equity:SCHB","-36","MarketOnClose","","Day","Accepted",""
"534","2024-10-16T20:00:00.0000000+00:00","PaydaySeason","US:Equity:SCHB","-36","MarketOnClose","","Day","Filled",""
"535","2024-10-16T20:00:00.0000000+00:00","RiskPremia","US:Equity:GLDM","2.0","MarketOnOpen","","Day","Accepted",""
"535","2024-10-17T13:30:00.0000000+00:00","RiskPremia","US:Equity:GLDM","2.0","MarketOnOpen","","Day","Filled",""
"536","2024-10-18T20:00:00.0000000+00:00","EqBondReversion","US:Equity:SCHB","133","MarketOnOpen","","Day","Accepted",""
"536","2024-10-21T13:30:00.0000000+00:00","EqBondReversion","US:Equity:SCHB","133","MarketOnOpen","","Day","Filled",""
"537","2024-10-21T20:00:00.0000000+00:00","PaydaySeason","US:Equity:SCHB","35","MarketOnClose","","Day","Accepted",""
"538","2024-10-21T20:00:00.0000000+00:00","BondSeason","US:Equity:TLT","28","MarketOnClose","","Day","Accepted",""
"537","2024-10-22T20:00:00.0000000+00:00","PaydaySeason","US:Equity:SCHB","35","MarketOnClose","","Day","Filled",""
"538","2024-10-22T20:00:00.0000000+00:00","BondSeason","US:Equity:TLT","28","MarketOnClose","","Day","Filled",""
"539","2024-10-30T20:00:00.0000000+00:00","PaydaySeason","US:Equity:SCHB","-35","MarketOnClose","","Day","Accepted",""
"540","2024-10-30T20:00:00.0000000+00:00","BondSeason","US:Equity:TLT","-28","MarketOnClose","","Day","Accepted",""
"541","2024-10-30T20:00:00.0000000+00:00","BondSeason","US:Equity:TLT","-28","MarketOnClose","","Day","Accepted",""
"542","2024-10-30T20:00:00.0000000+00:00","EqBondReversion","US:Equity:SCHB","-133","MarketOnClose","","Day","Accepted",""
"539","2024-10-31T20:00:00.0000000+00:00","PaydaySeason","US:Equity:SCHB","-35","MarketOnClose","","Day","Filled",""
"542","2024-10-31T20:00:00.0000000+00:00","EqBondReversion","US:Equity:SCHB","-133","MarketOnClose","","Day","Filled",""
"540","2024-10-31T20:00:00.0000000+00:00","BondSeason","US:Equity:TLT","-28","MarketOnClose","","Day","Filled",""
"541","2024-10-31T20:00:00.0000000+00:00","BondSeason","US:Equity:TLT","-28","MarketOnClose","","Day","Filled",""
"543","2024-11-08T21:00:00.0000000+00:00","BondSeason","US:Equity:TLT","28","MarketOnClose","","Day","Accepted",""
"543","2024-11-11T21:00:00.0000000+00:00","BondSeason","US:Equity:TLT","28","MarketOnClose","","Day","Filled",""
"544","2024-11-11T21:00:00.0000000+00:00","PaydaySeason","US:Equity:SCHB","34","MarketOnClose","","Day","Accepted",""
"544","2024-11-12T21:00:00.0000000+00:00","PaydaySeason","US:Equity:SCHB","34","MarketOnClose","","Day","Filled",""
"545","2024-11-15T21:00:00.0000000+00:00","PaydaySeason","US:Equity:SCHB","-34","MarketOnClose","","Day","Accepted",""
"545","2024-11-18T21:00:00.0000000+00:00","PaydaySeason","US:Equity:SCHB","-34","MarketOnClose","","Day","Filled",""
"546","2024-11-18T21:00:00.0000000+00:00","BondSeason","US:Equity:TLT","28","MarketOnClose","","Day","Accepted",""
"546","2024-11-19T21:00:00.0000000+00:00","BondSeason","US:Equity:TLT","28","MarketOnClose","","Day","Filled",""
"547","2024-11-20T21:00:00.0000000+00:00","EqBondReversion","US:Equity:TLT","33","MarketOnOpen","","Day","Accepted",""
"547","2024-11-21T14:30:00.0000000+00:00","EqBondReversion","US:Equity:TLT","33","MarketOnOpen","","Day","Filled",""
"548","2024-11-21T21:00:00.0000000+00:00","PaydaySeason","US:Equity:SCHB","35","MarketOnClose","","Day","Accepted",""
"548","2024-11-22T21:00:00.0000000+00:00","PaydaySeason","US:Equity:SCHB","35","MarketOnClose","","Day","Filled",""
"549","2024-11-27T21:00:00.0000000+00:00","PaydaySeason","US:Equity:SCHB","-35","MarketOnClose","","Day","Accepted",""
"550","2024-11-27T21:00:00.0000000+00:00","BondSeason","US:Equity:TLT","-28","MarketOnClose","","Day","Accepted",""
"551","2024-11-27T21:00:00.0000000+00:00","BondSeason","US:Equity:TLT","-28","MarketOnClose","","Day","Accepted",""
"552","2024-11-27T21:00:00.0000000+00:00","EqBondReversion","US:Equity:TLT","-33","MarketOnClose","","Day","Accepted",""
"549","2024-11-29T18:00:00.0000000+00:00","PaydaySeason","US:Equity:SCHB","-35","MarketOnClose","","Day","Filled",""
"550","2024-11-29T18:00:00.0000000+00:00","BondSeason","US:Equity:TLT","-28","MarketOnClose","","Day","Filled",""
"551","2024-11-29T18:00:00.0000000+00:00","BondSeason","US:Equity:TLT","-28","MarketOnClose","","Day","Filled",""
"552","2024-11-29T18:00:00.0000000+00:00","EqBondReversion","US:Equity:TLT","-33","MarketOnClose","","Day","Filled",""
"553","2024-12-09T21:00:00.0000000+00:00","BondSeason","US:Equity:TLT","28","MarketOnClose","","Day","Accepted",""
"553","2024-12-10T21:00:00.0000000+00:00","BondSeason","US:Equity:TLT","28","MarketOnClose","","Day","Filled",""
"554","2024-12-10T21:00:00.0000000+00:00","PaydaySeason","US:Equity:SCHB","34","MarketOnClose","","Day","Accepted",""
"554","2024-12-11T21:00:00.0000000+00:00","PaydaySeason","US:Equity:SCHB","34","MarketOnClose","","Day","Filled",""
"555","2024-12-12T21:00:00.0000000+00:00","RiskPremia","US:Equity:TLT","1","MarketOnOpen","","Day","Accepted",""
"555","2024-12-13T14:30:00.0000000+00:00","RiskPremia","US:Equity:TLT","1","MarketOnOpen","","Day","Filled",""
"556","2024-12-16T21:00:00.0000000+00:00","PaydaySeason","US:Equity:SCHB","-34","MarketOnClose","","Day","Accepted",""
"556","2024-12-17T21:00:00.0000000+00:00","PaydaySeason","US:Equity:SCHB","-34","MarketOnClose","","Day","Filled",""
"557","2024-12-18T21:00:00.0000000+00:00","BondSeason","US:Equity:TLT","29","MarketOnClose","","Day","Accepted",""
"557","2024-12-19T21:00:00.0000000+00:00","BondSeason","US:Equity:TLT","29","MarketOnClose","","Day","Filled",""
"558","2024-12-19T21:00:00.0000000+00:00","EqBondReversion","US:Equity:TLT","34","MarketOnOpen","","Day","Accepted",""
"558","2024-12-20T14:30:00.0000000+00:00","EqBondReversion","US:Equity:TLT","34","MarketOnOpen","","Day","Filled",""
"559","2024-12-20T21:00:00.0000000+00:00","PaydaySeason","US:Equity:SCHB","35","MarketOnClose","","Day","Accepted",""
"559","2024-12-23T21:00:00.0000000+00:00","PaydaySeason","US:Equity:SCHB","35","MarketOnClose","","Day","Filled",""
"560","2024-12-30T21:00:00.0000000+00:00","PaydaySeason","US:Equity:SCHB","-35","MarketOnClose","","Day","Accepted",""
"561","2024-12-30T21:00:00.0000000+00:00","BondSeason","US:Equity:TLT","-29","MarketOnClose","","Day","Accepted",""
"562","2024-12-30T21:00:00.0000000+00:00","BondSeason","US:Equity:TLT","-29","MarketOnClose","","Day","Accepted",""
"563","2024-12-30T21:00:00.0000000+00:00","EqBondReversion","US:Equity:TLT","-34","MarketOnClose","","Day","Accepted",""
"560","2024-12-31T21:00:00.0000000+00:00","PaydaySeason","US:Equity:SCHB","-35","MarketOnClose","","Day","Filled",""
"561","2024-12-31T21:00:00.0000000+00:00","BondSeason","US:Equity:TLT","-29","MarketOnClose","","Day","Filled",""
"562","2024-12-31T21:00:00.0000000+00:00","BondSeason","US:Equity:TLT","-29","MarketOnClose","","Day","Filled",""
"563","2024-12-31T21:00:00.0000000+00:00","EqBondReversion","US:Equity:TLT","-34","MarketOnClose","","Day","Filled",""
"564","2025-01-10T21:00:00.0000000+00:00","BondSeason","US:Equity:TLT","29","MarketOnClose","","Day","Accepted",""
"564","2025-01-13T21:00:00.0000000+00:00","BondSeason","US:Equity:TLT","29","MarketOnClose","","Day","Filled",""
"565","2025-01-13T21:00:00.0000000+00:00","PaydaySeason","US:Equity:SCHB","35","MarketOnClose","","Day","Accepted",""
"566","2025-01-13T21:00:00.0000000+00:00","RiskPremia","US:Equity:TLT","1","MarketOnOpen","","Day","Accepted",""
"566","2025-01-14T14:30:00.0000000+00:00","RiskPremia","US:Equity:TLT","1","MarketOnOpen","","Day","Filled",""
"565","2025-01-14T21:00:00.0000000+00:00","PaydaySeason","US:Equity:SCHB","35","MarketOnClose","","Day","Filled",""
"567","2025-01-17T21:00:00.0000000+00:00","PaydaySeason","US:Equity:SCHB","-35","MarketOnClose","","Day","Accepted",""
"567","2025-01-21T21:00:00.0000000+00:00","PaydaySeason","US:Equity:SCHB","-35","MarketOnClose","","Day","Filled",""
"568","2025-01-21T21:00:00.0000000+00:00","BondSeason","US:Equity:TLT","29","MarketOnClose","","Day","Accepted",""
"569","2025-01-21T21:00:00.0000000+00:00","RiskPremia","US:Equity:GLDM","-3.0","MarketOnOpen","","Day","Accepted",""
"569","2025-01-22T14:30:00.0000000+00:00","RiskPremia","US:Equity:GLDM","-3.0","MarketOnOpen","","Day","Filled",""
"568","2025-01-22T21:00:00.0000000+00:00","BondSeason","US:Equity:TLT","29","MarketOnClose","","Day","Filled",""
"570","2025-01-23T21:00:00.0000000+00:00","EqBondReversion","US:Equity:TLT","34","MarketOnOpen","","Day","Accepted",""
"570","2025-01-24T14:30:00.0000000+00:00","EqBondReversion","US:Equity:TLT","34","MarketOnOpen","","Day","Filled",""
"571","2025-01-24T21:00:00.0000000+00:00","PaydaySeason","US:Equity:SCHB","34","MarketOnClose","","Day","Accepted",""
"571","2025-01-27T21:00:00.0000000+00:00","PaydaySeason","US:Equity:SCHB","34","MarketOnClose","","Day","Filled",""
"572","2025-01-30T21:00:00.0000000+00:00","PaydaySeason","US:Equity:SCHB","-34","MarketOnClose","","Day","Accepted",""
"573","2025-01-30T21:00:00.0000000+00:00","BondSeason","US:Equity:TLT","-29","MarketOnClose","","Day","Accepted",""
"574","2025-01-30T21:00:00.0000000+00:00","BondSeason","US:Equity:TLT","-29","MarketOnClose","","Day","Accepted",""
"575","2025-01-30T21:00:00.0000000+00:00","EqBondReversion","US:Equity:TLT","-34","MarketOnClose","","Day","Accepted",""
"572","2025-01-31T21:00:00.0000000+00:00","PaydaySeason","US:Equity:SCHB","-34","MarketOnClose","","Day","Filled",""
"573","2025-01-31T21:00:00.0000000+00:00","BondSeason","US:Equity:TLT","-29","MarketOnClose","","Day","Filled",""
"574","2025-01-31T21:00:00.0000000+00:00","BondSeason","US:Equity:TLT","-29","MarketOnClose","","Day","Filled",""
"575","2025-01-31T21:00:00.0000000+00:00","EqBondReversion","US:Equity:TLT","-34","MarketOnClose","","Day","Filled",""
"576","2025-02-10T21:00:00.0000000+00:00","BondSeason","US:Equity:TLT","29","MarketOnClose","","Day","Accepted",""
"576","2025-02-11T21:00:00.0000000+00:00","BondSeason","US:Equity:TLT","29","MarketOnClose","","Day","Filled",""
"577","2025-02-11T21:00:00.0000000+00:00","PaydaySeason","US:Equity:SCHB","34","MarketOnClose","","Day","Accepted",""
"577","2025-02-12T21:00:00.0000000+00:00","PaydaySeason","US:Equity:SCHB","34","MarketOnClose","","Day","Filled",""
"578","2025-02-18T21:00:00.0000000+00:00","PaydaySeason","US:Equity:SCHB","-34","MarketOnClose","","Day","Accepted",""
"579","2025-02-18T21:00:00.0000000+00:00","BondSeason","US:Equity:TLT","29","MarketOnClose","","Day","Accepted",""
"578","2025-02-19T21:00:00.0000000+00:00","PaydaySeason","US:Equity:SCHB","-34","MarketOnClose","","Day","Filled",""
"579","2025-02-19T21:00:00.0000000+00:00","BondSeason","US:Equity:TLT","29","MarketOnClose","","Day","Filled",""
"580","2025-02-21T21:00:00.0000000+00:00","EqBondReversion","US:Equity:SCHB","130","MarketOnOpen","","Day","Accepted",""
"580","2025-02-24T14:30:00.0000000+00:00","EqBondReversion","US:Equity:SCHB","130","MarketOnOpen","","Day","Filled",""
"581","2025-02-24T21:00:00.0000000+00:00","PaydaySeason","US:Equity:SCHB","35","MarketOnClose","","Day","Accepted",""
"582","2025-02-24T21:00:00.0000000+00:00","RiskPremia","US:Equity:SCHB","40","MarketOnOpen","","Day","Accepted",""
"583","2025-02-24T21:00:00.0000000+00:00","RiskPremia","US:Equity:TLT","-2","MarketOnOpen","","Day","Accepted",""
"582","2025-02-25T14:30:00.0000000+00:00","RiskPremia","US:Equity:SCHB","40","MarketOnOpen","","Day","Filled",""
"583","2025-02-25T14:30:00.0000000+00:00","RiskPremia","US:Equity:TLT","-2","MarketOnOpen","","Day","Filled",""
"581","2025-02-25T21:00:00.0000000+00:00","PaydaySeason","US:Equity:SCHB","35","MarketOnClose","","Day","Filled",""
"584","2025-02-27T21:00:00.0000000+00:00","PaydaySeason","US:Equity:SCHB","-35","MarketOnClose","","Day","Accepted",""
"585","2025-02-27T21:00:00.0000000+00:00","BondSeason","US:Equity:TLT","-29","MarketOnClose","","Day","Accepted",""
"586","2025-02-27T21:00:00.0000000+00:00","BondSeason","US:Equity:TLT","-28","MarketOnClose","","Day","Accepted",""
"587","2025-02-27T21:00:00.0000000+00:00","EqBondReversion","US:Equity:SCHB","-130","MarketOnClose","","Day","Accepted",""
"584","2025-02-28T21:00:00.0000000+00:00","PaydaySeason","US:Equity:SCHB","-35","MarketOnClose","","Day","Filled",""
"587","2025-02-28T21:00:00.0000000+00:00","EqBondReversion","US:Equity:SCHB","-130","MarketOnClose","","Day","Filled",""
"585","2025-02-28T21:00:00.0000000+00:00","BondSeason","US:Equity:TLT","-29","MarketOnClose","","Day","Filled",""
"586","2025-02-28T21:00:00.0000000+00:00","BondSeason","US:Equity:TLT","-28","MarketOnClose","","Day","Filled",""
"588","2025-03-10T20:00:00.0000000+00:00","BondSeason","US:Equity:TLT","28","MarketOnClose","","Day","Accepted",""
"588","2025-03-11T20:00:00.0000000+00:00","BondSeason","US:Equity:TLT","28","MarketOnClose","","Day","Filled",""
"589","2025-03-11T20:00:00.0000000+00:00","PaydaySeason","US:Equity:SCHB","37","MarketOnClose","","Day","Accepted",""
"589","2025-03-12T20:00:00.0000000+00:00","PaydaySeason","US:Equity:SCHB","37","MarketOnClose","","Day","Filled",""
"590","2025-03-17T20:00:00.0000000+00:00","PaydaySeason","US:Equity:SCHB","-37","MarketOnClose","","Day","Accepted",""
"590","2025-03-18T20:00:00.0000000+00:00","PaydaySeason","US:Equity:SCHB","-37","MarketOnClose","","Day","Filled",""
"591","2025-03-19T20:00:00.0000000+00:00","BondSeason","US:Equity:TLT","28","MarketOnClose","","Day","Accepted",""
"591","2025-03-20T20:00:00.0000000+00:00","BondSeason","US:Equity:TLT","28","MarketOnClose","","Day","Filled",""
"592","2025-03-20T20:00:00.0000000+00:00","EqBondReversion","US:Equity:SCHB","138","MarketOnOpen","","Day","Accepted",""
"592","2025-03-21T13:30:00.0000000+00:00","EqBondReversion","US:Equity:SCHB","138","MarketOnOpen","","Day","Filled",""
"593","2025-03-21T20:00:00.0000000+00:00","PaydaySeason","US:Equity:SCHB","37","MarketOnClose","","Day","Accepted",""
"593","2025-03-24T20:00:00.0000000+00:00","PaydaySeason","US:Equity:SCHB","37","MarketOnClose","","Day","Filled",""
"594","2025-03-25T20:00:00.0000000+00:00","RiskPremia","US:Equity:SCHB","-5","MarketOnOpen","","Day","Accepted",""
"594","2025-03-26T13:30:00.0000000+00:00","RiskPremia","US:Equity:SCHB","-5","MarketOnOpen","","Day","Filled",""
"595","2025-03-26T20:00:00.0000000+00:00","RiskPremia","US:Equity:TLT","1","MarketOnOpen","","Day","Accepted",""
"595","2025-03-27T13:30:00.0000000+00:00","RiskPremia","US:Equity:TLT","1","MarketOnOpen","","Day","Filled",""
"596","2025-03-28T20:00:00.0000000+00:00","PaydaySeason","US:Equity:SCHB","-37","MarketOnClose","","Day","Accepted",""
"597","2025-03-28T20:00:00.0000000+00:00","BondSeason","US:Equity:TLT","-28","MarketOnClose","","Day","Accepted",""
"598","2025-03-28T20:00:00.0000000+00:00","BondSeason","US:Equity:TLT","-28","MarketOnClose","","Day","Accepted",""
"599","2025-03-28T20:00:00.0000000+00:00","EqBondReversion","US:Equity:SCHB","-138","MarketOnClose","","Day","Accepted",""
"596","2025-03-31T20:00:00.0000000+00:00","PaydaySeason","US:Equity:SCHB","-37","MarketOnClose","","Day","Filled",""
"599","2025-03-31T20:00:00.0000000+00:00","EqBondReversion","US:Equity:SCHB","-138","MarketOnClose","","Day","Filled",""
"597","2025-03-31T20:00:00.0000000+00:00","BondSeason","US:Equity:TLT","-28","MarketOnClose","","Day","Filled",""
"598","2025-03-31T20:00:00.0000000+00:00","BondSeason","US:Equity:TLT","-28","MarketOnClose","","Day","Filled",""
"600","2025-04-08T20:00:00.0000000+00:00","BondSeason","US:Equity:TLT","28","MarketOnClose","","Day","Accepted",""
"600","2025-04-09T20:00:00.0000000+00:00","BondSeason","US:Equity:TLT","28","MarketOnClose","","Day","Filled",""
"601","2025-04-09T20:00:00.0000000+00:00","PaydaySeason","US:Equity:SCHB","38","MarketOnClose","","Day","Accepted",""
"602","2025-04-09T20:00:00.0000000+00:00","RiskPremia","US:Equity:SCHB","-13","MarketOnOpen","","Day","Accepted",""
"602","2025-04-10T13:30:00.0000000+00:00","RiskPremia","US:Equity:SCHB","-13","MarketOnOpen","","Day","Filled",""
"601","2025-04-10T20:00:00.0000000+00:00","PaydaySeason","US:Equity:SCHB","38","MarketOnClose","","Day","Filled",""
"603","2025-04-10T20:00:00.0000000+00:00","RiskPremia","US:Equity:GLDM","-2.0","MarketOnOpen","","Day","Accepted",""
"603","2025-04-11T13:30:00.0000000+00:00","RiskPremia","US:Equity:GLDM","-2.0","MarketOnOpen","","Day","Filled",""
"604","2025-04-15T20:00:00.0000000+00:00","PaydaySeason","US:Equity:SCHB","-38","MarketOnClose","","Day","Accepted",""
"604","2025-04-16T20:00:00.0000000+00:00","PaydaySeason","US:Equity:SCHB","-38","MarketOnClose","","Day","Filled",""
"605","2025-04-17T20:00:00.0000000+00:00","BondSeason","US:Equity:TLT","29","MarketOnClose","","Day","Accepted",""
"605","2025-04-21T20:00:00.0000000+00:00","BondSeason","US:Equity:TLT","29","MarketOnClose","","Day","Filled",""
"606","2025-04-21T20:00:00.0000000+00:00","EqBondReversion","US:Equity:SCHB","152","MarketOnOpen","","Day","Accepted",""
"607","2025-04-21T20:00:00.0000000+00:00","RiskPremia","US:Equity:GLDM","-3.0","MarketOnOpen","","Day","Accepted",""
"607","2025-04-22T13:30:00.0000000+00:00","RiskPremia","US:Equity:GLDM","-3.0","MarketOnOpen","","Day","Filled",""
"606","2025-04-22T13:30:00.0000000+00:00","EqBondReversion","US:Equity:SCHB","152","MarketOnOpen","","Day","Filled",""
"608","2025-04-22T20:00:00.0000000+00:00","PaydaySeason","US:Equity:SCHB","39","MarketOnClose","","Day","Accepted",""
"608","2025-04-23T20:00:00.0000000+00:00","PaydaySeason","US:Equity:SCHB","39","MarketOnClose","","Day","Filled",""
"609","2025-04-29T20:00:00.0000000+00:00","PaydaySeason","US:Equity:SCHB","-39","MarketOnClose","","Day","Accepted",""
"610","2025-04-29T20:00:00.0000000+00:00","BondSeason","US:Equity:TLT","-29","MarketOnClose","","Day","Accepted",""
"611","2025-04-29T20:00:00.0000000+00:00","BondSeason","US:Equity:TLT","-28","MarketOnClose","","Day","Accepted",""
"612","2025-04-29T20:00:00.0000000+00:00","EqBondReversion","US:Equity:SCHB","-152","MarketOnClose","","Day","Accepted",""
"609","2025-04-30T20:00:00.0000000+00:00","PaydaySeason","US:Equity:SCHB","-39","MarketOnClose","","Day","Filled",""
"612","2025-04-30T20:00:00.0000000+00:00","EqBondReversion","US:Equity:SCHB","-152","MarketOnClose","","Day","Filled",""
"610","2025-04-30T20:00:00.0000000+00:00","BondSeason","US:Equity:TLT","-29","MarketOnClose","","Day","Filled",""
"611","2025-04-30T20:00:00.0000000+00:00","BondSeason","US:Equity:TLT","-28","MarketOnClose","","Day","Filled",""
"613","2025-05-02T20:00:00.0000000+00:00","RiskPremia","US:Equity:SCHB","-3","MarketOnOpen","","Day","Accepted",""
"613","2025-05-05T13:30:00.0000000+00:00","RiskPremia","US:Equity:SCHB","-3","MarketOnOpen","","Day","Filled",""
"614","2025-05-08T20:00:00.0000000+00:00","BondSeason","US:Equity:TLT","28","MarketOnClose","","Day","Accepted",""
"614","2025-05-09T20:00:00.0000000+00:00","BondSeason","US:Equity:TLT","28","MarketOnClose","","Day","Filled",""
"615","2025-05-09T20:00:00.0000000+00:00","PaydaySeason","US:Equity:SCHB","37","MarketOnClose","","Day","Accepted",""
"615","2025-05-12T20:00:00.0000000+00:00","PaydaySeason","US:Equity:SCHB","37","MarketOnClose","","Day","Filled",""
"616","2025-05-15T20:00:00.0000000+00:00","PaydaySeason","US:Equity:SCHB","-37","MarketOnClose","","Day","Accepted",""
"616","2025-05-16T20:00:00.0000000+00:00","PaydaySeason","US:Equity:SCHB","-37","MarketOnClose","","Day","Filled",""
"617","2025-05-19T20:00:00.0000000+00:00","BondSeason","US:Equity:TLT","30","MarketOnClose","","Day","Accepted",""
"617","2025-05-20T20:00:00.0000000+00:00","BondSeason","US:Equity:TLT","30","MarketOnClose","","Day","Filled",""
"618","2025-05-20T20:00:00.0000000+00:00","EqBondReversion","US:Equity:TLT","35","MarketOnOpen","","Day","Accepted",""
"618","2025-05-21T13:30:00.0000000+00:00","EqBondReversion","US:Equity:TLT","35","MarketOnOpen","","Day","Filled",""
"619","2025-05-21T20:00:00.0000000+00:00","PaydaySeason","US:Equity:SCHB","36","MarketOnClose","","Day","Accepted",""
"619","2025-05-22T20:00:00.0000000+00:00","PaydaySeason","US:Equity:SCHB","36","MarketOnClose","","Day","Filled",""
"620","2025-05-23T20:00:00.0000000+00:00","RiskPremia","US:Equity:GLDM","-2.0","MarketOnOpen","","Day","Accepted",""
"620","2025-05-27T13:30:00.0000000+00:00","RiskPremia","US:Equity:GLDM","-2.0","MarketOnOpen","","Day","Filled",""
"621","2025-05-29T20:00:00.0000000+00:00","PaydaySeason","US:Equity:SCHB","-36","MarketOnClose","","Day","Accepted",""
"622","2025-05-29T20:00:00.0000000+00:00","BondSeason","US:Equity:TLT","-30","MarketOnClose","","Day","Accepted",""
"623","2025-05-29T20:00:00.0000000+00:00","BondSeason","US:Equity:TLT","-30","MarketOnClose","","Day","Accepted",""
"624","2025-05-29T20:00:00.0000000+00:00","EqBondReversion","US:Equity:TLT","-35","MarketOnClose","","Day","Accepted",""
"621","2025-05-30T20:00:00.0000000+00:00","PaydaySeason","US:Equity:SCHB","-36","MarketOnClose","","Day","Filled",""
"622","2025-05-30T20:00:00.0000000+00:00","BondSeason","US:Equity:TLT","-30","MarketOnClose","","Day","Filled",""
"623","2025-05-30T20:00:00.0000000+00:00","BondSeason","US:Equity:TLT","-30","MarketOnClose","","Day","Filled",""
"624","2025-05-30T20:00:00.0000000+00:00","EqBondReversion","US:Equity:TLT","-35","MarketOnClose","","Day","Filled",""
"625","2025-06-09T20:00:00.0000000+00:00","BondSeason","US:Equity:TLT","30","MarketOnClose","","Day","Accepted",""
"625","2025-06-10T20:00:00.0000000+00:00","BondSeason","US:Equity:TLT","30","MarketOnClose","","Day","Filled",""
"626","2025-06-10T20:00:00.0000000+00:00","PaydaySeason","US:Equity:SCHB","34","MarketOnClose","","Day","Accepted",""
"626","2025-06-11T20:00:00.0000000+00:00","PaydaySeason","US:Equity:SCHB","34","MarketOnClose","","Day","Filled",""
"627","2025-06-16T20:00:00.0000000+00:00","PaydaySeason","US:Equity:SCHB","-34","MarketOnClose","","Day","Accepted",""
"627","2025-06-17T20:00:00.0000000+00:00","PaydaySeason","US:Equity:SCHB","-34","MarketOnClose","","Day","Filled",""
"628","2025-06-17T20:00:00.0000000+00:00","BondSeason","US:Equity:TLT","30","MarketOnClose","","Day","Accepted",""
"628","2025-06-18T20:00:00.0000000+00:00","BondSeason","US:Equity:TLT","30","MarketOnClose","","Day","Filled",""
"629","2025-06-20T20:00:00.0000000+00:00","EqBondReversion","US:Equity:TLT","34","MarketOnOpen","","Day","Accepted",""
"629","2025-06-23T13:30:00.0000000+00:00","EqBondReversion","US:Equity:TLT","34","MarketOnOpen","","Day","Filled",""
"630","2025-06-23T20:00:00.0000000+00:00","PaydaySeason","US:Equity:SCHB","34","MarketOnClose","","Day","Accepted",""
"630","2025-06-24T20:00:00.0000000+00:00","PaydaySeason","US:Equity:SCHB","34","MarketOnClose","","Day","Filled",""
"631","2025-06-27T20:00:00.0000000+00:00","PaydaySeason","US:Equity:SCHB","-34","MarketOnClose","","Day","Accepted",""
"632","2025-06-27T20:00:00.0000000+00:00","BondSeason","US:Equity:TLT","-30","MarketOnClose","","Day","Accepted",""
"633","2025-06-27T20:00:00.0000000+00:00","BondSeason","US:Equity:TLT","-29","MarketOnClose","","Day","Accepted",""
"634","2025-06-27T20:00:00.0000000+00:00","EqBondReversion","US:Equity:TLT","-34","MarketOnClose","","Day","Accepted",""
"631","2025-06-30T20:00:00.0000000+00:00","PaydaySeason","US:Equity:SCHB","-34","MarketOnClose","","Day","Filled",""
"632","2025-06-30T20:00:00.0000000+00:00","BondSeason","US:Equity:TLT","-30","MarketOnClose","","Day","Filled",""
"633","2025-06-30T20:00:00.0000000+00:00","BondSeason","US:Equity:TLT","-29","MarketOnClose","","Day","Filled",""
"634","2025-06-30T20:00:00.0000000+00:00","EqBondReversion","US:Equity:TLT","-34","MarketOnClose","","Day","Filled",""
"635","2025-07-03T17:00:00.0000000+00:00","RiskPremia","US:Equity:SCHB","-3","MarketOnOpen","","Day","Accepted",""
"635","2025-07-07T13:30:00.0000000+00:00","RiskPremia","US:Equity:SCHB","-3","MarketOnOpen","","Day","Filled",""
"636","2025-07-09T20:00:00.0000000+00:00","BondSeason","US:Equity:TLT","29","MarketOnClose","","Day","Accepted",""
"636","2025-07-10T20:00:00.0000000+00:00","BondSeason","US:Equity:TLT","29","MarketOnClose","","Day","Filled",""
"637","2025-07-10T20:00:00.0000000+00:00","PaydaySeason","US:Equity:SCHB","33","MarketOnClose","","Day","Accepted",""
"637","2025-07-11T20:00:00.0000000+00:00","PaydaySeason","US:Equity:SCHB","33","MarketOnClose","","Day","Filled",""
"638","2025-07-16T20:00:00.0000000+00:00","PaydaySeason","US:Equity:SCHB","-33","MarketOnClose","","Day","Accepted",""
"638","2025-07-17T20:00:00.0000000+00:00","PaydaySeason","US:Equity:SCHB","-33","MarketOnClose","","Day","Filled",""
"639","2025-07-21T20:00:00.0000000+00:00","BondSeason","US:Equity:TLT","30","MarketOnClose","","Day","Accepted",""
"640","2025-07-21T20:00:00.0000000+00:00","EqBondReversion","US:Equity:TLT","35","MarketOnOpen","","Day","Accepted",""
"640","2025-07-22T13:30:00.0000000+00:00","EqBondReversion","US:Equity:TLT","35","MarketOnOpen","","Day","Filled",""
"639","2025-07-22T20:00:00.0000000+00:00","BondSeason","US:Equity:TLT","30","MarketOnClose","","Day","Filled",""
"641","2025-07-22T20:00:00.0000000+00:00","PaydaySeason","US:Equity:SCHB","33","MarketOnClose","","Day","Accepted",""
"641","2025-07-23T20:00:00.0000000+00:00","PaydaySeason","US:Equity:SCHB","33","MarketOnClose","","Day","Filled",""
"642","2025-07-30T20:00:00.0000000+00:00","PaydaySeason","US:Equity:SCHB","-33","MarketOnClose","","Day","Accepted",""
"643","2025-07-30T20:00:00.0000000+00:00","BondSeason","US:Equity:TLT","-30","MarketOnClose","","Day","Accepted",""
"644","2025-07-30T20:00:00.0000000+00:00","BondSeason","US:Equity:TLT","-30","MarketOnClose","","Day","Accepted",""
"645","2025-07-30T20:00:00.0000000+00:00","EqBondReversion","US:Equity:TLT","-35","MarketOnClose","","Day","Accepted",""
"642","2025-07-31T20:00:00.0000000+00:00","PaydaySeason","US:Equity:SCHB","-33","MarketOnClose","","Day","Filled",""
"643","2025-07-31T20:00:00.0000000+00:00","BondSeason","US:Equity:TLT","-30","MarketOnClose","","Day","Filled",""
"644","2025-07-31T20:00:00.0000000+00:00","BondSeason","US:Equity:TLT","-30","MarketOnClose","","Day","Filled",""
"645","2025-07-31T20:00:00.0000000+00:00","EqBondReversion","US:Equity:TLT","-35","MarketOnClose","","Day","Filled",""
"646","2025-08-08T20:00:00.0000000+00:00","BondSeason","US:Equity:TLT","30","MarketOnClose","","Day","Accepted",""
"646","2025-08-11T20:00:00.0000000+00:00","BondSeason","US:Equity:TLT","30","MarketOnClose","","Day","Filled",""
"647","2025-08-11T20:00:00.0000000+00:00","PaydaySeason","US:Equity:SCHB","33","MarketOnClose","","Day","Accepted",""
"647","2025-08-12T20:00:00.0000000+00:00","PaydaySeason","US:Equity:SCHB","33","MarketOnClose","","Day","Filled",""
"648","2025-08-13T20:00:00.0000000+00:00","RiskPremia","US:Equity:SCHB","3","MarketOnOpen","","Day","Accepted",""
"648","2025-08-14T13:30:00.0000000+00:00","RiskPremia","US:Equity:SCHB","3","MarketOnOpen","","Day","Filled",""
"649","2025-08-15T20:00:00.0000000+00:00","PaydaySeason","US:Equity:SCHB","-33","MarketOnClose","","Day","Accepted",""
"650","2025-08-15T20:00:00.0000000+00:00","RiskPremia","US:Equity:SCHB","2","MarketOnOpen","","Day","Accepted",""
"650","2025-08-18T13:30:00.0000000+00:00","RiskPremia","US:Equity:SCHB","2","MarketOnOpen","","Day","Filled",""
"649","2025-08-18T20:00:00.0000000+00:00","PaydaySeason","US:Equity:SCHB","-33","MarketOnClose","","Day","Filled",""
"651","2025-08-18T20:00:00.0000000+00:00","RiskPremia","US:Equity:TLT","1","MarketOnOpen","","Day","Accepted",""
"651","2025-08-19T13:30:00.0000000+00:00","RiskPremia","US:Equity:TLT","1","MarketOnOpen","","Day","Filled",""
"652","2025-08-19T20:00:00.0000000+00:00","BondSeason","US:Equity:TLT","30","MarketOnClose","","Day","Accepted",""
"653","2025-08-19T20:00:00.0000000+00:00","RiskPremia","US:Equity:SCHB","12","MarketOnOpen","","Day","Accepted",""
"654","2025-08-19T20:00:00.0000000+00:00","RiskPremia","US:Equity:GLDM","1.0","MarketOnOpen","","Day","Accepted",""
"654","2025-08-20T13:30:00.0000000+00:00","RiskPremia","US:Equity:GLDM","1.0","MarketOnOpen","","Day","Filled",""
"653","2025-08-20T13:30:00.0000000+00:00","RiskPremia","US:Equity:SCHB","12","MarketOnOpen","","Day","Filled",""
"652","2025-08-20T20:00:00.0000000+00:00","BondSeason","US:Equity:TLT","30","MarketOnClose","","Day","Filled",""
"655","2025-08-20T20:00:00.0000000+00:00","EqBondReversion","US:Equity:TLT","34","MarketOnOpen","","Day","Accepted",""
"655","2025-08-21T13:30:00.0000000+00:00","EqBondReversion","US:Equity:TLT","34","MarketOnOpen","","Day","Filled",""
"656","2025-08-21T20:00:00.0000000+00:00","PaydaySeason","US:Equity:SCHB","33","MarketOnClose","","Day","Accepted",""
"656","2025-08-22T20:00:00.0000000+00:00","PaydaySeason","US:Equity:SCHB","33","MarketOnClose","","Day","Filled",""
"657","2025-08-28T20:00:00.0000000+00:00","PaydaySeason","US:Equity:SCHB","-33","MarketOnClose","","Day","Accepted",""
"658","2025-08-28T20:00:00.0000000+00:00","BondSeason","US:Equity:TLT","-30","MarketOnClose","","Day","Accepted",""
"659","2025-08-28T20:00:00.0000000+00:00","BondSeason","US:Equity:TLT","-29","MarketOnClose","","Day","Accepted",""
"660","2025-08-28T20:00:00.0000000+00:00","EqBondReversion","US:Equity:TLT","-34","MarketOnClose","","Day","Accepted",""
"657","2025-08-29T20:00:00.0000000+00:00","PaydaySeason","US:Equity:SCHB","-33","MarketOnClose","","Day","Filled",""
"658","2025-08-29T20:00:00.0000000+00:00","BondSeason","US:Equity:TLT","-30","MarketOnClose","","Day","Filled",""
"659","2025-08-29T20:00:00.0000000+00:00","BondSeason","US:Equity:TLT","-29","MarketOnClose","","Day","Filled",""
"660","2025-08-29T20:00:00.0000000+00:00","EqBondReversion","US:Equity:TLT","-34","MarketOnClose","","Day","Filled",""
"661","2025-08-29T20:00:00.0000000+00:00","RiskPremia","US:Equity:SCHB","4","MarketOnOpen","","Day","Accepted",""
"661","2025-09-02T13:30:00.0000000+00:00","RiskPremia","US:Equity:SCHB","4","MarketOnOpen","","Day","Filled",""
"662","2025-09-09T20:00:00.0000000+00:00","BondSeason","US:Equity:TLT","29","MarketOnClose","","Day","Accepted",""
"662","2025-09-10T20:00:00.0000000+00:00","BondSeason","US:Equity:TLT","29","MarketOnClose","","Day","Filled",""
"663","2025-09-10T20:00:00.0000000+00:00","PaydaySeason","US:Equity:SCHB","32","MarketOnClose","","Day","Accepted",""
"663","2025-09-11T20:00:00.0000000+00:00","PaydaySeason","US:Equity:SCHB","32","MarketOnClose","","Day","Filled",""
"664","2025-09-16T20:00:00.0000000+00:00","PaydaySeason","US:Equity:SCHB","-32","MarketOnClose","","Day","Accepted",""
"664","2025-09-17T20:00:00.0000000+00:00","PaydaySeason","US:Equity:SCHB","-32","MarketOnClose","","Day","Filled",""
"665","2025-09-18T20:00:00.0000000+00:00","BondSeason","US:Equity:TLT","29","MarketOnClose","","Day","Accepted",""
"665","2025-09-19T20:00:00.0000000+00:00","BondSeason","US:Equity:TLT","29","MarketOnClose","","Day","Filled",""
"666","2025-09-19T20:00:00.0000000+00:00","EqBondReversion","US:Equity:TLT","33","MarketOnOpen","","Day","Accepted",""
"667","2025-09-19T20:00:00.0000000+00:00","RiskPremia","US:Equity:TLT","-2","MarketOnOpen","","Day","Accepted",""
"666","2025-09-22T13:30:00.0000000+00:00","EqBondReversion","US:Equity:TLT","33","MarketOnOpen","","Day","Filled",""
"667","2025-09-22T13:30:00.0000000+00:00","RiskPremia","US:Equity:TLT","-2","MarketOnOpen","","Day","Filled",""
"668","2025-09-22T20:00:00.0000000+00:00","PaydaySeason","US:Equity:SCHB","31","MarketOnClose","","Day","Accepted",""
"668","2025-09-23T20:00:00.0000000+00:00","PaydaySeason","US:Equity:SCHB","31","MarketOnClose","","Day","Filled",""
"669","2025-09-29T20:00:00.0000000+00:00","PaydaySeason","US:Equity:SCHB","-31","MarketOnClose","","Day","Accepted",""
"670","2025-09-29T20:00:00.0000000+00:00","BondSeason","US:Equity:TLT","-29","MarketOnClose","","Day","Accepted",""
"671","2025-09-29T20:00:00.0000000+00:00","BondSeason","US:Equity:TLT","-29","MarketOnClose","","Day","Accepted",""
"672","2025-09-29T20:00:00.0000000+00:00","EqBondReversion","US:Equity:TLT","-33","MarketOnClose","","Day","Accepted",""
"669","2025-09-30T20:00:00.0000000+00:00","PaydaySeason","US:Equity:SCHB","-31","MarketOnClose","","Day","Filled",""
"670","2025-09-30T20:00:00.0000000+00:00","BondSeason","US:Equity:TLT","-29","MarketOnClose","","Day","Filled",""
"671","2025-09-30T20:00:00.0000000+00:00","BondSeason","US:Equity:TLT","-29","MarketOnClose","","Day","Filled",""
"672","2025-09-30T20:00:00.0000000+00:00","EqBondReversion","US:Equity:TLT","-33","MarketOnClose","","Day","Filled",""
"673","2025-10-06T20:00:00.0000000+00:00","RiskPremia","US:Equity:GLDM","-2.0","MarketOnOpen","","Day","Accepted",""
"673","2025-10-07T13:30:00.0000000+00:00","RiskPremia","US:Equity:GLDM","-2.0","MarketOnOpen","","Day","Filled",""
"674","2025-10-08T20:00:00.0000000+00:00","BondSeason","US:Equity:TLT","29","MarketOnClose","","Day","Accepted",""
"674","2025-10-09T20:00:00.0000000+00:00","BondSeason","US:Equity:TLT","29","MarketOnClose","","Day","Filled",""
"675","2025-10-09T20:00:00.0000000+00:00","PaydaySeason","US:Equity:SCHB","31","MarketOnClose","","Day","Accepted",""
"675","2025-10-10T20:00:00.0000000+00:00","PaydaySeason","US:Equity:SCHB","31","MarketOnClose","","Day","Filled",""
"676","2025-10-10T20:00:00.0000000+00:00","RiskPremia","US:Equity:GLDM","1.0","MarketOnOpen","","Day","Accepted",""
"676","2025-10-13T13:30:00.0000000+00:00","RiskPremia","US:Equity:GLDM","1.0","MarketOnOpen","","Day","Filled",""
"677","2025-10-15T20:00:00.0000000+00:00","PaydaySeason","US:Equity:SCHB","-31","MarketOnClose","","Day","Accepted",""
"677","2025-10-16T20:00:00.0000000+00:00","PaydaySeason","US:Equity:SCHB","-31","MarketOnClose","","Day","Filled",""
"678","2025-10-17T20:00:00.0000000+00:00","RiskPremia","US:Equity:TLT","1","MarketOnOpen","","Day","Accepted",""
"678","2025-10-20T13:30:00.0000000+00:00","RiskPremia","US:Equity:TLT","1","MarketOnOpen","","Day","Filled",""
"679","2025-10-20T20:00:00.0000000+00:00","EqBondReversion","US:Equity:SCHB","116","MarketOnOpen","","Day","Accepted",""
"680","2025-10-20T20:00:00.0000000+00:00","RiskPremia","US:Equity:GLDM","-2.0","MarketOnOpen","","Day","Accepted",""
"680","2025-10-21T13:30:00.0000000+00:00","RiskPremia","US:Equity:GLDM","-2.0","MarketOnOpen","","Day","Filled",""
"679","2025-10-21T13:30:00.0000000+00:00","EqBondReversion","US:Equity:SCHB","116","MarketOnOpen","","Day","Filled",""
"681","2025-10-21T20:00:00.0000000+00:00","PaydaySeason","US:Equity:SCHB","31","MarketOnClose","","Day","Accepted",""
"682","2025-10-21T20:00:00.0000000+00:00","BondSeason","US:Equity:TLT","28","MarketOnClose","","Day","Accepted",""
"681","2025-10-22T20:00:00.0000000+00:00","PaydaySeason","US:Equity:SCHB","31","MarketOnClose","","Day","Filled",""
"682","2025-10-22T20:00:00.0000000+00:00","BondSeason","US:Equity:TLT","28","MarketOnClose","","Day","Filled",""
"683","2025-10-27T20:00:00.0000000+00:00","RiskPremia","US:Equity:TLT","1","MarketOnOpen","","Day","Accepted",""
"683","2025-10-28T13:30:00.0000000+00:00","RiskPremia","US:Equity:TLT","1","MarketOnOpen","","Day","Filled",""
"684","2025-10-30T20:00:00.0000000+00:00","PaydaySeason","US:Equity:SCHB","-31","MarketOnClose","","Day","Accepted",""
"685","2025-10-30T20:00:00.0000000+00:00","BondSeason","US:Equity:TLT","-28","MarketOnClose","","Day","Accepted",""
"686","2025-10-30T20:00:00.0000000+00:00","BondSeason","US:Equity:TLT","-28","MarketOnClose","","Day","Accepted",""
"687","2025-10-30T20:00:00.0000000+00:00","EqBondReversion","US:Equity:SCHB","-116","MarketOnClose","","Day","Accepted",""
"684","2025-10-31T20:00:00.0000000+00:00","PaydaySeason","US:Equity:SCHB","-31","MarketOnClose","","Day","Filled",""
"687","2025-10-31T20:00:00.0000000+00:00","EqBondReversion","US:Equity:SCHB","-116","MarketOnClose","","Day","Filled",""
"685","2025-10-31T20:00:00.0000000+00:00","BondSeason","US:Equity:TLT","-28","MarketOnClose","","Day","Filled",""
"686","2025-10-31T20:00:00.0000000+00:00","BondSeason","US:Equity:TLT","-28","MarketOnClose","","Day","Filled",""
"688","2025-11-10T21:00:00.0000000+00:00","BondSeason","US:Equity:TLT","28","MarketOnClose","","Day","Accepted",""
"688","2025-11-11T21:00:00.0000000+00:00","BondSeason","US:Equity:TLT","28","MarketOnClose","","Day","Filled",""
"689","2025-11-11T21:00:00.0000000+00:00","PaydaySeason","US:Equity:SCHB","30","MarketOnClose","","Day","Accepted",""
"689","2025-11-12T21:00:00.0000000+00:00","PaydaySeason","US:Equity:SCHB","30","MarketOnClose","","Day","Filled",""
"690","2025-11-17T21:00:00.0000000+00:00","PaydaySeason","US:Equity:SCHB","-30","MarketOnClose","","Day","Accepted",""
"691","2025-11-17T21:00:00.0000000+00:00","BondSeason","US:Equity:TLT","29","MarketOnClose","","Day","Accepted",""
"692","2025-11-17T21:00:00.0000000+00:00","RiskPremia","US:Equity:TLT","1","MarketOnOpen","","Day","Accepted",""
"692","2025-11-18T14:30:00.0000000+00:00","RiskPremia","US:Equity:TLT","1","MarketOnOpen","","Day","Filled",""
"690","2025-11-18T21:00:00.0000000+00:00","PaydaySeason","US:Equity:SCHB","-30","MarketOnClose","","Day","Filled",""
"691","2025-11-18T21:00:00.0000000+00:00","BondSeason","US:Equity:TLT","29","MarketOnClose","","Day","Filled",""
"693","2025-11-20T21:00:00.0000000+00:00","EqBondReversion","US:Equity:SCHB","120","MarketOnOpen","","Day","Accepted",""
"693","2025-11-21T14:30:00.0000000+00:00","EqBondReversion","US:Equity:SCHB","120","MarketOnOpen","","Day","Filled",""
"694","2025-11-21T21:00:00.0000000+00:00","PaydaySeason","US:Equity:SCHB","31","MarketOnClose","","Day","Accepted",""
"694","2025-11-24T21:00:00.0000000+00:00","PaydaySeason","US:Equity:SCHB","31","MarketOnClose","","Day","Filled",""
"695","2025-11-26T21:00:00.0000000+00:00","PaydaySeason","US:Equity:SCHB","-31","MarketOnClose","","Day","Accepted",""
"696","2025-11-26T21:00:00.0000000+00:00","BondSeason","US:Equity:TLT","-29","MarketOnClose","","Day","Accepted",""
"697","2025-11-26T21:00:00.0000000+00:00","BondSeason","US:Equity:TLT","-28","MarketOnClose","","Day","Accepted",""
"698","2025-11-26T21:00:00.0000000+00:00","EqBondReversion","US:Equity:SCHB","-120","MarketOnClose","","Day","Accepted",""
"695","2025-11-28T18:00:00.0000000+00:00","PaydaySeason","US:Equity:SCHB","-31","MarketOnClose","","Day","Filled",""
"698","2025-11-28T18:00:00.0000000+00:00","EqBondReversion","US:Equity:SCHB","-120","MarketOnClose","","Day","Filled",""
"696","2025-11-28T18:00:00.0000000+00:00","BondSeason","US:Equity:TLT","-29","MarketOnClose","","Day","Filled",""
"697","2025-11-28T18:00:00.0000000+00:00","BondSeason","US:Equity:TLT","-28","MarketOnClose","","Day","Filled",""
"699","2025-12-08T21:00:00.0000000+00:00","BondSeason","US:Equity:TLT","28","MarketOnClose","","Day","Accepted",""
"699","2025-12-09T21:00:00.0000000+00:00","BondSeason","US:Equity:TLT","28","MarketOnClose","","Day","Filled",""
"700","2025-12-09T21:00:00.0000000+00:00","PaydaySeason","US:Equity:SCHB","30","MarketOnClose","","Day","Accepted",""
"700","2025-12-10T21:00:00.0000000+00:00","PaydaySeason","US:Equity:SCHB","30","MarketOnClose","","Day","Filled",""
"701","2025-12-11T21:00:00.0000000+00:00","RiskPremia","US:Equity:GLDM","-1.0","MarketOnOpen","","Day","Accepted",""
"701","2025-12-12T14:30:00.0000000+00:00","RiskPremia","US:Equity:GLDM","-1.0","MarketOnOpen","","Day","Filled",""
"702","2025-12-15T21:00:00.0000000+00:00","PaydaySeason","US:Equity:SCHB","-30","MarketOnClose","","Day","Accepted",""
"702","2025-12-16T21:00:00.0000000+00:00","PaydaySeason","US:Equity:SCHB","-30","MarketOnClose","","Day","Filled",""
"703","2025-12-18T21:00:00.0000000+00:00","BondSeason","US:Equity:TLT","29","MarketOnClose","","Day","Accepted",""
"704","2025-12-18T21:00:00.0000000+00:00","EqBondReversion","US:Equity:TLT","34","MarketOnOpen","","Day","Accepted",""
"704","2025-12-19T14:30:00.0000000+00:00","EqBondReversion","US:Equity:TLT","34","MarketOnOpen","","Day","Filled",""
"703","2025-12-19T21:00:00.0000000+00:00","BondSeason","US:Equity:TLT","29","MarketOnClose","","Day","Filled",""
"705","2025-12-19T21:00:00.0000000+00:00","PaydaySeason","US:Equity:SCHB","30","MarketOnClose","","Day","Accepted",""
"705","2025-12-22T21:00:00.0000000+00:00","PaydaySeason","US:Equity:SCHB","30","MarketOnClose","","Day","Filled",""
"706","2025-12-30T21:00:00.0000000+00:00","PaydaySeason","US:Equity:SCHB","-30","MarketOnClose","","Day","Accepted",""
"707","2025-12-30T21:00:00.0000000+00:00","BondSeason","US:Equity:TLT","-29","MarketOnClose","","Day","Accepted",""
"708","2025-12-30T21:00:00.0000000+00:00","BondSeason","US:Equity:TLT","-29","MarketOnClose","","Day","Accepted",""
"709","2025-12-30T21:00:00.0000000+00:00","EqBondReversion","US:Equity:TLT","-34","MarketOnClose","","Day","Accepted",""
"706","2025-12-31T21:00:00.0000000+00:00","PaydaySeason","US:Equity:SCHB","-30","MarketOnClose","","Day","Filled",""
"707","2025-12-31T21:00:00.0000000+00:00","BondSeason","US:Equity:TLT","-29","MarketOnClose","","Day","Filled",""
"708","2025-12-31T21:00:00.0000000+00:00","BondSeason","US:Equity:TLT","-29","MarketOnClose","","Day","Filled",""
"709","2025-12-31T21:00:00.0000000+00:00","EqBondReversion","US:Equity:TLT","-34","MarketOnClose","","Day","Filled",""
"710","2026-01-09T21:00:00.0000000+00:00","BondSeason","US:Equity:TLT","29","MarketOnClose","","Day","Accepted",""
"710","2026-01-12T21:00:00.0000000+00:00","BondSeason","US:Equity:TLT","29","MarketOnClose","","Day","Filled",""
"711","2026-01-12T21:00:00.0000000+00:00","PaydaySeason","US:Equity:SCHB","30","MarketOnClose","","Day","Accepted",""
"712","2026-01-12T21:00:00.0000000+00:00","RiskPremia","US:Equity:TLT","1","MarketOnOpen","","Day","Accepted",""
"713","2026-01-12T21:00:00.0000000+00:00","RiskPremia","US:Equity:GLDM","-1.0","MarketOnOpen","","Day","Accepted",""
"713","2026-01-13T14:30:00.0000000+00:00","RiskPremia","US:Equity:GLDM","-1.0","MarketOnOpen","","Day","Filled",""
"712","2026-01-13T14:30:00.0000000+00:00","RiskPremia","US:Equity:TLT","1","MarketOnOpen","","Day","Filled",""
"711","2026-01-13T21:00:00.0000000+00:00","PaydaySeason","US:Equity:SCHB","30","MarketOnClose","","Day","Filled",""
"714","2026-01-15T21:00:00.0000000+00:00","RiskPremia","US:Equity:SCHB","-5","MarketOnOpen","","Day","Accepted",""
"714","2026-01-16T14:30:00.0000000+00:00","RiskPremia","US:Equity:SCHB","-5","MarketOnOpen","","Day","Filled",""
"715","2026-01-16T21:00:00.0000000+00:00","PaydaySeason","US:Equity:SCHB","-30","MarketOnClose","","Day","Accepted",""
"715","2026-01-20T21:00:00.0000000+00:00","PaydaySeason","US:Equity:SCHB","-30","MarketOnClose","","Day","Filled",""
"716","2026-01-20T21:00:00.0000000+00:00","BondSeason","US:Equity:TLT","30","MarketOnClose","","Day","Accepted",""
"716","2026-01-21T21:00:00.0000000+00:00","BondSeason","US:Equity:TLT","30","MarketOnClose","","Day","Filled",""
"717","2026-01-22T21:00:00.0000000+00:00","EqBondReversion","US:Equity:TLT","34","MarketOnOpen","","Day","Accepted",""
"717","2026-01-23T14:30:00.0000000+00:00","EqBondReversion","US:Equity:TLT","34","MarketOnOpen","","Day","Filled",""
"718","2026-01-23T21:00:00.0000000+00:00","PaydaySeason","US:Equity:SCHB","30","MarketOnClose","","Day","Accepted",""
"719","2026-01-23T21:00:00.0000000+00:00","RiskPremia","US:Equity:GLDM","-1.0","MarketOnOpen","","Day","Accepted",""
"719","2026-01-26T14:30:00.0000000+00:00","RiskPremia","US:Equity:GLDM","-1.0","MarketOnOpen","","Day","Filled",""
"718","2026-01-26T21:00:00.0000000+00:00","PaydaySeason","US:Equity:SCHB","30","MarketOnClose","","Day","Filled",""
"720","2026-01-28T21:00:00.0000000+00:00","RiskPremia","US:Equity:TLT","1","MarketOnOpen","","Day","Accepted",""
"720","2026-01-29T14:30:00.0000000+00:00","RiskPremia","US:Equity:TLT","1","MarketOnOpen","","Day","Filled",""
"721","2026-01-29T21:00:00.0000000+00:00","PaydaySeason","US:Equity:SCHB","-30","MarketOnClose","","Day","Accepted",""
"722","2026-01-29T21:00:00.0000000+00:00","BondSeason","US:Equity:TLT","-30","MarketOnClose","","Day","Accepted",""
"723","2026-01-29T21:00:00.0000000+00:00","BondSeason","US:Equity:TLT","-29","MarketOnClose","","Day","Accepted",""
"724","2026-01-29T21:00:00.0000000+00:00","EqBondReversion","US:Equity:TLT","-34","MarketOnClose","","Day","Accepted",""
"721","2026-01-30T21:00:00.0000000+00:00","PaydaySeason","US:Equity:SCHB","-30","MarketOnClose","","Day","Filled",""
"722","2026-01-30T21:00:00.0000000+00:00","BondSeason","US:Equity:TLT","-30","MarketOnClose","","Day","Filled",""
"723","2026-01-30T21:00:00.0000000+00:00","BondSeason","US:Equity:TLT","-29","MarketOnClose","","Day","Filled",""
"724","2026-01-30T21:00:00.0000000+00:00","EqBondReversion","US:Equity:TLT","-34","MarketOnClose","","Day","Filled",""
"725","2026-01-30T21:00:00.0000000+00:00","RiskPremia","US:Equity:GLDM","-1.0","MarketOnOpen","","Day","Accepted",""
"725","2026-02-02T14:30:00.0000000+00:00","RiskPremia","US:Equity:GLDM","-1.0","MarketOnOpen","","Day","Filled",""
"726","2026-02-09T21:00:00.0000000+00:00","BondSeason","US:Equity:TLT","29","MarketOnClose","","Day","Accepted",""
"726","2026-02-10T21:00:00.0000000+00:00","BondSeason","US:Equity:TLT","29","MarketOnClose","","Day","Filled",""
"727","2026-02-10T21:00:00.0000000+00:00","PaydaySeason","US:Equity:SCHB","30","MarketOnClose","","Day","Accepted",""
"727","2026-02-11T21:00:00.0000000+00:00","PaydaySeason","US:Equity:SCHB","30","MarketOnClose","","Day","Filled",""
"728","2026-02-17T21:00:00.0000000+00:00","PaydaySeason","US:Equity:SCHB","-30","MarketOnClose","","Day","Accepted",""
"729","2026-02-17T21:00:00.0000000+00:00","BondSeason","US:Equity:TLT","29","MarketOnClose","","Day","Accepted",""
"728","2026-02-18T21:00:00.0000000+00:00","PaydaySeason","US:Equity:SCHB","-30","MarketOnClose","","Day","Filled",""
"729","2026-02-18T21:00:00.0000000+00:00","BondSeason","US:Equity:TLT","29","MarketOnClose","","Day","Filled",""
"730","2026-02-20T21:00:00.0000000+00:00","EqBondReversion","US:Equity:SCHB","113","MarketOnOpen","","Day","Accepted",""
"730","2026-02-23T14:30:00.0000000+00:00","EqBondReversion","US:Equity:SCHB","113","MarketOnOpen","","Day","Filled",""
"731","2026-02-23T21:00:00.0000000+00:00","PaydaySeason","US:Equity:SCHB","30","MarketOnClose","","Day","Accepted",""
"731","2026-02-24T21:00:00.0000000+00:00","PaydaySeason","US:Equity:SCHB","30","MarketOnClose","","Day","Filled",""
"732","2026-02-26T21:00:00.0000000+00:00","PaydaySeason","US:Equity:SCHB","-30","MarketOnClose","","Day","Accepted",""
"733","2026-02-26T21:00:00.0000000+00:00","BondSeason","US:Equity:TLT","-29","MarketOnClose","","Day","Accepted",""
"734","2026-02-26T21:00:00.0000000+00:00","BondSeason","US:Equity:TLT","-28","MarketOnClose","","Day","Accepted",""
"735","2026-02-26T21:00:00.0000000+00:00","EqBondReversion","US:Equity:SCHB","-113","MarketOnClose","","Day","Accepted",""
"732","2026-02-27T21:00:00.0000000+00:00","PaydaySeason","US:Equity:SCHB","-30","MarketOnClose","","Day","Filled",""
"735","2026-02-27T21:00:00.0000000+00:00","EqBondReversion","US:Equity:SCHB","-113","MarketOnClose","","Day","Filled",""
"733","2026-02-27T21:00:00.0000000+00:00","BondSeason","US:Equity:TLT","-29","MarketOnClose","","Day","Filled",""
"734","2026-02-27T21:00:00.0000000+00:00","BondSeason","US:Equity:TLT","-28","MarketOnClose","","Day","Filled",""
"736","2026-03-09T20:00:00.0000000+00:00","BondSeason","US:Equity:TLT","28","MarketOnClose","","Day","Accepted",""
"736","2026-03-10T20:00:00.0000000+00:00","BondSeason","US:Equity:TLT","28","MarketOnClose","","Day","Filled",""
"737","2026-03-10T20:00:00.0000000+00:00","PaydaySeason","US:Equity:SCHB","31","MarketOnClose","","Day","Accepted",""
"737","2026-03-11T20:00:00.0000000+00:00","PaydaySeason","US:Equity:SCHB","31","MarketOnClose","","Day","Filled",""
"738","2026-03-11T20:00:00.0000000+00:00","RiskPremia","US:Equity:SCHB","4","MarketOnOpen","","Day","Accepted",""
"738","2026-03-12T13:30:00.0000000+00:00","RiskPremia","US:Equity:SCHB","4","MarketOnOpen","","Day","Filled",""
"739","2026-03-16T20:00:00.0000000+00:00","PaydaySeason","US:Equity:SCHB","-31","MarketOnClose","","Day","Accepted",""
"739","2026-03-17T20:00:00.0000000+00:00","PaydaySeason","US:Equity:SCHB","-31","MarketOnClose","","Day","Filled",""
"740","2026-03-19T20:00:00.0000000+00:00","BondSeason","US:Equity:TLT","29","MarketOnClose","","Day","Accepted",""
"741","2026-03-19T20:00:00.0000000+00:00","EqBondReversion","US:Equity:SCHB","118","MarketOnOpen","","Day","Accepted",""
"741","2026-03-20T13:30:00.0000000+00:00","EqBondReversion","US:Equity:SCHB","118","MarketOnOpen","","Day","Filled",""
"740","2026-03-20T20:00:00.0000000+00:00","BondSeason","US:Equity:TLT","29","MarketOnClose","","Day","Filled",""
"742","2026-03-20T20:00:00.0000000+00:00","PaydaySeason","US:Equity:SCHB","32","MarketOnClose","","Day","Accepted",""
"742","2026-03-23T20:00:00.0000000+00:00","PaydaySeason","US:Equity:SCHB","32","MarketOnClose","","Day","Filled",""
"743","2026-03-30T20:00:00.0000000+00:00","PaydaySeason","US:Equity:SCHB","-32","MarketOnClose","","Day","Accepted",""
"744","2026-03-30T20:00:00.0000000+00:00","BondSeason","US:Equity:TLT","-29","MarketOnClose","","Day","Accepted",""
"745","2026-03-30T20:00:00.0000000+00:00","BondSeason","US:Equity:TLT","-30","MarketOnClose","","Day","Accepted",""
"746","2026-03-30T20:00:00.0000000+00:00","EqBondReversion","US:Equity:SCHB","-118","MarketOnClose","","Day","Accepted",""
"743","2026-03-31T20:00:00.0000000+00:00","PaydaySeason","US:Equity:SCHB","-32","MarketOnClose","","Day","Filled",""
"746","2026-03-31T20:00:00.0000000+00:00","EqBondReversion","US:Equity:SCHB","-118","MarketOnClose","","Day","Filled",""
"744","2026-03-31T20:00:00.0000000+00:00","BondSeason","US:Equity:TLT","-29","MarketOnClose","","Day","Filled",""
"745","2026-03-31T20:00:00.0000000+00:00","BondSeason","US:Equity:TLT","-30","MarketOnClose","","Day","Filled",""
"747","2026-04-09T20:00:00.0000000+00:00","BondSeason","US:Equity:TLT","30","MarketOnClose","","Day","Accepted",""
"747","2026-04-10T20:00:00.0000000+00:00","BondSeason","US:Equity:TLT","30","MarketOnClose","","Day","Filled",""
"748","2026-04-10T20:00:00.0000000+00:00","PaydaySeason","US:Equity:SCHB","30","MarketOnClose","","Day","Accepted",""
"748","2026-04-13T20:00:00.0000000+00:00","PaydaySeason","US:Equity:SCHB","30","MarketOnClose","","Day","Filled",""
"749","2026-04-16T20:00:00.0000000+00:00","PaydaySeason","US:Equity:SCHB","-30","MarketOnClose","","Day","Accepted",""
"750","2026-04-16T20:00:00.0000000+00:00","RiskPremia","US:Equity:TLT","1","MarketOnOpen","","Day","Accepted",""
"750","2026-04-17T13:30:00.0000000+00:00","RiskPremia","US:Equity:TLT","1","MarketOnOpen","","Day","Filled",""
"749","2026-04-17T20:00:00.0000000+00:00","PaydaySeason","US:Equity:SCHB","-30","MarketOnClose","","Day","Filled",""
"751","2026-04-20T20:00:00.0000000+00:00","BondSeason","US:Equity:TLT","29","MarketOnClose","","Day","Accepted",""
"751","2026-04-21T20:00:00.0000000+00:00","BondSeason","US:Equity:TLT","29","MarketOnClose","","Day","Filled",""
"752","2026-04-21T20:00:00.0000000+00:00","EqBondReversion","US:Equity:TLT","34","MarketOnOpen","","Day","Accepted",""
"752","2026-04-22T13:30:00.0000000+00:00","EqBondReversion","US:Equity:TLT","34","MarketOnOpen","","Day","Filled",""
"753","2026-04-22T20:00:00.0000000+00:00","PaydaySeason","US:Equity:SCHB","29","MarketOnClose","","Day","Accepted",""
"754","2026-04-22T20:00:00.0000000+00:00","RiskPremia","US:Equity:SCHB","-4","MarketOnOpen","","Day","Accepted",""
"754","2026-04-23T13:30:00.0000000+00:00","RiskPremia","US:Equity:SCHB","-4","MarketOnOpen","","Day","Filled",""
"753","2026-04-23T20:00:00.0000000+00:00","PaydaySeason","US:Equity:SCHB","29","MarketOnClose","","Day","Filled",""
"755","2026-04-29T20:00:00.0000000+00:00","PaydaySeason","US:Equity:SCHB","-29","MarketOnClose","","Day","Accepted",""
"756","2026-04-29T20:00:00.0000000+00:00","BondSeason","US:Equity:TLT","-29","MarketOnClose","","Day","Accepted",""
"757","2026-04-29T20:00:00.0000000+00:00","BondSeason","US:Equity:TLT","-30","MarketOnClose","","Day","Accepted",""
"758","2026-04-29T20:00:00.0000000+00:00","EqBondReversion","US:Equity:TLT","-34","MarketOnClose","","Day","Accepted",""
"755","2026-04-30T20:00:00.0000000+00:00","PaydaySeason","US:Equity:SCHB","-29","MarketOnClose","","Day","Filled",""
"756","2026-04-30T20:00:00.0000000+00:00","BondSeason","US:Equity:TLT","-29","MarketOnClose","","Day","Filled",""
"757","2026-04-30T20:00:00.0000000+00:00","BondSeason","US:Equity:TLT","-30","MarketOnClose","","Day","Filled",""
"758","2026-04-30T20:00:00.0000000+00:00","EqBondReversion","US:Equity:TLT","-34","MarketOnClose","","Day","Filled",""
"759","2026-05-08T20:00:00.0000000+00:00","BondSeason","US:Equity:TLT","30","MarketOnClose","","Day","Accepted",""
"759","2026-05-11T20:00:00.0000000+00:00","BondSeason","US:Equity:TLT","30","MarketOnClose","","Day","Filled",""
"760","2026-05-11T20:00:00.0000000+00:00","PaydaySeason","US:Equity:SCHB","28","MarketOnClose","","Day","Accepted",""
"760","2026-05-12T20:00:00.0000000+00:00","PaydaySeason","US:Equity:SCHB","28","MarketOnClose","","Day","Filled",""
"761","2026-05-15T20:00:00.0000000+00:00","PaydaySeason","US:Equity:SCHB","-28","MarketOnClose","","Day","Accepted",""
"761","2026-05-18T20:00:00.0000000+00:00","PaydaySeason","US:Equity:SCHB","-28","MarketOnClose","","Day","Filled",""
"762","2026-05-18T20:00:00.0000000+00:00","BondSeason","US:Equity:TLT","31","MarketOnClose","","Day","Accepted",""
"762","2026-05-19T20:00:00.0000000+00:00","BondSeason","US:Equity:TLT","31","MarketOnClose","","Day","Filled",""
"763","2026-05-20T20:00:00.0000000+00:00","EqBondReversion","US:Equity:TLT","35","MarketOnOpen","","Day","Accepted",""
"763","2026-05-21T13:30:00.0000000+00:00","EqBondReversion","US:Equity:TLT","35","MarketOnOpen","","Day","Filled",""
"764","2026-05-21T20:00:00.0000000+00:00","PaydaySeason","US:Equity:SCHB","28","MarketOnClose","","Day","Accepted",""
"764","2026-05-22T20:00:00.0000000+00:00","PaydaySeason","US:Equity:SCHB","28","MarketOnClose","","Day","Filled",""
"765","2026-05-28T20:00:00.0000000+00:00","PaydaySeason","US:Equity:SCHB","-28","MarketOnClose","","Day","Accepted",""
"766","2026-05-28T20:00:00.0000000+00:00","BondSeason","US:Equity:TLT","-31","MarketOnClose","","Day","Accepted",""
"767","2026-05-28T20:00:00.0000000+00:00","BondSeason","US:Equity:TLT","-30","MarketOnClose","","Day","Accepted",""
"768","2026-05-28T20:00:00.0000000+00:00","EqBondReversion","US:Equity:TLT","-35","MarketOnClose","","Day","Accepted",""
"765","2026-05-29T20:00:00.0000000+00:00","PaydaySeason","US:Equity:SCHB","-28","MarketOnClose","","Day","Filled",""
"766","2026-05-29T20:00:00.0000000+00:00","BondSeason","US:Equity:TLT","-31","MarketOnClose","","Day","Filled",""
"767","2026-05-29T20:00:00.0000000+00:00","BondSeason","US:Equity:TLT","-30","MarketOnClose","","Day","Filled",""
"768","2026-05-29T20:00:00.0000000+00:00","EqBondReversion","US:Equity:TLT","-35","MarketOnClose","","Day","Filled",""
"769","2026-06-08T20:00:00.0000000+00:00","BondSeason","US:Equity:TLT","30","MarketOnClose","","Day","Accepted",""
"770","2026-06-08T20:00:00.0000000+00:00","RiskPremia","US:Equity:GLDM","1.0","MarketOnOpen","","Day","Accepted",""
"770","2026-06-09T13:30:00.0000000+00:00","RiskPremia","US:Equity:GLDM","1.0","MarketOnOpen","","Day","Filled",""
"769","2026-06-09T20:00:00.0000000+00:00","BondSeason","US:Equity:TLT","30","MarketOnClose","","Day","Filled",""
"771","2026-06-09T20:00:00.0000000+00:00","PaydaySeason","US:Equity:SCHB","28","MarketOnClose","","Day","Accepted",""
"771","2026-06-10T20:00:00.0000000+00:00","PaydaySeason","US:Equity:SCHB","28","MarketOnClose","","Day","Filled",""
"772","2026-06-12T20:00:00.0000000+00:00","RiskPremia","US:Equity:SCHB","-4","MarketOnOpen","","Day","Accepted",""
"773","2026-06-12T20:00:00.0000000+00:00","RiskPremia","US:Equity:GLDM","1.0","MarketOnOpen","","Day","Accepted",""
"773","2026-06-15T13:30:00.0000000+00:00","RiskPremia","US:Equity:GLDM","1.0","MarketOnOpen","","Day","Filled",""
"772","2026-06-15T13:30:00.0000000+00:00","RiskPremia","US:Equity:SCHB","-4","MarketOnOpen","","Day","Filled",""
"774","2026-06-15T20:00:00.0000000+00:00","PaydaySeason","US:Equity:SCHB","-28","MarketOnClose","","Day","Accepted",""
"774","2026-06-16T20:00:00.0000000+00:00","PaydaySeason","US:Equity:SCHB","-28","MarketOnClose","","Day","Filled",""
"775","2026-06-17T20:00:00.0000000+00:00","BondSeason","US:Equity:TLT","30","MarketOnClose","","Day","Accepted",""
"775","2026-06-18T20:00:00.0000000+00:00","BondSeason","US:Equity:TLT","30","MarketOnClose","","Day","Filled",""
"776","2026-06-18T20:00:00.0000000+00:00","EqBondReversion","US:Equity:SCHB","104","MarketOnOpen","","Day","Accepted",""
"776","2026-06-22T13:30:00.0000000+00:00","EqBondReversion","US:Equity:SCHB","104","MarketOnOpen","","Day","Filled",""
"777","2026-06-22T20:00:00.0000000+00:00","PaydaySeason","US:Equity:SCHB","28","MarketOnClose","","Day","Accepted",""
"777","2026-06-23T20:00:00.0000000+00:00","PaydaySeason","US:Equity:SCHB","28","MarketOnClose","","Day","Filled",""
"778","2026-06-29T20:00:00.0000000+00:00","PaydaySeason","US:Equity:SCHB","-28","MarketOnClose","","Day","Accepted",""
"779","2026-06-29T20:00:00.0000000+00:00","BondSeason","US:Equity:TLT","-30","MarketOnClose","","Day","Accepted",""
"780","2026-06-29T20:00:00.0000000+00:00","BondSeason","US:Equity:TLT","-29","MarketOnClose","","Day","Accepted",""
"781","2026-06-29T20:00:00.0000000+00:00","EqBondReversion","US:Equity:SCHB","-104","MarketOnClose","","Day","Accepted",""
"778","2026-06-30T20:00:00.0000000+00:00","PaydaySeason","US:Equity:SCHB","-28","MarketOnClose","","Day","Filled",""
"781","2026-06-30T20:00:00.0000000+00:00","EqBondReversion","US:Equity:SCHB","-104","MarketOnClose","","Day","Filled",""
"779","2026-06-30T20:00:00.0000000+00:00","BondSeason","US:Equity:TLT","-30","MarketOnClose","","Day","Filled",""
"780","2026-06-30T20:00:00.0000000+00:00","BondSeason","US:Equity:TLT","-29","MarketOnClose","","Day","Filled",""
"782","2026-07-09T20:00:00.0000000+00:00","BondSeason","US:Equity:TLT","29","MarketOnClose","","Day","Accepted",""
"782","2026-07-10T20:00:00.0000000+00:00","BondSeason","US:Equity:TLT","29","MarketOnClose","","Day","Filled",""
"783","2026-07-10T20:00:00.0000000+00:00","PaydaySeason","US:Equity:SCHB","27","MarketOnClose","","Day","Accepted",""
"783","2026-07-13T20:00:00.0000000+00:00","PaydaySeason","US:Equity:SCHB","27","MarketOnClose","","Day","Filled",""
"784","2026-07-16T20:00:00.0000000+00:00","PaydaySeason","US:Equity:SCHB","-27","MarketOnClose","","Day","Accepted",""
"784","2026-07-17T20:00:00.0000000+00:00","PaydaySeason","US:Equity:SCHB","-27","MarketOnClose","","Day","Filled",""
"785","2026-07-21T20:00:00.0000000+00:00","BondSeason","US:Equity:TLT","31","MarketOnClose","","Day","Accepted",""
"786","2026-07-21T20:00:00.0000000+00:00","EqBondReversion","US:Equity:TLT","36","MarketOnOpen","","Day","Accepted",""
"786","2026-07-22T13:30:00.0000000+00:00","EqBondReversion","US:Equity:TLT","36","MarketOnOpen","","Day","Filled",""
"785","2026-07-22T20:00:00.0000000+00:00","BondSeason","US:Equity:TLT","31","MarketOnClose","","Day","Filled",""
"787","2026-07-22T20:00:00.0000000+00:00","PaydaySeason","US:Equity:SCHB","28","MarketOnClose","","Day","Accepted",""
"787","2026-07-23T20:00:00.0000000+00:00","PaydaySeason","US:Equity:SCHB","28","MarketOnClose","","Day","Filled",""
"788","2026-07-30T20:00:00.0000000+00:00","PaydaySeason","US:Equity:SCHB","-28","MarketOnClose","","Day","Accepted",""
"789","2026-07-30T20:00:00.0000000+00:00","BondSeason","US:Equity:TLT","-31","MarketOnClose","","Day","Accepted",""
"790","2026-07-30T20:00:00.0000000+00:00","BondSeason","US:Equity:TLT","-31","MarketOnClose","","Day","Accepted",""
"791","2026-07-30T20:00:00.0000000+00:00","EqBondReversion","US:Equity:TLT","-36","MarketOnClose","","Day","Accepted",""
"788","2026-07-31T20:00:00.0000000+00:00","PaydaySeason","US:Equity:SCHB","-28","MarketOnClose","","Day","Filled",""
"789","2026-07-31T20:00:00.0000000+00:00","BondSeason","US:Equity:TLT","-31","MarketOnClose","","Day","Filled",""
"790","2026-07-31T20:00:00.0000000+00:00","BondSeason","US:Equity:TLT","-31","MarketOnClose","","Day","Filled",""
"791","2026-07-31T20:00:00.0000000+00:00","EqBondReversion","US:Equity:TLT","-36","MarketOnClose","","Day","Filled",""
"792","2026-08-04T20:00:00.0000000+00:00","RiskPremia","US:Equity:SCHB","-4","MarketOnOpen","","Day","Accepted",""
"792","2026-08-05T13:30:00.0000000+00:00","RiskPremia","US:Equity:SCHB","-4","MarketOnOpen","","Day","Filled",""
"793","2026-08-10T20:00:00.0000000+00:00","BondSeason","US:Equity:TLT","31","MarketOnClose","","Day","Accepted",""
"793","2026-08-11T20:00:00.0000000+00:00","BondSeason","US:Equity:TLT","31","MarketOnClose","","Day","Filled",""
"794","2026-08-11T20:00:00.0000000+00:00","PaydaySeason","US:Equity:SCHB","27","MarketOnClose","","Day","Accepted",""
"794","2026-08-12T20:00:00.0000000+00:00","PaydaySeason","US:Equity:SCHB","27","MarketOnClose","","Day","Filled",""
"795","2026-08-17T20:00:00.0000000+00:00","PaydaySeason","US:Equity:SCHB","-27","MarketOnClose","","Day","Accepted",""
"796","2026-08-17T20:00:00.0000000+00:00","RiskPremia","US:Equity:SCHB","3","MarketOnOpen","","Day","Accepted",""
"796","2026-08-18T13:30:00.0000000+00:00","RiskPremia","US:Equity:SCHB","3","MarketOnOpen","","Day","Filled",""
"795","2026-08-18T20:00:00.0000000+00:00","PaydaySeason","US:Equity:SCHB","-27","MarketOnClose","","Day","Filled",""
"797","2026-08-19T20:00:00.0000000+00:00","BondSeason","US:Equity:TLT","31","MarketOnClose","","Day","Accepted",""
"797","2026-08-20T20:00:00.0000000+00:00","BondSeason","US:Equity:TLT","31","MarketOnClose","","Day","Filled",""
"798","2026-08-20T20:00:00.0000000+00:00","EqBondReversion","US:Equity:TLT","36","MarketOnOpen","","Day","Accepted",""
"798","2026-08-21T13:30:00.0000000+00:00","EqBondReversion","US:Equity:TLT","36","MarketOnOpen","","Day","Filled",""
"799","2026-08-21T20:00:00.0000000+00:00","PaydaySeason","US:Equity:SCHB","27","MarketOnClose","","Day","Accepted",""
"799","2026-08-24T20:00:00.0000000+00:00","PaydaySeason","US:Equity:SCHB","27","MarketOnClose","","Day","Filled",""
"800","2026-08-28T20:00:00.0000000+00:00","PaydaySeason","US:Equity:SCHB","-27","MarketOnClose","","Day","Accepted",""
"801","2026-08-28T20:00:00.0000000+00:00","BondSeason","US:Equity:TLT","-31","MarketOnClose","","Day","Accepted",""
"802","2026-08-28T20:00:00.0000000+00:00","BondSeason","US:Equity:TLT","-31","MarketOnClose","","Day","Accepted",""
"803","2026-08-28T20:00:00.0000000+00:00","EqBondReversion","US:Equity:TLT","-36","MarketOnClose","","Day","Accepted",""
"800","2026-08-31T20:00:00.0000000+00:00","PaydaySeason","US:Equity:SCHB","-27","MarketOnClose","","Day","Filled",""
"801","2026-08-31T20:00:00.0000000+00:00","BondSeason","US:Equity:TLT","-31","MarketOnClose","","Day","Filled",""
"802","2026-08-31T20:00:00.0000000+00:00","BondSeason","US:Equity:TLT","-31","MarketOnClose","","Day","Filled",""
"803","2026-08-31T20:00:00.0000000+00:00","EqBondReversion","US:Equity:TLT","-36","MarketOnClose","","Day","Filled",""
"804","2026-08-31T20:00:00.0000000+00:00","BondSeason","US:Equity:TLT","31","MarketOnClose","","Day","Accepted",""
"804","2026-09-01T20:00:00.0000000+00:00","BondSeason","US:Equity:TLT","31","MarketOnClose","","Day","Filled",""
"805","2026-09-10T20:00:00.0000000+00:00","BondSeason","US:Equity:TLT","-32","MarketOnClose","","Day","Accepted",""
"805","2026-09-11T20:00:00.0000000+00:00","BondSeason","US:Equity:TLT","-32","MarketOnClose","","Day","Filled",""
